MoAimportSUM,MoAachieveSUM,IDEA8_exp,IDEA8_negativity,IDEA8_identity,IDEA8_between,IDEA8All,PSS_Family,PSS_Friends,PSS_Special,SWBscale,MindfulnessScale,BelongingScale,EfficacyScale,Exploitiveness,NPItot,Transgressions,Stress,PosDisabilityIdentity,SocMedia_maintain,SocMedia_newconnect,SocMedia_information,RaceDichotomized,EducationDichotomized,president,usdream_1,usdream_2,PhysicalDis,SensoryDis,LearningDis,PsychiatricDis,ChronicHealthDis,OtherDis,OtherDisSpecify,marriage1_1,marriage1_2,marriage1_3,marriage1_4,marriage2,marriage3,marriage4,marriage5,sex,age,sibling,armedservices,yearsservices,income,USresidency,USresidencyyears,EA_Status,Election_date,Political_views,Party_affiliation,President_coded,DisabilityIdentity,RaceCoded,EducationCoded
68,48,2.5,3.5,3.5,2.5,3,6.5,6,5.75,3.666666667,3.733333333,3.4,3.2,2.333333333,7,2.25,,,3.2,2,4,,,Ted cruz,4,3,2,2,2,2,2,2,,45,40,10,5,3,11,2,4,,,,,,,,,0,1,,2,Cruz,2,,
64,40,4,3.5,3.5,3.5,3.625,6.25,6.5,4,5.5,3.933333333,3.2,3.8,2.333333333,3,1.5,2.3,,3.4,3.25,4,,,Bernie Sanders,3,3,2,2,2,2,2,2,,,,,,,,,,,,,,,,,,0,1,2,2,Sanders,2,,
73,45,3,3.5,3,3.5,3.25,6,3.75,6.5,4.833333333,3,4.1,3,3.666666667,4,,,,3,3,3,,,Neithet,4,3,,,,,,,,,,,,,,,,,,,,,,,,0,1,5,4,neither,,,
72,44,3.5,3,3,3.5,3.25,6,5.25,5,6,5,3.6,3.3,1,2,1.5,2,,3.6,2.75,3,,,,4,4,2,2,2,2,2,2,,,,,,,,,,,,,,,,,,0,1,5,6,,2,,
67,37,3,4,3,3,3.25,5.5,4.25,4.75,3.833333333,4.266666667,3.1,2.8,4,7,,3,42,3,3.25,2,,,Neither one but hillary is a little less stupid than trump,5,3,2,2,2,2,2,2,,,,,,,,,,,,,,,,,,0,1,3,3,Clinton,2,,
60,36,1.5,3.5,2,3,2.5,4,2.75,2.75,2.166666667,4.2,2.6,3.3,1,5,2.5,3.2,,1.4,3,4.5,,,Jill Stein,1,1,2,2,2,2,2,2,,20,0,50,30,3,14,5,1,,,,,,,,,0,1,1,4,Stein,2,,
29,40,4,4,4,3.5,3.875,4,4.25,4.5,3.833333333,3.2,3.2,3,2.333333333,6,3.25,3,,3.6,3.25,3.5,,,Donald trump,5,3,,,,,,,,25,10,40,25,4,9,2,2,,,,,,,,,0,2,6,6,Trump,2,,
49,30,2.5,4,3.5,3.5,3.375,2.5,5,5.75,2.5,2.6,3.4,2.8,4.666666667,6,,,,2.2,3,3,,,Bernie Sanders,1,1,,,,,,,,,,,,,,,,,,,,,,,,0,1,2,3,Sanders,,,
71,39,4,3,3.5,3.5,3.5,6,6,5.75,4.833333333,4.066666667,3.1,3.5,4,6,3.75,2.4,,2.6,3,2,,,None,4,3,2,2,2,2,2,2,,2,3,5,4,3,13,3,1,,,,,,,,,0,1,,4,neither,2,,
53,54,3.5,3.5,3,4,3.5,3.5,4.25,4,3.833333333,,2.8,3.444444444,3,5,2.75,,,2.6,2.25,3,,,,3,3,2,2,2,2,2,,,100,100,100,50,3,26,3,2,,,,,,,,,0,1,,,,2,,
48,28,3,4,3,3,3.25,3.75,5.25,4.75,2.333333333,2.866666667,3.3,1.2,2.333333333,1,,4,34,1.4,1,2,,,none,4,3,2,1,2,1,2,2,,17,16,37,30,4,12,4,1,2,,,,,,,,0,1,4,,neither,1,,
51,34,3,3,3,3,3,1,1,1,2,6,2.2,1,7,3,1,2.6,,3,3,3,,,Clinton,4,5,2,2,2,2,2,2,,0,0,100,0,2,14,1,1,,,,,,,,,0,1,2,2,Clinton,2,,
57,41,2.5,3,2,2.5,2.5,4.75,5.75,6.75,2.5,4.133333333,2.5,2.8,1,0,1,3.1,46,1.4,2,5,,,Hillary Clinton,1,2,,,1,,,,,,,,,,,,,,,,,,,,,0,1,2,1,Clinton,1,,
60,45,2.5,3.5,3.5,3.5,3.25,5.25,7,6,5.333333333,3.066666667,2.4,3.5,1.333333333,7,,2.7,,3.6,2.5,3,,,Hillary Clinton,4,3,,,,,,,,,,,,,,,,,,,,,,,,0,1,2,3,Clinton,,,
42,35,3.5,3,4,4,3.625,6.75,5.5,4.5,6,5.6,1.6,2.9,1,3,,2.8,,2.8,2.75,3,,,Hillary Clinton,3,3,2,2,2,2,2,2,,0,0,0,,2,10,3,2,,,,,,,,,0,1,2,2,Clinton,2,,
76,39,3.5,4,3,3.5,3.5,6.25,5.25,7,5.666666667,3.533333333,4,2.7,1.666666667,3,1.25,3.3,,2.8,3.75,3,,,neither,4,4,,,,,,,,30,25,35,10,4,16,2,1,,,,,,,,,0,1,3,3,neither,2,,
58,47,3.5,2.5,4,3.5,3.375,5.5,3.25,5.75,6,3.6,3.3,3.1,4.333333333,1,,,,2.4,2.5,3,,,None,3,5,,,,,,,,,,,,,,,,,,,,,,,,0,1,4,5,neither,,,
39,46,3,4,3,2.5,3.125,3.5,5.5,6.5,3.166666667,3.866666667,3.5,3.2,2,2,,3.8,42,1,1,1.5,,,Gary Johnson,1,3,2,2,2,2,2,2,,,,,,,,,,,,,,,,,,0,1,2,3,Johnson,2,,
78,38,4,4,4,4,4,7,6.25,7,5.166666667,3.733333333,4.1,3.7,2.666666667,5,,2.8,34,2.8,3,4,,,Hialry Clinton,4,4,2,2,2,2,2,2,,,,,,,,,,,,,,,,,,0,1,1,1,Clinton,2,,
80,50,2.5,1.5,4,3,2.75,6.75,7,7,5.166666667,4.533333333,,3.7,1,4,1,,,3.2,3.25,3,,,None! World war 3 about to happen! Pray zombies attack us first,4,1,,,,,,,,100,100,90,90,4,26,3,2,,,,,,,,,0,1,,4,neither,2,,
67,38,3,3,3,3,3,6,5.5,7,4,4.4,3.5,3.2,1,1,2.25,,42,2.8,2.5,3,,,Evan McMullin,3,2,2,2,2,1,1,2,,50,25,15,10,5,9,5,1,,,,,,,,,0,2,5,5,McMillan,2,,
55,31,3,4,3,4,3.5,5.5,5.5,2.25,3.166666667,3.2,4.3,2.8,2.333333333,1,,4.3,,3.2,2.5,4,,,Clinton/ Kaine,2,4,,,,,,,,15,15,40,30,3,16,1,1,,,,,,,,,0,1,1,1,Clinton,,,
66,31,4,3.5,4,3.5,3.75,7,7,7,7,2.066666667,3.7,3.5,4.666666667,4,,1.8,,4.4,4.25,4.5,,,Trump,4,5,,,,,,,,,,,,,,,,,,,,,,,,0,1,6,7,Trump,2,,
61,45,4,4,4,4,4,5,5,6,3.833333333,2.6,3.4,3.8,1.666666667,8,,,,2.4,2,4.5,,,Jill Stein,4,4,,,,,,,,,,,,,,,,,,,,,,,,0,1,1,,Stein,,,
66,32,3.5,4,1.5,3.5,3.125,3.5,2.75,5,1.666666667,2.866666667,2.5,2,1.333333333,5,2.5,3.7,46,2,3,3,,,Hilary Clinton,5,4,2,2,2,2,2,,,25,25,40,10,2,11,2,4,,,,,,,,,0,1,,2,Clinton,,,
76,33,3.5,4,3.5,3.5,3.625,7,4.25,4.75,5.833333333,3.2,2.5,3.4,1,2,1.25,,,4.4,3.5,4.5,,,Hillary Clinton,5,3,,,,,,,,10,10,65,10,2,12,4,4,,,,,,,,,0,1,5,3,Clinton,2,,
77,41,3,4,2.5,2.5,3,5.5,5.25,6,4.666666667,4.866666667,2.5,2.8,2.666666667,8,1.5,2.7,,3,3.25,3,,,Hilliary clinton,3,5,2,2,2,2,2,,,,,,,,,,,,,,,,,,,0,2,6,3,Clinton,2,,
70,33,4,3,3.5,3.5,3.5,6.25,5.75,7,5.666666667,3.6,3.6,2.9,3.333333333,0,1.5,2.4,,3,3,4,,,,3,3,2,2,2,2,2,,,,,,,,,,,,,,,,,,,0,1,,,,2,,
59,33,3.5,3,3.5,3.5,3.375,4,4.75,6.5,3.666666667,4,3.1,2.7,2.333333333,4,,,,2.2,1.25,2.5,,,Clinton,1,3,,,,,,,,,,,,,,,,,,,,,,,,0,1,4,3,Clinton,,,
64,35,4,3.5,4,4,3.875,6.25,5,7,5,3.066666667,3.3,2.7,1,3,4.25,3.2,,3.2,4,4,,,Hilary Clinton,4,4,,,,,,,,30,25,25,20,5,10,1,1,,,,,,,,,0,1,1,1,Clinton,2,,
,,,,,,,,,,,,,,3.333333333,6,1,,,,,,,,HILARY CLINTON,,,1,1,1,1,1,1,EGPA,0,0,0,0,,,,,,,,,,,,,0,1,4,4,Clinton,1,,
66,32,4,2.5,3.5,3.5,3.375,5.25,2,5.5,4.166666667,4,3.1,2.6,1.666666667,2,1.75,2.7,34,3.4,3.25,3.5,0,0,john kasich,5,5,2,2,2,2,2,2,,10,70,10,10,4,14,2,1,2,,1,3,,5,1,25,0,1,4,6,Kasich,2,1,1
62,37,4,4,4,3.5,3.875,7,4.5,6.5,2.5,4.266666667,3.9,1.7,2.333333333,0,3,3.5,,2.2,1.5,4,0,1,Clinton,5,5,2,2,2,2,2,,,25,50,20,5,3,14,4,1,2,,"3,5,7",3,,4,2,,0,1,4,4,Clinton,2,1,1
54,42,2.5,3,2.5,3,2.75,5.5,5,4.25,2.333333333,3.733333333,3.4,2.7,3.666666667,1,4.75,3.4,,3.2,3,2.5,0,1,Bernie Sanders,4,4,2,2,2,2,2,2,,15,60,10,15,3,14,4,1,1,,"2,3,4,5,6,7",3,,3,1,28,0,1,2,2,Sanders,2,1,1
58,53,4,3,4,3,3.5,6.25,7,5,4.666666667,2.8,2.9,3.5,1.333333333,7,2.75,3.2,42,2.8,3,2.5,0,1,Bernie sanders,2,4,2,2,2,2,2,2,,40,10,20,30,3,15,2,2,1,,"2,3,4,6",3,,2,1,22,0,1,2,3,Sanders,2,1,1
70,44,3.5,4,4,4,3.875,4.5,5.25,7,2.166666667,4.666666667,1.3,3.1,6,7,1.25,4.1,44,1.4,1,4,1,1,Hillary Clinton,4,4,2,2,2,2,2,2,,30,40,10,20,4,9,2,4,2,,"2,3,4,5,6",3,,3,1,21,0,1,3,2,Clinton,2,3,1
69,45,3.5,3,2.5,3.5,3.125,5.25,6.25,6,5.166666667,4.333333333,3,2.9,2,6,1.25,2.8,42,2.6,1.5,2.5,1,0,Hilary,4,4,2,2,2,2,2,2,,100,100,80,80,5,11,4,1,1,,5,3,,3,1,22,0,1,,,Clinton,2,3,1
67,39,3.5,4,4,3.5,3.75,2.25,3.25,3.5,3,4.266666667,1.7,3.2,1,0,1,3.1,42,1,1,1,,0,"I don't like either, but Donald Trump because of his pro-life stance",3,4,2,2,2,2,2,2,,40,40,10,10,1,2,4,1,2,,"2,3,4,5,6",3,,5,1,17,0,1,6,6,Trump,2,7,1
77,37,4,3.5,3.5,4,3.75,6.5,6,6.75,3.666666667,4.6,2.9,3,3,6,4,3.3,,4.2,4.25,2.5,1,0,None,4,3,2,2,2,2,2,2,,10,10,10,9,4,8,3,3,2,18,1,3,,3,1,19,1,1,,7,neither,2,3,1
68,33,4,3.5,3,4,3.625,5,3.5,6.75,5.333333333,3.2,2.2,3.9,3.666666667,7,3,2.5,,4.2,4.5,2,,0,Hillary Clinton,3,3,2,2,2,2,2,2,,15,10,60,15,3,12,1,2,1,18,2,3,,3,1,18,1,1,4,2,Clinton,2,7,1
66,40,3,3.5,2.5,3.5,3.125,2.25,4.75,1.25,2,4,2.7,2.9,2.666666667,4,1.25,3.8,26,3.4,2.25,5,1,0,Non supportive of either candidate because of neutrality.,2,2,2,2,2,2,2,1,Confidence in myself,60,0,70,70,4,11,4,2,1,25,"2,3,4,5,6,7",3,,2,1,25,1,2,,,neither,2,3,1
61,39,3,4,3.5,3.5,3.5,1.75,3.5,6.75,3.333333333,3.6,1.6,3.6,3.333333333,5,2,3.1,42,2.6,3.75,5,0,0,Bernie Sanders.,3,4,2,2,2,2,2,2,,25,25,25,25,3,9,4,2,1,21,3,3,,2,1,21,1,1,,2,Sanders,2,1,1
58,45,2.5,3.5,3,2.5,2.875,5.75,5.5,5.75,4.5,4,4,2.7,2.666666667,2,1.75,3.7,,3.8,3,4,0,1,None,4,4,2,2,2,2,2,2,,40,40,0,20,5,6,5,1,2,,"3,5,7",3,,4,1,24,0,1,6,5,neither,2,1,1
67,42,4,4,4,2.5,3.625,3.75,5.5,5.5,3.666666667,3.266666667,2.6,3.4,2.666666667,6,1.75,3.2,41,2.8,2.25,2.5,0,0,Bernie Sanders,2,3,2,2,2,2,2,2,,20,15,30,30,2,6,1,2,2,,1,3,,2,1,18,0,1,,,Sanders,2,1,1
44,31,3,3.5,3,3.5,3.25,4,4.75,4.75,3.833333333,4.533333333,2.7,2.8,3.666666667,4,2.75,2.9,,3.4,2.75,2,0,0,I wasn't able to vote in this election,4,3,2,2,2,2,2,2,,50,30,10,10,3,11,2,1,2,18,1,3,,1,1,17.5,1,2,,,CannotVote,2,1,1
63,51,3.5,3,4,4,3.625,5,5.75,6.75,5.166666667,4.266666667,3.2,3.2,3.666666667,8,1.25,2.4,,2.4,2.75,5,0,1,Didn't vote,3,5,2,2,2,2,2,2,,30,0,50,20,5,11,2,1,1,23,"2,3,4,5",3,,5,1,23,1,2,4,,didnotvote,2,1,1
66,31,4,4,4,3.5,3.875,4.25,4.5,4.25,3,2.333333333,3,3.8,4,6,3,3.6,,3.2,5,5,1,0,Bernie Sanders,5,2,2,2,2,2,2,2,,15,10,45,30,4,10,1,1,2,,"2,4",3,,7,1,18,0,1,4,3,Sanders,2,3,1
73,42,4,4,4,4,4,7,2.5,7,3.333333333,3.933333333,2.6,3.4,1.666666667,3,1,2.6,64,2.2,1.5,3.5,0,1,Neither.,2,4,2,2,,1,2,2,,25,25,50,0,4,9,2,2,2,21,"2,3,4,5,6,7",3,,2,1,21,1,1,4,2,neither,2,1,1
55,41,4,3,4,3.5,3.625,6.25,6.5,4.5,4.833333333,4.866666667,2.2,3.7,3,7,1,1.4,34,1.2,1.75,3,,0,Neither-- They're both idiots,1,3,2,2,2,2,2,2,,0,0,50,50,1,25,1,2,2,27,"2,3,4,5",3,,2,1,27,1,1,3,,neither,2,7,1
70,40,4,3,3,3,3.25,3.25,4.5,4.25,2.833333333,4.466666667,2.9,2.9,1.333333333,5,2,3.3,34,3,2.5,4,1,1,Hillary Clinton,4,4,2,2,2,2,2,2,depression,30,15,45,10,4,10,2,2,2,22,"2,4,5,6,7",3,,1,2,,1,1,6,4,Clinton,2,3,1
76,36,3,4,4,3,3.5,3.5,2.5,3.25,4.666666667,3.333333333,3,3,4,3,4.5,4,42,2.4,2.25,2,1,0,Hillary Clinton,5,5,2,2,2,2,2,,,25,25,25,25,3,8,5,2,2,18,"2,3,4,5,6,7",3,,1,1,18,1,1,4,2,Clinton,2,2,1
74,39,3.5,2,2.5,3.5,2.875,5.5,6.75,7,6.333333333,3.066666667,2.9,3.6,2.333333333,8,1,2.5,34,3.6,1.25,1,0,0,Gary Johnson,3,3,2,2,2,2,2,2,,30,27.5,25,17.5,5,8,5,1,1,18,"2,3",3,,1,1,18,1,1,5,5,Johnson,2,1,1
51,37,3,3.5,3.5,4,3.5,3.25,3.25,5,2,3.066666667,5,2.6,4,0,2.5,4.8,42,2.4,1.5,2,0,0,Hillary Clinton,1,1,2,2,2,2,2,2,,0,0,0,0,1,14,3,1,1,,"6,7",3,,1,1,9,0,1,2,1,Clinton,2,1,1
52,36,3,2.5,3,3.5,3,3.25,6.25,7,2.666666667,2.4,4.1,2.7,2.666666667,5,1.5,3.5,40,3.2,3.5,5,0,0,Bernie or Hilary,1,2,1,1,2,1,2,,,20,0,50,30,2,14,1,1,3,,"2,3,4,5,7",3,,1,1,19,0,1,1,2,Sanders,1,1,1
46,40,4,4,4,4,4,1.25,2.75,3.75,1.333333333,1.533333333,4.2,2.6,2,2,4.5,4.3,18,1.6,3.25,4.5,,0,Hillary Clinton,5,1,1,1,2,2,1,,,10,15,25,50,2,9,1,1,1,,3,3,,2,1,19,0,1,1,1,Clinton,1,7,1
58,36,4,3.5,4,3,3.625,5.25,6.5,5,3.666666667,3.6,3.8,3.5,2,0,1,2.7,34,3.8,2.75,5,,1,Bernie Sanders,3,2,2,2,2,1,2,,,0,0,40,60,2,17,1,2,2,,"2,3,4,5",3,,2,1,25,0,1,2,2,Sanders,1,7,1
57,37,1.5,4,2,3,2.625,2,6.5,4,1.666666667,3.466666667,2.4,3.1,1.333333333,0,4,3.9,40,2.4,2,3,0,1,"Clinton, but very bitterly",1,1,2,2,1,1,2,2,,0,0,50,50,1,24,1,1,3,,,3,,2,1,23,0,1,4,,Clinton,2,1,1
53,31,3.5,4,3.5,3.5,3.625,6,6,7,3.5,3,3.5,3.8,4,4,2,3.8,38,1.8,1.75,3,0,0,Hillary Clinton,1,2,2,2,2,1,2,2,,30,0,40,30,3,19,1,1,1,,1,3,,1,1,14,0,1,1,3,Clinton,2,1,1
60,34,2.5,4,3.5,2.5,3.125,5,1,3.5,1.166666667,3.6,4.1,2,3,1,1,4.4,32,1.8,3.5,5,0,0,Hillary Clinton,3,2,2,1,2,1,2,2,,55,,40,5,3,9,1,1,2,,"2,4,6",3,,1,1,18,0,1,1,3,Clinton,1,1,1
54,39,4,3.5,3.5,3,3.5,6.25,5.25,6.25,2.666666667,2.8,3.5,2.6,1.666666667,1,2.25,3.8,22,3.4,3.75,5,0,0,"Bernie, but I guess I'll vote Clinton",2,2,2,2,2,2,2,1,I have anxiety/depression/avpd,5,10,65,20,2,26,3,2,3,,3,3,,3,1,19,0,1,2,3,Sanders-Clinton,2,1,1
53,33,3,4,3,3,3.25,4.5,5.75,4.25,3.833333333,2.6,3.7,1.9,2,4,1,4,33,3.4,4,5,0,0,Supported Bernie but now Hillary I guess,2,1,2,2,1,1,2,2,,0,0,0,0,1,25,2,1,3,,"2,4",3,,1,1,18,0,1,1,3,Sanders-Clinton,2,1,1
61,43,3.5,3.5,2.5,4,3.375,1.75,6,4,2.5,2,4.2,2.2,1,0,4.25,4.8,18,3,3.25,4,0,0,"Hillary, unfortunately",1,1,2,2,2,1,2,2,,10,50,25,15,2,9,1,1,3,,"2,3,6,7",3,,2,1,21,0,1,,4,Clinton,2,1,1
55,30,2,4,3.5,3.5,3.25,1,2,2.5,1,1.333333333,4.6,1.1,1,2,2.75,5,20,2.2,1,1,0,0,clinton,2,1,1,1,1,1,1,,,5,5,35,55,1,9,1,1,3,,"2,4,6",3,,3,2,,0,1,2,1,Clinton,1,1,1
71,37,4,3,3,3.5,3.375,2.5,7,6,4.333333333,4,3,2.9,4,3,1.25,3,,3.2,4.25,3,1,1,I did not support either candidate.,2,3,2,2,2,2,2,2,,30,40,20,10,4,9,4,1,2,19,"2,3,4,5,6,7",3,,7,1,19,1,2,4,4,neither,2,4,1
67,38,4,3,3,3.5,3.375,4.75,5,6.75,5.5,2.666666667,3.7,3.4,1,1,1.25,2.5,,2.4,3.25,3,0,1,not voting,2,3,2,2,2,2,2,2,,45,25,15,15,4,9,2,2,2,,"2,3,6",3,,5,1,19,0,1,3,3,notvote,2,1,1
78,41,4,4,4,4,4,7,3,3,5.166666667,4.333333333,3.5,3.5,3,2,5.75,4,,3.8,4,3,0,0,Donald Trump,4,4,2,2,2,2,2,2,,25,25,25,25,3,9,2,1,2,,4,1,,5,1,19,0,1,,7,Trump,2,1,1
58,42,3.5,4,4,3.5,3.75,4.5,5,6,5.166666667,3.466666667,3.6,3,4,7,1.5,3.2,31,2.8,3,2.5,0,0,None,2,4,2,2,2,1,2,,,40,0,30,30,5,9,2,2,2,,7,3,,3,1,22,0,1,4,3,neither,1,1,1
56,44,3,4,4,2,3.25,3.75,2.25,2.25,2.333333333,2.733333333,3.7,3.7,1,3,3.5,3.1,,1.4,2.5,2.5,,0,Trump,4,4,2,2,2,2,2,2,,0,0,80,20,2,14,1,3,2,21,"2,3,4,5,6,7",3,,3,1,21,1,1,4,5,Trump,2,7,1
60,46,3.5,3.5,4,3.5,3.625,6.25,7,7,6,4.266666667,2.1,3.9,1,6,1.25,2.7,42,1.6,1,3.5,0,0,Cruz,5,5,2,2,2,2,2,2,,10,40,20,30,2,15,1,2,1,,4,3,,7,1,21,0,1,7,7,Cruz,2,1,1
74,55,3.5,3.5,3,2.5,3.125,4.75,6,6,4.666666667,3.866666667,1.8,3.4,1,2,2.25,3.4,46,2,3,4,1,1,Clinton,5,5,2,2,2,2,2,,,25,50,25,0,2,19,1,1,2,22,6,3,,4,2,,1,1,6,3,Clinton,2,3,1
70,46,3,3,4,4,3.5,7,5,7,1.5,3.466666667,4.5,2.2,1.666666667,0,1.5,4.2,,4,2.5,5,1,1,Clinton,3,2,2,1,2,1,2,2,,25,45,15,15,2,26,1,1,2,22,4,3,,4,1,22,1,1,1,4,Clinton,2,3,1
64,37,2,3.5,3,2.5,2.75,1.75,3.5,3.75,1.166666667,2.733333333,4.1,2.9,3,1,2.75,4.4,42,3.6,3.75,4.5,1,0,Not voting,2,1,2,2,2,2,2,2,,50,20,20,10,5,15,4,2,1,22,"3,5,7",3,,2,1,22,1,1,1,3,notvote,2,3,1
61,38,4,4,4,4,4,5.25,6.25,6.5,3.166666667,2.333333333,3.1,3.3,3,1,3.75,4.3,42,4.4,4.5,5,0,0,Donald trump,4,2,2,2,2,2,2,2,,10,50,30,10,3,11,1,1,2,22,"2,4",3,,1,1,22,1,1,4,3,Trump,2,1,1
55,47,4,4,4,4,4,2.25,4.75,6,3.833333333,2,3.2,3,1,5,1.75,3.4,,3,2.5,3,,1,Hilary Clinton,4,4,2,2,2,2,2,2,,0,0,50,50,5,12,5,2,2,22,"2,3,6",3,,5,1,22,1,1,,,Clinton,2,7,1
73,38,4,4,4,4,4,2.5,4.25,4,1.833333333,3.733333333,3.9,3,3,7,3.25,4,,4.6,4.75,5,1,1,Neither,3,3,2,2,2,2,2,2,,100,100,100,100,4,9,3,4,2,22,3,3,,1,1,22,1,1,4,3,neither,2,3,1
77,46,4,4,4,4,4,7,7,7,5.666666667,4.8,2.8,3.4,1,4,1.75,2.4,,4.4,2.25,2,1,0,Clinton but either way we lose.,5,5,2,2,2,2,2,2,,30,25,30,15,5,12,1,1,2,24,"2,6",3,,1,1,24,1,1,6,3,Clinton,2,4,1
75,37,4,3.5,3.5,4,3.75,3.75,4.75,7,4,3.6,2.9,2.6,1,2,1,3.1,41,2.8,1.75,1,1,1,,3,3,2,2,2,2,2,2,,40,25,25,10,5,12,5,2,1,22,"2,3,4,5,6,7",3,,1,1,4,1,1,,,,1,4,1
66,52,3,4,3.5,2,3.125,4.25,4,5.5,4,4.333333333,3.6,3.3,1,8,1.333333333,2.7,,3.2,2.5,3,0,1,Clinton,5,4,2,2,2,2,2,2,,0,0,80,20,2,14,3,1,2,44,"2,3,4,5,7",3,,7,1,44,0,1,6,5,Clinton,2,1,1
59,41,4,3,4,4,3.75,5.5,5.25,6.5,5,5.333333333,1.9,3.1,1.333333333,0,1,2.1,,1.6,1,2,0,0,Donald Trump,2,4,2,2,2,2,2,2,,20,20,30,30,4,8,3,1,1,21,"3,5",3,,7,1,21,1,1,,,Trump,2,1,1
64,44,3,3.5,4,3,3.375,6.5,5.25,6.5,3.333333333,3.066666667,1.6,3.7,4.666666667,7,2.666666667,3.2,46,2.8,4,4,1,1,Hillary clinton,5,5,2,2,2,2,2,2,,10,10,10,10,5,11,5,1,1,22,"2,4",3,,3,1,19,1,1,,2,Clinton,2,3,1
62,48,3.5,3,3.5,3,3.25,6.75,6.25,7,6.166666667,4.4,1.9,2.9,3.666666667,5,1.5,2,,3.2,2.25,3,,0,Bernie Sanders,2,3,2,2,2,2,2,2,,40,50,5,5,3,13,1,1,2,30,"2,3,4,5,6,7",3,,5,1,30,0,1,2,3,Sanders,2,7,1
60,45,4,3.5,3.5,4,3.75,6.5,5.5,7,4.166666667,3,4.1,3,2.666666667,6,1.75,3.1,44,4.2,4,5,1,1,Hilary Clinton,4,4,2,2,2,2,2,2,,50,25,15,10,5,11,4,1,2,24,5,3,,4,1,24,1,1,3,2,Clinton,2,3,1
74,45,2.5,4,2.5,2.5,2.875,1,1,7,1,2.466666667,3.5,3.8,1,3,5,3.3,22,1,2,5,0,1,None. Bernie sanders,5,1,1,2,2,2,2,2,,30,40,20,10,4,9,1,1,2,23,"2,3,4,5,6",3,,2,1,23,1,1,6,4,Sanders,1,1,1
75,50,4,3,4,3.5,3.625,5.75,3.5,7,5.666666667,4.933333333,1.8,3.7,3,1,1.75,1.6,,1.4,1.5,2.5,1,1,Donald trump,5,5,2,2,2,2,2,,,30,40,20,10,4,10,1,1,2,24,"2,3,4,5,6",3,,6,1,24,1,1,,,Trump,2,3,1
60,40,3,3,4,3.5,3.375,5.5,6.5,6.5,4.5,3.2,3,3,4.666666667,4,1.25,3.4,,2.8,4.25,5,,1,Hilary Clinton,3,4,,,,,,,,40,40,10,10,4,9,1,1,2,26,2,3,,3,1,26,1,1,2,2,Clinton,2,8,1
70,42,4,4,4,3.5,3.875,3.5,3.25,6,1,3.8,2.4,3.6,1,4,1,3.9,41,3.4,2.5,5,,1,Bernie Sanders,5,3,2,2,2,2,2,2,Mental,50,30,10,10,2,2,1,2,2,24,3,3,,2,1,24,1,1,2,2,Sanders,1,7,1
59,38,3,2.5,3,3,2.875,4.75,6,3.75,4.833333333,3.6,4.1,3.3,4,8,2.25,2.6,43,3.2,3.25,3,0,0,Trump,4,4,2,2,2,2,2,2,,20,20,40,20,3,9,4,1,2,18,"3,5,7",3,,7,1,18,1,2,6,6,Trump,2,1,1
64,46,3,3,4,4,3.5,5.25,7,7,5.166666667,3.533333333,3,3.4,1,0,1.5,2.4,44,2.6,3.75,2,0,1,Sanders,4,4,2,2,1,2,2,2,,20,20,20,40,4,10,2,1,1,,"3,5",3,,3,1,22,0,1,3,3,Sanders,2,1,1
62,52,2,3,3,3,2.75,7,7,7,4.666666667,4.933333333,2.3,3.1,3,4,1.5,2.7,20,2.8,2,3,0,1,Sanders,4,2,2,2,2,2,1,2,,40,40,10,10,2,9,2,1,2,,"2,3,4,5,7",3,,3,1,27,0,1,4,5,Sanders,2,1,1
61,48,3.5,3,3.5,3.5,3.375,6.25,4.5,5,4.333333333,3.333333333,4.4,2.8,2.333333333,2,3,3.4,33,2.8,3.25,5,0,0,Bernie Sanders,4,4,1,2,2,2,2,2,,20,30,25,25,4,14,2,1,1,,"2,3,4,5,7",3,,1,1,16,0,1,2,3,Sanders,2,1,1
72,50,4,3.5,3.5,2.5,3.375,5.5,6,7,6,3.4,3.9,3.6,3,5,1.25,3,,4,3.5,3.5,0,0,Donald Trump,4,5,2,2,2,2,2,,,30,30,20,20,3,9,1,1,1,,6,3,,7,1,24,0,1,6,4,Trump,2,1,1
40,20,4,4,4,4,4,7,4.5,7,7,6,3,4,2,7,1,3,,3,3,3,1,0,Trump,5,5,2,2,2,2,2,2,,100,100,100,100,5,4,5,1,2,18,"2,3,4,5,6,7",3,,5,1,18,1,2,6,6,Trump,2,3,1
71,39,4,3,3.5,3.5,3.5,6.25,5.75,4.75,5.333333333,3.533333333,2.7,3,3.333333333,1,1.5,2.5,34,3.8,2.5,3,0,0,N/A,1,3,2,2,2,2,2,2,,20,30,30,20,4,11,2,1,1,18,"2,4,6",3,,2,1,18,1,2,3,2,na,2,1,1
78,40,4,3.5,3,3.5,3.5,4.25,2.5,4,3.833333333,3.266666667,3,3.3,2,0,7,3,42,3,3,3,0,0,neither,4,3,1,2,1,2,2,,,100,100,100,95,5,12,3,2,1,18,"2,3,5,7",3,,3,1,18,1,2,,,neither,2,1,1
69,50,3.5,3,2.5,2.5,2.875,7,3.75,6.5,6.666666667,3.4,3,3.5,2,2,1.25,2.2,,2.8,2,4,1,1,Hillary Clinton,4,5,2,2,2,,2,,,35,35,20,10,5,9,1,1,2,37,"4,5,6",3,,5,1,37,0,2,2,1,Clinton,2,3,1
75,40,2.5,3.5,3.5,3,3.125,4,4,4.5,5.166666667,4.933333333,2.8,3.5,5,6,3.25,3.1,,4.2,4.75,4.5,1,0,Hilary Clinton,5,5,2,2,2,2,2,2,,10,20,55,15,3,14,4,4,2,21,"4,5,6",3,,1,2,,1,1,4,2,Clinton,2,2,1
75,33,3,3,2.5,2,2.625,4.25,3.75,6,4.333333333,5.4,1.2,3,1,3,2.5,3,,2.2,1.25,1,1,0,,3,3,2,2,2,2,2,2,,25,25,25,25,3,16,1,1,2,32,"3,4,5,6,7",3,,1,2,,0,1,,,,2,6,1
70,43,3.5,4,4,3.5,3.75,4.5,5.25,4.5,3,4.333333333,1.7,3.4,1,3,2,3.4,,2.4,3.5,4.5,1,0,,3,3,2,2,2,2,2,2,,75,100,100,80,3,12,3,2,1,22,"2,3,4,5,6,7",3,,1,2,,1,1,,,,2,2,1
78,43,4,3,4,1,3,7,7,7,6.666666667,3.8,1.8,3.7,2,6,1.25,3.1,32,3,1.75,3,,0,Neither but more Hillary Clinton; Trump is the modern day Hitler,4,5,2,2,2,2,2,1,Depression,32,33,20,15,3,12,2,4,2,23,"2,6",3,,4,2,,1,2,1,1,Clinton,2,8,1
77,47,4,4,3.5,3,3.625,2,7,7,5.833333333,4.066666667,2.7,3.9,1,7,1,3.1,,1,1,1,1,0,N/A,1,1,2,2,2,2,2,,,25,25,25,25,4,14,1,4,2,26,"2,3,5,7",3,,1,2,,1,2,,1,na,2,2,1
64,34,4,4,4,3,3.75,3.25,2.25,2.5,4.666666667,4.133333333,4.7,3.8,1,2,3.25,3.6,,2.8,4.5,5,0,1,Ted Cuz,5,3,,,,,,,,5,70,5,20,2,11,5,1,2,,2,3,,4,1,28,0,1,6,6,Cruz,2,1,1
69,35,4,4,3.5,4,3.875,6,5.75,6.75,5.5,4.933333333,3.3,3,1,2,1.25,2.8,,3.2,3.75,3.5,0,0,Trump,4,5,2,2,2,2,2,,,45,35,10,10,5,9,3,1,1,19,"2,3,4,5,6,7",3,,5,1,19,1,1,,6,Trump,2,1,1
60,43,4,4,4,4,4,1.75,6.25,7,2.333333333,1.666666667,3.8,2.8,1.666666667,1,3,4.3,,4.2,3.75,5,0,0,Trump,3,3,2,2,2,2,2,2,,80,100,100,100,5,10,5,1,2,18,"2,3,4,5,7",3,,1,1,,1,1,,,Trump,2,1,1
61,28,2.5,4,3,4,3.375,7,6.5,7,5.166666667,3,2.4,4,2,7,2.75,3.4,,2.4,4.25,3,0,0,Clinton,2,4,2,2,1,2,2,2,,20,20,50,10,5,12,2,1,1,,"2,3,6,7",3,,8,2,,0,1,2,4,Clinton,2,1,1
68,41,4,3,4,3,3.5,2.25,7,6,4.5,4.466666667,3.9,3.6,6,10,4.5,2.9,,2,2,1.5,0,0,Not Donald Trump or Hillary Clinton,2,3,2,2,2,2,2,2,,15,40,40,5,5,9,1,2,2,20,"2,3,4,5",3,,1,2,,1,1,,,neither,2,1,1
70,42,4,4,4,4,4,6.25,6.25,6,5.333333333,5.533333333,3.3,3.9,2,7,2.5,3,42,4.4,5,5,0,1,N/A,5,5,2,2,2,2,2,2,,30,30,30,10,4,14,1,1,1,19,"3,5,7",3,,4,1,19,1,2,,,na,2,1,1
7,36,3,2.5,4,3,3.125,7,7,7,2,4.266666667,1.8,4,5,12,2.5,3.888888889,,2.6,1.25,3,1,0,Hillary Clinton,3,3,2,2,2,2,2,2,,5,30,60,5,3,9,3,4,2,21,"2,4,6",3,,1,1,21,1,2,,1,Clinton,2,2,1
1,42,3.5,3.5,4,3.5,3.625,6.75,7,6,4.333333333,3.466666667,,3.222222222,1,4,2.5,3.4,,2.6,1.75,3.5,1,0,Clinton,5,4,2,2,2,2,2,2,,0,0,0,0,5,2,3,4,2,24,4,3,,1,1,24,1,2,,1,Clinton,2,2,1
77,39,3,3,4,4,3.5,6.25,6,6.75,2.833333333,3.866666667,3.4,2.1,1,2,1.5,3.9,23,1.8,4,5,0,0,,2,2,2,2,1,1,1,2,,30,20,20,30,4,11,1,1,2,18,"3,5,7",3,,1,1,18,1,2,,,,1,1,1
73,48,3.5,3,3.5,3,3.25,4.5,5.75,6.25,4.166666667,4.933333333,2.7,3.4,2.666666667,4,3.5,3.1,,2.8,3,2.5,1,1,None they both are some shit,4,4,2,2,2,2,2,,,13,50,35,2,3,12,3,4,2,22,3,3,,1,1,22,1,2,4,2,neither,2,3,1
65,46,4,4,4,4,4,3.5,5,5.25,5.333333333,2.466666667,2,3.7,2,5,1.25,1.9,,2.8,4,4.5,,1,Hilary,3,3,2,2,2,2,2,2,,10,10,50,30,2,9,1,1,2,22,"3,5,7",3,,4,1,22,1,2,4,2,Clinton,2,7,1
73,40,3.5,3,3.5,4,3.5,5.5,5.75,6,4.833333333,3.733333333,3.5,2.5,1,5,1.75,2.7,34,3.4,3.25,4,1,1,Donald trump,5,5,2,2,2,2,2,2,,100,100,100,60,3,14,4,1,2,24,"2,3,4,5,6",3,,3,1,20,1,2,6,6,Trump,2,3,1
46,27,2.5,4,2.5,4,3.25,1,1,1,1,2.133333333,1.8,2.6,5.666666667,7,7,4.6,42,5,5,5,1,0,Hilary,1,1,2,2,2,2,2,2,,0,0,70,0,1,26,1,4,1,21,1,3,,2,1,21,1,2,1,1,Clinton,2,3,1
65,38,3,4,3,2.5,3.125,3.75,4.5,6,3.166666667,2.533333333,4.2,2.1,3,1,2.25,3.9,28,4,3.5,2,0,1,,3,3,2,2,2,1,2,2,,55,0,30,15,4,10,3,2,2,,3,3,,2,1,25,0,1,,,,2,1,2
67,43,3,4,3,4,3.5,7,6,6.25,5,4.866666667,2.7,3.1,2,4,1,2.9,,3.4,3.75,2.5,1,1,Hillary Clinton,5,5,2,2,2,2,2,,,35,10,50,5,3,10,3,1,2,,1,3,,1,1,20,0,1,,2,Clinton,2,3,2
62,57,4,4,4,4,4,3,6.5,7,4.5,3.2,3.2,2.9,1,3,4.25,4.4,34,3.4,1.5,3,1,1,N/A,3,4,2,2,2,2,2,1,Asthma,100,100,100,25,5,9,2,2,2,,"2,3,7",3,,1,1,21,0,1,,,na,2,3,2
62,34,1.5,1.5,1,1,1.25,6,6,6,4.166666667,3,3,3,4,1,4,3,42,3,3,3,1,1,,4,4,2,2,2,2,2,2,,0,0,0,0,4,10,1,2,2,18,"2,3",3,,1,2,,1,2,,2,,2,3,2
70,60,3.5,3.5,4,3.5,3.625,4.5,7,7,5.333333333,4.333333333,3.5,2.9,1,3,2.25,4,41,2.6,3.25,3,0,1,None of them,3,3,2,2,1,2,1,2,,100,100,100,80,3,9,1,1,2,19,"2,4",3,,2,1,19,1,2,4,3,neither,2,1,2
60,31,3,3.5,3.5,3,3.25,5,6,6.75,4.833333333,3.266666667,3.2,3,3,5,2,3.5,42,2,2.75,3,0,1,Hillary Clinton,3,4,2,2,2,2,2,2,,25,0,55,20,3,9,2,1,2,20,"2,4",3,,5,1,20,1,2,2,3,Clinton,2,1,2
64,30,3,4,3.5,3.5,3.5,4,4.75,4.75,2.666666667,3.866666667,3.4,2.8,3.666666667,3,1.5,3.7,,2.4,3.75,3,0,1,Clinton,3,3,2,2,2,2,2,2,,10,30,35,25,2,19,1,1,2,22,"2,3,4,5,7",3,,5,2,,1,1,5,5,Clinton,2,1,2
42,28,3.5,1.5,3,2.5,2.625,4.25,4.75,5.75,1.666666667,4.2,4.7,1.5,4.333333333,11,2,3.8,,2.8,4.25,2.5,0,1,Trump,2,3,2,2,2,2,2,2,,5,50,20,25,3,16,1,1,1,20,"2,6",3,,4,2,,1,1,3,6,Trump,2,1,2
62,29,3,3,2.5,3,2.875,4.5,5.5,6.25,5.166666667,3.2,2.8,2.8,2.666666667,2,1,3.1,,2.2,1.75,2.5,0,1, hillary clinton,3,4,2,2,2,2,2,2,,30,75,60,80,2,13,1,2,2,22,2,3,,1,2,,1,1,2,3,Clinton,2,1,2
46,36,3,3,3,2,2.75,5,6,6.5,5.5,4.466666667,1.8,3.4,4.666666667,4,1.75,2.4,,2.4,1.25,2,0,1,None,1,1,2,2,2,2,2,2,,2,0,49,49,1,26,1,2,1,26,"3,5",3,,2,2,,1,1,3,3,neither,2,1,2
65,51,2.5,4,4,3,3.375,7,5,5.25,5,4.266666667,2.8,3.1,1.666666667,2,6.25,3,,4,5,5,1,1,Mrs Hillary Clinton,3,1,2,2,2,2,2,2,,4,3,2,1,4,13,1,1,2,24,"4,6",3,,1,2,,1,1,3,1,Clinton,2,6,2
56,34,3.5,4,3,3,3.375,5.75,6.5,4,4.166666667,3.866666667,3.2,3.7,2.333333333,5,1.5,3,34,3.2,2.25,3.5,0,1,Hillary Clinton,3,3,2,2,2,2,2,2,,10,40,35,15,3,14,1,1,2,24,4,3,,3,2,,1,1,2,4,Clinton,2,1,2
72,32,2.5,4,4,2.5,3.25,3.25,5.5,6.75,2.166666667,3.933333333,4.1,2.1,1,1,2,4,,2.4,2,2.5,0,1,Hilarry Clinton,4,4,2,2,2,2,2,2,,0,0,50,50,1,14,1,1,2,23,1,3,,1,2,,1,1,2,1,Clinton,2,1,2
56,41,4,4,4,4,4,7,7,7,4.333333333,4.266666667,3.7,3.9,1,4,1.25,3.3,,4.2,3.25,5,0,1,Hillary Clinton,2,4,2,2,2,2,2,2,,10,25,35,30,2,20,2,2,2,21,2,3,,1,2,,1,1,2,2,Clinton,2,1,2
74,41,4,2.5,4,3.5,3.5,7,7,7,6.5,4.933333333,2.7,3.6,1,3,1,2,,3,1.75,3.5,0,1,Hillary Clinton,5,3,2,2,2,2,2,2,,15,50,20,15,3,12,1,1,2,23,"2,4",3,,4,2,,1,1,3,3,Clinton,2,1,2
63,38,4,3.5,4,4,3.875,5.75,6,7,3.5,3.866666667,2.7,3.4,5.333333333,4,1,2.8,,3.2,2.5,4,0,1,,2,4,2,2,2,2,2,2,,30,30,30,10,4,12,1,1,1,21,"2,4,6",3,,3,2,,1,1,2,,,2,1,2
56,34,3.5,3,4,4,3.625,6.5,5.75,5.75,4.666666667,4.6,4.5,3.3,1,5,1.25,3.7,40,3.8,3.25,1.5,0,1,Clinton,1,2,2,2,2,2,2,,OCD and ADHD,10,20,20,50,2,14,1,1,2,21,"3,5,7",3,,3,2,,1,1,3,,Clinton,2,1,2
70,31,4,4,4,3,3.75,5.75,6.75,5.5,3,3.866666667,2.9,3,3.666666667,9,2.25,2.9,42,2.6,2.5,2,0,1,Clinton,4,4,2,2,2,2,2,,,25,25,25,25,4,14,3,1,1,25,"2,3,4,5,6,7",1,1,1,2,,1,1,5,2,Clinton,2,1,2
59,39,3.5,4,3,3.5,3.5,6.25,6,6.5,2,3.8,2.8,1.9,1,3,2,4.3,31,3.2,2.5,4,0,1,no one,2,3,,,,1,,,,0,0,40,60,1,12,5,1,2,20,3,3,,1,2,,1,1,,,neither,2,1,2
57,36,4,3.5,4,3,3.625,5.25,6.5,6.25,4.166666667,4.733333333,3.4,3,4,6,2,2.9,,3.6,4.75,5,0,1,,3,3,2,2,2,2,2,2,,0,0,60,40,4,19,1,1,2,25,1,3,,1,2,,1,1,3,3,,1,1,2
73,40,3.5,4,4,3.5,3.75,6.25,6.5,7,3.166666667,3.866666667,3.4,2.9,2.333333333,3,1.25,3.8,,3.4,3.75,4,0,1,Hilary Clinton,4,4,2,2,2,2,2,2,,10,30,40,20,2,16,1,2,2,25,"2,3,4,5",3,,4,2,,1,1,4,2,Clinton,2,1,2
65,37,4,4,4,4,4,6.75,7,7,6.166666667,4.4,3.5,3.2,1.666666667,10,1,2,,4.8,3.75,5,0,1,none,3,3,2,2,2,2,2,2,,0,50,30,20,2,19,1,1,2,23,1,3,,1,2,,1,1,,,neither,2,1,2
64,42,3.5,4,4,4,3.875,4.75,3,7,2.5,4.2,2.7,3.7,5,4,1.5,3.1,42,2.2,1.5,3,0,1,Donald Trump,4,4,2,2,2,2,2,2,,25,25,25,25,5,12,3,1,1,24,3,3,,3,2,,1,1,4,4,Trump,2,1,2
57,37,4,3.5,4,4,3.875,5.25,6.75,7,6.5,4.333333333,3.7,3,1.333333333,3,1,2.4,,3.2,3.25,3.5,0,1,Bernie Sanders,1,2,2,2,2,2,2,2,,20,15,15,50,3,12,2,1,2,23,"2,3,4,5,6,7",3,,3,2,,1,1,2,3,Sanders,2,1,2
43,32,3.5,3.5,3.5,4,3.625,6,6.25,6.5,5.666666667,4.266666667,3.5,2.8,1,2,1.75,3.2,,3.4,2,3.5,0,1,no one,4,4,2,2,2,2,2,2,,25,35,35,5,3,11,3,1,2,23,"2,4",3,,1,2,,1,1,,,neither,2,1,2
64,35,4,4,4,3,3.75,6.75,7,6.5,5,4.266666667,3.3,3.1,1,0,2.25,2.5,,2.6,1,3,0,1,,3,3,2,2,2,1,2,,,2,20,40,35,2,19,1,1,2,22,6,3,,2,2,,1,1,2,2,,2,1,2
77,37,4,3,4,4,3.75,4.75,4.25,7,3.5,3.533333333,3.1,2.7,2.666666667,1,1.75,3,,2.6,2.25,4.5,1,1,none,1,2,2,2,2,2,2,2,,10,50,20,20,3,8,2,1,2,22,"3,5,7",3,,2,2,,1,1,,,neither,2,2,2
76,37,3,3,3.5,4,3.375,6.25,6.25,6.5,5.166666667,3.6,3.6,3.3,2.666666667,3,2.25,2.8,,3.8,4.25,4,0,1,Nobody,2,3,2,2,2,2,2,2,,20,30,40,10,4,12,2,1,2,23,3,3,,1,2,,1,1,4,1,neither,2,1,2
59,28,3.5,3,3,3,3.125,6.5,7,6.75,4.333333333,4.8,1.5,4,5,6,4.25,2.5,42,2.4,2,3,1,1,Clinton,3,3,2,2,,2,2,2,,10,10,70,10,3,13,3,2,2,23,2,3,,3,2,,1,1,4,4,Clinton,2,6,2
71,29,3.5,3,4,3,3.375,7,6.25,6.75,6,4.6,3.7,3,4,5,2.5,2.8,,3.8,2.25,1,0,1,don tknow,3,3,2,2,2,2,2,,,30,30,30,10,3,14,1,1,2,22,3,3,,1,2,,1,1,,2,dontknow,2,1,2
69,35,2,3,3,3,2.75,6,6,6.25,4.166666667,4.733333333,3.3,3.4,3,5,1.25,2.5,42,3.2,1.75,2,0,1,Clinton Hillary,4,4,2,2,2,2,2,,,0,0,60,40,2,14,2,2,2,25,2,3,,2,2,,1,1,2,2,Clinton,2,1,2
76,39,4,4,3,3.5,3.625,6.5,6.75,6.75,5.5,4.6,4,2.7,3.333333333,1,2,3.4,58,3.8,3.25,3,0,1,none of them,4,3,,,,,1,,,25,35,30,10,3,9,3,1,2,23,"3,7",3,,1,2,,1,1,2,1,neither,1,1,2
71,40,4,2.5,4,3,3.375,5.75,6.5,5.75,5,3.4,2.9,3,3.333333333,1,1,2.9,42,3.6,3.25,3,,1,hillary clinton,5,4,2,2,2,2,2,2,,30,40,10,20,4,9,2,1,2,21,"2,3,4,5",3,,7,1,21,1,1,,3,Clinton,2,7,2
69,43,4,4,4,4,4,6.75,7,6,5.833333333,4.6,3.6,3.3,1.333333333,6,1.25,3.3,33,4,2.5,5,0,1,N/A,1,4,2,2,2,2,2,1,ADD,30,30,25,15,5,14,1,1,2,24,"3,5",3,,2,2,,1,1,2,2,na,2,1,2
68,37,4,4,3.5,4,3.875,5.75,6.25,7,3.333333333,2.866666667,4.1,3.1,3,3,1,2.4,,2,2.5,3.5,0,1,I'm not from the U.S. but I wouldn't choose either.,2,2,2,2,2,2,2,2,,20,20,30,30,4,12,1,3,2,22,1,3,,1,2,,1,1,,,neither,2,1,2
46,32,4,3,4,4,3.75,5,5.5,6.25,5.166666667,2.2,4.2,2.8,1.666666667,3,2,3,,3,3,4,1,1,Hillary Clinton,1,3,2,2,2,2,2,2,,0,0,60,40,1,16,1,1,2,22,"3,5,7",3,,1,2,,1,1,,,Clinton,2,6,2
67,27,3.5,3,4,2.5,3.25,4.75,1.75,7,4,3.4,4.2,2.4,1.333333333,4,1.5,3.7,,1.2,1.25,1,0,1,No one.,1,1,2,2,2,2,2,2,,13,33,21,33,3,17,1,1,2,23,"2,4",3,,1,2,,1,1,,,neither,2,1,2
58,39,4,3.5,4,3.5,3.75,2.25,4,5.5,2.666666667,3.4,3.5,2.8,2.666666667,1,2.5,3.7,39,3,3,4,1,1,Hillary Clinton,2,3,2,2,2,1,2,2,,20,80,90,90,1,17,1,1,2,23,"3,5,7",3,,1,2,,1,1,3,3,Clinton,2,7,2
74,39,3.5,3.5,2.5,2.5,3,4.75,7,6.5,5.5,3,3.8,3,1,2,1.5,2.2,49,4.4,3.25,4,0,1,Klinton,2,4,2,2,2,2,2,2,,15,25,40,20,3,14,2,1,2,22,1,3,,3,2,,1,1,2,1,Clinton,2,1,2
61,33,4,4,4,3,3.75,3.75,5.5,6.25,1.833333333,2.2,3.8,2.2,4.333333333,4,2.25,4.3,32,3,3.25,3,0,1,Hillary Clinton,2,2,2,2,2,1,2,2,,1,1,59,39,2,19,1,1,1,23,5,3,,1,2,,1,2,2,,Clinton,2,1,2
48,29,2,4,2,3,2.75,4.25,2.25,1.5,5.833333333,1.6,2,3.1,7,8,1,4.2,30,3,3,5,0,1,hillary clinton,5,4,2,2,2,2,2,1,adhd,0,0,70,30,1,25,1,2,2,22,2,3,,1,2,,1,2,1,4,Clinton,2,1,2
67,33,4,4,4,4,4,5.25,3.5,3,3.5,4.2,3.2,3.6,1.666666667,5,3,2.6,,3.6,3.25,4,0,1,,2,3,2,2,2,2,2,2,,13,60,13,13,2,19,3,1,1,19,1,3,,1,2,,1,2,2,4,,2,1,2
71,34,3.5,4,3.5,4,3.75,5,6,5.5,2.166666667,4.133333333,3.7,2.5,1.666666667,9,1.75,3.8,,3.4,2.5,4,0,1,Hillary Clinton,3,4,2,2,2,2,2,,,25,25,25,25,4,12,2,1,2,19,"3,5,7",3,,3,2,,1,2,3,3,Clinton,2,1,2
57,40,3,3,3,3,3,5.5,4.25,5,5.166666667,4.333333333,3,2.9,1,4,1.25,3.1,,1.6,1.75,2,0,1,none,2,2,2,2,2,2,2,,,30,20,30,20,2,11,1,1,2,22,"4,6",3,,5,2,,1,2,,,neither,2,1,2
66,35,4,3.5,4,3.5,3.75,3.25,4.25,5.25,3.166666667,2.733333333,3.2,3.6,2,7,1.5,3.2,37,2,2.75,4,0,1,Obama,3,3,2,2,2,2,2,2,,7,5,7,8,4,8,2,1,2,18,5,3,,1,2,,1,2,6,,Obama,2,1,2
64,37,3,3.5,3,3.5,3.25,5,5.25,6.75,3.833333333,3.866666667,2.9,2.4,2.666666667,2,2.5,3.6,,3.2,2.5,3.5,1,1,Bernie Sanders,2,2,2,2,2,2,2,2,,85,75,50,80,4,9,3,1,2,20,1,3,,1,2,,1,2,,,Sanders,2,6,2
47,38,3,3.5,2.5,3.5,3.125,6,5.75,4.5,1.833333333,5.2,3.1,2.5,2,3,1,3.5,,2.2,2.5,2.5,0,1,None,3,2,2,2,2,2,2,2,,20,25,25,30,2,26,1,3,2,19,1,3,,2,2,,1,2,1,2,neither,2,1,2
67,31,4,4,3,3.5,3.625,5.25,4.25,5.5,3.5,4.533333333,3.8,2.5,2.666666667,2,1.25,3.6,,2.2,3,3,0,1,,2,3,2,2,2,2,2,2,,10,10,60,20,3,11,1,1,2,18,"2,4,6",3,,1,2,,1,2,2,3,,2,1,2
62,47,4,3.5,3,3.5,3.5,5.75,6.25,6,3.666666667,3.2,3.4,3,4,4,2.25,3.3,,3,3.5,4,0,1,Sanders,3,4,2,2,2,2,2,,,25,25,25,25,2,14,3,1,1,18,"3,5,7",3,,6,2,,1,2,1,,Sanders,2,1,2
59,48,4,2,4,3.5,3.375,1.75,6,5.5,4.833333333,4.866666667,2.5,3.7,1,1,3,2.6,,3.4,1.5,3,,1,"None. Both options were rather bad. However, maybe this dramatic change will bring something good. Their are big changes happening all over the world and change usually happens when things aren't really working the way they are.",2,3,2,2,2,2,2,2,,20,25,35,20,2,11,2,4,2,19,"2,6",3,,1,2,,1,2,4,,neither,2,7,2
78,36,3.5,4,4,3.5,3.75,7,7,6.75,4,4.466666667,4.2,3,1,2,1.25,3,,4.8,2.5,4,0,1,,4,4,2,2,1,2,2,2,,100,100,100,100,4,11,2,1,2,18,1,3,,2,2,,1,2,5,,,2,1,2
75,39,1.5,4,3,2,2.625,6.5,3.75,3.5,3,2.4,2.4,2.4,1,3,2,1.8,34,3.6,2,5,1,1,Hillary Clinton,3,3,2,2,2,2,2,2,,100,100,60,10,4,19,3,1,1,26,3,3,,1,2,,1,2,4,2,Clinton,2,6,2
64,38,3.5,3.5,4,4,3.75,6,6.75,5.25,4.333333333,2.4,2.6,3.4,2,4,1.5,3.1,,3.8,4.75,4.5,0,1,,4,4,2,2,2,2,2,2,,10,25,30,35,2,20,1,2,2,20,2,3,,3,2,,1,2,2,3,,2,1,2
63,34,4,3,3.5,4,3.625,3.5,6.5,7,4.5,3.8,2.5,2.9,1.333333333,3,1.25,3.1,45,3,2.25,3,0,1,None.,2,3,2,2,2,2,2,1,Knee problem,0,0,60,40,2,16,1,2,2,18,"2,4",3,,2,2,,1,2,,,neither,2,1,2
57,42,4,1.5,2,3.5,2.75,6,5.75,6.75,5.833333333,4.6,2.8,3.3,1,2,1.25,2.8,48,3.4,1.25,3,0,1,Jill Stein,1,3,2,2,2,1,2,,,5,20,15,60,2,16,2,2,2,,"2,4,6",3,,1,1,20,0,1,4,,Stein,2,1,2
63,37,4,4,4,4,4,5.5,6,1,4.666666667,3.533333333,3.4,3.6,1.333333333,5,1.5,3.9,45,2.4,2.25,4,0,1,"Jill Stein would be ideal, but too much is at stake to not vote Hillary.",3,3,2,1,2,1,2,2,,25,0,60,15,2,11,2,1,3,,"3,5",3,,2,1,22,0,1,2,3,Stein-Clinton,1,1,2
63,37,3.5,3.5,3,3,3.25,4.5,6,5.75,5.166666667,3.733333333,3.3,3,2,1,1,3.3,44,3.4,2.25,2.5,1,1,Hillary Clinton,4,3,1,2,2,2,2,2,,10,5,55,30,2,14,1,2,2,,1,3,,3,1,18,0,1,2,2,Clinton,2,3,2
63,35,3,4,2.5,3.5,3.25,5.25,5,4.5,4.5,3.533333333,3.3,3,4,4,2.75,3.4,,3.4,4,4,1,1,Hillary Clinton,3,4,2,2,2,2,2,,,15,10,50,25,2,11,3,2,1,,5,3,,3,1,19,0,1,5,6,Clinton,2,3,2
57,36,3.5,3.5,3,3.5,3.375,4.75,2.75,5.5,1.833333333,4,2.5,3.4,3,6,2.75,3.4,,2,2.5,2.5,1,1,Clinton,4,5,2,2,2,2,2,2,,15,5,40,40,3,12,2,2,2,,1,3,,4,1,19,0,1,1,1,Clinton,2,3,2
70,53,4,4,4,4,4,5,7,5.25,4.166666667,2.666666667,3.7,3,1.333333333,2,1.5,3.9,47,4.6,3.25,5,1,1,Bernie Sanders,2,1,1,,,,,,,15,10,50,25,4,11,2,4,2,,"2,3,7",3,,1,1,21,0,1,4,2,Sanders,2,2,2
58,30,4,2,3,4,3.25,5.25,4.5,2.5,4.666666667,3,2.7,3.3,5.666666667,9,2.75,2.2,42,1.8,2.25,3,0,1,Trump,5,5,2,2,2,2,2,2,,20,40,20,20,4,7,4,1,1,,"2,3,4,5,6,7",3,,1,1,18,0,1,5,5,Trump,2,1,2
65,42,3,4,4,3.5,3.625,6,3,6,5,4.333333333,3.5,3.3,1,0,2,2.7,,3,2.25,3,,1,"Is this only referring to democrat or republican? If so, then Clinton. If not, then Johnson.",2,2,2,2,2,2,2,2,,30,40,20,10,3,9,2,2,2,,"2,4,6",3,,2,1,22,0,1,2,3,Johnson-Clinton,2,7,2
64,40,4,2.5,4,4,3.625,6.75,4.75,5.75,6.5,4.266666667,2.3,3.6,1,1,1.25,1.8,,1.8,1.75,2.5,,1,Clinton,3,3,2,2,2,2,2,2,,30,30,20,20,2,7,2,1,2,,3,3,,2,1,20,0,1,2,,Clinton,2,7,2
71,47,3,2.5,4,3,3.125,7,4,7,6.333333333,4.666666667,2.6,3.8,2,2,1.25,2.5,44,2.2,3,4,0,1,Donald Trump,3,3,2,2,2,2,2,2,,35,35,15,15,5,6,3,1,2,,"2,3,4,7",3,,2,1,19,0,1,6,6,Trump,2,1,2
73,48,2.5,4,3,3,3.125,1.75,2.25,7,4.333333333,4.466666667,4,3.7,1,1,3,2.5,42,1.2,2,2,0,1,Donald Trump,2,5,2,2,2,2,2,2,,25,25,25,25,3,11,1,1,2,,"2,3,6,7",3,,4,1,19,0,1,4,2,Trump,2,1,2
72,44,4,4,4,4,4,6,7,7,5.666666667,4.333333333,2,3.8,3.666666667,6,5.5,3.5,62,4.6,2.5,5,1,1,Hillary Clinton,5,5,2,2,2,2,2,2,,35,35,15,15,4,8,2,2,1,,"2,3,4,5,7",3,,1,1,18,0,1,4,6,Clinton,2,3,2
73,50,2.5,1.5,2.5,1.5,2,7,3.5,7,6.833333333,4.6,1.4,3.9,3,5,1,1.2,66,2,1.5,2.5,1,1,Donald J. Trump,5,5,2,2,2,2,2,,,50,30,10,10,5,12,2,1,1,,5,1,6,3,1,25,0,1,5,5,Trump,2,7,2
70,39,4,4,4,4,4,6,3.75,3,3.666666667,3,3.4,3,1,8,5,2.9,38,4,4,4,0,1,Undecided,4,4,1,1,1,1,1,,,25,25,25,25,5,9,4,1,2,,"2,3,4,5",3,,6,1,20,0,1,4,4,dontknow,1,1,2
71,31,4,3,4,3.5,3.625,5.75,5.75,5.75,4.833333333,2.933333333,2.7,3,3,3,1.25,3.1,,2.6,3,2,0,1,Clinton,3,4,2,2,2,2,2,2,,10,10,40,40,4,8,3,1,2,,"3,5",3,,7,1,20,0,1,4,2,Clinton,2,1,2
71,37,4,3.5,4,4,3.875,6,4.75,2,3,3.8,3.6,3.5,1.666666667,1,2.25,3.7,,3.4,2.75,3.5,,1,Goku,4,3,2,2,2,2,2,2,,15,20,25,40,5,10,3,1,1,,"2,3,4,7",3,,1,1,19,0,1,5,4,nonsense,2,7,2
71,47,4,2.5,3.5,3,3.25,6,6.5,6.5,6,5.133333333,2.7,3.5,3.333333333,3,1.25,2.3,,3,3.25,3,1,1,Hillary Clinton,4,4,2,2,2,2,2,2,,25,30,25,20,3,10,2,2,2,,"2,3,4,5,6,7",3,,1,1,18,0,1,4,2,Clinton,2,5,2
53,40,4,4,3.5,4,3.875,3.75,5.5,5,3.5,3,3.2,3.1,3.333333333,4,1.25,3.4,,1.8,1.75,1.5,0,1,"Turd Sandwich, probably",3,3,2,2,2,2,2,2,,15,0,45,40,3,12,1,1,1,,3,3,,2,1,26,0,1,3,3,nonsense,2,1,2
71,40,4,4,4,3.5,3.875,4.5,5.75,7,5.5,4.4,2.5,3.7,2,6,3.5,1.7,42,2,2,4.5,0,1,Vermin Supreme,1,5,2,2,2,2,2,,,30,30,30,10,4,9,1,1,1,,"3,7",3,,1,1,18,0,1,4,4,nonsense,2,1,2
68,40,3.5,3,3.5,3,3.25,6.75,5.25,3.5,4.833333333,4.8,3.4,3.5,3,6,1.25,1.8,42,3.4,2.5,2.5,,1,Hillary Clinton,4,3,2,2,2,2,2,2,,30,35,20,15,4,9,2,1,2,,"3,5,7",3,,3,1,17,0,1,1,3,Clinton,2,7,2
60,41,4,3.5,4,3.5,3.75,6.5,6.75,6.5,5.666666667,3.533333333,3.6,3.4,2.333333333,4,1.25,2.3,43,3.4,3,4.5,0,1,Hillary Clinton,5,4,2,2,1,2,1,,,30,0,50,20,3,11,2,1,1,,"2,3,6,7",3,,1,1,19,0,1,3,2,Clinton,1,1,2
73,45,3.5,4,3.5,3.5,3.625,6.75,4.5,7,5,2.4,3.4,2.8,4.666666667,4,1.5,3,56,3.4,3,3,0,1,Neither,4,4,2,2,2,2,2,1,Type 1 Diabetes,35,35,20,10,5,8,2,2,2,,"2,3,4,5,6",3,,3,1,23,0,1,5,5,neither,2,1,2
72,37,4,3,4,2.5,3.375,6.5,6.75,6.25,3.5,5.2,2.6,3,2.333333333,7,1,2.7,42,5,5,5,1,1,Bernie Sanders,5,3,2,2,2,2,2,2,,30,30,30,10,4,13,3,1,1,,"2,3,4,5,6",3,,2,1,40,0,1,4,3,Sanders,2,3,2
67,38,3.5,3,3.5,3.5,3.375,3.75,6,7,4.333333333,3,3,2.2,1,4,1.75,2.6,,3.8,2.25,4,,1,I'm not sure which evil is the lesser yet.,4,4,2,2,2,2,2,,,30,25,23,22,4,7,3,1,2,,2,3,,1,1,18,0,1,,4,dontknow,2,7,2
60,44,3,4,3,3.5,3.375,4.75,5,4.75,4.666666667,3.933333333,3.8,3.2,4,7,2.75,2.7,42,3.6,3,3.5,1,1,Clinton,5,4,2,2,2,2,2,2,,30,25,25,20,4,9,4,2,1,,"3,5,7",3,,4,1,15,0,1,,3,Clinton,2,3,2
47,45,4,3,4,3,3.5,2,2.5,3,5.5,5.2,2.8,2.9,2.666666667,2,4.75,2.7,,2.6,2.5,4,,1,Hillary Clinton,4,5,2,2,2,2,2,2,,5,75,10,10,2,14,3,4,2,,4,3,,1,1,20,0,1,,,Clinton,2,7,2
75,58,4,3.5,4,4,3.875,7,7,7,6.833333333,3.8,3,4,2,4,4,3,42,5,5,5,0,1,Trump,5,4,2,2,2,2,2,2,,50,100,50,10,3,2,3,1,2,,1,3,,2,1,26,0,1,,,Trump,2,1,2
73,37,3.5,4,4,3.5,3.75,6.5,5.25,6.25,3.333333333,2.533333333,3.3,3,2.333333333,10,3.25,3.3,42,2.8,2.25,3.5,,1,Trump,3,3,2,2,2,2,2,,,,0,5,5,4,8,2,1,2,,"2,3,4,5,6",3,,2,1,19,0,1,5,5,Trump,2,7,2
59,33,4,3,4,4,3.75,5,5.75,3.5,3.5,4.2,4.2,3,2,0,2.5,3.5,44,3.6,3,3,0,1,Clinton,2,4,2,2,2,2,2,2,,25,15,50,10,4,10,3,1,2,,"2,3,6,7",3,,4,1,18,0,1,2,2,Clinton,2,1,2
69,39,3.5,3.5,4,3.5,3.625,5.25,5.25,5.75,5.166666667,3.533333333,3.3,2.9,3,9,3.5,3,,3,3.25,2,0,1,Donald Trump,4,4,2,2,2,2,2,2,,30,35,15,20,5,9,2,1,2,,"2,3,4,6,7",3,,2,1,20,0,1,3,4,Trump,2,1,2
52,39,4,4,4,4,4,3.5,5.5,5.25,5.5,2,2.6,3.3,3.333333333,5,1.5,2.3,42,2,3,3.5,0,1,None,4,4,2,2,1,1,1,2,,15,0,50,35,3,11,3,1,2,,"2,4,6",3,,3,1,22,0,1,2,4,neither,2,1,2
70,40,3.5,4,3,1.5,3,5,4,2.75,4.833333333,3.8,2.6,3.2,2,1,1.25,2.8,42,2,3.5,2.5,0,1,Gary Johnson,4,4,2,2,2,2,2,2,,15,50,20,15,4,8,3,1,1,,"2,3,4,5",3,,1,1,21,0,1,6,5,Johnson,2,1,2
53,40,3,3.5,3,3,3.125,5.25,3.75,2.25,4.333333333,3,1.9,2.7,1,3,2.25,2.8,47,2.6,1.75,1.5,1,1,hilary clinton,4,4,2,2,2,2,1,2,,0,0,100,55,1,10,3,1,2,,"3,5",3,,1,1,7,0,1,,,Clinton,2,3,2
66,40,3,3.5,3,4,3.375,6,5.25,5.75,3.833333333,3,3.8,2.9,5,10,1.5,3.8,,2.6,2.25,4,,1,"Neither, but if I absolutely had to pick, Hillary Clinton",3,2,2,2,2,,2,2,,25,50,20,5,5,8,4,2,2,,"2,3,4,5",3,,2,1,20,0,1,4,3,Clinton,2,7,2
45,44,3,3.5,3.5,4,3.5,6.5,5,7,4.5,3.2,2.4,3.4,2,2,2.5,1.7,34,2.4,2,3,,1,Hillary Clinton,1,2,2,2,2,2,2,2,,0,0,50,50,1,14,5,1,2,,"2,3,4,5,7",3,,4,1,21,0,1,5,5,Clinton,2,7,2
70,46,3.5,4,4,3,3.625,6.25,3.5,4.5,3.5,3.066666667,2.5,2.9,2.333333333,6,2.75,3.8,36,3.6,2.25,3.5,1,1,Hillary,3,4,1,1,1,2,2,1,Hearing Impaired,85,100,100,95,4,14,2,1,2,,"2,3,4,5,6",3,,3,1,10,0,1,4,1,Clinton,1,2,2
69,47,4,2.5,3.5,1,2.75,5.25,5.5,6,4.833333333,4.8,3,3.3,1.333333333,4,1,1.6,,1,1,1,0,1,Donald Trump,2,4,2,2,2,2,2,2,,0,25,50,25,2,14,5,2,2,,"2,3,4",1,2,2,1,57,0,1,2,5,Trump,2,1,2
60,37,3,3.5,4,3.5,3.5,4.75,3,7,4.666666667,2.533333333,2.1,2.3,4,2,2.5,3.5,40,2.4,2,3,1,1,Neither,4,2,2,2,2,2,2,2,,10,20,40,30,3,8,2,4,2,,"2,3",3,,2,1,18,0,1,,,neither,2,3,2
70,38,3.5,3.5,3.5,4,3.625,6.75,3.75,2.25,2.833333333,3,2.6,3.3,1.333333333,1,2.5,2.6,30,1.4,1.5,1.5,0,1,"Neither, but I hate Donald Trumps polocies more",3,3,,,,1,,,,25,25,25,25,4,7,2,1,2,,"2,4,6",3,,1,1,7,0,1,4,4,Anti-Trump,1,1,2
66,37,4,2.5,4,3.5,3.5,6,5.5,6.5,5.833333333,4.2,2.8,3.4,1,1,1.25,3.3,40,1.2,3,2.5,,1,Trump,1,4,2,2,1,2,2,2,,10,35,50,5,3,12,1,2,2,,"2,3,4,5,6,7",3,,7,1,20,0,1,4,4,Trump,2,8,2
62,42,3.5,4,4,3,3.625,7,4.25,7,5,3.266666667,2.1,3.4,4.666666667,10,3.25,2.8,,2.8,3.25,2,0,1,Trump,4,5,2,2,2,2,2,2,,20,30,30,20,3,9,2,1,1,,"2,3,4,5,6,7",3,,8,1,,0,1,6,6,Trump,2,1,2
69,47,4,4,4,4,4,5.75,6,7,5.166666667,4.733333333,3.1,3.8,1,4,1,2.4,,4.8,5,5,,1,Gary Johnson,3,4,2,2,2,2,2,1,recent surgery,30,30,20,20,4,9,2,1,2,,"2,3,4,5",3,,2,1,21,0,1,4,3,Johnson,2,7,2
75,36,4,4,3.5,4,3.875,7,6.25,4,4.333333333,3.333333333,3,2.7,2,4,2,4,42,2.4,2.25,3,,1,Clinton,3,3,2,2,2,2,2,2,,25,25,25,25,5,9,3,1,2,,"2,4",1,,7,1,20,0,1,4,2,Clinton,2,7,2
67,43,3.5,4,3.5,3.5,3.625,5.75,6.75,4.25,4.5,3.6,3.6,3.4,3,9,2,3,,2.8,4.25,3.5,0,1,None,3,2,2,2,2,2,2,2,,25,0,50,25,2,19,1,2,2,,"3,7",3,,2,1,21,0,1,4,5,neither,2,1,2
63,39,4,4,4,4,4,6.25,5,4,5.333333333,3.866666667,2.9,3.6,2,4,1.75,2.7,,2.4,3.5,4,,1,none,3,4,2,2,2,2,2,2,,2.5,2.5,85,10,3,12,2,2,2,,"2,3,6,7",3,,1,1,20,0,1,,,neither,2,7,2
67,37,4,4,4,3.5,3.875,5.5,6.75,5.25,4.5,3.066666667,3.5,3.7,3.333333333,3,3.25,3.5,,3.4,4.5,3.5,0,1,Harambe,3,3,2,2,2,2,2,,,25,25,25,25,4,6,4,1,2,,"2,3,6,7",3,,3,1,18,0,1,,4,nonsense,2,1,2
68,34,4,3.5,3.5,3.5,3.625,5.25,5,5.5,2.666666667,2.6,3.8,2.6,2.666666667,1,1.25,3,42,3.2,3,4,,1,Hillary Clinton,4,3,2,2,2,2,2,2,,15,10,40,35,3,12,2,1,2,,"2,3,6",3,,3,1,18,0,1,2,2,Clinton,2,7,2
51,32,4,4,3,4,3.75,5,7,6.5,3.5,2.266666667,3,3.5,2,2,2.75,3.2,54,3.4,2.75,4,0,1,Donald Trump,3,2,2,2,1,1,1,2,,20,10,50,20,3,9,1,2,2,,"2,6",3,,1,1,20,0,1,4,5,Trump,1,1,2
56,39,4,4,3.5,4,3.875,4.5,2.5,5.25,3.166666667,2.4,4.1,2.9,1.333333333,6,3.5,3.5,37,3.2,3,1.5,,1,Hillary Clinton,4,4,2,2,1,2,2,2,,20,30,45,5,3,12,3,1,2,,"2,4,6",3,,2,1,19,0,1,3,3,Clinton,2,7,2
66,37,3,4,3.5,3.5,3.5,5.25,6,5.75,4.833333333,3.333333333,3.2,3.3,2.333333333,2,3.5,3.4,42,2.2,1.75,5,0,1,Jill Stein,2,2,2,1,2,2,2,2,,10,30,30,30,2,14,1,4,2,,3,3,,2,1,21,0,1,4,3,Stein,2,1,2
72,35,4,3,4,3.5,3.625,4.5,6,4.25,5,3.133333333,2.6,3.4,1,2,3.5,2.8,,2.8,4,4,0,1,Hillary Clinton,5,4,2,2,2,2,2,2,,30,20,25,25,4,9,2,1,1,,"2,4,6",3,,7,1,18,0,1,1,2,Clinton,2,1,2
73,41,4,3,4,4,3.75,6.25,7,4,6.166666667,3.866666667,3.4,3.5,1,1,1.25,2.7,42,3,2,2,0,1,,5,5,2,2,2,2,2,2,,40,40,10,10,5,6,4,1,2,,"2,3,5",3,,2,1,19,0,1,6,6,,2,1,2
67,45,4,4,4,4,4,7,5.75,7,4.333333333,2.866666667,2.6,4,2,8,1,1.4,42,3,3.25,3,0,1,Hilary Clinton,5,5,2,2,2,2,2,2,,20,20,50,10,2,10,1,4,1,,4,3,,2,1,19,0,1,4,3,Clinton,2,1,2
72,37,3,3,3,3.5,3.125,5.5,4.25,1,5.5,3.466666667,1.9,3.3,2,2,2.5,3.3,50,1,1,1,,1,,5,5,2,1,2,2,2,2,,20,0,70,10,3,9,5,1,2,,"2,4",3,,1,1,21,0,1,7,5,,2,7,2
71,47,4,3,3.5,2.5,3.25,6,5,6.5,5.166666667,4.133333333,2.7,2.8,3.333333333,3,1,2.7,,3,2,4,1,1,Clinton,4,5,2,2,2,2,2,2,,65,0,30,5,4,9,2,1,2,,"2,4,7",3,,3,1,17,0,1,2,3,Clinton,2,3,2
58,39,4,3,3.5,3,3.375,6.75,6,3.5,4.5,4.533333333,2.6,3,1,3,2,2.4,,3.2,3.75,4,0,1,Clinton,2,4,2,2,2,2,,2,,50,30,5,15,4,11,2,1,1,,"3,5,7",3,,7,1,22,0,1,4,4,Clinton,2,1,2
73,37,4,2.5,3.5,4,3.5,6.5,6.5,6.75,5.833333333,3.533333333,3.2,3.5,3,3,3,3.3,45,4.2,2.75,4,0,1,Gary Johnson,5,4,1,2,2,2,1,,,30,25,35,10,4,12,3,1,2,,"2,3,4,5,7",3,,5,1,18,0,1,5,6,Johnson,2,1,2
78,38,3.5,4,4,4,3.875,7,6.5,7,5.5,4.4,3.7,3.5,1.333333333,6,1,2.6,,1.8,2.5,4,,1,Donald Trump,5,5,2,2,2,2,2,2,,25,25,25,25,4,8,5,1,1,,"2,3,4,5,6,7",3,,4,1,18,0,1,4,4,Trump,2,8,2
57,34,3,2.5,4,4,3.375,6,3.25,1.5,4,2.733333333,3.8,3,2,4,2.5,3.1,42,2.6,3.25,3,0,1,Trump,3,4,2,2,2,2,2,2,,15,15,40,30,3,12,4,1,1,21,"2,4",3,,6,1,21,1,1,3,5,Trump,2,1,2
71,43,4,3,3.5,3,3.375,5.5,5,6,5.666666667,5.066666667,3.7,3.6,1,1,2.5,2.4,,3,2.5,2,0,1,,4,4,,,,,,,,35,20,38,7,3,10,2,1,2,18,"2,3,5,6,7",3,,3,1,18,1,1,5,6,,2,1,2
61,51,4,3,2,1,2.5,1.25,6.5,6.5,5.666666667,4.333333333,2.5,3.4,1,2,1.25,2.2,56,2.6,1.5,2,0,1,Clinton,2,2,1,2,2,1,2,2,,0,50,,50,2,13,2,1,2,50,"2,3,4,5,6,7",3,,2,1,50,0,1,1,3,Clinton,2,1,2
69,42,4,4,4,3.5,3.875,6.75,5,2.75,5.333333333,4,3.5,3.1,1.666666667,1,3.25,3.6,,3.6,4.5,3,,1,,4,3,2,2,2,2,2,2,,30,15,30,25,4,9,4,1,1,23,"2,4,6",3,,7,1,23,1,1,3,3,,2,7,2
62,36,3,4,3.5,4,3.625,5.75,6.75,7,3.333333333,3.266666667,4.6,3.2,1,1,3.5,3.8,,3.8,3.25,3,0,1,None,3,3,2,2,2,2,2,2,,16,30,30,24,3,6,2,2,2,19,"2,3,6,7",3,,1,1,19,1,1,,,neither,2,1,2
71,35,4,4,4,4,4,4.5,4.5,4.75,3.5,3.2,3.5,2.8,4.333333333,8,1.75,3,33,3.2,4.75,3.5,1,1,Neither,1,2,,,,1,,,,30,30,20,20,3,11,1,1,2,19,"2,3,6,7",3,,6,1,19,1,1,,,neither,1,3,2
70,40,3.5,4,3,4,3.625,4,4.25,7,2.833333333,4.8,3.8,3.7,2.666666667,4,2.5,3.9,42,3.8,4,4,0,1,Neither,5,5,2,2,2,2,2,2,,40,0,60,0,4,12,4,1,2,18,"2,4,6",3,,6,1,18,1,1,6,7,neither,2,1,2
62,36,3,3.5,3.5,4,3.5,7,7,7,3.833333333,3.2,3.3,3.8,3.666666667,4,4,3.5,42,3.4,3.5,3,1,1,Gary Johnson,4,4,2,2,2,2,2,,,30,20,30,20,4,12,1,2,2,21,1,3,,4,1,21,1,1,3,3,Johnson,2,5,2
73,39,3,3.5,4,4,3.625,6.75,5.25,7,6.166666667,4.6,3.2,3.3,1,7,1.25,2.3,42,3.6,2,2.5,0,1,Gary Johnson,4,4,2,2,2,2,2,2,,30,30,25,15,4,8,3,1,2,18,6,3,,1,1,18,1,1,4,5,Johnson,2,1,2
70,40,4,4,3.5,3.5,3.75,6,4.75,7,6.166666667,2.933333333,4.2,3.1,3.666666667,6,1.25,3.1,42,3.2,2.25,2.5,0,1,Trump,4,4,2,2,2,2,2,2,,35,20,35,10,5,6,5,1,2,18,3,3,,1,1,18,1,1,,5,Trump,2,1,2
52,50,4,3.5,3.5,2,3.25,1.5,4.25,6.25,6.5,5.333333333,1.6,3.9,1,7,1.25,2.3,,1.6,2.5,3,,1,"Clinton. I know she's a ""criminal"" but at least she's not racist or a raper.",2,2,2,2,2,2,2,2,,0,0,60,40,1,10,3,1,2,20,"3,5",3,,2,1,20,1,1,,,Clinton,2,8,2
52,36,3.5,3.5,4,4,3.75,5.75,6.75,4,5.166666667,2.4,3.8,2.9,1.666666667,8,1.5,2.6,48,3,3.5,5,0,1,"I'm still deciding between Hillary and Johnson, but leaning toward Hillary",2,3,2,2,1,2,2,2,,25,0,50,25,3,9,2,1,2,22,"2,4,6",3,,2,1,19,1,1,2,3,Clinton,2,1,2
77,39,3.5,3.5,3.5,4,3.625,6.75,6,7,5.666666667,5.066666667,2.5,3.2,1,0,1.75,2.3,,2.2,1.75,1,1,1,Hillary Clinton,5,5,2,2,2,2,2,2,,50,0,30,20,5,9,2,4,2,18,1,3,,2,1,18,1,1,2,3,Clinton,2,3,2
64,37,2.5,3.5,3,3,3,5,4,1.5,4.5,3.8,2.2,2.7,3.666666667,3,3.75,2.6,54,2.8,2,2,1,1,Hilary Clinton,3,3,2,2,2,2,1,,,0,0,90,50,1,10,3,1,2,20,"3,5",3,,1,1,20,1,1,4,,Clinton,2,3,2
72,41,3.5,3.5,4,4,3.75,7,6.5,7,4.833333333,5,1.7,3.6,1,1,3.25,2.4,,2.8,2,3,1,1,Bernie Sanders,3,3,2,2,2,2,2,2,,80,100,100,100,3,12,1,4,2,22,3,3,,4,1,22,1,1,4,3,Sanders,2,3,2
49,32,4,4,4,4,4,5.25,3.25,3.75,2.333333333,2.666666667,2.6,2.5,2.333333333,4,1.5,3.7,,1.2,1.25,3.5,1,1,Hillary Clinton,2,3,2,2,2,2,2,2,,0,0,60,40,2,14,1,1,2,20,"3,5,7",3,,3,1,20,1,1,,3,Clinton,2,2,2
63,38,2,2,2.5,2.5,2.25,5.75,4,4,3.166666667,3.8,2.2,3.4,4,4,1.25,2.1,,2.6,3,4,0,1,Trump,1,3,2,2,2,2,2,2,,20,10,30,40,3,9,2,1,1,21,"2,4",3,,2,1,21,1,1,4,4,Trump,2,1,2
62,28,4,4,4,4,4,5,6.25,5.5,6.333333333,3.866666667,3.6,3,5.333333333,7,5,3,42,5,4.25,4.5,0,1,,3,3,2,2,2,2,2,2,,25,20,25,30,3,12,1,1,2,18,"2,3,4,5",3,,1,1,18,1,1,,,,2,1,2
69,37,3.5,3,3.5,3.5,3.375,5.25,3.25,1,5.333333333,3.733333333,2.4,3,2.666666667,2,2.25,2.4,56,1,1,1,,1,,5,5,2,1,2,2,2,2,,20,0,50,30,3,10,5,1,2,21,"2,4",3,,1,1,21,1,1,6,5,,2,7,2
71,32,4,4,4,4,4,5,5,4,2.833333333,3.2,3.3,2.8,2,2,2.75,3.5,,3.2,3.25,3,,1,neither,3,3,2,2,2,2,2,2,,90,90,75,50,3,9,4,1,2,18,"2,3",3,,3,1,18,1,1,4,,neither,2,8,2
74,39,3.5,3,3.5,3,3.25,5.75,3,5.75,5.333333333,3.8,2.8,3,2.333333333,5,3.75,2.5,42,3.2,3.5,3.5,,1,Hilary Clinton,4,4,2,2,2,2,2,2,,45,35,15,5,4,8,3,2,2,18,"2,3,5,7",3,,7,1,18,1,1,3,3,Clinton,2,7,2
73,40,3.5,4,2.5,3,3.25,4.75,6.5,6,4.666666667,1.933333333,2.8,2.6,2.333333333,1,2.75,3.1,28,1.2,3.5,5,0,1,Evan McMullin,4,4,2,2,2,1,2,2,,0,0,95,5,3,3,2,1,1,20,"2,3,4,5,6,7",3,,3,2,,1,1,4,5,McMillan,2,1,2
64,57,4,3,4,3,3.5,5.25,6.25,5.5,5,3,3.5,2.4,2,1,2.5,3.4,,4,4.25,4,0,1,None,5,5,2,2,2,2,2,2,,20,15,50,15,4,10,3,2,2,21,2,3,,2,1,21,1,1,5,5,neither,2,1,2
78,37,3.5,3,4,3.5,3.5,7,7,7,5.666666667,2.733333333,2.6,3.9,4.666666667,8,4.75,3,,3.8,5,5,1,1,Clinton,5,5,2,2,2,2,2,2,,20,20,50,10,3,11,1,1,2,21,"2,3,4,5",3,,7,1,21,1,1,4,3,Clinton,2,2,2
59,38,4,4,3,4,3.75,5.25,7,7,2.666666667,2.666666667,2.4,3.1,1,0,3.25,3.6,30,2.4,2.75,4,0,1,Hillary Clinton,2,2,,,1,1,,,,0,0,40,60,2,12,1,1,1,22,"3,7",3,,7,1,22,1,1,2,2,Clinton,2,1,2
72,41,3,4,3.5,3.5,3.5,6.25,6.75,7,5.666666667,3.4,3.2,3.3,1,3,1,3.7,,3.2,2.75,2.5,,1,Trump,4,3,2,2,2,2,2,1,Anxiety,55,25,15,5,5,9,5,1,1,27,"3,5",3,,2,1,27,1,1,6,5,Trump,2,7,2
65,35,4,3,3,4,3.5,6.75,6.5,4.5,5.166666667,3.866666667,2.9,3,1,3,1.75,2.6,,2.8,2.5,4,0,1,Donald Trump,5,5,2,2,2,2,2,2,,30,35,25,10,4,7,5,1,2,18,"2,4,6",3,,4,1,18,1,2,6,7,Trump,2,1,2
59,36,3.5,4,2.5,3.5,3.375,5.5,4.75,3,1.666666667,2,5,2.7,4,5,3.75,4.4,18,2.8,4,4,0,1,Bernie but Hillsry i guess,1,3,2,1,2,1,2,2,,30,25,25,20,5,8,2,1,2,21,1,3,,2,1,21,1,2,1,2,Sanders,1,1,2
54,37,3.5,4,3,3.5,3.5,5.5,7,5.25,5.166666667,3,2.6,3,1.333333333,0,1,2.2,,2.4,2.25,2.5,0,1,Johnson,3,3,2,2,2,2,2,2,,25,25,25,25,3,11,4,1,1,22,"2,3,4,5",3,,3,1,22,1,2,4,3,Johnson,2,1,2
75,37,4,4,3.5,3.5,3.75,3.5,1.75,5.5,1.833333333,2.866666667,2.1,3.4,3,3,3.25,3.5,,2,2,2.5,1,1,none,5,1,2,2,2,2,2,2,,30,20,40,10,3,14,1,1,2,23,"2,3,6,7",3,,4,1,10,1,2,,,neither,2,3,2
71,55,3.5,3,3.5,4,3.5,7,5,7,6.666666667,4.133333333,1.6,3.2,1,1,3.75,2.6,45,3.8,4,2,0,1,Trump!!!!,4,3,2,2,2,2,1,,,25,25,25,25,4,8,3,1,2,22,"2,3,6",3,,2,1,22,1,2,7,7,Trump,1,1,2
66,51,4,2.5,4,3.5,3.5,7,6.25,7,5.333333333,4.866666667,2.4,3.5,1,4,2,2.9,,3.6,3.5,3.5,1,1,Gary Johnson,3,3,2,2,2,2,2,,,20,30,15,35,3,12,2,1,1,22,1,3,,4,1,13,1,2,4,3,Johnson,2,4,2
72,42,4,2.5,3.5,4,3.5,6,5.75,6,3.5,3.4,2,3.5,3.333333333,3,3.25,2.3,,2.8,2,5,0,1,Donald Trump,5,5,2,2,2,2,2,2,,15,15,40,30,4,10,3,2,1,19,"3,7",3,,2,1,19,1,2,6,7,Trump,2,1,2
78,43,4,4,3.5,3.5,3.75,7,5.5,5.25,5.5,2.6,2.8,3.6,1.333333333,3,4,3.9,,1,1,1,0,1,I supported Donald Trump,5,5,2,2,2,2,2,2,,30,40,20,10,4,9,5,2,2,21,"2,3,4,5,6,7",3,,2,1,21,1,2,6,6,Trump,2,1,2
64,37,4,4,4,2.5,3.625,7,3.25,2.25,2,2.666666667,5,3.2,5.666666667,7,5,4.4,28,2,3.25,4,0,1,Hillary Clinton,4,3,2,2,2,1,1,,,15,15,60,10,4,9,2,1,1,20,"2,4,6",3,,8,1,17,1,2,3,3,Clinton,2,1,2
68,32,3.5,3,4,4,3.625,5.5,5.75,6,4.333333333,3.8,2.8,3,2.333333333,0,4.25,3.2,42,3,3.75,3,1,1,,4,4,2,2,2,2,2,2,,15,20,50,15,3,9,3,1,2,18,"2,5,6",3,,1,1,18,1,2,4,4,,2,3,2
66,33,3.5,4,3,3.5,3.5,6.75,5.75,5.25,5.666666667,4.8,2.3,3.2,4.333333333,3,2,2.3,42,2.6,2.75,2,0,1,Trump,5,5,2,2,2,2,2,2,,70,100,90,75,3,9,5,1,2,22,"2,3,4,5,6",3,,2,1,22,1,2,7,7,Trump,2,1,2
61,39,3,4,4,3.5,3.625,5,5.75,6.75,4.5,3.866666667,2.8,3.4,1.666666667,6,3.5,2.7,37,3.2,3.25,4,,1,Trump,4,4,1,2,2,1,2,2,,20,35,35,10,4,11,4,2,2,20,"2,3,5,6,7",3,,2,1,20,1,2,6,5,Trump,2,7,2
68,40,3.5,4,3.5,4,3.75,6,5.25,4.75,6.5,4.133333333,2,3,2,2,1.25,2.3,,2.4,4,4,0,1,Neither,5,3,2,2,2,2,2,,,30,25,20,25,4,9,3,1,2,19,3,3,,9,1,19,1,2,5,5,neither,2,1,2
68,35,4,4,4,4,4,4.75,6.75,6.5,5.666666667,,3.7,2.2,4,9,3.5,3.4,,3.8,4.75,5,,1,Hillary,3,3,2,2,2,2,2,2,,25,25,25,25,3,11,3,1,2,18,"2,3,5,7",3,,1,1,19,1,2,,4,Clinton,2,7,2
69,32,4,4,4,4,4,6.75,5,6.75,4.333333333,2.8,1.9,3,3.666666667,3,2.25,3.2,34,3,2.5,3,1,1,third party candidate,4,4,2,2,2,2,2,,,0,0,100,20,3,12,4,1,2,18,"2,3,4,5,7",3,,2,1,18,1,2,5,,thirdparty,2,3,2
68,50,3,2.5,3.5,3,3,6.5,6.25,7,6.333333333,4.4,3.4,3.4,3.333333333,4,1.25,2.3,,2.6,2.25,3,0,1,Donald Trump,5,5,2,2,2,2,2,2,,35,35,15,15,5,5,2,1,2,22,"2,3,4,5,6",3,,3,1,22,1,2,6,7,Trump,2,1,2
51,39,3.5,1,2.5,2.5,2.375,5,5.25,4.75,5,3.6,2.4,3.6,2.333333333,3,1.5,2.2,,2.6,1.5,2.5,0,1,,5,5,2,2,2,2,2,2,,10,10,70,10,1,14,4,1,1,20,"3,5,7",3,,5,1,20,1,2,5,6,,2,1,2
43,34,4,4,3.5,3,3.625,5.75,4.5,6,3.666666667,3.066666667,3.7,3,2.666666667,3,2,3.4,,2.8,3.25,3.5,,1,Hillary Clinton,4,3,2,2,2,2,2,2,,25,25,35,15,3,12,1,2,2,21,"3,5,7",3,,6,1,21,1,2,3,2,Clinton,2,7,2
77,40,3.5,3,3.5,3.5,3.375,7,7,7,3.833333333,4.466666667,4,3.4,1,0,1.75,2.3,,3.4,1.75,3,0,1,I supported neither.,5,4,2,2,2,2,2,2,,35,35,20,10,4,12,4,2,2,19,1,3,,4,1,19,1,2,5,5,neither,2,1,2
70,37,3,4,4,4,3.75,4.75,3,1,6,3.466666667,1.5,3.4,3,1,1.75,2.9,42,1,1,1,1,1,Trump,5,5,2,1,2,2,2,,,10,0,70,20,3,12,5,1,2,21,"2,4",3,,1,1,21,1,2,6,5,Trump,2,4,2
67,38,4,4,4,4,4,6,6.75,6,5.166666667,4.933333333,2.1,3.9,1.666666667,0,1.5,2.2,,3.4,3.25,2.5,0,1,Trump,4,5,2,2,2,2,2,2,,30,30,20,20,3,10,2,1,2,21,2,3,,6,1,21,1,2,5,6,Trump,2,1,2
66,41,3.5,3,3,2.5,3,4.75,4.25,3.75,4.166666667,3.466666667,2.2,2.8,3,4,1.75,2.7,43,2.6,2.25,2.5,1,1,Hilary Clinton,4,3,2,2,,2,1,2,,0,0,80,20,1,10,2,1,2,20,5,3,,1,1,20,1,2,,,Clinton,2,3,2
68,58,3.5,3,3.5,3.5,3.375,5.25,3.5,7,2.5,2.533333333,2.6,2.9,3.333333333,3,1.25,3.1,,3,3,3,1,1,Evan McMullin,5,4,2,2,2,2,2,2,,32,25,25,18,4,10,1,3,1,19,"2,3,4,5,6,7",3,,1,1,19,1,2,6,5,McMillan,2,3,2
57,38,3,4,3,4,3.5,5.75,4.75,4,4.333333333,3.333333333,4,3,2.666666667,0,1.25,3.7,,3.2,4.25,3.5,0,1,Hillary Clinton,2,2,2,2,2,2,2,2,,20,5,25,50,3,9,2,1,2,,"2,6",3,,1,1,19,0,1,,3,Clinton,2,1,2
73,32,3.5,4,4,4,3.875,6.75,6,5.5,4,,3.8,3.1,1.666666667,4,1.25,3.3,,2.8,1.5,3.5,0,1,Gary Johnson,4,4,2,2,2,1,2,2,,40,40,20,0,5,9,4,1,2,21,1,3,,6,1,21,1,1,3,2,Johnson,2,1,2
64,35,4,4,4,3.5,3.875,2,2,2,3.833333333,3.733333333,4.3,3,1,0,1.25,4,,2.6,3.25,2,0,1,,3,3,2,2,2,2,2,,,50,30,15,5,5,7,4,1,2,22,3,3,,,1,21,1,1,,,,2,1,2
75,42,4,4,4,4,4,5.75,5.75,7,6.666666667,3.933333333,3.9,3.2,2,6,1,2.2,,3.4,3.5,4,0,1,Still Undecided,5,5,2,2,2,2,2,2,,45,25,20,10,5,8,5,1,1,21,"2,3,6,7",3,,7,1,21,1,1,5,7,dontknow,2,1,2
74,35,4,3,4,4,3.75,6.25,7,4,5,3.333333333,4.4,2.9,2.333333333,5,3.25,3.3,42,2.6,2.25,5,0,1,Neither,3,4,2,2,2,2,2,2,,40,30,20,10,4,10,3,1,1,19,"2,4,6",3,,5,1,19,1,1,4,6,neither,2,1,2
71,37,4,4,4,4,4,6,6.25,7,4.166666667,3.8,3.5,2.8,1,2,1,3.2,,1.6,2.5,1,0,1,Donald Trump,4,4,2,2,2,2,2,2,,35,35,15,15,5,7,5,1,2,21,"3,5",3,,5,1,21,1,1,5,3,Trump,2,1,2
76,44,4,3.5,4,3.5,3.75,6,6.75,6.25,6.5,4.666666667,3,3.4,1,1,2.5,3.1,42,3.6,4.5,4,0,1,,2,4,2,2,2,2,2,2,,40,40,10,10,3,9,5,1,2,19,"2,3,4,5,6,7",3,,1,1,19,1,1,5,6,,2,1,2
59,44,3.5,3.5,3.5,4,3.625,4.5,4,7,4.333333333,3.933333333,2.2,2.7,2.666666667,5,2.25,2.6,,2.4,2.5,2,1,1,Hillary Clinton,2,1,2,2,2,2,2,,,20,20,50,10,3,9,5,4,1,23,3,3,,2,1,23,1,1,2,3,Clinton,2,2,2
75,44,4,4,3.5,4,3.875,7,4,7,5.833333333,3.666666667,3.7,3,2,1,1,2.6,42,2.2,2.75,3,0,1,Neither,3,3,2,2,2,2,2,2,,100,100,100,100,5,8,1,1,2,21,2,3,,1,1,21,1,1,,,neither,2,1,2
77,30,4,4,4,4,4,6.75,7,7,5.5,3.666666667,3.8,3,5,4,2,3.4,,4.6,5,5,0,1,Hillary Clinton,4,4,2,2,2,2,2,2,,20,30,40,10,4,12,3,2,2,21,1,3,,1,1,21,1,1,2,2,Clinton,2,1,2
70,34,3.5,4,4,4,3.875,6.25,6.5,7,5.166666667,2.2,3.6,2.8,1.666666667,2,2,4,,3.6,2.75,4,0,1,Hillary Clinton,2,3,2,2,2,2,2,,,30,30,10,10,4,11,4,1,2,21,"2,4",3,,1,1,21,1,1,2,2,Clinton,2,1,2
66,34,4,4,3.5,3.5,3.75,5.25,5.75,6.5,6,3.6,3.1,3,1,6,1.5,2.8,,2.8,3.25,2.5,0,1,Clinton- even though she's a lying sack of shit,4,4,2,2,2,2,2,,,30,30,20,20,5,10,2,2,2,22,"2,3,6,7",3,,1,1,22,1,1,4,5,Clinton,2,1,2
72,38,3,3.5,3,4,3.375,4,4,4,4,3.933333333,3,2.9,1,4,2,3,36,3.2,3,3,0,1,Donald Trump,4,4,1,2,2,2,1,,,35,30,20,15,4,10,4,2,2,21,3,3,,1,1,21,1,1,7,7,Trump,1,1,2
56,43,4,4,4,3.5,3.875,5.25,6,3.5,5.833333333,3.333333333,4.2,3.5,1,4,3,3.4,42,3.6,4,3,0,1,Donald Trump,2,3,2,2,2,2,2,2,,10,10,50,30,5,9,4,1,1,22,"2,3,4,5,7",3,,1,1,22,1,1,4,,Trump,2,1,2
74,42,3,4,4,3.5,3.625,5.75,3.75,4.25,4.833333333,3.666666667,1.9,3.9,1.333333333,1,1.25,3,35,1.4,2.5,3,0,1,Hillary Clinton,4,4,2,2,2,1,2,2,,0,0,80,20,4,12,4,1,2,20,"2,4,6",3,,2,1,20,1,1,3,3,Clinton,2,1,2
66,38,3.5,4,4,4,3.875,5.75,6.25,6,6.166666667,4.533333333,2,3.6,2,5,1,2.1,,2.8,2.25,3.5,0,1,Trump,4,5,2,2,2,2,2,2,,20,20,50,10,3,8,3,1,2,18,"2,4,6",3,,7,1,18,1,1,,7,Trump,2,1,2
78,41,4,4,3.5,4,3.875,6.5,4.5,6.5,5.166666667,3.4,2.8,3.7,1,3,3.25,3.6,36,2.8,3.75,3.5,0,1,Clinton,5,5,1,2,1,2,2,2,,45,40,10,5,5,5,4,1,2,19,"2,3,4,5,7",3,,7,1,19,1,1,6,6,Clinton,1,1,2
67,46,3,4,2,3.5,3.125,6.25,6,6.75,4.666666667,3.2,3.4,2.9,1,3,1,2.5,42,3.4,2.25,2,1,1,"Not that it matters, Jill Stein",3,3,2,2,2,2,2,2,,20,50,15,15,2,9,2,1,2,29,"2,3,4,5",3,,4,1,23,1,1,3,3,Stein,2,3,2
59,40,4,4,4,4,4,6.25,5,6.75,5.333333333,3.866666667,3.6,3.3,2,1,1.5,2.7,45,3.2,2.75,2.5,0,1,Hillary Clinton,4,3,2,2,2,2,1,2,,35,35,20,10,5,6,4,1,2,20,"3,5",3,,5,1,20,1,2,3,3,Clinton,1,1,2
75,49,4,3,3.5,3,3.375,1,1,1,5.166666667,4.333333333,3.6,3.5,2.666666667,5,1,1.7,,3,2.5,3.5,0,1,Donald Trump,4,3,2,2,2,2,2,2,,50,25,20,5,5,8,5,1,2,25,1,3,,4,1,25,1,2,6,6,Trump,2,1,2
66,34,4,3,4,3.5,3.625,6,6,5.75,5.166666667,3.133333333,3.6,3.1,2.666666667,9,1.75,2.3,,4,2.25,3,0,1,Bernie Sanders,4,4,2,2,2,2,2,2,,20,30,30,20,4,17,2,1,1,,1,3,,1,1,19,0,1,3,3,Sanders,2,1,2
66,37,4,3.5,4,4,3.875,7,5.5,4.75,4.666666667,3,4.4,3,1,0,1,3.6,49,3,3,3.5,0,1,Bernie Sanders,3,3,1,2,2,2,1,2,,13,12,50,25,2,14,2,2,2,,2,3,,1,1,20,0,1,1,2,Sanders,1,1,2
80,48,4,3.5,2.5,4,3.5,7,7,7,7,2.333333333,3.6,3.8,1,3,1.75,2,42,5,5,5,0,1,Bernie Sanders,5,5,2,2,2,2,2,2,,45,25,25,5,5,7,1,1,1,,"2,3,6,7",3,,2,1,20,0,1,1,1,Sanders,2,1,2
58,38,4,3.5,4,4,3.875,4,6,7,4.666666667,4.466666667,3.9,4,1,6,1,2.6,,4,3.25,4,0,1,Bernie Sanders,3,3,2,2,2,2,2,2,,23,23,46,8,4,8,1,1,2,,"3,5",3,,1,1,19,0,1,2,2,Sanders,2,1,2
72,39,4,4,4,4,4,6,6.75,6,5.333333333,4.2,4.2,3.7,1.666666667,2,2.25,2.6,34,4.4,3.75,3,0,1,Bernard Sanders,2,3,2,2,2,2,2,2,,50,20,20,10,5,13,3,1,2,,2,3,,5,1,19,0,1,2,3,Sanders,2,1,2
69,37,3.5,4,3.5,3.5,3.625,3.5,5.75,6,5.5,3.8,3.3,3.1,2,3,2.75,3.4,32,3.8,3.25,3.5,0,1,Bernie Sanders,4,3,2,2,1,2,2,2,,10,10,30,50,3,12,4,1,2,,"3,5,7",3,,6,1,22.5,0,1,2,3,Sanders,2,1,2
75,33,4,4,4,4,4,5.5,6.25,5.5,3.166666667,2.666666667,3.9,3.4,1,0,2.5,3.9,,3.8,4,4,0,1,Bernie Sanders,1,3,2,2,2,2,2,2,,30,30,30,10,3,11,2,1,2,,"2,4",3,,7,1,20,0,1,2,3,Sanders,2,1,2
71,38,4,3,4,3.5,3.625,5.75,6.75,7,6.333333333,3.733333333,2.4,4,4.333333333,8,3,2.1,,3.8,2.25,3,0,1,Sanders,3,4,2,2,2,2,2,2,,50,10,30,10,5,7,3,1,2,,"2,3,4,5,7",3,,2,1,20,0,1,2,2,Sanders,2,1,2
68,35,2.5,3.5,3.5,3.5,3.25,6,4.75,2,2.666666667,3.933333333,2.6,3.2,4.666666667,0,1,3.7,,1,1,2,0,1,Neither,2,4,2,2,2,2,2,2,,40,30,25,5,4,10,4,1,1,,"2,3,4,5",3,,1,1,22,0,1,6,5,neither,2,1,2
59,39,4,4,4,4,4,6.75,7,7,7,4.2,2.9,3.8,1.333333333,5,1,2,,3,4,5,0,1,,5,5,2,2,2,2,2,2,,0,0,80,20,4,12,1,1,2,,"3,5",3,,2,1,19,0,1,5,5,,2,1,2
57,35,4,3,4,4,3.75,4,4,6.5,2.333333333,3.4,4,3.5,2.333333333,5,2.25,2.8,34,2.8,4,3.5,0,1,Bernie Sanders,2,3,1,2,2,1,2,2,,20,20,30,30,3,11,2,2,1,,"2,3,4,6",3,,5,1,18,0,1,2,3,Sanders,1,1,2
61,38,3.5,4,3,4,3.625,7,7,7,4.5,2.933333333,4.4,3,1,2,2.25,3.9,,4.6,3.75,4,0,1,Bernie Sanders,4,4,2,2,2,2,2,,,0,0,70,30,2,14,3,1,2,,2,3,,7,1,19,0,1,2,1,Sanders,2,1,2
62,41,4,3.5,4,4,3.875,6,6.25,6.25,4.5,4.866666667,1.8,3.4,1,1,2,2.7,,1.6,2.25,1,0,1,None of them,2,2,2,2,2,2,2,2,,10,20,30,40,2,11,4,2,2,,"2,3,4,5,6",3,,5,1,19,0,1,,,neither,2,1,2
71,40,3,4,3.5,2.5,3.25,6,6,6.5,5.5,2.4,3.9,2.8,1,0,1,2.8,42,3.4,2.75,4.5,0,1,Third Party or Bernie Sanders,5,3,2,2,2,1,2,2,,25,35,25,15,4,9,2,1,1,,2,3,,7,1,19,0,1,4,4,thirdparty,2,1,2
53,32,4,3,3.5,3.5,3.5,4,5.25,5,2.333333333,2.666666667,2.9,3,1,0,2,3.4,29,3.4,3,4,0,1,Bernie Sanders,4,3,2,2,2,1,2,2,,5,5,75,15,3,26,2,2,1,,"2,3,6",3,,2,1,21,0,1,2,3,Sanders,1,1,2
75,38,3.5,4,4,4,3.875,5.75,5.75,7,5.833333333,4.866666667,2.2,3.5,3.333333333,4,1,2.3,42,1,1.25,1,1,1,Bernie Sanders,3,3,2,2,2,2,2,,,10,40,30,20,3,11,3,4,2,,1,3,,4,1,19,0,1,2,2,Sanders,2,2,2
61,32,3.5,3.5,3.5,3,3.375,5.5,6,4.5,5,3.866666667,3.5,2.8,1,4,1.75,3.4,,3.8,3.75,3.5,0,1,N/A,4,4,2,2,2,2,2,,,27,30,28,15,4,10,4,1,2,,"2,4,6",3,,1,1,18,0,1,,,na,2,1,2
68,46,3,2,3,3.5,2.875,7,4,7,3.666666667,5,2.2,3,3.666666667,4,1.5,3.3,,2.2,2.75,3,1,1,Bernie Sanders,3,3,2,2,2,2,2,2,,99,99,100,75,5,10,3,2,2,,"4,5",3,,1,1,20,0,1,,1,Sanders,2,2,2
67,37,4,2.5,4,4,3.625,7,5.25,7,5.833333333,3.333333333,3.2,3.1,2,1,2.75,1.9,,3.6,3.5,5,0,1,Bernie Sanders,2,5,2,2,2,1,2,2,,30,30,30,10,4,11,2,2,2,,"3,5,7",3,,2,1,22,0,1,1,1,Sanders,2,1,2
66,43,3.5,4,4,3.5,3.75,6,6.25,6.75,5.833333333,2.533333333,3.2,3.4,4.666666667,8,1,3.5,42,3.4,4.25,4,0,1,Clinton,5,5,2,2,2,2,2,2,,0,0,50,50,1,26,2,2,2,,"3,5,7",3,,3,1,21,0,1,4,3,Clinton,2,1,2
74,48,4,2.5,4,3,3.375,6.25,6,6,5,5.533333333,2.6,3.8,1,7,2.25,2.9,65,1.6,2,2,1,1,None,3,3,2,2,2,2,2,2,,10,5,45,40,3,14,1,2,2,,"2,3",3,,8,1,14,0,1,5,2,neither,2,3,2
73,37,4,3,4,4,3.75,5.75,5.25,5,4.833333333,4.933333333,4,3,1,1,2,2.6,42,3.6,3.5,3,1,1,none,4,4,2,2,2,2,2,,,40,20,20,20,4,11,2,2,2,,"3,5,7",3,,1,1,21,0,1,4,3,neither,2,2,2
72,36,2,4,3.5,4,3.375,6,4.75,7,2.166666667,4,3.4,3,1,4,2,4.1,21,3.6,4,3.5,0,1,Was Bernie Sanders but now no one- especially not Trump,3,2,2,2,2,1,2,2,,35,35,15,15,5,9,2,1,2,,"2,4,6",3,,4,1,20,0,1,3,3,Sanders,2,1,2
44,31,4,4,4,4,4,5.5,5.75,2.5,3.333333333,2.6,4.5,2.9,4,3,1.5,3.6,29,4,3.75,3.5,0,1,Bernie Sanders,1,3,2,2,2,1,2,,,0,0,50,50,2,9,1,2,2,,"3,5",3,,7,1,19,0,1,2,1,Sanders,2,1,2
76,33,4,3,4,4,3.75,7,5.5,7,4.333333333,3.866666667,3,3.8,3,4,1,1.8,,3.6,3,3,0,1,,5,4,2,2,2,2,2,2,,20,20,30,30,4,10,3,2,2,,"2,3,4,6",3,,5,1,19,0,1,4,5,,2,1,2
51,33,3.5,4,3,4,3.625,7,5.75,1.75,2.833333333,3.466666667,3.8,3,6,4,2.25,3.2,,2.4,3,4,0,1,Bernie Sanders,4,4,2,2,2,2,2,2,,25,0,45,30,4,12,1,1,1,,"2,4",3,,8,1,21,0,1,1,1,Sanders,2,1,2
62,39,2.5,4,3.5,3.5,3.375,6.25,6,7,5,3.933333333,3.4,3.3,2.333333333,3,1.5,2.7,,3.2,2.5,3,0,1,Not sure yet,4,4,2,2,2,2,2,2,,20,30,40,10,4,7,3,1,2,,"2,4,6",3,,4,1,19,0,1,,,dontknow,2,1,2
70,34,3.5,3.5,4,4,3.75,5.5,4.25,2,4.166666667,3.6,2.6,3.1,2.666666667,6,1,2.5,42,2,1.25,2,1,1,Hilary Clinton,3,2,2,2,2,2,2,2,,0,0,80,20,2,14,2,4,2,,"3,7",3,,1,1,19,0,1,2,1,Clinton,2,2,2
69,50,4,4,4,3.5,3.875,5.75,6.25,4.75,5,3.266666667,3.4,3.2,1.666666667,0,1.75,3.1,,4.6,2.5,5,0,1,Hillary Clinton,4,4,2,2,2,2,2,2,,25,25,40,10,5,10,2,1,2,20,1,3,,6,1,20,1,2,2,2,Clinton,2,1,2
73,34,3.5,3.5,3,3.5,3.375,7,7,5,4.5,3.533333333,4,3.3,2,5,1.25,2.7,55,2.8,3.5,2.5,0,1,Hillary Clinton,5,5,2,2,2,2,1,,,30,30,20,20,4,11,4,1,2,19,"3,5",3,,7,1,19,1,2,2,2,Clinton,2,1,2
71,32,4,4,4,4,4,7,6.5,4,6,4.666666667,3.5,3,1.666666667,4,1,2.5,42,2.6,3,5,0,1,Hillary Clinton,3,3,2,2,2,2,2,2,,25,0,50,25,5,14,2,1,2,19,"2,4,6",3,,6,1,19,1,2,2,1,Clinton,2,1,2
66,40,3.5,4,4,3.5,3.75,4.25,5.75,6.25,1.666666667,2.133333333,3.5,3.3,2,4,4.75,4.3,42,2.8,2.25,2,0,1,Trump,4,3,2,2,2,2,2,2,,40,0,40,20,4,7,4,1,1,20,3,3,,1,1,1,1,2,6,6,Trump,2,1,2
74,29,4,3.5,4,4,3.875,6,5.25,4.5,5.5,4.466666667,3.4,3.4,4.666666667,4,2,2.2,,4,3.25,5,0,1,Trump,4,4,2,2,2,2,2,2,,40,20,30,10,5,10,3,1,2,18,"2,3,4,5,6,7",3,,5,1,18,1,2,6,6,Trump,2,1,2
67,37,4,3.5,4,3.5,3.75,6.25,7,7,3.666666667,4.266666667,3.8,3.1,1.333333333,3,2,3.3,,2.4,3.25,3,0,1,Neither,5,4,2,2,2,2,2,,,35,20,35,10,4,10,5,2,2,20,"3,5",3,,4,1,20,1,2,,,neither,2,1,2
57,36,4,3.5,3.5,3.5,3.625,2.25,6.5,5.75,5.666666667,2.866666667,4.1,2.8,2.666666667,5,1.75,3,42,3,2.5,4,0,1,"I supported none of them, but voted for Hilary Clinton",2,3,2,2,2,2,2,2,,20,40,20,20,3,26,2,1,2,20,"2,3,4,5,6",3,,3,1,20,1,2,2,2,Clinton,2,1,2
52,37,4,3,4,4,3.75,7,7,7,4.5,3.4,4,3,1,6,2.25,3.5,42,4.4,5,5,0,1,Hillary Clinton,4,4,2,2,2,2,2,2,,25,10,25,40,4,12,4,1,2,20,5,3,,6,1,20,1,2,,,Clinton,2,1,2
74,32,4,4,4,3.5,3.875,3.75,5.5,5.75,3.833333333,4.133333333,2.9,3.1,2.333333333,4,1.75,3.5,,2.8,2.75,3,1,1,Hilary,4,5,2,2,2,2,2,2,,15,20,50,15,4,14,4,1,2,19,"2,3,4,5,6,7",3,,2,1,19,1,2,,,Clinton,2,3,2
74,38,4,3,4,3.5,3.625,7,5,7,5.833333333,3.266666667,4.4,3.4,2,0,4.25,3.4,42,2.4,3.5,2,0,1,Neither,5,5,2,2,2,2,2,2,,32,32,26,10,5,8,5,1,1,19,"2,3,4,5,7",3,,8,1,19,1,2,6,6,neither,2,1,2
74,35,3.5,3,3.5,4,3.5,6.75,5,6.5,4.833333333,4.066666667,3.3,2.8,2.666666667,2,1,2.8,,3,3,2.5,1,1,Donald Trump,4,3,2,2,2,2,2,2,,25,25,25,25,5,9,2,1,2,20,"2,3,4,5,6",3,,1,1,20,1,2,5,5,Trump,2,4,2
55,37,4,4,4,4,4,6,7,7,5.333333333,3.533333333,3.9,2.7,1.666666667,2,1.75,2.8,,2.6,2.75,1.5,0,1,Hillary Rodham Clinton,2,3,2,2,2,2,2,2,,30,25,30,15,3,10,2,1,2,18,2,3,,5,1,18,1,2,2,2,Clinton,2,1,2
58,45,3,3,3,3,3,4,4,4,4,3.666666667,3,3,5,4,4,2.8,42,3,3,3,0,1,Donald Trump,4,4,2,2,2,2,2,2,,50,25,20,5,3,7,3,1,2,22,"3,4,5",3,,1,1,22,1,2,4,5,Trump,2,1,2
71,38,4,3,3,2.5,3.125,7,7,7,6.666666667,5,1.9,4,1.333333333,4,1.25,1.5,58,2.8,2,2.5,1,1,Hillary Clinton,2,4,1,,,,,,,25,25,25,25,3,11,2,4,1,21,3,3,,4,1,21,1,2,2,2,Clinton,1,2,2
73,44,3.5,2.5,3.5,3,3.125,7,6.5,7,6.333333333,3.666666667,3,3.6,1,4,1.5,1.7,44,1.4,2.5,2.5,0,1,Donald Trump,2,4,2,2,2,2,2,2,,40,35,15,10,4,6,5,1,2,20,"2,3,4,5,6",3,,7,1,20,1,2,7,7,Trump,2,1,2
67,30,4,4,3.5,4,3.875,6,7,1,3.666666667,3.666666667,5,2.9,1,1,1.25,3.2,50,5,4.75,5,,1,Green Party,5,5,2,2,1,1,2,2,,30,30,30,10,5,8,1,1,3,20,"2,4",3,,1,1,20,1,2,,4,Stein,2,7,2
62,37,4,3,3.5,3,3.375,4.75,7,7,4,4.733333333,2.9,3.1,1.333333333,4,2.25,2.8,44,3.4,2.75,4,0,1,Hillary Clinton,1,3,2,2,2,2,2,2,,15,20,35,30,3,11,2,2,2,19,3,3,,6,1,19,1,2,2,3,Clinton,2,1,2
52,35,3,3.5,4,4,3.625,7,7,7,5.5,2.933333333,3.4,2.9,1.666666667,3,1.5,3.1,,2.6,3.5,4,0,1,Hilary Clinton,4,4,2,2,2,2,2,,,10,45,45,0,4,11,2,1,2,20,"2,4",3,,8,1,20,1,2,3,,Clinton,2,1,2
69,38,4,3.5,3.5,3.5,3.625,3.25,6,7,3.833333333,3.666666667,3.9,3.7,1.666666667,6,1.25,3.2,42,2.6,2.25,2,0,1,Trump,4,5,2,2,2,2,2,2,,25,25,40,10,3,11,3,2,2,21,"4,5,6,7",3,,6,1,21,1,2,4,4,Trump,2,1,2
71,39,3.5,4,3.5,3.5,3.625,7,7,7,4.333333333,3.733333333,4.1,2.9,1.333333333,4,1,3.3,,2.6,3,1,0,1,Hillary Clinton,4,4,2,2,2,2,2,2,,25,50,25,0,5,8,4,1,1,19,"2,4",3,,7,1,19,1,2,3,3,Clinton,2,1,2
72,38,3,4,4,4,3.75,6,6,6.5,3.166666667,3.8,3.2,2.8,3.333333333,3,1.25,3.8,29,2.4,3.5,4,0,1,Donald Trump,5,4,2,2,2,1,2,2,,30,20,30,20,4,9,3,2,2,19,"2,4,6",3,,8,1,19,1,2,7,7,Trump,2,1,2
66,37,4,4,3,4,3.75,7,7,7,6.833333333,3.666666667,1.7,3.8,1,3,1.25,2.2,,1.4,1.75,1.5,0,1,Donald Trump,4,5,2,2,2,2,2,,,32.5,32.5,25,10,4,7,4,1,1,20,"2,3,4,5",3,,7,1,20,1,2,6,5,Trump,2,1,2
65,44,4,3.5,4,4,3.875,7,7,7,5,4,4.6,3.8,1,1,1.75,2.6,,4,4.25,3.5,1,1,Gary Johnson,4,4,2,2,2,2,2,2,,25,25,25,25,5,15,3,1,1,19,"2,3,4,5",3,,7,1,19,1,2,,,Johnson,2,2,2
63,33,3,4,3.5,4,3.625,6.5,6.5,6.5,4.333333333,2.266666667,3.9,3.1,2,0,3,3.9,,4,2.75,4,0,1,Hillary Clinton,3,3,2,2,2,2,2,2,,0,0,60,40,2,12,3,1,2,19,2,3,,7,1,19,1,2,2,2,Clinton,2,1,2
71,33,4,4,3.5,4,3.875,3.25,3.5,3.5,1.666666667,4.4,4,3.2,4,6,3,3.7,,4.2,4.75,5,1,1,Hillary Clinton,5,4,2,2,2,2,2,2,,35,35,20,10,5,10,4,2,2,19,7,3,,5,1,12,1,2,,,Clinton,2,4,2
70,41,3.5,4,3.5,4,3.75,6.75,6.5,7,5.333333333,3.4,3.6,3.3,4.333333333,6,1.25,2.6,,3.6,4,3.5,0,1,Trump,4,4,2,2,2,2,2,,,35,30,15,20,5,8,2,1,2,21,"2,3,4,5,7",3,,1,1,21,1,2,5,6,Trump,2,1,2
73,36,4,4,4,3.5,3.875,6.25,5.25,6.5,4.333333333,3.733333333,3.4,2.8,2.333333333,4,1.5,2.4,42,1.8,1.25,2,0,1,Gary Johnson,4,3,2,2,2,2,2,2,,30,30,20,20,4,9,4,1,1,18,2,,,1,1,18,1,2,,4,Johnson,2,1,2
67,31,4,3.5,3.5,4,3.75,1.5,1,1,1.5,3.6,4.1,2.2,1,0,1.75,4.6,,,,,0,1,Gary Johnson,3,3,2,2,2,2,2,2,,30,30,20,20,5,14,2,2,1,18,"3,5,7",3,,1,1,18,1,2,,,Johnson,2,1,2
74,36,4,3.5,4,4,3.875,7,7,7,6.833333333,5.266666667,2.4,3.8,2,3,1,2.7,,2.4,3.5,3,0,1,Hillary Clinton,2,4,2,2,2,2,2,,,15,40,40,5,4,7,2,2,1,22,"3,5",3,,2,1,22,1,2,3,2,Clinton,2,1,2
62,29,4,4,4,4,4,5.75,6,5,5,3.4,3.7,3.2,2,7,1.75,2.7,,2.8,3.75,4,0,1,"Gary Johnson, because I couldn't have either vote on my conscience.",5,5,2,2,2,2,2,2,,35,35,20,10,4,9,5,1,1,21,"2,3,4,5",3,,1,1,21,1,2,7,6,Johnson,2,1,2
62,42,4,3,4,4,3.75,6.5,7,7,5.833333333,4.666666667,2.1,3.4,3,1,1.25,2.5,50,2.4,3.5,3,0,1,None,2,1,2,2,2,2,1,2,,15,40,25,25,2,13,5,2,2,19,"2,3,4,5,6",3,,5,1,19,1,2,,,neither,2,1,2
60,40,4,4,4,4,4,5.75,5.25,7,5.166666667,3.266666667,3,2.9,1,5,1.75,3.3,41,2.8,2.5,2.5,,1,Clinton,4,3,1,2,1,2,1,2,,40,30,20,10,4,12,3,1,2,20,"2,3,4,5,6,7",3,,2,1,20,1,2,3,3,Clinton,1,8,2
39,27,4,3,3.5,4,3.625,6.75,6.25,4,5.5,5.666666667,3.3,3.6,2.666666667,9,1,2.3,,4.2,3.75,4.5,0,1,Donald Trump,5,4,2,2,2,2,2,2,,0,0,0,0,4,9,4,1,1,18,"4,5,6,7",3,,1,1,18,1,2,4,6,Trump,2,1,2
64,34,4,4,4,4,4,6,6.25,5.75,5.5,3.933333333,3.2,3,4.333333333,4,1,3.3,42,4,4,4,0,1,Donald Trump,4,5,2,2,2,2,2,2,,0,0,50,50,4,11,1,1,1,21,"2,3,4,5,6",3,,6,1,21,1,2,5,5,Trump,2,1,2
59,33,3.5,4,3.5,3.5,3.625,3.25,6.25,6,3.166666667,3.266666667,3.8,3.2,2.666666667,3,3.5,3.3,42,1.2,1.5,1.5,0,1,Hillary Clinton,4,4,2,2,2,2,2,2,,30,20,35,15,3,10,2,1,1,19,"2,3,4,5,7",3,,6,1,19,1,2,3,2,Clinton,2,1,2
73,31,4,4,4,4,4,6.75,6,6.5,5.5,3.533333333,4.5,2.9,1.333333333,3,2,2.7,,3.6,3.75,4,0,1,Hillary Clinton,2,2,2,2,2,2,2,2,,25,25,25,25,4,9,2,1,2,19,"2,6",3,,6,1,19,1,2,3,3,Clinton,2,1,2
73,42,4,4,3.5,4,3.875,6.25,6.5,7,4.666666667,3.133333333,3.4,3.4,2.333333333,4,1.25,2.6,,2.8,3.5,4,1,1,Clinton,5,5,2,2,2,2,2,2,,35,0,55,10,5,9,4,1,2,18,1,3,,7,1,18,1,2,3,3,Clinton,2,5,2
66,49,4,3,3,3.5,3.375,6,5.5,7,6.833333333,2.666666667,3.4,3,2.666666667,3,2.75,2.9,,3,2.75,3,0,1,Hillary Clinton,4,4,2,2,2,2,2,,,5,25,40,30,3,11,3,1,1,19,5,3,,1,1,19,1,2,4,3,Clinton,2,1,2
64,41,4,4,4,4,4,4.75,6,2.5,2,2.333333333,3.5,3.3,7,10,6,3.7,,3.6,4.25,4.5,0,1,Hillary Clinton!,5,5,2,2,2,2,2,2,,10,0,40,50,3,11,1,2,1,20,1,3,,2,1,20,1,2,1,1,Clinton,2,1,2
68,35,4,3.5,4,4,3.875,5.75,6,5.75,4.666666667,3.733333333,3.6,3.3,6,4,2.25,3.3,52,1.8,1.5,3,0,1,Jill Stien,4,4,2,2,1,,2,,,10,20,20,50,2,11,1,1,1,19,3,3,,7,1,19,1,2,2,3,Stein,1,1,2
73,35,3.5,3,4,4,3.625,6.25,6,6.25,4.333333333,4.133333333,3.4,3.2,4.666666667,3,1.75,2.7,42,3.2,2.75,4,0,1,Trump,4,4,2,2,2,2,2,2,,29,40,29,2,4,8,2,1,2,20,"2,3,4,5,6,7",3,,7,1,20,1,2,6,7,Trump,2,1,2
59,35,4,3,4,4,3.75,6.5,7,5.75,5.333333333,4.333333333,3.3,3.3,3,6,1.25,3.2,,2.4,3,2,0,1,Hillary Clinton,1,2,2,2,2,2,2,2,,28,28,28,16,3,11,1,1,2,21,"2,4",3,,6,1,21,1,2,1,1,Clinton,2,1,2
78,35,4,4,4,4,4,6.75,7,7,4.833333333,3.933333333,3.2,2.6,3,1,1.25,3.2,,2.6,2.25,4,0,1,Neither,3,4,2,2,2,2,2,2,,50,20,20,10,5,9,1,1,2,19,"3,5,7",3,,1,1,19,1,2,6,6,neither,2,1,2
61,43,4,4,4,4,4,3.25,5.75,7,6,5.066666667,3.2,3.5,1,1,3.5,2.5,53,3.4,3.5,3.5,0,1,Hillary Clinton,4,3,,1,,,,,,30,30,30,10,5,10,2,1,2,19,"3,5",3,,7,1,19,1,2,3,3,Clinton,2,1,2
63,35,3,3,3,3,3,6,6,5.25,5.166666667,3.6,3.3,3,3.333333333,5,2.5,3,,3.6,2.75,4,0,1,Hillary Clinton,4,4,2,2,2,2,2,2,,25,25,25,25,3,12,4,1,2,19,"2,4,6",3,,5,1,19,1,2,2,3,Clinton,2,1,2
52,34,3.5,1,2.5,2,2.25,4,4,4,3.166666667,4.333333333,3,2.2,1,8,4,3.2,42,3.2,2.25,4,1,1,None,2,4,2,2,2,2,2,,,15,15,40,30,4,10,4,1,1,19,"4,5,6",3,,1,2,,1,2,,,neither,2,6,2
60,40,3.5,4,4,3.5,3.75,7,7,7,6.666666667,5.666666667,3.8,3.2,2,2,1,2.6,,2.6,1.75,3,0,1,,4,4,2,2,2,2,2,2,,25,26,27,22,4,10,2,1,2,20,"2,3,4,5",3,,7,1,20,1,2,2,2,,2,1,2
59,40,4,3.5,3.5,3.5,3.625,6.25,6,6.25,6,2.466666667,3.3,3.1,1.666666667,3,1.5,2.3,53,3.6,3.75,3.5,0,1,Gary Johnson,2,4,2,2,1,2,2,2,,10,0,45,45,2,10,1,1,1,20,"2,4",3,,1,1,20,1,2,2,3,Johnson,2,1,2
59,27,4,4,3.5,4,3.875,6.5,6,7,3.333333333,3.6,4.6,3,1,7,2,3.5,,3.2,3.75,4,0,1,Hillary Clinton,3,4,2,2,2,2,2,,,20,30,10,40,4,11,1,2,2,21,"3,5,7",3,,7,1,21,1,2,2,3,Clinton,2,1,2
69,28,4,4,4,4,4,7,7,5,4.666666667,4.333333333,3.3,3,1,0,1.5,3.1,,1,1.75,4.5,0,1,Donald Trump,5,5,2,2,2,2,2,2,,25,25,30,20,5,12,1,1,2,19,"2,3,4,5,6,7",3,,1,1,19,1,2,6,6,Trump,2,1,2
66,33,3,4,4,3.5,3.625,6.75,6.5,7,4.666666667,3.266666667,2.5,4,1,6,1.5,3.1,42,1.2,3,2.5,0,1,Rubio,5,5,2,2,2,2,2,2,,20,30,30,20,4,12,1,1,2,19,"3,4",3,,2,1,19,1,2,5,5,Rubio,2,1,2
77,38,4,4,4,4,4,5.25,5.75,3.75,4.666666667,2.466666667,3.4,3.5,1,8,3,3.1,,3.4,2.75,4,0,1,Hillary Clinton,4,4,2,2,2,2,2,2,,20,40,25,15,5,9,1,1,2,18,"2,3,4,5",3,,6,1,19,1,2,2,1,Clinton,2,1,2
53,33,3,3.5,3,3.5,3.25,4.75,5.5,3,3.166666667,3,3,3.1,2.333333333,3,1.25,3.4,42,4.2,3.5,2,0,1,Clinton,4,4,2,2,2,2,2,2,,10,5,60,25,3,13,4,1,1,19,"2,3,7",3,,7,1,19,1,2,3,3,Clinton,2,1,2
71,30,4,4,3,3.5,3.625,4.25,5.25,6,4,3.866666667,3.4,2.6,2,5,2.25,2.6,34,3.6,3.25,3.5,,1,Hillary Clinton,3,4,2,1,2,2,2,,,25,25,25,25,4,12,2,1,2,18,"3,5",3,,2,1,19,1,2,4,5,Clinton,2,7,2
68,41,4,4,4,4,4,5,6.25,7,5.333333333,4.133333333,3.7,3.1,2.333333333,4,2,3,43,3.4,3.25,3,0,1,Hillary clinton,3,3,2,2,2,2,2,2,,0.3,0.3,0.15,0.25,4,10,2,1,2,20,"2,4,6",3,,7,1,20,1,2,2,2,Clinton,2,1,2
59,33,3.5,3,3,3,3.125,6,5.5,6,5.833333333,4.266666667,2.9,2.8,2,2,2,2.2,42,3.6,3.25,3,0,1,Don't know,4,3,2,2,2,2,2,2,,35,35,20,10,4,10,3,1,2,,"2,3,4,5,6",3,,5,1,18,0,1,6,6,dontknow,2,1,2
63,38,3.5,3.5,3,3.5,3.375,6,5.5,5,4.833333333,4.666666667,3.4,3,2.666666667,3,1.75,2.6,,2.6,2.5,3,0,1,Sanders,4,4,2,2,2,2,2,2,,30,20,30,20,3,9,2,1,1,,5,3,,1,1,21,0,1,3,2,Sanders,2,1,2
70,36,3,3.5,4,3.5,3.5,7,7,4,3,4.466666667,3.5,3,3.666666667,4,1,2.7,46,5,3.75,3,0,1,Clinton,4,4,2,2,1,2,2,,,20,30,30,20,3,11,3,1,2,,"2,3,4,5,6,7",3,,5,1,19,0,1,,2,Clinton,2,1,2
48,33,4,3.5,4,4,3.875,7,7,7,6.333333333,5.266666667,3.7,3.5,5,6,2.5,3.6,,3.8,4,5,0,1,Trump,5,5,2,2,2,2,2,2,,20,40,30,10,5,12,2,1,2,,1,3,,1,1,20,0,1,6,7,Trump,2,1,2
77,37,1,1,1,1,1,6,6.25,6,4.166666667,3.733333333,3.8,3.3,2,0,1.75,3.7,,4,3.5,4,0,1,none,5,4,2,2,2,2,2,2,,45,45,10,0,5,8,2,1,1,,"2,3,7",3,,6,1,19,0,1,4,4,neither,2,1,2
64,37,4,3.5,3.5,3.5,3.625,6.75,6.75,7,5.333333333,4.2,3,3.9,4.333333333,6,2,1.6,,2.2,1.75,2,1,1,Hillary Clinton,3,3,2,2,2,2,2,2,,15,15,30,40,2,14,3,1,1,,"2,4,6",3,,6,2,,0,1,2,4,Clinton,2,4,2
77,38,4,4,4,4,4,7,6.5,4,4.166666667,2.6,3.6,3.8,1,0,2,3.8,42,3.4,4.25,1,0,1,Bernie Sanders,3,3,2,2,2,2,2,2,,30,30,30,10,4,6,5,1,2,,"2,3,4,5",3,,4,1,19,0,1,6,,Sanders,2,1,2
73,34,3.5,2.5,3,3.5,3.125,7,7,6.5,5.333333333,3.2,3.5,2.8,3.333333333,7,2.25,2.9,,3.4,3.25,3,0,1,Kasich,4,4,2,2,2,2,2,2,,30,35,25,10,4,11,3,1,1,,3,3,,7,1,20,0,1,5,5,Kasich,2,1,2
59,45,3,4,4,3.5,3.625,1,4.75,3.5,5,3.133333333,4.2,3.5,1,2,6,3.9,,4.8,4,5,0,1,Ted Cruz,4,5,2,2,1,2,1,,,10,10,70,10,1,13,3,1,2,,"3,5,7",3,,8,1,19,0,1,6,7,Cruz,2,1,2
59,44,4,3,3,3.5,3.375,4.5,4.75,5,4.5,4.333333333,3.5,3,2.666666667,3,1.5,2.4,,2.8,3,4,1,1,Bernie Sanders,3,3,2,2,2,2,2,,,2,2,60,36,2,14,1,1,2,,1,3,,7,2,,0,1,3,3,Sanders,2,4,2
77,36,4,3,4,3.5,3.625,7,5.5,7,5.166666667,3.533333333,4.2,2.8,1.333333333,5,1.75,2.8,,2.8,4.25,4,0,1,Ted Cruz,2,4,2,2,2,2,2,,,20,20,50,10,4,12,2,1,2,,"3,5",3,,5,1,20,0,1,5,6,Cruz,2,1,2
73,57,4,3.5,3.5,4,3.75,7,7,7,6.833333333,3.666666667,3.7,3.4,1,4,1.25,2.2,42,4,2,4,0,1,Ted Cruz,3,3,2,2,2,2,2,2,,30,30,25,15,5,14,3,1,2,,5,3,,1,1,19,0,1,6,6,Cruz,2,1,2
73,48,4,3,4,4,3.75,7,6.5,7,5,5.466666667,4.5,3.7,1.666666667,4,4.75,3.1,44,4.8,4.5,4,1,1,don't know,4,4,2,2,2,2,2,2,,25,25,25,25,4,12,4,1,2,,3,3,,7,1,17,0,1,4,,dontknow,2,3,2
80,57,3.5,3.5,3.5,3.5,3.5,6,6,4.5,5.333333333,3.466666667,3.4,3,3,5,1.5,3.1,34,4.2,4,4,0,1,Undecided,4,4,2,2,2,2,2,2,,20,50,20,10,5,9,1,1,2,,"2,4,6",3,,8,1,21,0,1,6,7,dontknow,2,1,2
65,38,3.5,4,4,3.5,3.75,6.5,6.5,6.75,6,3.866666667,3.8,3.1,3.666666667,7,2.25,3.2,,3.8,3.75,4,0,1,undecided,4,4,2,2,2,2,2,,,30,20,10,40,4,12,3,1,2,,"3,5,7",3,,7,1,19,0,1,2,2,dontknow,2,1,2
64,35,4,2,4,3,3.25,4.5,3.25,7,5.666666667,2.666666667,4.2,3.3,5,3,1,3.2,45,3.6,4.25,4.5,1,1,N/A,2,3,2,2,2,1,2,2,,25,30,20,25,4,9,1,1,2,,1,3,,7,1,3,0,1,2,,na,2,4,2
76,42,4,4,4,4,4,7,7,7,6.833333333,3.933333333,3.5,3.9,2,1,1.5,2,42,4.8,4,4,0,1,Hillary Clinton,5,5,2,2,2,2,2,2,,25,25,25,25,5,10,4,1,2,,"2,5,7",3,,8,1,19,0,1,4,2,Clinton,2,1,2
70,32,4,3.5,3,4,3.625,6.5,7,5.5,5.666666667,3.4,3.7,3.4,3.666666667,8,1.75,1.7,,2.4,2.75,4,0,1,Marco Rubio,5,5,2,2,2,2,2,2,,10,20,35,35,4,14,2,1,1,,"3,5",3,,4,1,19,0,1,6,6,Rubio,2,1,2
68,31,4,3,4,4,3.75,5.5,6,6,2.666666667,4.133333333,3.9,3,2.333333333,6,1.5,2.8,,3.2,3.25,3.5,1,1,Bernie Sanders,3,3,2,2,2,2,2,2,,30,40,20,10,4,13,2,1,2,,1,3,,2,1,5,0,1,2,2,Sanders,2,4,2
66,33,3.5,3,3,3.5,3.25,6.5,5.25,3.5,4.833333333,3.733333333,3,3.1,1.333333333,2,1.75,2.8,,2.8,3.5,4,0,1,None,3,4,2,2,2,2,2,2,,10,25,30,35,3,12,2,1,2,,"2,3,4,5,6,7",3,,8,1,18,0,1,,3,neither,2,1,2
59,41,4,4,4,4,4,7,7,4.25,6.833333333,4.266666667,2.2,3.8,1,3,1,2.5,,4.4,5,5,1,1,Bernie Sanders,2,5,2,2,2,2,2,,,0,0,50,50,2,26,1,1,2,,"2,4,6",3,,1,1,22,0,1,2,2,Sanders,2,4,2
74,50,4,3.5,3.5,3.5,3.625,7,7,7,6.333333333,3.2,4.8,3.2,1.666666667,7,2,4,42,4.2,5,5,0,1,Not sure yet,5,5,2,2,2,2,2,2,,100,95,100,75,5,9,4,1,2,,"2,3,4",3,,1,1,19,0,1,5,6,dontknow,2,1,2
74,37,4,4,4,4,4,6,6,6,6.666666667,3.333333333,3.2,4,1,6,2,2.8,42,4.4,4,3,0,1,Ben Carson,5,5,2,2,2,2,2,2,,25,25,25,25,5,11,2,1,2,,5,3,,1,1,19,0,1,6,7,BenCarson,2,1,2
66,33,3.5,4,3.5,4,3.75,7,5.25,5.75,3.833333333,3.8,2.7,3.1,1,4,2.5,3.4,,4,2.5,5,0,1,Bill Sanders,2,4,2,2,2,2,2,2,,10,10,70,10,3,11,2,1,2,,"2,4,6",3,,8,1,19,0,1,2,3,Sanders,2,1,2
74,32,4,4,3.5,3,3.625,6,6,4.5,5.333333333,2.866666667,4.3,2.7,2,7,5.5,3.2,44,5,5,5,0,1,Bernie Sanders,5,4,2,2,2,2,2,2,,100,100,100,100,5,9,2,1,2,,"3,5",3,,1,1,20,0,1,1,1,Sanders,2,1,2
61,36,3,3,3,3,3,6,6,6,5.5,2,3.3,3.2,3,3,1.5,2.7,34,1.8,2.5,3,0,1,bernie,4,4,2,2,2,2,2,2,,25,25,25,25,3,11,2,2,2,,4,3,,4,1,19,0,1,2,2,Sanders,2,1,2
65,35,3.5,4,3.5,3.5,3.625,5.25,6.25,6,4.833333333,2.8,3.8,2.6,2,2,2.75,3.6,,3.8,3,2.5,0,1,,4,4,2,2,2,2,2,2,,30,30,25,15,4,8,3,1,2,,"3,5,7",3,,1,1,19,0,1,5,4,,2,1,2
47,32,4,4,4,4,4,6,5.25,7,4.833333333,2.6,3.6,2.8,1.666666667,1,1.5,2.5,,3.6,4,4,0,1,Still unsure,3,4,2,2,2,2,2,2,,20,40,20,20,4,9,3,2,2,,"3,5,7",3,,1,1,21,0,1,2,2,dontknow,2,1,2
70,36,3.5,3.5,2.5,4,3.375,5.25,4.25,4.25,2.333333333,4.066666667,3.5,2.9,2,2,1.75,2.9,,1,1,1,0,1,Trump,5,4,2,2,2,2,2,,,20,0,50,30,4,13,2,1,2,,1,3,,9,1,20,0,1,6,5,Trump,2,1,2
63,42,4,3,4,3.5,3.625,5.75,6,6,5,2.533333333,3,3.1,1,2,1.75,2.3,52,2.6,3.5,4,0,1,Cruz,4,4,1,2,2,2,2,2,,40,30,20,10,4,9,4,1,2,,"2,3,4,5,6,7",3,,3,1,22,0,1,6,5,Cruz,2,1,2
69,37,4,4,4,4,4,5,3.5,4.5,4.666666667,4.133333333,2.5,2.7,4.333333333,0,2.25,3.3,,5,4,5,0,1,anyone but Trump Clinton and Sanders,1,1,2,2,2,2,2,2,,10,10,50,30,4,11,1,1,1,,3,3,,7,1,19,0,1,,4,none,2,1,2
73,37,3,3.5,3.5,3.5,3.375,5.25,6.75,6.75,5.833333333,3.733333333,4.3,2.8,1,5,3.75,2.8,31,4.6,3.75,4,0,1,I dont think that any of them are good enough or are what we need right now as a country,5,2,2,2,1,2,1,1,Auditory Processing Disorder and ADHD,30,50,15,5,5,10,3,1,2,,"2,3,4,5",3,,1,1,20,0,1,3,5,neither,1,1,2
71,34,3.5,3.5,4,4,3.75,4,4,4,4,3,3,3,4,4,1.25,2.6,,3,3,3,0,1,Ted Cruz,3,3,2,2,2,2,2,,,15,10,50,20,4,,3,1,1,,"2,3,4,5,6",3,,6,1,19,0,1,5,5,Cruz,2,1,2
49,35,4,3.5,4,4,3.875,5.5,5.75,4.75,4,3.533333333,4.9,3.6,4.666666667,8,2.75,2.4,,3.8,4,5,0,1,Rubio,2,4,2,2,2,2,2,2,,30,0,45,25,5,12,2,1,2,,"2,3,4,5",3,,5,1,15,0,1,5,5,Rubio,2,1,2
58,47,4,1,4,3.5,3.125,6.25,5.75,4,5,3.733333333,1.5,3.6,4,7,2.25,1.9,42,1,2,4,0,1,Bernie Sanders,2,5,2,2,2,2,2,2,,15,15,30,40,4,14,4,1,1,,"2,3,4,5,6,7",3,,2,1,20,0,1,1,3,Sanders,2,1,2
74,33,3,3,2.5,3.5,3,2,1.75,2.5,1.5,4.466666667,3.2,3.1,4.666666667,5,2.75,2.3,21,2,2.25,2,1,1,,2,2,2,2,1,2,2,,,0,0,85,15,2,9,5,2,1,,"2,3,4,5,6,7",3,,2,1,18,0,1,,,,1,3,2
65,36,3.5,4,2.5,3,3.25,6,3.75,7,4.833333333,3.266666667,2.4,2.7,1.333333333,1,1.75,2.8,,3.6,2.5,2.5,0,1,John Kasich,5,2,2,2,2,2,2,2,,40,30,30,10,4,11,4,1,2,,"2,4,5,6,7",3,,7,1,20,0,1,3,6,Kasich,2,1,2
71,34,3.5,4,4,3,3.625,6,5.75,6.5,2.666666667,3.533333333,3.4,2.8,3.666666667,6,3,3.6,,3.2,3.25,4,,1,Bernie Sanders,4,4,2,2,2,2,2,2,,25,25,30,20,5,11,3,1,2,,2,3,,6,1,19,0,1,2,2,Sanders,2,7,2
74,35,3,3,3,3,3,6.75,6.5,6.5,4.166666667,3.666666667,3.9,2.7,2.333333333,4,2,3.4,,4.2,4,3,1,1,Bernie Sanders,3,4,2,2,2,2,2,,,30,30,20,20,5,12,4,1,2,,"2,4,6",3,,6,1,1,0,1,,,Sanders,2,7,2
63,37,3.5,4,4,3,3.625,5.75,5.75,7,5.666666667,4.133333333,3.7,3.5,2,4,1.5,3.4,35,4.2,3.5,5,0,1,Hillary Clinton,4,3,2,2,1,1,2,2,,30,40,20,10,4,10,2,1,2,,3,3,,1,1,20,0,1,2,1,Clinton,2,1,2
62,44,2.5,3.5,2,3.5,2.875,6.5,6,6,4.5,4.933333333,2.8,2.6,4.666666667,5,2.5,3.2,42,1,1.5,2.5,0,1,Ted Cruz,5,4,,,,,,,,20,30,40,10,4,10,1,1,1,,"2,3,4,5,6,7",3,,1,1,19,0,1,6,6,Cruz,2,1,2
78,36,4,4,4,4,4,6,7,7,6.666666667,4.666666667,3.5,3.9,1,4,1.25,2.6,,3.4,3.25,2.5,0,1,Hillary Clinton,4,2,2,2,2,2,2,,,30,40,10,20,4,11,1,2,2,,"2,4",3,,3,1,19,0,1,3,3,Clinton,2,1,2
73,35,4,2,4,3.5,3.375,5.75,5,5.5,4.833333333,4.933333333,3.1,3.6,1,3,1,2.2,34,2.8,3.25,2.5,1,1,Bernie Sanders,5,5,2,2,2,2,2,2,,35,15,40,10,4,11,2,1,1,,"2,3,4,5,6,7",3,,4,1,18,0,1,2,2,Sanders,2,3,2
61,34,4,3.5,2.5,4,3.5,5.5,5.25,6,5.5,3.666666667,2.3,3,4.333333333,7,2.75,2.6,,3.4,3,3.5,0,1,Trump,5,5,2,2,2,2,2,,,30,25,30,15,4,8,4,1,1,,1,3,,6,1,22,0,1,6,6,Trump,2,1,2
63,26,3,3,3,3,3,5.5,4.75,6,4.666666667,3,4,2.8,6,9,4.5,3.4,,2,3.25,3.5,0,1,Kasich,3,3,2,2,2,2,2,,,20,20,30,30,4,12,2,1,1,,3,3,,5,1,20,0,1,6,6,Kasich,2,1,2
77,35,4,4,4,4,4,7,7,7,6.833333333,2.533333333,4.1,3.8,4,9,2.75,3,34,3.6,4.25,5,0,1,John Kasich,5,5,2,2,2,2,2,,,20,10,65,5,4,14,3,1,1,,2,3,,9,1,19,0,1,6,6,Kasich,2,1,2
71,32,3.5,3.5,4,4,3.75,7,6,7,6.666666667,3.666666667,4.4,3.1,3.666666667,4,1,2.6,,2.2,3.25,2.5,0,1,They all suck,4,5,2,2,2,2,2,2,,25,25,25,25,5,9,3,1,1,,"2,3,4,5,6,7",3,,8,1,21,0,1,6,6,neither,2,1,2
74,37,4,4,4,4,4,6.75,7,7,3.333333333,3.466666667,2.8,3,1,0,1,2.8,,2.4,1.75,4,0,1,,4,5,2,2,2,2,2,2,,25,25,35,15,4,12,1,1,2,,5,3,,1,1,19,0,1,,,,2,1,2
80,60,4,4,4,4,4,2.5,3,1,7,1.8,3.7,3,4,2,1.5,3.1,29,1.4,2.25,2,0,1,Donald Trump or Ted Cruz,5,3,1,1,1,2,2,,TBI from two head injuries,15,5,50,30,4,9,3,1,1,,"3,5",3,,6,1,19,0,1,7,7,Trump,2,1,2
80,60,4,3.5,3.5,3.5,3.625,7,6.25,7,6,4.4,3.9,2.8,1.333333333,3,1,2.3,,4.8,4.25,4.5,0,1,Bernie Sanders,3,5,2,2,2,1,2,,,25,50,50,25,4,10,1,1,2,,3,3,,8,1,19,0,1,2,2,Sanders,2,1,2
73,37,4,3,3,3,3.25,6.25,6,5.25,5.833333333,3.6,4.1,3.9,4.333333333,10,3.5,2.8,,3,4.25,5,0,1,Hillary,4,5,2,2,2,2,2,2,,25,33,25,17,5,11,5,1,1,,3,3,,5,1,19,0,1,5,5,Clinton,2,1,2
78,27,3.5,2.5,3.5,3.5,3.25,7,7,7,6.166666667,3.066666667,3.5,3.3,3.666666667,6,1,2.1,,3.2,3.25,5,0,1,Kasich,4,4,2,2,2,2,2,2,,30,25,25,20,5,10,5,1,1,,"2,3",3,,8,1,19,0,1,5,5,Kasich,2,1,2
56,40,4,4,4,4,4,6.75,6.75,5,5,2.733333333,2.6,3.8,2,4,1,2.5,,2,2.75,3,0,1,Ted Cruz,4,5,2,2,2,2,2,2,,10,5,70,15,4,11,2,1,2,,"2,4",3,,2,1,19,0,1,4,5,Cruz,2,1,2
70,48,3,3,3,3,3,6,6,5.75,5.333333333,3.666666667,3.7,3,3,6,3.666666667,2.8,61,4,4,4,0,1,Clinton,4,4,2,2,1,2,2,2,,15,15,50,20,4,6,2,2,2,,3,3,,5,1,19,0,1,3,3,Clinton,2,1,2
63,34,4,3.5,4,3.5,3.75,4,6.25,6,5,4.066666667,3.2,3.2,2.333333333,11,3,2.9,46,5,4.25,5,0,1,politics are a lie,3,4,2,2,1,2,2,2,,25,15,40,20,3,13,1,1,2,,1,3,,1,1,22,0,1,2,2,neither,1,1,2
40,39,4,4,4,4,4,6,6,6,4.5,3,3.5,3.1,3,2,2,3.2,,3.6,2,4,1,1,Bernie Sanders,1,1,2,2,2,2,2,2,,40,100,100,100,3,12,1,3,2,,4,3,,4,1,21,0,1,1,1,Sanders,2,6,2
48,33,4,4,3.5,3,3.625,4.5,5.5,5.25,2.166666667,2.6,3.3,2.6,3,6,4.5,3.8,34,3,3.25,3.5,0,1,no comment,4,2,2,2,2,2,2,2,,20,20,40,20,2,11,4,1,2,,"3,5,7",3,,4,1,19,0,1,5,6,na,2,1,2
70,32,4,3.5,3.5,3.5,3.625,6.5,5.25,4.5,4.5,4.8,3.9,2.8,4.333333333,6,1.75,2.7,,3,3,3,1,1,Bernie Sanders,5,5,2,2,2,2,2,,,25,50,10,15,5,11,3,1,1,,"2,3,4,5,6",3,,6,1,19,0,1,3,2,Sanders,2,3,2
57,39,3.5,2.5,3.5,4,3.375,6,5.25,6.25,5.166666667,4.533333333,3,3.4,3.333333333,6,2,2.6,,2.6,2.25,2,,1,Bernie Sanders,4,4,2,2,2,2,2,2,,20,25,45,10,3,11,1,1,1,,"2,3,4,5",3,,1,1,21,0,1,,4,Sanders,2,8,2
80,37,3.5,4,4,4,3.875,3.25,4.5,6,2,2.333333333,3.1,3,5,10,3,3.3,43,3.6,3.5,4,1,1,Bernie Sanders,4,5,,,,,1,1,Asthma,30,30,25,15,5,10,2,1,1,,"3,5",3,,4,1,19,0,1,4,2,Sanders,2,2,2
61,31,4,3,3.5,4,3.625,4,4,6.25,4,3.733333333,4.2,2.6,3,5,1.25,3.5,25,2.2,2.75,3.5,0,1,Bernie Sanders,3,5,2,2,2,1,2,,,40,25,20,15,5,11,3,2,2,,"2,4",3,,6,1,21,0,1,2,3,Sanders,2,1,2
75,31,4,3,3.5,4,3.625,6.5,5.75,4.25,6.5,2.933333333,3.8,3.7,2.666666667,10,1.5,3.5,,3.2,3.5,3,0,1,John Kasich,5,5,2,2,2,2,2,2,,25,25,25,25,4,14,3,1,1,,2,3,,7,1,19,0,1,6,6,Kasich,2,1,2
76,30,4,4,4,4,4,3.5,7,6.25,4.166666667,4.666666667,4.3,3.7,3,4,1.75,2.2,,4.2,5,5,0,1,Hillary Clinton,1,4,2,2,2,2,2,2,,20,10,50,20,4,11,1,1,2,,1,3,,7,1,19,0,1,3,3,Clinton,2,1,2
66,31,4,4,4,4,4,5.5,5.5,6.75,5.833333333,4.133333333,3.5,3.1,4.666666667,3,1,2.5,49,2.8,2.5,3,0,1,Sanders,4,4,2,2,2,1,2,2,,30,20,30,20,4,9,1,2,2,,"2,3,4,7",3,,7,1,21,0,1,4,4,Sanders,2,1,2
73,37,4,4,4,3.5,3.875,6.5,7,6.5,6.5,2.933333333,4.5,3,1,6,2,2.8,,3.4,3.75,4.5,0,1,Bernie Sanders,5,5,2,2,2,2,2,2,,30,20,35,15,4,11,2,4,2,,1,3,,6,1,22,0,1,3,2,Sanders,2,1,2
77,35,4,4,4,4,4,7,7,7,5.333333333,3.6,4.3,3.6,1,4,1.5,2.5,,4,5,5,0,1,Ted Cruz,5,4,2,2,2,2,2,2,,30,30,20,20,4,9,4,1,2,,"2,4,6",3,,7,1,19,0,1,6,6,Cruz,2,1,2
70,36,3.5,3,3,3.5,3.25,4.25,6,5.25,3.666666667,3.866666667,2.7,3.2,3,10,2,2.9,,4,4.25,5,0,1,Ted Cruz,4,4,2,2,2,2,2,2,,32.5,32.5,25,10,4,12,1,2,1,,"2,3,6,7",3,,8,1,20,0,1,5,5,Cruz,2,1,2
64,36,4,4,4,4,4,6.25,6,5.75,5.833333333,4.866666667,3.9,3.1,3,4,1.75,3,,3.8,4,4,0,1,Bernie,2,4,2,2,2,2,2,2,,30,30,20,20,3,12,2,1,2,,"3,5",3,,1,1,22,0,1,5,5,Sanders,2,1,2
72,28,4,4,4,4,4,6.75,7,7,5.833333333,3.8,3.9,3.2,1,5,2.5,2.8,34,3.6,3.75,4,,1,Bernie Sanders,4,4,2,2,2,2,2,2,,25,25,25,25,3,12,1,1,2,,"3,5",3,,5,1,19,0,1,2,2,Sanders,2,7,2
76,33,3.5,3.5,3.5,4,3.625,6.25,4.75,2,2.666666667,3.866666667,3.1,3.8,2.333333333,4,3.5,4,,3.4,4,4,0,1,Cruz,4,3,2,2,2,2,2,2,,25,25,35,15,5,11,3,1,1,,"2,3,4,5,6,7",3,,1,1,19,0,1,5,6,Cruz,2,1,2
55,34,4,4,4,3.5,3.875,1,7,7,1.166666667,2,3.6,2.6,4.666666667,7,2.5,4.7,,3.6,2.25,4,0,1,Clinton,1,2,2,2,2,2,2,2,,30,15,50,5,3,14,3,2,1,,"2,3,4,6,7",3,,6,1,18,0,1,4,4,Clinton,2,1,2
79,31,3,4,3,3,3.25,6.5,5.25,6.25,5,3,4.2,2.8,4,1,2,3.2,,4,4,4,0,1,Ted Cruz,4,4,2,2,2,2,2,2,,10,10,10,10,4,10,4,2,1,,2,3,1,1,1,19,0,1,4,4,Cruz,2,1,2
56,33,3.5,2.5,4,4,3.5,4.5,6.5,7,4.5,4.266666667,3.8,3.1,1,7,1,3.3,38,3,3,2.5,0,1,Hillary Clinton,2,5,2,2,2,1,2,2,,30,40,20,10,4,10,1,1,2,,"2,4",3,,8,1,20,0,1,2,1,Clinton,2,1,2
63,34,4,4,4,4,4,4.25,6.5,5,5,3.6,3.2,3,3,2,1.75,3.4,42,3.4,2.5,3.5,0,1,None,2,2,1,2,2,2,1,2,,28,33,18,21,4,11,2,1,2,,"2,4,6",3,,1,1,19,0,1,,,neither,2,1,2
77,36,4,4,4,3.5,3.875,6.25,6,5.75,5.666666667,2.2,4.3,3.6,1,3,3.25,3.6,36,2.8,3.25,5,0,1,Bernie Sanders,4,5,1,2,1,1,1,,,30,40,20,10,4,11,4,1,2,,2,3,,6,1,20,0,1,5,6,Sanders,1,1,2
66,33,4,3.5,4,3.5,3.75,7,7,7,5.5,4.066666667,3.3,3,2,5,1.5,2.8,,4,3,4,0,1,Ted Cruz,3,3,2,2,2,2,2,2,,30,30,20,20,5,11,1,2,2,,"2,3,6,7",3,,7,1,20,0,1,6,6,Cruz,2,1,2
69,30,3,3,3,3,3,3.75,4.5,6.5,2.833333333,3.133333333,3.1,2,3,4,4,3.4,36,2.6,4,4,1,1,Hilary clinton,3,4,1,2,1,2,2,2,,30,30,30,10,5,12,1,1,2,,"2,3,5,7",3,,1,1,4,0,1,2,1,Clinton,2,2,2
58,31,4,4,3,4,3.75,3.5,5.75,6.5,3.833333333,2.733333333,3.8,3.1,1,3,1.25,3.2,48,2.6,3,4,0,1,Bernie Sanders,1,2,2,2,2,1,1,2,,25,5,50,20,2,11,5,1,2,,"2,3,4,5,6",3,,1,1,19,0,1,4,4,Sanders,1,1,2
60,30,3.5,4,3,3,3.375,2.75,6.75,4.25,3.166666667,3.266666667,3.1,2.6,3.333333333,7,1,3.3,36,1.8,4.25,4.5,1,1,Bernie Sanders,4,4,2,2,2,2,2,,,30,0,50,20,4,14,1,4,2,,3,3,,2,1,29,0,1,2,1,Sanders,2,2,2
72,31,4,3.5,2,3,3.125,3.75,5.5,5.5,3.5,2,4,3,2.333333333,8,1.5,3,,2.2,2.5,4,,1,Bernie Sanders,4,4,2,2,2,2,2,2,,30,30,25,15,3,12,2,1,1,,1,3,,1,1,18,0,1,4,3,Sanders,2,7,2
69,31,4,4,4,4,4,7,7,7,6.166666667,4.866666667,3.4,2.9,1.666666667,4,1.5,2.4,,4,4.5,3,0,1,Clinton,5,5,2,2,2,2,2,2,,40,40,10,10,4,10,4,1,2,,"2,4,6",3,,4,1,20,0,1,3,1,Clinton,2,1,2
70,33,3.5,3,3,3,3.125,3.75,5,5.25,4.166666667,3.6,3.8,3,4.333333333,8,4.25,3.3,,3.2,4,4,0,1,Ted Cruz,4,4,2,2,2,2,2,2,,30,30,30,10,3,12,1,2,1,,"2,3,6,7",3,,8,1,20,0,1,5,5,Cruz,2,1,2
75,46,4,3,4,3,3.5,7,7,7,5.5,4,4.3,3.4,1.666666667,4,1.75,1.6,42,2.6,3.25,3,0,1,I don't follow the election,5,5,2,2,2,2,2,2,,25,30,25,20,5,14,4,1,1,24,"2,6",3,,2,1,24,1,1,,,dontknow,2,1,2
68,34,4,3.5,3.5,3.5,3.625,5.25,5.25,6,4,3.4,3.9,3,1.666666667,5,1.25,3.1,,2.6,3.25,4,1,1,Hilary Clinton,3,5,2,2,2,2,2,,,10,0,40,50,4,11,3,1,2,22,"2,4,6",3,,4,2,,1,1,2,3,Clinton,2,3,2
69,46,4,2,3.5,3,3.125,3.75,6,7,6.333333333,4.333333333,2.4,3.7,1,3,1,2,,2.4,2.75,1.5,0,1,Gary Johnson,2,4,2,1,2,2,2,2,,40,5,25,30,3,7,5,2,1,23,5,3,,2,1,23,1,1,5,4,Johnson,2,1,2
73,36,3,4,4,4,3.75,5.5,5.5,1,5.666666667,3.2,1.9,2.8,1,1,1.75,2.4,53,1.4,2.5,4,1,1,Clition,4,4,2,2,1,2,2,,,25,25,25,25,4,9,5,2,1,22,5,3,,1,1,22,1,1,3,2,Clinton,2,2,2
71,32,3.5,4,4,4,3.875,4.25,2,3.25,3.833333333,4.133333333,3.5,2.8,1,6,2.25,3,42,1.8,2,2,1,1,neither,4,4,2,2,2,2,2,2,,15,40,40,5,3,9,5,3,2,18,5,3,,4,1,18,1,1,,2,neither,2,2,2
72,37,3,2.5,3.5,3.5,3.125,6.75,6,6,6.5,3.666666667,3.3,3.8,2.666666667,5,1.25,2.4,,2.8,3.25,2.5,,1,Trump,4,5,2,2,2,2,2,2,,40,25,20,15,4,9,5,1,2,21,"3,5,7",3,,7,1,19,1,1,7,7,Trump,2,7,2
72,30,3,3.5,4,4,3.625,3.75,6.5,7,1.333333333,3.133333333,4.3,1.8,2.333333333,1,1.75,4.3,30,1,1,4,0,1,Hillary Clinton,2,4,1,2,1,1,1,,,20,10,40,30,3,10,1,2,2,21,"3,5,7",3,,4,1,21,1,1,,3,Clinton,1,1,2
62,43,4,4,4,3.5,3.875,3,6.25,6,6.333333333,4.866666667,3.1,3.3,2.666666667,9,2.5,3,58,4.2,3.25,4,1,1,neither,3,5,1,2,2,2,2,,,25,25,20,30,4,14,2,2,2,25,"2,3,7",1,4.5,3,1,25,1,1,2,3,neither,1,7,2
63,45,4,3,4,4,3.75,4.75,7,7,6.666666667,3.733333333,2.7,3.6,1,5,1.5,3.1,34,4.6,2.75,5,1,1,hillary,2,3,2,2,2,2,2,2,,50,100,100,650,4,8,1,2,2,21,3,3,,6,1,21,1,1,7,1,Clinton,2,2,2
55,31,4,3.5,4,3.5,3.75,6.75,6.25,5.5,3.333333333,3.666666667,4,3.1,3.666666667,9,2.25,3,34,4.2,4,5,1,1,Clinton,4,5,2,2,2,2,2,2,,40,30,20,10,5,11,2,2,1,20,"2,3,7",3,,1,1,20,1,1,4,2,Clinton,2,2,2
78,43,4,3.5,4,4,3.875,4.5,7,7,4.5,3.133333333,3.6,3.3,3,6,1,3.5,34,4.2,3,3,1,1,"Neither, but DEFINITELY NOT TRUMP!",4,4,2,2,2,2,2,2,,30,25,30,15,4,8,1,4,2,22,"2,3",3,,2,1,22,1,1,6,5,Anti-Trump,2,2,2
78,47,3.5,3,4,1,2.875,6.75,6.5,6,3.166666667,4.4,3.2,3.8,1,7,4,2.7,,2.2,1,4,1,1,Hilary clinton,5,5,2,2,1,2,2,2,,15,60,20,5,4,24,2,1,2,48,5,3,,3,1,48,0,1,4,1,Clinton,2,2,2
77,37,3.5,3.5,4,4,3.75,6.5,6.75,7,5.666666667,4.066666667,3.5,3,2,3,1.25,3.6,,3,3.75,3,0,1,Donald Trump,4,4,2,2,2,2,2,,,30,20,40,10,4,11,4,1,2,23,"3,5,7",3,,1,1,23,1,1,6,6,Trump,2,1,2
50,40,3.5,4,4,4,3.875,6.5,7,7,5,4.8,3.5,2.4,1,3,1.25,3.2,,4.2,3,2.5,1,1,Hilary Clinton,4,4,2,2,2,2,2,2,,80,0,10,10,5,7,4,2,2,23,1,3,,7,1,23,1,1,4,3,Clinton,2,4,2
70,35,4,4,4,4,4,1.5,3,3.75,2.166666667,2.533333333,3.4,2.3,3,8,1,4,42,3.2,3.25,3,1,1,Hillary,4,4,2,2,2,2,2,2,,25,25,25,25,5,11,2,2,2,22,"2,3,4,5",3,,2,1,22,1,1,4,3,Clinton,2,4,2
53,34,3,3.5,3,3,3.125,4.5,5,4.25,2.5,3.733333333,3.2,2.9,2.666666667,3,2.25,3,,3.2,4.5,4,1,1,Hillary Clinton,4,4,2,2,2,2,2,,,23,40,25,7,4,12,3,1,2,22,"2,3,4,7",3,,3,1,22,1,1,3,3,Clinton,2,2,2
72,39,3.5,4,3.5,3.5,3.625,6.5,4.5,6.25,3.833333333,3.4,2.6,2.7,1.333333333,5,2,3.6,54,2.8,2.75,1.5,1,1,Hillary Clinton,3,4,2,2,2,2,2,2,,20,20,30,30,3,26,4,1,2,22,2,3,,3,1,6,1,1,3,4,Clinton,2,4,2
75,44,4,2.5,4,2.5,3.25,4.75,6.25,7,5.333333333,5.733333333,2.1,3.9,2.333333333,4,1.25,1.5,65,3.8,4,5,1,1,"We need a candidate that can compromise what the best for the country, not for specific group of people because there are so many people with different want and need. Government can't provide all of that",4,5,2,2,2,2,2,2,,90,85,90,90,3,15,2,1,1,21,"2,4,6",3,,3,1,5,1,1,2,4,neither,2,4,2
39,25,3,4,2.5,3,3.125,4.75,4.75,5.25,3.166666667,2.866666667,3.5,2.7,4,4,2.5,4.4,42,3.2,2.25,3,0,1,neither to be honest,5,3,2,2,2,2,2,2,,10,10,60,20,4,10,3,4,2,18,2,3,,2,1,5,1,1,,3,neither,2,1,2
76,30,4,3.5,4,3,3.625,7,6.5,6.25,4.666666667,3.133333333,3.6,3,2.666666667,4,2.25,2.9,38,4.2,4,4,0,1,Trump,5,4,2,2,2,2,2,2,,25,25,25,25,5,9,3,1,2,18,"2,4",3,,1,2,,1,1,4,7,Trump,2,1,2
71,0,4,3.5,4,3.5,3.75,7,7,7,5.333333333,5.2,4.1,3.1,2.333333333,1,1.75,1.9,42,4.2,1.75,5,0,1,Trump,3,4,2,2,2,2,2,2,,50,30,15,5,5,10,3,1,2,18,2,3,,7,1,18,1,1,4,6,Trump,2,1,2
47,30,4,4,4,4,4,7,7,7,6,4.4,1.4,3.8,1,2,1.25,2.1,42,5,1.5,2,0,1,,1,5,2,2,2,2,2,2,,30,30,30,10,4,9,5,2,1,28,3,3,,3,1,28,1,1,6,6,,2,1,2
59,38,4,2.5,3,3,3.125,6.5,7,6.75,5.666666667,5.466666667,2,3.8,2,6,1,2.1,55,2.2,2.5,2,,1,Donald Trump,4,4,2,2,2,2,2,,epilepsy,80,80,70,45,4,9,4,1,2,22,"2,4",3,,1,1,22,1,1,6,6,Trump,2,7,2
75,58,3.5,3,3,3.5,3.25,7,7,1,4.5,5.333333333,3.3,3.4,1,1,1.25,2.2,55,3,2.75,3,1,1,Anyone but Trump,2,3,2,2,2,2,2,2,,15,35,25,25,3,26,1,1,2,24,"2,4,6",3,,4,1,5,1,1,2,3,Anti-Trump,2,4,2
64,40,4,4,4,4,4,6,6.5,7,4.833333333,3.4,4,3,5,5,1.5,2.9,38,1.6,2.75,3,1,1,clinton,4,5,2,2,2,2,2,2,,25,5,40,30,3,14,4,1,2,24,"2,4",3,,4,1,17,1,1,3,3,Clinton,2,4,2
70,34,3.5,4,4,3.5,3.75,7,7,7,4.5,4.466666667,3.3,3.5,1,6,6.25,3,,2.8,2.75,2,1,1,Hillary Clinton,2,3,2,2,2,2,2,2,,10,10,40,40,3,14,1,2,2,23,"2,4,6",3,,6,1,23,1,1,2,2,Clinton,2,2,2
78,43,3.5,4,4,4,3.875,4.25,6.75,7,4.166666667,3,3.4,3.4,3.333333333,5,1,3.2,,3.4,3.25,3.5,1,1,Definitely NOT DONALD TRUMP,4,4,2,2,2,2,2,2,,30,25,25,20,4,8,1,4,2,22,"2,3",3,,2,1,22,1,1,5,4,Anti-Trump,2,2,2
60,57,3,3,4,3.5,3.375,5.25,4.25,6.75,3.166666667,2.6,3.7,1.8,2.666666667,2,2,3.6,35,3.2,4.5,3.5,,1,Clinton,4,4,1,1,1,1,1,2,,30,25,20,25,5,10,4,1,2,22,"2,3,4,5",3,,1,1,22,1,1,2,3,Clinton,1,7,2
55,50,3,3,3,3,3,6.75,7,6.75,5.5,3.4,3.3,3,3,7,5,3.4,34,4,4,4,0,1,Trump,4,4,2,2,2,2,2,2,,25,25,25,25,5,10,4,1,2,20,"2,6",3,,8,1,2,1,1,4,5,Trump,2,1,2
64,42,4,4,4,4,4,1,7,7,2.166666667,3.466666667,3.6,2.4,2,2,1,3.6,32,1.6,2.5,3.5,0,1,hilary clinton,1,4,2,2,2,1,2,2,,10,30,30,30,4,10,2,1,2,19,"2,3,4,5,7",3,,5,1,19,1,1,3,3,Clinton,2,1,2
60,39,2.5,3,2.5,4,3,6.25,5.25,5,5.666666667,4.466666667,1.3,3.2,5.333333333,9,2,2.5,34,3.2,2.25,3.5,1,1,If i was going to vote it would be Hillary Clinton,1,3,2,2,2,2,2,2,,15,15,25,45,3,19,5,1,1,23,"2,4,6",3,,2,1,23,1,1,4,3,Clinton,2,2,2
72,54,4,3,4,4,3.75,7,4,4,2.833333333,4.466666667,3.6,4,1,3,1,2.5,42,3.8,4,5,1,1,,3,3,2,2,2,2,2,,,,0,0,0,3,19,4,1,2,28,"3,5",3,,9,1,28,1,1,2,1,,2,2,2
57,28,3,4,3,3.5,3.375,3.25,5,3.25,2.5,2.666666667,3.4,1.5,2.333333333,2,3.25,3.8,34,1.6,1.25,1.5,,1,none,4,2,2,2,2,1,2,2,,15,15,36,34,4,12,3,1,2,21,"2,3,4,5,6,7",3,,1,1,21,1,1,3,3,neither,2,7,2
68,37,4,4,3.5,4,3.875,3.5,3.25,3,4.333333333,5.333333333,1.7,3,2,4,4,2.6,,2,3.5,3,1,1,Hillary,4,5,2,2,2,2,2,2,,100,100,100,100,3,26,3,3,1,23,"2,3,6,7",3,,2,1,23,1,1,6,5,Clinton,2,2,2
55,41,2.5,3.5,4,4,3.5,6,2,7,4.166666667,4.333333333,2.2,3.3,1,2,1,3,34,2.8,3.5,3,1,1,Clinton,4,5,2,2,2,2,2,,,35,30,30,5,4,9,1,2,2,20,"2,3",3,,3,1,20,1,1,2,3,Clinton,2,2,2
75,49,2,3,3,1.5,2.375,7,7,7,5.333333333,3.533333333,2.4,3,3.333333333,4,1.75,3.6,50,2.8,2.5,4,1,1,Johnson,3,2,2,2,2,2,2,2,,35,35,20,10,3,12,4,1,2,26,"2,3",3,,1,1,26,1,1,6,3,Johnson,2,3,2
78,36,4,3.5,3,4,3.625,5.75,2.25,4.75,1.833333333,3.466666667,3.1,2.6,2,4,3.75,4.1,,3.6,5,5,,1,Trump,4,4,2,2,2,2,2,2,,50,20,20,10,5,7,5,2,2,18,2,3,,5,1,18,1,1,5,5,Trump,2,7,2
71,41,3.5,4,4,3.5,3.75,6.5,6.5,6.75,6.333333333,6,3,3.2,1,5,1.75,2.9,42,2.6,3,3,1,1,Hilary Clinton,5,5,2,2,2,2,2,2,,100,100,95,90,4,9,1,1,2,19,"4,5",3,,1,1,19,1,1,4,3,Clinton,2,3,2
76,45,2.5,3,1.5,3,2.5,6.75,5.25,5.25,5,5.4,2.4,3.9,4.666666667,4,1.25,1.8,,1,1,1.5,0,1,donald trump,4,5,2,2,2,2,2,2,,10,10,40,40,4,9,4,1,1,24,"2,3,4,5,7",3,,7,1,21,1,1,6,7,Trump,2,1,2
70,32,2.5,4,3,3,3.125,6,5,5,4.5,3.266666667,3.6,2.7,1,2,1.25,3.1,42,2.8,1.25,4,0,1,Hillary Clinton,4,4,2,2,2,2,2,2,,25,50,15,10,3,12,2,1,2,20,"2,3,4,5,6,7",3,,1,1,20,1,1,2,2,Clinton,2,1,2
63,37,4,3.5,4,4,3.875,6.5,7,7,4.166666667,3.666666667,3.6,2.6,1.333333333,2,1,3.2,,2.8,4,5,0,1,Hillary Clinton,2,3,2,2,2,2,2,,,20,0,60,20,3,10,1,1,2,20,"2,6",3,,1,1,20,1,1,2,2,Clinton,2,1,2
75,32,4,4,4,4,4,6,6,6,4.333333333,3.466666667,3.3,2.7,1,2,1,2.8,54,5,5,5,1,1,Hillary Clinton,4,4,2,2,2,2,2,2,,25,25,25,25,4,14,2,2,2,19,"2,3,4,5",3,,1,1,19,1,1,,2,Clinton,2,2,2
67,37,4,4,4,4,4,3,3,3,3.833333333,3.8,1.6,2.8,2.666666667,9,1,3,,3,3,3,1,1,Hilary,1,1,2,2,2,2,2,2,,50,0,30,20,1,7,3,1,2,19,"2,3,4,5,6",3,,1,1,19,1,1,3,3,Clinton,2,2,2
72,40,2.5,3.5,3.5,3,3.125,6.5,6.25,6.5,4.166666667,3.933333333,2.8,3.6,3.333333333,2,1.5,3.5,,4.6,3.25,3,0,1,Trump,4,4,2,2,2,2,2,2,,25,30,20,25,4,7,3,1,2,18,"2,4,6",3,,1,1,18,1,1,6,6,Trump,2,1,2
68,42,3.5,3.5,4,4,3.75,3,6.5,6.75,4.333333333,3.466666667,3.3,2.9,1,3,2,2.6,50,2.6,2,4,0,1,Hillary Clinton,4,4,2,2,2,1,2,2,,25,15,40,20,4,10,2,2,2,,3,3,,2,1,21,0,1,3,3,Clinton,2,1,2
63,38,4,4,3,3,3.5,5.75,5.75,5.25,3,3.466666667,3.1,3.4,3,5,1.25,3.6,,3.4,2.25,3,1,1,Hillary Clinton,5,5,2,2,2,2,2,2,,20,25,40,15,4,11,3,1,2,19,"2,3,4,5,7",3,,3,1,18,1,1,3,1,Clinton,2,3,2
68,36,4,4,4,3.5,3.875,6,6.25,3.5,5,3.666666667,2.4,3.2,4,4,2.25,2.5,,1.8,2.5,4,1,1,Neither,4,5,2,2,2,2,2,2,,5,35,30,30,1,12,1,1,1,23,"2,3,4,5,7",1,3,1,1,23,1,1,6,5,neither,2,3,2
73,37,3.5,4,3.5,3,3.5,5.75,4.5,5.25,3.833333333,2.8,2.5,2.3,2,6,1.5,4.1,,3,3,2,1,1,Hilary,4,3,2,2,2,2,2,,,30,30,30,10,5,9,1,1,2,20,"2,3,6",3,,2,1,20,1,1,,3,Clinton,2,3,2
59,40,3,3,2.5,2.5,2.75,3.75,2,6.25,4.666666667,4.133333333,1.6,3.1,1,4,1.25,2.4,,2,1,1,0,1,A sad Hillary Clinton,2,2,2,2,2,2,2,2,,33.33,0,33.33,33.33,3,14,1,1,1,24,2,1,4,2,1,24,1,1,2,3,Clinton,2,1,2
51,43,4,4,4,4,4,7,7,7,6,5.866666667,2.1,3.8,1,7,3,2.2,,3,3,3,1,1,Hilary Clinton,4,5,2,2,2,2,2,2,,10,30,50,10,4,11,1,1,2,21,1,3,,1,1,21,1,1,3,2,Clinton,2,3,2
59,35,3.5,4,3,4,3.625,1,3.25,3.25,2,3.4,3.7,3.5,6,2,2.5,4.2,37,1.4,2.25,1.5,0,1,Donald Trump,3,1,2,2,2,1,2,2,,0,0,55,45,1,10,1,1,2,19,"2,6",3,,1,1,19,1,1,5,5,Trump,2,1,2
64,40,4,3.5,4,4,3.875,5,4.25,7,5.833333333,2.133333333,2.3,3.3,3.666666667,11,2.5,2.5,55,3.4,3.25,3.5,1,1,Hillary Clinton,4,4,2,2,2,2,2,2,,100,100,100,80,2,9,1,1,2,18,"2,3,7",3,,1,2,,1,1,,,Clinton,2,4,2
78,44,4,3.5,4,4,3.875,5.5,6.25,7,5.166666667,4.6,2.9,3.9,3,4,1.75,2,,1.4,1,1,0,1,Hilary Clinton,4,5,2,2,2,2,2,2,,20,30,40,10,4,12,3,1,1,24,"2,3",1,4,4,1,24,1,2,4,3,Clinton,2,1,2
73,30,4,3.5,4,4,3.875,5.75,6.5,6.25,4.333333333,3.533333333,2.9,3,5.666666667,10,1.5,3,34,4.6,5,5,,1,NONE,4,4,2,2,2,2,2,2,,15,40,30,15,4,11,5,1,2,18,1,3,,5,1,18,1,2,,,neither,2,7,2
72,39,3.5,4,2.5,4,3.5,4,3.25,2.5,3.166666667,4.333333333,2.7,3.4,3,6,2.75,3.6,47,2.4,3.75,2.5,1,1,Clinton,5,3,,,,,,1,anxiety,30,20,30,20,3,14,3,2,2,21,"6,7",3,,3,1,21,1,2,2,1,Clinton,2,2,2
75,39,4,4,4,4,4,5.25,7,2.5,2.666666667,2.2,3.3,3,1,4,2.5,4,42,2,2.5,3,1,1,Hillary Clinton,1,3,2,2,2,2,2,2,,5,50,45,0,3,14,1,4,2,21,1,3,,2,1,21,1,2,4,1,Clinton,2,2,2
75,37,3.5,4,4,4,3.875,6.5,5.75,7,3.333333333,2.333333333,4.1,4,1,8,1,2.5,,4,4,4,1,1,Hillary Clinton,5,5,2,2,2,2,2,2,,10,5,75,10,4,11,4,2,2,18,"2,3,4,5",3,,4,1,18,1,2,2,2,Clinton,2,3,2
68,40,4,4,3,3.5,3.625,7,1.75,7,5,4.933333333,2.2,2.3,1,2,1,3.4,,3.2,1.75,2.5,1,1,Hillary Clinton,5,5,2,2,2,2,2,,,30,10,50,10,5,9,3,1,2,20,"2,3",3,,6,1,20,1,2,,1,Clinton,2,3,2
71,48,4,4,4,4,4,6.5,6,6.25,5.333333333,3.266666667,1.9,3.5,1.333333333,1,1,2.3,,3.6,3,3,1,1,Hillary,4,4,2,2,2,2,2,,,20,30,40,10,3,12,1,1,2,22,1,3,,3,1,22,1,2,4,3,Clinton,2,4,2
72,41,4,3,4,3,3.5,6,6,6,6,3.933333333,3,3.2,2.666666667,4,3.25,3.2,44,3.8,3.25,4,0,1,Trump,4,4,2,2,2,2,2,2,,25,20,45,10,4,9,3,1,2,19,"3,5,7",3,,1,1,19,1,2,4,3,Trump,2,1,2
57,31,3.5,4,4,3.5,3.75,1.75,3.5,5,2.833333333,3,2.7,2.8,1,9,1.75,3.7,26,2.8,5,4,0,1,Clinton,4,4,2,2,1,1,2,,,18,22,50,10,3,10,2,2,2,19,"2,4,6",3,,2,1,19,1,2,2,2,Clinton,1,1,2
71,40,4,4,3.5,3,3.625,5.25,4.25,5.5,4,2.6,2.5,2.9,2.333333333,5,1,3.6,,2.2,2.5,5,1,1,Secretary Clinton (Senator Sanders in primary).,4,3,2,2,2,2,2,2,,25,30,25,20,3,10,1,1,1,19,"3,5",3,,7,1,19,1,2,2,3,Sanders-Clinton,2,2,2
69,33,3,3,3,3,3,6,6,6,6,3,2.3,3,2,7,1.5,2.1,42,4,4,4,0,1,Gary Johnson,2,3,2,2,2,2,2,2,,7,3,9,8,4,12,1,1,2,18,"3,5,7",3,,5,1,18,1,2,3,3,Johnson,2,1,2
77,42,4,4,4,4,4,6.25,7,3,2.333333333,4.866666667,3.1,3.2,1,0,1,2.9,42,3.6,2.75,3.5,1,1,Hillary Clinton,4,4,2,2,2,2,2,2,,16.7,16.7,50,16.6,3,9,2,1,2,22,1,3,,2,1,20,1,2,,,Clinton,2,2,2
67,38,4,4,4,3,3.75,5.25,1,3.25,5.833333333,3.4,1.4,3.9,4,2,2.5,4.3,,2.4,5,5,1,1,Hillary Clinton,5,5,2,2,2,2,2,2,,20,30,60,10,4,9,1,3,2,18,2,3,,5,1,18,1,2,,,Clinton,2,3,2
77,36,3,3.5,3,3,3.125,7,7,7,4.666666667,5.866666667,2.7,3.4,1.333333333,1,2,3.7,34,3.4,2,4,1,1,hillary clinton,5,5,2,2,2,2,2,2,,25,25,25,25,4,11,3,2,2,19,"2,6",3,,4,1,19,1,2,4,2,Clinton,2,3,2
59,36,3,4,3.5,4,3.625,6,6.75,6,5.666666667,4.333333333,2.7,3.2,1,3,1,4,,3.8,3.5,4,0,1,Gary Johnson,3,4,2,2,2,2,2,2,,20,30,30,20,3,11,3,2,2,23,1,3,,3,1,23,1,2,4,4,Johnson,2,1,2
76,38,4,4,4,4,4,3.5,4.75,5.25,3.5,3.466666667,3.6,1.4,1,5,5.25,3,34,1,1,1,,1,Hilliray,3,3,2,2,2,2,2,2,,40,20,35,5,4,9,3,1,2,19,4,3,,3,1,12,1,2,2,2,Clinton,2,7,2
75,56,4,4,3.5,4,3.875,4.25,5,5,4.333333333,3.933333333,1.5,3.3,3.333333333,8,2.5,4.1,34,3.2,3.25,3.5,1,1,Hillary Clinton,4,3,2,2,2,2,2,2,,0,0,0,0,4,9,4,4,2,22,"2,3,4,5",3,,1,1,22,1,2,2,1,Clinton,2,2,2
52,41,4,2.5,4,3.5,3.5,6,6,2.25,4.333333333,5.533333333,3,3,1,5,1.25,3.1,42,3.6,2.75,3,1,1,Hilary Clinton,3,3,2,2,2,2,2,2,,25,30,25,20,4,12,3,1,2,22,"2,3,4,5,6,7",3,,2,1,22,1,2,,2,Clinton,2,2,2
66,34,3,4,4,4,3.75,6.25,5,6.75,4.666666667,2.8,3.3,2.9,1,2,1.5,3.1,,3.2,3.25,5,1,1,"I supported neither, Jesus is King!",1,3,2,2,2,2,2,2,,20,20,30,30,3,10,5,2,2,19,"2,3,4,5,6,7",3,,1,1,19,1,2,4,,neither,2,2,2
66,35,4,4,4,4,4,4.5,4.5,2.75,3.5,4.333333333,3.3,3,1,5,2.25,4.2,,3,3,1.5,0,1,Bernie Sanders,5,2,2,2,2,2,2,2,,10,10,60,20,2,17,4,1,2,,"2,4,6",3,,6,1,18,0,1,2,3,Sanders,2,1,2
66,33,4,4,3.5,4,3.875,5,6,3.5,5,3.2,3.7,3.1,4,4,3.25,3.3,,3.6,3.5,3,0,1,Ted Cruz,5,3,2,2,2,2,2,2,,15,25,35,25,5,12,2,1,2,,"3,5,7",3,,7,1,18,0,1,6,6,Cruz,2,1,2
46,33,3,4,3,3,3.25,4.25,6,6.75,5.333333333,3.266666667,3.8,3.1,1,1,2,3.2,42,2.2,1.5,3.5,0,1,Clinton,2,4,2,2,2,2,2,2,,10,10,30,50,2,12,2,1,1,,3,3,,8,1,21,0,1,2,3,Clinton,2,1,2
58,34,3.5,3.5,3,4,3.5,7,7,4.25,4.666666667,4.133333333,3.4,3.4,2,6,1,2.9,39,2.2,2.75,2,0,1,Bernie Sanders,4,4,2,2,2,1,1,2,,20,15,45,20,2,11,2,1,2,,"3,5,7",3,,1,2,,0,1,1,3,Sanders,1,1,2
73,37,4,4,4,4,4,6.5,7,7,6,4.6,4.4,3.7,2,4,1,3.4,,4,2.75,3.5,0,1,Bernie Sanders,4,4,2,2,2,2,2,,,40,30,20,10,4,9,4,1,2,,"2,3,4,5",3,,7,1,21,0,1,3,4,Sanders,2,1,2
65,36,4,4,4,4,4,5.25,6,3,4.333333333,4.066666667,2.4,3.1,1,8,2.25,2.7,,2.8,4,4,0,1,Hillary Clinton,2,4,2,2,2,2,2,2,,20,15,30,35,4,14,1,2,2,,"2,4",3,,5,1,18,0,1,2,1,Clinton,2,1,2
60,40,3,3,3,3,3,5,5.25,5.25,5,3,3.4,3,5,0,5,3,45,3,3,3,0,1,Trump,4,4,2,2,2,2,2,2,,30,30,20,20,4,11,3,1,2,,"2,4,6",3,,7,1,22,0,1,4,6,Trump,2,1,2
71,43,4,3.5,4,3.5,3.75,7,7,7,7,4.066666667,3.8,3.9,6.333333333,9,1.5,3.1,42,4.4,3.5,4.5,0,1,Kasich,5,5,2,2,2,2,2,2,,30,20,30,20,5,9,3,1,1,,"2,3",3,,7,1,20,0,1,6,6,Kasich,2,1,2
74,53,4,2,4,4,3.5,6.25,6.25,4,6.166666667,3.933333333,3.4,3.7,3.333333333,9,2.5,2.4,,4,3.25,3.5,0,1,Bernie Sanders,4,5,2,2,2,2,1,2,,30,30,15,25,4,10,2,1,2,,"2,3,4,5,6,7",3,,7,1,20,0,1,2,2,Sanders,2,1,2
58,40,3.5,4,4,3.5,3.75,5.75,5,5,4.666666667,4.333333333,3.7,3,1,3,1.25,3,42,3.4,2.5,3,0,1,Bernie Sanders,1,3,2,2,2,2,2,2,,25,15,30,30,3,12,2,1,2,,"2,4,6",3,,8,1,21,0,1,2,3,Sanders,2,1,2
64,57,3.5,3,3,3,3.125,5.75,6,4.75,4.5,3.666666667,3.6,2.9,4.333333333,2,3,3.1,,3.6,4.25,4,0,1,None of then,4,3,2,2,2,2,2,2,,30,30,20,10,4,9,5,1,2,,5,3,,7,2,,0,1,5,6,neither,2,1,2
75,31,4,4,4,4,4,7,7,7,5.333333333,4.333333333,4.3,3.1,2,1,1,3.2,,3,2.25,3,0,1,John Kasich,5,5,2,2,2,2,2,2,,40,40,10,10,5,11,5,1,2,19,"2,3,6",3,,1,1,19,1,2,6,6,Kasich,2,1,2
65,36,3,3.5,3,3.5,3.25,4,4,3.75,4,4.133333333,2.8,2.9,2.333333333,2,1.5,2.5,,2.2,3,3,0,1,Clinton,4,2,2,2,2,2,2,,,20,10,50,20,4,9,2,1,1,21,2,3,,5,1,21,1,2,3,2,Clinton,2,1,2
54,36,3.5,4,3.5,3.5,3.625,5.75,5.75,4,3.833333333,4.466666667,3.2,2.3,2,2,1.25,2.8,47,1.4,1.5,3,1,1,Clinton,3,4,1,2,1,2,2,2,,30,30,25,15,3,13,3,1,1,20,1,3,,1,1,20,1,2,3,3,Clinton,2,4,2
56,39,3,3.5,4,4,3.625,6.5,5.75,7,5.166666667,3.333333333,3.9,3.1,2,6,1.5,3.4,,3.4,2.75,4,0,1,Bernie Sanders in the primary; Hillary Clinton in the general election,2,4,2,2,2,2,2,2,,20,20,30,30,4,12,2,1,2,21,"2,3,4,5,6",3,,7,1,21,1,2,2,2,Sanders-Clinton,2,1,2
65,38,3.5,3.5,3,4,3.5,6,7,6,6.333333333,4.066666667,2.6,3.7,2,2,1,2,,2.2,1.5,1,0,1,,4,5,2,2,2,2,2,2,,25,25,35,15,3,10,4,1,1,20,"3,5,7",3,,4,1,20,1,2,3,3,,2,1,2
51,36,3,4,3.5,4,3.625,6,6,6.75,3.833333333,4.133333333,2.4,3.1,5,4,2.25,2.5,,2,3,2.5,0,1,Gary Johnson,2,2,2,2,2,2,2,2,,15,15,50,20,2,16,4,1,1,21,"2,3,4,5,6",3,,6,1,21,1,2,4,3,Johnson,2,1,2
57,44,4,3,4,3.5,3.625,6,5.5,5.75,5.333333333,3.533333333,3.4,3.4,3.333333333,9,4.25,2.8,,3.4,4,4,0,1,Hillary Clinton,2,3,2,2,2,2,2,2,,20,30,20,30,3,12,2,2,2,21,1,3,,3,1,21,1,2,3,3,Clinton,2,1,2
50,34,4,4,3,3,3.5,5.75,6,6.75,3.333333333,3.533333333,4,3,3.333333333,2,2.25,3.5,40,3.2,3,4,0,1,Hillary Clinton,2,2,2,2,2,1,2,1,ADHD,10,0,50,40,4,15,1,2,2,21,2,3,,3,1,21,1,2,2,2,Clinton,2,1,2
79,34,4,4,4,4,4,6.75,6,5.25,7,3.666666667,4.1,3.3,1.666666667,6,1.5,2.9,50,2.2,3.5,3.5,0,1,Gary Johnson,3,3,,,1,,,,,30,30,30,10,5,11,2,1,2,19,"2,3,4,5,6,7",3,,1,1,1,1,2,4,4,Johnson,1,1,2
61,34,4,4,4,4,4,7,5.5,4.75,5.833333333,3.866666667,3.4,3.1,1,7,2,3.1,,3.4,3,5,0,1,neither,4,4,2,2,2,2,2,2,,30,20,45,5,4,12,3,1,2,22,1,3,,5,1,22,1,2,5,6,neither,2,1,2
74,36,4,4,4,4,4,6.25,6.25,7,3.333333333,3.2,3.8,3,1.666666667,4,1.5,3.7,,3.8,4.25,3,1,1,Clinton,3,4,2,2,2,2,2,2,,30,30,20,20,4,9,1,1,2,20,1,3,,8,1,20,1,2,2,2,Clinton,2,4,2
71,37,3.5,4,4,4,3.875,5,6.25,6,2.5,3.2,3.2,3.3,3,3,1.75,3.9,42,3,2.75,4,1,1,Bernie Sanders everyday,5,3,2,2,1,2,2,,,0,0,80,20,2,12,1,2,2,20,"2,3,4,5",3,,2,1,16,1,2,1,3,Sanders,2,3,2
67,38,3.5,4,4,3,3.625,6,6.25,6,5.666666667,4.333333333,2.5,3.4,3,7,1,2.4,,3.2,3,3,0,1,Donald trump,4,3,2,2,2,2,2,2,,20,30,30,20,3,12,3,2,2,18,1,3,,7,1,18,1,2,5,6,Trump,2,1,2
63,26,3.5,4,3,3,3.375,4.75,5.5,5.5,3.5,2.533333333,4.3,1.9,1.333333333,0,4.25,3.8,,3.2,3.5,3,1,1,Clinton,5,4,2,2,2,2,2,2,,25,45,15,15,4,7,5,1,2,20,"2,3,4,5,7",3,,4,1,20,1,2,3,3,Clinton,2,4,2
65,32,4,4,4,4,4,4.75,4.5,4,5.333333333,4,2.7,3.1,1,2,2,3,42,1.8,2.5,2.5,0,1,Donald Trump,5,4,2,2,2,2,2,2,,12.5,12.5,50,25,2,11,4,1,2,18,"2,3,4,5,7",3,,5,1,18,1,2,6,6,Trump,2,1,2
54,31,4,4,3.5,4,3.875,4.5,6.25,1,2.5,3.533333333,4.2,3,3,2,1.25,3.7,29,3,3.25,4,0,1,Hillary Clinton,2,4,2,2,2,1,2,,,15,15,50,20,2,14,1,1,2,19,"2,4",3,,4,1,19,1,2,2,1,Clinton,2,1,2
73,35,4,3,2.5,4,3.375,5.75,5.75,5.75,5.333333333,3.4,4.6,2.8,2,6,1.5,2.5,,3.2,2.5,3,0,1,Hillary Clinton,2,2,2,2,2,2,2,2,,55,0,35,10,4,9,4,1,2,20,"3,7",3,,5,1,20,1,2,3,2,Clinton,2,1,2
68,33,4,4,4,4,4,7,6.25,7,4,2.8,4.8,3.2,2,0,2,3.7,,4,3,3.5,0,1,Clinton and Kaine,4,3,2,2,2,2,2,2,,20,10,40,30,3,12,2,1,2,21,"2,4,6",3,,7,1,21,1,2,2,2,Clinton,2,1,2
58,30,4,4,3.5,4,3.875,2.5,6,3,2,3.4,3.7,2.4,1,0,1.25,3.9,31,2.8,3,2,1,1,Hilary Clinton,3,3,2,2,2,2,2,1,Anxiety,10,20,40,30,3,16,4,1,2,21,1,3,,1,1,21,1,2,2,2,Clinton,2,4,2
60,33,4,4,4,3,3.75,5.5,4.5,7,4.5,2,4.5,3.1,1,4,1,2.4,42,3.2,1.75,4,1,1,"Bernie, then Hillary",3,2,2,2,2,2,2,2,,30,10,40,20,3,18,1,1,2,22,3,3,,7,1,3,1,2,1,1,Sanders-Clinton,2,4,2
69,40,3,4,2.5,4,3.375,3.25,5,3.25,3.166666667,3.333333333,4,2.7,3,1,2,3.4,32,3.4,2.75,3,0,1,I didn't vote because I did not feel as if either candidate accurately represented our country.,3,3,2,2,2,1,2,2,,95,95,90,85,5,11,5,1,2,20,1,3,,2,1,20,1,2,4,4,notvote,2,1,2
59,29,3.5,3.5,3.5,4,3.625,6.5,5,4.25,1.666666667,1.666666667,4.3,3.6,1.666666667,6,3.25,4.3,17,2.8,3.25,3,0,1,"Bernie Sanders, and then Hillary Clinton after she took the nomination",4,3,1,2,2,1,2,,,10,0,80,10,5,11,2,1,2,20,1,3,,2,1,20,1,2,1,2,Sanders-Clinton,1,1,2
60,43,3.5,3.5,2.5,3,3.125,7,7,7,6.166666667,4.066666667,3.1,3,2.333333333,4,1.25,2.4,,2.6,3.75,3.5,0,1,Neither,3,3,2,2,2,2,2,2,,30,30,15,25,5,10,2,1,1,19,"3,5",3,,6,1,19,1,2,,4,neither,2,1,2
73,44,2.5,2,2.5,3.5,2.625,6,3.25,7,6,4.466666667,4,3.9,2,8,1.75,1.7,,5,4.5,5,0,1,Trump,5,5,2,2,2,2,2,2,,35,20,35,10,5,8,5,4,2,19,"2,4",3,,5,1,19,1,2,6,6,Trump,2,1,2
51,40,3.5,2.5,4,4,3.5,7,7,7,7,4.266666667,2.8,3.9,1,3,1.25,2,50,2.6,3.25,4,1,1,Hillary Clinton,4,4,2,2,2,2,1,2,,30,30,30,10,4,9,2,1,2,20,5,3,,6,1,20,1,2,2,1,Clinton,2,2,2
46,40,3.5,3,3.5,3.5,3.375,6.5,5.75,6.25,4.166666667,3.866666667,3.3,2.6,1.666666667,7,3,3,,2.8,3.5,3,0,1,Hillary Clinton,4,4,2,2,2,2,2,2,,30,30,25,15,4,9,2,1,2,18,"3,5",3,,8,1,18,1,2,4,3,Clinton,2,1,2
71,32,4,4,4,3.5,3.875,6.5,5.25,4,4.166666667,3.733333333,4.3,2.6,2,7,1.75,3.8,44,3.6,2.75,4,0,1,Hillary Clinton,4,4,2,2,2,1,1,,,30,30,25,15,4,11,3,1,1,19,"2,4",3,,1,1,19,1,2,2,2,Clinton,2,1,2
50,31,3,4,3.5,4,3.571428571,4.25,4.5,6.25,4.166666667,2.733333333,2.7,2.888888889,3,7,1.666666667,3,39,3,4,4.5,0,1,Clinton,1,2,2,1,2,1,2,2,,20,0,50,30,2,12,2,1,3,,2,3,,4,1,21,0,1,2,1,Clinton,1,1,2
64,40,3.5,4,3.5,3,3.5,1.25,7,7,3.166666667,3.2,3.6,3.7,1,6,1.25,3.4,39,3.8,3.25,5,,1,Hillary I Guess,1,1,1,2,2,1,1,,,0,0,50,50,1,25,1,4,3,,"2,3,6,7",3,,2,1,20,0,1,,,Clinton,1,8,2
64,34,3,4,3.5,3,3.375,6.25,5.75,5.25,3.833333333,3.8,4,3.1,3.333333333,4,2.5,3.2,36,3.6,2.75,4,0,1,Hillary Clinton,2,3,2,1,2,1,2,2,,10,20,40,30,2,10,2,1,2,,"3,5",3,,5,1,20,0,1,1,3,Clinton,1,1,2
68,31,4,4,4,4,4,6.25,6.25,7,5,2.6,4.9,2.9,7,10,3,4,,3.8,2.25,4,0,1,Hillary Clinton,5,4,2,2,2,2,2,2,,30,25,30,15,5,10,2,1,2,,"2,3,4,5",3,,7,1,19,0,1,2,2,Clinton,2,1,2
57,32,3,4,3,3,3.25,4.25,6.5,4,2.5,3.666666667,4.5,2,1.666666667,5,2.25,3.1,41,3.6,1.75,3.5,0,1,Hillary Clinton,2,1,2,2,2,1,2,2,,20,0,40,40,3,11,1,1,2,,1,3,,7,1,21,0,1,2,2,Clinton,2,1,2
54,39,4,3.5,4,4,3.875,3.25,6,7,3.333333333,3.6,3.4,3.5,1.333333333,7,1,2.4,46,2,4,5,0,1,clinton,1,1,2,2,2,1,2,2,,9,1,40,50,3,14,1,2,2,,"3,5,7",3,,3,2,,0,1,2,3,Clinton,2,1,2
50,34,4,4,4,4,4,1.75,5.5,4.5,4.166666667,3.066666667,2.8,3.1,4.666666667,4,2,3.1,,1.8,4,4,1,1,Hillary,4,3,2,2,2,2,2,2,,0,0,50,50,1,14,1,1,2,,"2,4",3,,1,1,19,0,1,2,2,Clinton,2,4,2
53,32,4,2.5,4,3.5,3.5,7,6,5.25,6,4.066666667,3.9,2.9,1.666666667,2,1.5,2.5,,3.2,3.25,3.5,0,1,Hilary Clinton,2,4,2,2,2,2,2,2,,50,10,10,30,4,26,2,1,2,,"2,3,4,5,6,7",3,,1,1,20,0,1,2,2,Clinton,2,1,2
54,33,4,4,4,4,4,1,2.75,3,1.166666667,1.4,4.5,2.7,1,2,2,4.9,25,4.4,4.25,4,0,1,Bernie Sanders,1,1,,,,,,,"Depression, anxiety, ADD",20,0,40,40,2,11,1,1,2,,2,3,,8,1,18,0,1,1,1,Sanders,2,1,2
58,46,3.5,3.5,3.5,3,3.375,6,5.75,6.5,4.166666667,3.066666667,3.3,3,4.333333333,3,1.25,3.4,41,2.8,2,4,0,1,Clinton (was Bernie),3,5,2,2,2,1,2,2,,30,10,50,10,3,14,2,2,3,,"3,5",3,,4,1,20,0,1,2,3,Sanders-Clinton,2,1,2
57,38,4,4,3.5,3.5,3.75,5.5,5.75,4.75,4.166666667,3.466666667,4.5,2.7,1,5,2,3.1,,1.6,3.75,3,1,1,hillary,1,1,2,2,2,2,2,2,,30,10,20,40,3,14,1,1,2,,"2,3,4,5",3,,8,1,20,0,1,1,2,Clinton,2,4,2
64,33,2,4,3.5,3.5,3.25,6.25,6.25,1,2,2.4,5,1.9,1,2,1,4.5,34,1.2,1,3,0,1,Clinton,4,2,2,2,1,1,2,2,,10,0,40,50,2,26,1,1,2,,"2,3,4,5,6,7",3,,1,1,18,0,1,2,3,Clinton,2,1,2
62,41,3.5,4,2.5,4,3.5,4.25,6.25,7,3.333333333,2.6,2.5,3.2,4,3,2.5,3.5,,1.4,1.5,1,1,1,None,3,3,2,2,2,2,2,2,,10,40,40,10,2,10,2,1,2,,"2,4,6",3,,3,1,,0,1,4,,neither,2,3,2
52,37,4,3,3.5,3.5,3.5,5,6.75,7,3.166666667,3.2,3.6,2.5,2.333333333,2,1,3.9,25,3,2.25,2,0,1,Hilary,3,3,2,2,2,1,2,2,,50,50,80,20,2,9,1,1,2,,2,3,,2,2,,0,1,,,Clinton,2,1,2
52,34,3.5,4,4,3.5,3.75,2.25,3.5,2.75,2,1.733333333,3.3,2.8,2.333333333,1,2.5,4.2,27,2.2,2.5,3,0,1,idk Not Trump though,3,1,2,1,1,1,2,,,5,20,35,40,3,26,1,2,3,,"2,4",3,,5,1,20,0,1,2,3,Trump,1,1,2
54,35,3,3.5,2.5,3.5,3.125,5.5,3,1.5,5.166666667,2.866666667,1.9,3.1,5,5,2.25,3,,2.2,1,1,0,1,Hillary Clinton,3,3,2,2,2,2,2,2,,10,10,30,50,2,8,1,1,1,,"3,5,7",3,,6,1,19,0,1,2,2,Clinton,2,1,2
56,38,4,4,3.5,3,3.625,4.25,7,7,3,2.933333333,3.7,3.1,1,4,2.25,3.2,44,3.4,4.25,3.5,0,1,I am not a US citizen,1,1,2,1,2,1,2,2,,5,0,20,75,2,12,1,1,3,,2,3,,1,2,,0,1,1,4,CannotVote,1,1,2
60,35,2.5,4,4,3.5,3.5,5,6.5,6.5,5.333333333,2.4,4,3,2,2,1,2.5,,2.8,3,2,0,1,Hillary Clinton,2,3,2,2,2,2,2,2,,10,0,80,10,3,14,1,4,3,,1,3,,2,1,21,0,1,2,3,Clinton,2,1,2
49,43,2.5,4,3,3.5,3.25,4.75,6,7,2.166666667,2.4,3.4,2.5,1,5,2.25,3.9,32,2.6,3.5,2,0,1,Hillary Clinton,2,2,2,1,1,1,2,2,,30,25,20,25,3,13,1,2,2,,"4,5,6",3,,2,2,,0,1,1,1,Clinton,1,1,2
45,39,4,3.5,4,4,3.875,6.5,5.25,7,6,4.733333333,2.3,3.5,6,2,1.5,2.6,,3,2.75,3,0,1,Bernie sanders,2,5,2,2,2,1,2,2,,20,5,70,5,5,9,5,1,2,,1,3,,7,1,21,0,1,4,4,Sanders,2,1,2
56,33,3,4,2.5,3,3.125,5,5.25,2,2.666666667,3.133333333,3.3,2.2,1.333333333,1,1,3,28,2.4,2.75,2.5,0,1,Hillary Clinton,1,1,2,2,1,1,2,2,,20,0,40,40,2,26,1,2,3,,"2,4",3,,1,1,24,0,1,1,4,Clinton,2,1,2
59,33,3,4,3,3,3.25,3.75,5.25,5.75,4,3.066666667,4.4,2.5,2.666666667,4,1.75,3.8,,3.8,4.25,4,0,1,Hillary Clinton,2,3,2,2,2,2,2,1,I am mentally ill but it is not considered a disability,0,0,80,20,1,9,1,1,2,,"2,6",3,,1,1,18,0,1,1,3,Clinton,2,1,2
59,39,4,3.5,4,3.5,3.75,5,6,6.75,5,3.866666667,3.4,2.9,3.333333333,6,1,2.4,40,3.2,2.75,3,0,1,Hillary Clinton,1,2,2,2,2,1,2,2,,15,0,40,45,2,9,2,2,2,,"3,5,7",3,,1,1,19,0,1,1,,Clinton,1,1,2
58,43,4,4,4,4,4,4.75,6.75,4.75,5,3.4,4.5,3.7,1.666666667,7,1,2.6,48,4,5,5,0,1,Hillary Clinton,1,3,2,2,1,2,2,2,,10,20,35,35,2,14,1,2,3,,"2,3,4,5,6",3,,1,1,20,0,1,1,1,Clinton,2,1,2
62,33,4,4,4,4,4,6,6.75,6.75,3.333333333,3.133333333,3.9,3.4,1.333333333,1,1.25,2.8,,3.8,2.25,3,0,1,Hilary Clinton,1,1,2,2,2,2,2,2,,10,5,70,15,4,14,2,1,2,,"3,5",3,,7,1,21,0,1,4,3,Clinton,2,1,2
68,38,4,3,4,4,3.75,6.75,5.5,4.5,5,1.733333333,2.9,3.1,1,2,1,2.8,55,3.6,2.75,3,0,1,Clinton,3,3,1,,,1,,,,0,0,50,50,1,14,1,1,2,,"2,4",3,,1,2,,0,1,2,4,Clinton,1,1,2
48,34,2.5,3.5,3.5,3.5,3.25,4.5,5.75,3.75,6.333333333,4.466666667,2.1,3.8,5.666666667,3,1.25,1.4,,2.2,2.25,1,0,1,Bernie Sanders,4,4,2,2,2,2,2,2,,10,0,50,40,2,14,1,1,1,,1,3,,7,1,21,0,1,6,3,Sanders,2,1,2
63,31,4,3,4,4,3.75,6.75,5.75,5,5.833333333,3.4,3.3,3.9,4,9,1.75,3.1,,2.8,3.75,4,1,1,Hillary Clinton,4,4,2,2,2,2,2,2,,25,30,40,5,4,11,2,1,2,,"2,4",3,,7,1,15,0,1,2,1,Clinton,2,4,2
77,60,4,3,4,4,3.75,2.75,4,7,4.166666667,5,2,3.1,2,1,3.75,2.9,50,2.2,3,3,0,1,None,4,5,2,2,2,2,2,2,,33,33,33,1,5,9,4,2,2,,"2,3,7",3,,2,1,18,0,1,4,4,neither,2,1,2
60,37,4,1.5,4,4,3.375,7,4.5,4.5,4.666666667,2.533333333,4,3.3,4.666666667,8,3.5,2.4,,3.8,4.5,2,0,1,Neither,4,5,2,2,2,2,2,2,,25,25,25,25,5,8,3,1,2,,1,3,,6,1,18,0,1,4,5,neither,2,1,2
80,39,3.5,4,3.5,3,3.5,6,4.75,4.75,5.166666667,4.533333333,3.6,2.6,1,0,1.5,3.5,,3.6,2.25,3,0,1,not sure,4,5,2,2,2,2,2,2,,25,50,25,0,3,7,2,2,2,,"2,3,6,7",3,,5,1,18,0,1,,2,dontknow,2,1,2
60,37,4,3,3.5,4,3.625,4.5,4.25,2.75,5.166666667,5.2,2.4,3.7,1.333333333,6,2,1.8,,3.6,1.75,2,0,1,"Clinton, but preferably neither",2,3,2,2,2,2,2,2,,20,20,25,35,3,10,3,1,1,,"3,7",3,,5,1,18,0,1,4,3,Clinton,2,1,2
71,37,4,4,4,4,4,3,5.25,4.25,4,3,4.4,2.1,2.333333333,4,1.5,3.1,42,3,3.5,4,1,1,Clinton,4,3,2,2,2,2,2,2,,25,30,25,20,3,7,4,1,2,,"4,5",3,,1,1,17,0,1,4,3,Clinton,2,4,2
53,28,4,4,4,4,4,5.25,5,5,4.666666667,3.866666667,2.6,2.9,1,5,1.5,3.2,,2.4,2.25,4,1,1,Clinton,3,4,2,2,2,2,2,2,,25,50,20,5,3,15,2,2,2,,"2,4,6",3,,1,1,19,0,1,5,3,Clinton,2,2,2
70,38,3.5,4,4,4,3.875,6.5,6.75,7,5.666666667,3.6,3.8,2.7,3.666666667,4,1.25,3,,3.8,2.75,4,0,1,Trump,5,5,2,2,2,2,2,2,,20,20,50,10,4,7,3,4,2,,3,3,,4,1,19,0,1,6,6,Trump,2,1,2
70,42,4,4,4,4,4,4.5,5,5,4.833333333,3.8,3,3.5,2,4,2,2.8,,3.2,3.25,4,0,1,Trump,4,4,2,2,2,2,2,2,,20,15,50,15,4,10,3,1,2,,"6,7",3,,5,1,19,0,1,6,6,Trump,2,1,2
69,39,3.5,3,4,3.5,3.5,5.75,6,6,5.5,4.6,2.8,3.1,1,1,1.25,2.8,45,3,1.5,1.5,0,1,Trump,5,4,2,2,2,2,2,2,,25,30,20,25,5,13,2,1,1,,1,3,,1,1,17,0,1,4,5,Trump,2,1,2
78,28,4,3,4,4,3.75,7,7,7,7,2.533333333,2.5,3,2.666666667,6,2,2.8,34,3,3.5,4,0,1,TRUMP,4,3,2,2,2,2,2,2,,30,35,25,10,5,10,5,1,2,,"2,3,7",3,,8,1,18,0,1,,6,Trump,2,1,2
39,39,3.5,3.5,3.5,3.5,3.5,1.5,1.5,1.25,1.666666667,3.533333333,3.5,1.8,1,2,2.75,3.9,16,2.6,2.25,2,,1,Sadly hilery,4,2,2,2,1,1,2,2,,,0,50,50,1,10,1,1,2,,2,3,,1,1,15,0,1,2,4,Clinton,1,8,2
55,29,3,2,1,3,2.25,6.5,6.75,7,5.833333333,4.733333333,1.4,2.6,1,2,1,1.8,,1,2,2.5,,1,,3,3,2,2,2,2,2,2,,0,0,50,50,2,26,5,1,2,,"2,3,4,7",3,,1,1,18,0,1,,,,2,8,2
49,37,3.5,3.5,4,3.5,3.625,6,7,4.75,3.666666667,3.133333333,3.3,2.9,1.333333333,5,2.5,3.4,,3.4,3.75,3,0,1,Hillary Clinton,2,3,2,2,2,2,2,2,,35,10,15,40,4,13,1,1,1,,"3,5,7",3,,7,1,20,0,1,2,2,Clinton,2,1,2
73,32,4,4,4,4,4,6.75,6,6,5.166666667,4.733333333,3.6,3,2,4,2,3.2,42,3.4,3.5,4,,1,Hillary Clinton,5,4,2,2,2,2,2,2,,30,30,20,20,4,11,2,1,1,,"3,5,7",3,,8,1,19,0,1,2,1,Clinton,2,7,2
56,34,4,3.5,3,3.5,3.5,3.5,5.25,4,3.5,3.2,4.2,2.9,4.666666667,8,1.75,3.5,,2.6,2.25,2.5,0,1,sanders,2,3,2,2,2,2,2,,,0,0,60,40,2,26,4,1,2,,3,3,,1,1,21,0,1,4,5,Sanders,2,1,2
59,43,3,3.5,2.5,3,3,4.75,6,4.75,5.5,3.866666667,2.3,2.7,5,6,2,2.7,,2.4,4,3,0,1,,4,4,2,2,2,2,2,,,33,,34,33,4,9,2,1,2,,"2,4,6",3,,7,1,18,0,1,4,5,,2,1,2
69,36,4,3,4,4,3.75,6,7,6,6,4.8,3.1,2.9,2.333333333,2,1,2.1,34,3.4,3.25,4,0,1,Hilary,4,4,2,2,2,2,2,2,,20,40,20,20,4,9,2,2,2,,"2,3,4,5",3,,3,1,21,0,1,5,5,Clinton,2,1,2
69,38,4,3,3.5,3.5,3.5,7,6.5,6,6.5,4.866666667,3.4,3.9,1.333333333,7,1.5,2.2,,3.4,3,3,0,1,Hillary Clinton,5,5,2,2,2,2,2,2,,25,20,35,20,4,12,2,1,1,,"3,4",3,,5,1,19,0,1,2,1,Clinton,2,1,2
60,32,4,4,4,4,4,4.5,6,6.5,3.5,4.066666667,3.5,3,1,3,1,2.8,,2.8,2.25,5,0,1,Hillary Clinton,1,4,2,2,2,2,2,2,,0,0,60,40,1,26,1,1,3,,"3,5,7",3,,8,1,21,0,1,2,1,Clinton,2,1,2
74,36,3.5,4,4,4,3.875,6.25,5.75,6,4.333333333,1.866666667,3.7,3.5,3,5,4.5,3.4,46,4.6,4,4.5,0,1,Trump,4,5,1,1,1,2,1,,,40,30,20,10,4,9,3,1,2,,"2,4,6",3,,1,1,19,0,1,5,4,Trump,1,1,2
62,33,3.5,4,3.5,4,3.75,4.75,5.25,7,3.5,2.466666667,2.9,3.2,2,0,1.75,3.3,,1,1,1,0,1,Clinton,2,3,2,2,2,2,2,2,,20,30,30,20,3,12,2,1,1,,"2,3,5,6,7",3,,6,1,20,0,1,2,2,Clinton,2,1,2
55,29,3,4,3,3.5,3.375,2.75,3.75,3,1.166666667,2.933333333,3.1,2.9,4,2,2.75,3.8,42,2.6,3,4,0,1,"I really wanted Bernie, but Hillary has my vote.",1,1,2,2,2,2,2,1,I've just never seen a professional to be diagnosed.,20,20,40,20,2,12,3,1,2,,"2,3,7",3,,4,1,19,0,1,2,1,Sanders-Clinton,2,1,2
75,38,4,3,3.5,3.5,3.5,6,6,6,5.166666667,3.6,2.9,2.9,3.333333333,3,1.75,3.1,,3,3,4,0,1,Trump,4,4,2,2,2,2,2,2,,25,25,40,10,4,11,4,1,1,,3,3,,6,1,18,0,1,4,4,Trump,2,1,2
62,36,4,4,4,4,4,7,7,7,4.166666667,3.533333333,2.8,3,1,2,3,3.9,24,2.4,2.25,2.5,0,1,Hilary Clinton,2,2,2,2,2,1,2,2,,0,50,25,25,2,26,1,4,2,,"2,3,4,5,6,7",3,,1,1,18,0,1,1,1,Clinton,2,1,2
68,32,3.5,3.5,3.5,3.5,3.5,7,5.75,3,2.166666667,3.6,4.5,2.6,1,1,3,3.4,,3.8,4.75,3,0,1,Trump,5,3,2,2,2,2,2,2,,30,30,25,15,5,10,5,1,1,,1,3,,7,1,19,0,1,6,6,Trump,2,1,2
53,42,4,4,4,4,4,3.75,3.5,3,3.333333333,2.266666667,2.3,2.9,2,4,3.25,3.7,50,2.2,3.5,3,1,1,Hillary Clinton,2,3,2,2,1,2,2,2,,20,10,50,20,4,14,2,1,2,,"2,6",3,,3,1,19,0,1,2,2,Clinton,1,5,2
69,35,4,3,4,4,3.75,7,6.75,1.25,3.833333333,4.4,2.4,3.8,3.666666667,10,1.75,3,,4.4,1.75,4,0,1,DONALD TRUMP,5,5,2,2,2,2,2,2,,20,50,20,10,4,9,5,2,1,,"2,6",3,,4,1,19,0,1,7,7,Trump,2,1,2
71,28,4,4,3.5,4,3.875,6.25,6.75,7,6.833333333,3.066666667,3.7,3.2,4,4,1,3.2,,3.2,2.25,2,0,1,nobody,5,5,2,2,2,2,2,2,,25,25,35,15,5,9,4,1,2,,"2,3,4,5",3,,7,1,18,0,1,,6,neither,2,1,2
71,43,4,3.5,4,4,3.875,7,7,4.75,5,4.533333333,3.2,3,2,0,2,2.5,,2.2,2,2,0,1,Donald Trump,3,3,2,2,2,2,2,2,,20,20,40,20,4,9,2,2,1,,"3,5,7",3,,1,1,19,0,1,6,6,Trump,2,1,2
73,39,4,3.5,4,3.5,3.75,6.75,7,7,6.666666667,3.066666667,2.9,3.3,4.666666667,7,1.75,1.8,34,2.6,1.75,4.5,0,1,Donald Trump,4,5,2,2,2,2,2,2,,30,30,25,15,4,8,4,1,1,,"2,3,4,5,6,7",3,,1,1,19,0,1,4,3,Trump,2,1,2
80,36,3.5,4,4,4,3.875,4,5.25,1.75,3.666666667,3.266666667,2.9,3.7,2.666666667,4,1.5,3.1,42,2,3.75,4,0,1,Trump,4,4,2,2,2,2,2,2,,39,20,40,1,5,8,2,1,1,,"2,3,4,5,6,7",3,,6,1,21,0,1,6,6,Trump,2,1,2
72,37,4,4,3.5,3.5,3.75,7,5.5,6,5.833333333,4.8,2.7,3.7,3.333333333,5,3,2.2,66,3.8,4.5,2.5,0,1,Gary Johnson,5,5,2,2,1,2,2,,,10,0,70,20,3,12,1,2,1,,"3,5,7",3,,8,1,18,0,1,4,4,Johnson,2,1,2
60,39,3.5,2,3,3.5,3,4.5,5,5.5,5.5,3.4,3.6,3.5,6,6,2,2.6,59,2.8,1.75,4.5,1,1,Hillary Clinton,3,3,2,1,1,2,2,2,,25,30,20,25,4,12,3,1,1,,1,3,,1,2,,0,1,3,3,Clinton,2,4,2
69,32,3.5,1.5,3,4,3,5.5,4.75,4.75,5.5,4.6,2.3,2.9,3.666666667,3,1.5,2.4,,2.4,3.25,2.5,0,1,Gary Johnson,2,4,2,2,2,2,2,2,,20,20,18,40,4,9,4,1,1,,4,3,,1,1,19,0,1,6,6,Johnson,2,1,2
76,44,3.5,3,4,3,3.375,5.5,6,7,6,3.666666667,2.1,4,2,7,1.75,3.1,40,3.6,3.75,4,0,1,Donald Trump,4,4,2,2,2,2,2,2,,40,5,40,15,5,14,2,2,2,,"2,3,7",3,,4,1,19,0,1,6,6,Trump,2,1,2
60,35,3.5,3.5,3.5,3.5,3.5,6.25,5.75,5.5,4.5,4.066666667,2.8,3.1,3,2,1.25,2.1,53,2.6,2.75,3,0,1,Bernie Sanders,4,5,2,1,2,2,2,2,,35,25,15,25,4,9,1,1,1,,"3,5,7",3,,1,1,18,0,1,2,3,Sanders,2,1,2
37,25,4,4,3.5,3.5,3.75,5.25,5.25,4.5,3.166666667,4.266666667,3.3,3,4,4,2.5,3,34,3,3,3,1,1,Hillary Clinton,4,4,2,2,2,2,2,,,15,15,50,20,2,9,3,4,1,,2,3,,2,1,18,0,1,2,3,Clinton,2,3,2
72,33,4,4,3.5,4,3.875,6,6,6,4.666666667,3,4.1,2.7,1.666666667,5,2.25,4.1,,4.2,4,4,0,1,Gary Johnson,4,4,1,2,2,2,2,2,,30,10,40,20,4,10,1,2,2,19,"3,5,7",3,,3,1,19,1,1,4,3,Johnson,2,1,2
60,49,4,4,4,3.5,3.875,5.25,6.75,6.25,4.666666667,2.6,3.5,2.4,3.333333333,1,3,3.6,,2.4,3.25,3.5,0,1,Hillary Clinton,1,3,2,2,2,2,2,2,,25,10,25,40,3,11,4,1,2,20,"2,6",3,,1,1,20,1,1,2,2,Clinton,2,1,2
67,39,2,4,3,4,3.25,5.75,5,6,3,3.6,2.5,2.9,4,1,1,3.4,45,2,2.25,2.5,1,1,Clinton,1,3,,,1,1,,,,10,0,65,25,2,9,5,1,2,21,"2,6",3,,1,1,20,1,1,3,3,Clinton,1,4,2
40,38,3.5,4,4,3,3.625,7,6,7,4.5,1.933333333,3.9,2.7,2.333333333,5,1.5,4.2,,3.4,3,4,0,1,Hilary Clinton,4,4,2,2,2,2,2,2,,0,0,0,100,5,8,2,1,2,19,7,3,,1,1,19,1,1,4,3,Clinton,2,1,2
69,35,4,3.5,4,3,3.625,6.25,7,7,3.833333333,3.866666667,3.6,3.1,4.333333333,6,3.75,3.6,,3,4.25,3.5,0,1,,4,4,2,2,2,2,2,2,,20,25,50,5,3,8,3,4,2,20,"2,3",3,,2,1,20,1,1,,4,,2,1,2
77,58,4,4,4,4,4,1.5,4.75,3.25,3.333333333,2,3.7,3.3,4.333333333,5,2,4.1,,4,3.25,4,0,1,third party,3,3,,,,,,,,30,30,25,15,5,12,3,1,2,19,3,3,,1,1,19,1,1,,4,thirdparty,2,1,2
62,38,4,3.5,4,3.5,3.75,5.5,6.25,7,5.5,1.6,4.2,3,5.333333333,5,1.5,3.8,32,4.4,4.75,4,0,1,Clinton,2,4,2,2,2,1,2,2,,20,15,20,45,3,10,1,1,2,20,3,3,,5,1,20,1,1,2,2,Clinton,2,1,2
73,35,4,4,4,4,4,7,4.75,3,4.333333333,3.133333333,4.8,3.4,1,0,1.25,3.2,42,4,2.5,3,0,1,Clinton,4,4,2,2,2,2,2,2,,20,25,40,15,4,7,2,1,2,19,"3,5",3,,1,1,19,1,1,,5,Clinton,2,1,2
78,36,3.5,4,3.5,3,3.5,6,3.25,7,3.666666667,2.666666667,4.2,3.2,2.666666667,4,4.5,3.5,43,3.6,2.5,4.5,0,1,Donald Trump,3,2,2,2,2,1,1,2,,40,40,15,5,5,7,4,1,2,19,"2,4,6",3,,4,1,19,1,1,4,6,Trump,2,1,2
67,43,4,4,4,4,4,3,2.25,5,3.166666667,5,3.6,3.8,1,1,3.75,4.1,44,1.8,2,3,0,1,Hillary Clampton,1,3,2,2,2,2,2,2,,0,0,0,100,1,24,1,1,1,20,1,3,,4,1,20,1,1,1,1,Clinton,2,1,2
56,29,4,4,4,3,3.75,5,4.75,3.5,4.666666667,5.6,2.7,2.7,3.666666667,7,2,2.9,34,3.2,3.25,2.5,0,1,"None, but Trump over Clinton",4,5,2,2,2,2,2,2,,30,20,30,20,5,8,3,1,1,20,"2,3,4,5",3,,5,1,20,1,1,5,5,Trump,2,1,2
74,35,3.5,4,3,3.5,3.5,7,4.5,7,3.333333333,3.666666667,3.5,3.6,2.333333333,6,2.5,3,47,2.6,2.75,2,0,1,Hilary Clinton,4,4,,,1,1,,,,20,25,40,15,5,9,2,1,1,18,5,3,,7,1,18,1,1,2,2,Clinton,1,1,2
52,38,4,4,4,4,4,7,6.5,4,5.5,3.466666667,2.4,3,5,5,1.25,3.2,42,2.4,3,5,0,1,Hillary Clinton,4,4,2,2,2,2,2,2,,0,40,50,10,2,16,1,1,2,19,"2,4",3,,5,1,19,1,1,2,1,Clinton,2,1,2
76,29,3.5,3.5,3,3,3.25,5,5,5,3.666666667,3.4,3.2,3,3.666666667,5,1.25,2.8,,3.8,3.5,4,1,1,Hillary Clinton,5,5,2,2,2,2,2,2,,20,15,45,20,3,9,3,4,1,18,2,3,,2,1,18,1,1,2,3,Clinton,2,3,2
64,37,4,4,4,4,4,3.25,5.75,5.25,2.833333333,3,3.5,3.9,1.333333333,4,1,4.3,27,3.2,2.75,3,0,1,Donald Trump,4,4,2,2,2,1,2,2,,35,35,25,5,4,9,4,2,1,19,3,3,,7,1,19,1,1,5,6,Trump,2,1,2
64,35,4,3.5,4,3.5,3.75,5,4.5,1.25,2.166666667,2.733333333,2.3,2.5,5,1,1,3.7,,1,1,1,0,1,Donald J Trump,5,4,2,2,2,2,2,,,35,30,15,20,5,17,5,1,1,19,3,3,,1,1,19,1,1,7,5,Trump,2,1,2
58,38,1.5,4,3.5,3,3,4.75,3.75,4.5,4.333333333,3.066666667,4.3,3,1,3,1,3.4,44,2.2,3,5,0,1,Hillary Clinton,1,1,2,2,2,2,2,2,,20,0,40,40,3,17,1,1,2,20,"2,4,6",3,,1,1,20,1,1,2,2,Clinton,2,1,2
78,33,4,4,4,4,4,7,7,7,5.833333333,2.4,3,3,2,6,1,3,,3.2,4,4,0,1,TRUMP,4,4,2,2,2,2,2,2,,30,30,30,10,5,10,2,1,2,18,"2,3,4,7",3,,8,1,18,1,1,6,6,Trump,2,1,2
56,32,3.5,4,4,4,3.875,6.25,6.25,1,1.5,4,1.9,2.6,4.333333333,3,1,4,28,3.6,2.75,4.5,0,1,Hillary Clinton,2,1,2,2,2,1,2,,,20,30,40,10,4,11,1,1,2,20,"2,4,6",3,,5,1,20,1,1,2,1,Clinton,1,1,2
53,29,4,4,3,4,3.75,4,5.25,5,2.833333333,4.266666667,4.6,1.8,1,0,1.5,3.6,,2.4,2.25,3,,1,Hillary Clinton,2,1,2,2,2,2,2,2,,15,15,40,30,4,16,2,4,1,19,"2,3,7",3,,1,1,19,1,1,2,2,Clinton,2,7,2
75,38,4,4,4,4,4,6,4.75,7,5,2,3.9,3.1,5.666666667,6,5.5,3.4,42,1.8,1.5,2,0,1,bernie,3,3,2,2,2,2,2,2,,70,10,20,0,5,8,5,1,1,19,"2,4,6",3,,1,1,19,1,1,,3,Sanders,2,1,2
59,31,4,4,4,4,4,5.5,5.25,3.75,2.333333333,3.4,3.5,2.2,3.333333333,1,1.5,3.2,,2.8,2.75,2,,1,Hillary Clinton because #IGuessImWithHer,4,4,2,2,2,2,2,2,,20,20,40,20,4,14,3,1,2,19,1,3,,5,1,19,1,1,2,2,Clinton,2,7,2
67,34,3.5,3.5,3.5,4,3.625,6.75,6.75,6,6.166666667,3.466666667,4.6,3.6,1,6,1.5,2.6,,3.6,3.25,3.5,0,1,Hillary Clinton,1,2,2,2,2,2,2,,,30,0,35,35,4,26,1,1,2,19,"3,5",3,,2,1,19,1,1,3,3,Clinton,2,1,2
75,31,4,4,4,3.5,3.875,6,5.5,4.25,2.166666667,3.666666667,4.6,2.3,2.666666667,0,2.25,3.9,,4,4.75,4.5,0,1,I do not truly support either,4,3,2,2,2,2,2,2,,30,30,20,200,5,10,3,1,1,19,1,3,,7,1,19,1,1,6,5,neither,2,1,2
65,35,4,4,4,4,4,3,4.75,7,3,3.133333333,3.1,2.9,2.333333333,8,4,3.9,40,3.2,2.5,3,0,1,Hillary Clinton,2,2,2,2,2,1,2,2,,30,35,20,15,4,10,1,1,2,18,"2,4",3,,5,1,18,1,1,1,2,Clinton,2,1,2
62,30,4,3.5,3.5,4,3.75,6.75,6,6.25,5,4.8,4.2,2.8,1.333333333,1,1.25,2.8,41,2.4,1.5,2.5,0,1,Clinton,1,4,2,2,2,1,2,2,,25,30,20,25,4,26,2,2,1,18,"2,4",3,,2,1,18,1,1,2,3,Clinton,2,1,2
62,36,4,3,3.5,3.5,3.5,5.5,5.5,5,4.333333333,4.266666667,3.6,2.6,1,2,1.75,3.3,34,1.8,3,2.5,0,1,Hillary Clinton,3,4,,,,1,,,,10,5,60,25,2,12,2,2,2,18,"2,3,5,6,7",3,,5,1,18,1,1,1,1,Clinton,1,1,2
66,36,4,4,4,4,4,6.5,6.5,5.5,5.5,3.933333333,3.5,3,1.666666667,3,1.5,3.7,,2.8,3.75,3,0,1,Unknown,4,3,2,,2,2,2,2,,12,12,65,11,4,9,2,1,2,20,1,3,,5,1,20,1,1,3,2,dontknow,2,1,2
56,43,3,3,3,3,3,4.75,4.5,4.75,4.166666667,4.133333333,3.1,2.8,2,6,3,2.7,41,3.6,3.25,2,0,1,Donald Trump,4,5,2,2,2,2,2,2,,33,33,33,1,4,8,3,2,2,18,"2,3",3,,2,1,18,1,1,4,4,Trump,2,1,2
55,26,3,4,3.5,3,3.375,3,6.75,6,3,2.066666667,4.2,2.4,4,1,2,3.8,30,2.6,3.75,4,0,1,Clinton,4,2,2,1,1,2,2,2,,30,20,20,30,3,11,2,2,2,19,2,3,,8,1,19,1,1,3,4,Clinton,2,1,2
57,37,3.5,3,4,3,3.375,3.5,5.25,2.25,3.666666667,3.333333333,3.5,2.8,3,3,1,3.9,35,1,1,1,0,1,Hillary Clinton,3,3,,,,1,,,,20,0,40,40,3,11,1,2,2,20,"2,3",3,,1,1,20,1,1,3,3,Clinton,1,1,2
62,33,3.5,3,3.5,3.5,3.375,7,6,6.25,4,3.466666667,3.7,2.9,5.333333333,7,2.25,3.8,,4,4,3.5,,1,Hillary Clinton,4,4,2,1,2,2,2,,,20,20,40,20,4,12,2,2,2,19,1,3,,4,1,19,1,1,4,2,Clinton,2,7,2
67,32,4,4,4,3,3.75,5.75,6.75,5.75,4.333333333,4.8,2.5,3,1.666666667,1,1.25,2.8,,3.8,3,3,1,1,None currently but I voted Bernie in the primary,1,2,2,2,2,2,2,2,,30,20,30,20,4,11,1,2,2,21,"2,4",3,,2,1,21,1,1,2,4,Sanders,2,4,2
67,37,4,4,4,3.5,3.875,3.5,4.75,5.75,1,3.4,3.7,2.4,1,0,4.75,4.1,19,2.4,3,3,0,1,I'm not from America,1,1,2,2,2,1,2,,,25,25,35,15,5,10,1,4,2,20,,3,1,2,2,,1,1,,,CannotVote,1,1,2
72,40,4,4,4,4,4,6,5.25,7,3.5,3.4,3.8,2.9,1.666666667,0,2.5,3.3,34,3.2,1.75,3,0,1,Hilary,3,3,2,2,2,2,2,2,,35,25,30,10,3,9,4,1,2,21,"2,6",3,,1,1,21,1,1,4,4,Clinton,2,1,2
68,39,4,3,3.5,3.5,3.5,6.5,6.5,6.5,4.833333333,4.533333333,3.2,3.4,1,1,1.25,3,32,2,2,2,0,1,Neither,5,5,1,2,2,2,2,2,,25,40,20,15,5,12,2,1,1,19,1,3,,3,1,17,1,1,4,5,neither,1,1,2
45,41,4,3,2.5,4,3.375,3.5,2.5,1.5,3.166666667,4.066666667,3.4,2.6,3.666666667,7,3,3.5,46,2.8,3,4.5,,1,I don't support any candidate. I am not sure if I will vote this year.,1,3,2,2,2,1,2,2,,5,5,50,40,2,26,1,2,3,21,"2,3,4,5,6,7",3,,6,1,15,1,1,3,2,neither,2,7,2
49,43,3,2.5,3,2,2.625,3.25,5.25,6,1.833333333,4.2,1.7,3.9,2.666666667,3,3.25,2.9,,4,2.75,1.5,1,1,Clinton,2,4,2,2,2,2,2,2,,20,35,30,15,3,14,2,2,1,18,"2,4,6",3,,2,1,18,1,1,1,3,Clinton,2,3,2
61,35,4,3.5,4,3.5,3.75,6.25,6.5,6,5.166666667,4.266666667,3.7,3.8,2,4,1.25,3,60,3.8,4,5,0,1,None of them but if I have to pick Hillary,3,3,2,2,1,2,2,,,15,5,40,40,2,7,1,2,2,19,2,3,,1,1,19,1,1,2,2,Clinton,2,1,2
65,34,2,4,3.5,2.5,3,2.25,3.25,3.75,2.833333333,2.066666667,1.5,3.2,1,1,2,4.7,42,1,1,1,0,1,Neither. I find both to be non compatible with the job.,3,2,2,2,2,2,2,2,,0,0,75,25,4,26,1,1,1,20,"2,4,6",3,,8,1,20,1,2,,,neither,2,1,2
68,32,3,4,3.5,3.5,3.5,6.75,5.75,7,3.666666667,3.4,3.9,2.8,3,4,1.5,4.1,38,4,3.75,4,1,1,"Hillary Clinton, only because she was a better option than Trump, who is just a joke.",4,3,2,2,2,2,2,1,"Occasionally depressed, but never officially diagnosed",30,15,40,15,3,9,5,1,2,20,1,3,,1,1,20,1,2,4,3,Clinton,2,4,2
71,32,4,3.5,4,4,3.875,6,5.75,6,5,3.266666667,4,3.2,3.666666667,2,2,3.2,,3.2,3.25,3.5,0,1,,5,4,2,2,2,2,2,2,,30,30,30,10,4,12,3,1,2,19,"2,4",3,,4,1,19,1,2,4,6,,2,1,2
74,33,4,4,4,4,4,6.5,6.5,6.75,6,3.066666667,2.8,3.2,1.666666667,2,1,2.6,,2.8,3.5,3,0,1,Hillary Clinton,5,5,2,1,2,2,2,2,,15,20,50,15,4,11,1,1,2,20,"3,5",3,,6,1,20,1,2,3,2,Clinton,2,1,2
68,32,4,4,4,4,4,7,6.75,6,5.333333333,3.266666667,4.2,3,4,10,2.75,3.3,,3.6,3.5,4,0,1,Hillary Clinton,4,4,2,2,2,2,2,2,,30,30,30,10,5,14,3,1,1,20,"2,3,4,5",3,,7,1,20,1,2,5,5,Clinton,2,1,2
57,28,3,4,3,3,3.25,4.25,3.5,2.5,1.666666667,3.333333333,4.4,2.1,4,1,1.75,4.2,,3.4,3.5,3.5,0,1,Neither,2,2,2,2,2,1,2,2,,10,10,30,50,3,5,3,1,2,,3,3,,1,1,21,0,1,5,5,neither,2,1,2
42,38,3,3.5,4,3.5,3.5,5.25,6,5,5.833333333,3.333333333,3,2.8,2.666666667,2,1,2.8,,2.6,2.5,2.5,0,1,Marco Rubio,2,3,2,2,2,2,2,2,,25,27,21,27,4,12,3,1,2,,3,3,,7,1,19,0,1,6,5,Rubio,2,1,2
58,43,2.5,3,2.5,4,3,5.75,6.5,2,5,4,2.8,3.3,3,4,3.5,2.9,,2.6,2.75,5,0,1,undecided,4,4,2,2,2,2,2,2,,30,25,30,15,4,9,3,1,2,,"2,4",3,,7,1,20,0,1,5,5,dontknow,2,1,2
53,29,3,4,4,3.5,3.625,5.5,6,5.25,2.333333333,4,5,2.6,1.333333333,2,3.75,3.9,25,2.6,2.75,3,0,1,Bernie Sanders,4,3,2,2,2,1,2,1,Vision (bad eyesight),20,30,30,20,4,9,2,1,2,,1,3,,1,1,18,0,1,2,2,Sanders,2,1,2
72,34,3.5,4,3,3.5,3.5,6.25,6,2,5.833333333,4.733333333,3.1,3.2,1.666666667,2,1,3,54,1.2,1,1,1,1,Hillary Clinton,5,5,2,2,1,2,2,2,,10,10,50,30,4,12,2,1,1,,"3,5,7",3,,5,1,19,0,1,2,2,Clinton,2,4,2
66,38,4,4,4,4,4,6.25,5.5,5,3.833333333,4.466666667,3.3,3.3,4.666666667,9,1.5,3,34,2.2,2,4,1,1,Bernie Sanders,3,4,2,2,2,2,2,,,10,40,40,10,2,14,1,1,2,,"2,3,4,7",3,,5,1,20,0,1,,,Sanders,2,2,2
64,37,4,3.5,4,4,3.875,7,7,7,5.166666667,3.733333333,3.8,3.5,2.333333333,2,2.25,2.9,,3.8,3.5,4,0,1,Bernie Sanders,3,3,2,2,2,2,2,,,30,40,30,0,4,9,2,1,2,,"2,4",3,,1,1,19,0,1,2,2,Sanders,2,1,2
73,34,4,3.5,4,4,3.875,6,6,6,5.166666667,3.733333333,4.2,3,3.333333333,2,3,2.9,,3.4,3,3.5,1,1,Bernie Sanders,3,3,2,2,2,2,2,2,,30,15,25,35,4,12,3,1,1,,"2,4,6",3,,1,2,,0,1,2,2,Sanders,2,4,2
51,34,4,4,4,4,4,7,7,7,6,3,3.6,3.4,1,8,2,2.7,,4.2,4,5,0,1,Kasich,4,4,2,2,2,2,2,2,,25,15,40,20,4,11,2,2,2,,"3,6",3,,2,1,18,0,1,4,6,Kasich,2,1,2
65,40,4,2.5,4,4,3.625,7,7,7,6.166666667,3.466666667,4.4,3,1.333333333,0,1,2.7,53,3,2.75,3,0,1,Hillary Clinton,2,3,2,2,1,2,2,2,,30,10,30,30,4,14,1,1,2,,"3,5",3,,1,1,22,0,1,2,2,Clinton,2,1,2
78,33,4,3,4,4,3.75,7,7,7,7,5.066666667,3.4,3,2,5,1,1.4,61,2.6,2,3,0,1,Bernie Sanders,1,3,1,2,2,2,2,2,,25,25,25,25,4,12,1,1,2,,"2,4",3,,6,1,19,0,1,2,1,Sanders,1,1,2
65,38,4,4,4,3.5,3.875,1,6,7,2.166666667,4.133333333,2.9,3.2,2.333333333,3,1.75,3.4,,4.4,4,5,0,1,Donald Trump,3,4,2,2,2,2,2,2,,25,25,35,15,5,9,2,1,2,,"2,3,4,5,6",3,,1,1,20,0,1,,,Trump,2,1,2
78,40,3,4,3,3.5,3.375,5,4,6.25,5,1.733333333,3.5,3,2.666666667,7,2.75,3.9,42,3,2.25,4.5,0,1,Trump,5,5,2,2,2,2,2,2,,50,30,15,5,5,7,4,1,2,,"2,3,4,5",3,,6,1,21,0,1,7,7,Trump,2,1,2
54,34,4,3,3.5,4,3.625,5,4.5,4.25,4.333333333,3.533333333,3.5,2.8,3,0,2,3.2,,3,3,3,0,1,,3,3,2,2,2,2,2,2,,20,35,30,15,4,9,3,1,2,,"2,3,4,5,6,7",3,,1,1,19,0,1,5,6,,2,1,2
76,39,3.5,4,4,3.5,3.75,7,3.75,7,3.166666667,1.333333333,,1.7,1,6,3.75,3.7,24,4.2,4,4,0,1,Bernie sanders,3,3,,,,1,,,,30,30,30,10,4,7,2,4,2,,5,3,,3,1,19,0,1,1,1,Sanders,1,1,2
54,35,4,4,4,4,4,6.5,5.25,7,5.5,3.933333333,2.7,3.2,1,3,1.25,3.4,,3,3,3,0,1,Hillary Clinton,1,2,2,2,2,2,2,2,,30,40,10,20,3,9,2,1,2,,"2,4,6",3,,6,1,21,0,1,2,1,Clinton,2,1,2
71,30,4,3,4,4,3.75,6.25,5.5,5.5,3.166666667,4.866666667,4.9,2.3,2.666666667,2,2.5,3.2,30,2.8,3.25,4.5,0,1,Bernie Sanders,3,4,2,2,2,1,1,2,,30,30,30,10,5,12,2,1,2,,"2,3,4,5,7",3,,8,1,18,0,1,2,2,Sanders,2,1,2
57,37,3,4,3.5,3.5,3.5,4.25,4.5,5,4.166666667,4.2,2.8,3,1.666666667,0,1.5,2.8,49,2.2,1.75,3,0,1,Ted Cruz,2,1,2,2,2,1,1,2,,0,0,50,50,1,26,1,2,2,,"3,5,7",3,,1,1,23,0,1,4,4,Cruz,2,1,2
54,36,4,3,4,4,3.75,7,7,7,6,3.733333333,3.6,3.3,1,4,3.25,2.3,,4.2,3.5,4,0,1,Kasich,4,4,2,2,2,2,2,2,,30,30,20,20,4,9,4,1,2,,3,3,,6,1,19,0,1,5,6,Kasich,2,1,2
69,32,3.5,4,3.5,3.5,3.625,7,7,1,5.166666667,4.466666667,3.1,2.8,2,4,1.25,2.9,,3.6,3.75,4,0,1,,4,4,2,2,2,2,2,,,10,10,50,30,2,10,1,1,2,,"2,4,6",3,,7,1,7,0,1,4,4,,2,1,2
55,40,4,4,4,4,4,5.5,6.75,7,5,3.4,2.3,3.3,2,1,1,3.4,42,3.8,2.25,3,0,1,,2,3,2,2,2,2,2,2,,25,25,30,20,2,11,1,2,2,,1,3,,1,1,21,0,1,,,,2,1,2
61,41,4,4,3.5,3.5,3.75,4.5,6,6.25,4.666666667,4,3.3,3,2,4,2,2.7,41,2.6,3.5,3,0,1,Bernie Sanders,2,3,2,2,2,2,2,2,,0,0,5,95,1,13,2,1,1,,"2,3,4,5,6,7",3,,2,1,21,0,1,4,3,Sanders,2,1,2
62,38,4,4,3.5,3.5,3.75,6.5,6.5,5.75,5.5,4.066666667,2.5,3.1,1,2,1.75,3.2,,3.8,3.25,4.5,0,1,Bernie Sanders,1,1,2,2,2,2,2,2,,5,25,40,35,2,14,1,4,2,,2,3,,4,1,6,0,1,1,1,Sanders,2,1,2
64,30,3.5,4,3.5,4,3.75,3.75,4.25,1.75,1.833333333,1.866666667,4.5,2.5,2,2,3.75,4.3,27,2.8,2.75,2.5,1,1,Sanders,4,3,2,2,2,1,2,,,0,0,50,50,4,11,2,1,2,,"2,3,4,5,7",3,,4,1,19,0,1,1,1,Sanders,2,2,2
70,43,3.5,3,3,3.5,3.25,3.75,6.75,3.25,5,4.6,1.6,3.6,3.666666667,8,2.5,1.8,34,2.8,4.25,1,,1,Bernie,5,5,2,2,2,2,2,2,,35,35,20,10,3,9,2,4,2,,"2,3,4,5,7",3,,3,1,6,0,1,,1,Sanders,2,7,2
49,33,4,4,4,4,4,4.75,5.75,4,4.166666667,3.2,3.4,2.9,2,6,3,3.2,,2.4,2.75,2.5,0,1,None,5,5,2,2,2,2,2,2,,0,0,50,50,4,10,3,2,2,,"3,5,7",3,,5,1,21,0,1,3,4,neither,2,1,2
70,37,4,4,4,4,4,7,7,7,5.666666667,3.6,4.3,3.3,1.666666667,2,2.25,2.8,50,4.4,4.75,5,0,1,Bernie Sanders,3,4,2,1,2,2,1,,,10,5,45,40,4,12,4,1,2,,1,3,,7,1,20,0,1,4,4,Sanders,2,1,2
65,28,3.5,4,4,4,3.875,4,4,5,1.333333333,4,3.1,2.5,5.666666667,2,2.75,4.9,42,1.8,2.25,2.5,1,1,sanders,1,1,2,2,2,2,2,2,,40,30,20,10,5,8,5,1,2,,"2,3,5,7",3,,1,1,9,0,1,3,3,Sanders,2,6,2
57,38,3.5,2.5,3.5,3.5,3.25,5.75,6.25,6,5,4,2.9,3.2,4.333333333,6,2.25,3.3,42,4,4,3.5,1,1,Sanders,3,3,2,2,2,2,2,2,,25,20,25,30,4,12,3,2,1,,"3,4",3,,1,1,22,0,1,3,3,Sanders,2,2,2
59,35,4,4,3,3.5,3.625,6,5.75,5.25,4.666666667,3.266666667,4.2,2,2.333333333,3,1.75,3.8,,3.4,3.75,4,0,1,Bernie Sanders,3,4,2,2,2,2,2,2,,60,5,15,20,4,8,3,2,2,,1,3,,6,1,20,0,1,2,3,Sanders,2,1,2
69,49,3,4,4,4,3.75,6.25,4.5,3.25,3,4.2,2.6,3.2,4.333333333,7,2.5,2.7,41,4.2,3,2,1,1,VERY Unsure,5,3,1,1,1,2,2,,,100,100,100,100,5,12,1,1,2,,"3,5,7",3,,3,1,20,0,1,,2,dontknow,2,6,2
54,47,3,3,3,3.5,3.125,6.75,6,6,4.833333333,2.666666667,3.5,3.4,3.333333333,9,3.5,3,34,2.4,2.25,3,0,1,Ted Cruz,4,4,2,2,2,2,2,2,,50,20,15,15,5,12,1,1,2,,"3,5",1,,6,1,19,0,1,6,7,Cruz,2,1,2
68,44,4,4,3.5,3.5,3.75,7,2.5,6,4.5,4.266666667,3.2,3.8,4.333333333,11,2.75,3,42,3.8,4.5,4,,1,Fucking none of them,5,5,2,2,2,2,2,2,,30,30,30,10,3,26,5,1,1,,"2,4",3,,7,1,19,0,1,7,7,neither,2,7,2
64,36,3.5,3,4,3,3.375,6,5.5,5.75,2.833333333,4,3.7,3.3,4.666666667,6,1.75,3.1,,2.8,2.25,4,0,1,Trump,5,5,2,2,2,2,2,2,,25,25,40,10,5,11,1,2,1,,1,3,,1,1,19,0,1,6,7,Trump,2,1,2
61,40,3.5,3,3.5,3.5,3.375,6.25,6.25,4.25,6,4.2,2.6,2.9,2,2,2,2.1,,4.2,4.25,3,0,1,Ted Cruz,4,5,2,2,2,2,2,2,,5,20,50,25,3,9,2,2,1,,"2,3",3,,6,1,19,0,1,5,5,Cruz,2,1,2
32,25,3.5,4,3,3.5,3.5,4.25,5.25,3.25,3.5,3.066666667,2.2,3.5,1,3,1.25,3,50,1.4,2.5,3.5,0,1,None,4,5,1,1,2,2,2,1,"Color Blind, Hernia",35,35,15,15,5,12,4,1,1,,"3,5,7",3,,1,1,19,0,1,,6,neither,1,1,2
62,30,4,2.5,4,3.5,3.5,5.75,4.5,3.5,1,3.866666667,4.1,2.5,1,4,2.75,4.3,43,3.2,3,3,1,1,Hilary Clinton,5,3,2,2,2,2,2,2,,5,5,60,30,2,10,3,4,2,,"2,3",3,,1,1,19,0,1,1,1,Clinton,2,2,2
74,38,3.5,3.5,4,3.5,3.625,5.75,6,6.25,4.833333333,3.933333333,3.1,3.5,4.333333333,7,1.5,2.8,34,2.8,3.5,3.5,1,1,Hilary Clinton,4,4,2,2,2,2,2,2,,30,20,20,30,3,14,2,1,1,,"2,4,6",3,,1,1,11,0,1,,,Clinton,2,3,2
75,57,4,4,3.5,4,3.875,6.5,7,6.75,5.5,3.333333333,3.1,4,6.333333333,9,5.5,3.4,,5,5,5,,1,Hilary Clinton,4,5,2,2,2,2,2,2,,20,10,60,10,5,7,4,1,2,,"2,3,4,5,7",3,,1,1,16,0,1,4,2,Clinton,2,7,2
77,57,4,3,4,4,3.75,6.25,5,6,5.166666667,4.733333333,1.9,3.4,4,3,3.25,4,,2,4.5,2.5,1,1,bernie sanders,2,5,2,2,2,2,2,,,30,10,40,20,3,18,1,4,1,,3,3,,3,1,28,0,1,,,Sanders,2,2,2
71,56,4,4,2.5,4,3.625,5.5,5.5,6.75,5.666666667,4.266666667,2.3,3.1,2,1,3,2.4,42,3.2,3,5,0,1,Ted Cruz,5,5,2,2,2,2,2,1,movement tick,30,10,50,10,3,9,2,1,1,,1,3,,6,1,22,0,1,4,6,Cruz,2,1,2
71,34,4,4,3.5,3.5,3.75,6.75,6.25,5,5.666666667,3.733333333,3.8,3.2,1,2,1,2.7,,3,2,3.5,0,1,Bernie Sanders,4,3,2,2,2,2,2,2,,40,30,15,15,5,9,2,1,1,,"2,3,4,5,6,7",3,,4,1,18,0,1,2,2,Sanders,2,1,2
79,37,3,3,3.5,4,3.375,7,6.5,7,5.833333333,2.866666667,2.9,3.1,4.333333333,5,4.25,3.3,,3.8,3.5,4,1,1,Bernie Sanders,3,3,2,2,2,2,2,2,,25,30,25,20,3,12,3,1,1,,"2,3,6,7",3,,2,1,18,0,1,4,2,Sanders,2,3,2
75,33,4,4,4,3.5,3.875,7,6.5,6.25,5.5,3.533333333,3,3,2,5,1.5,2.7,42,3,3.5,4,0,1,Bernie Sanders,4,4,2,2,2,2,2,2,,25,25,25,25,5,12,3,1,2,,"2,3,4,5,7",3,,6,1,18,0,1,5,5,Sanders,2,1,2
66,40,4,3.5,3.5,3.5,3.625,6,6.75,6.25,6.166666667,3.933333333,3.5,3.3,1,2,1.75,2.7,62,3.4,3,3,0,1,Cruz,3,4,2,2,2,2,2,2,,25,30,30,15,3,7,5,1,1,,"3,5,7",3,,1,1,19,0,1,5,6,Cruz,2,1,2
64,39,4,3,4,3,3.5,6.5,5.25,5.5,3.5,3.866666667,3.2,3.4,2.333333333,4,2.5,3.8,42,2.4,1.5,2,1,1,Bernie Sanders,4,4,2,2,2,2,2,2,,20,15,45,20,3,19,1,4,2,,4,3,,1,1,19,0,1,2,1,Sanders,2,2,2
59,22,4,3,3.5,3.5,3.5,3,3.5,4,4,3.866666667,3.1,2.7,4,3,3,3,40,3.6,3.75,2.5,0,1,Hillary,2,2,2,2,2,1,2,,,0,0,100,50,2,11,3,1,1,,6,3,,7,1,20,0,1,5,5,Clinton,2,1,2
62,39,3.5,2.5,3.5,4,3.375,6.75,5.75,4.75,6.5,4.266666667,2.1,3.5,3.666666667,3,2.5,1.9,42,4,4,3.5,0,1,Ted Cruz,4,5,2,2,2,2,2,2,,5,5,45,45,2,10,2,2,1,,"2,3,4",3,,6,1,19,0,1,5,5,Cruz,2,1,2
64,33,4,4,3.5,4,3.875,5,6.25,6,4.333333333,2.866666667,3.4,3.6,1,2,1.25,2.8,42,2.4,2.75,2.5,0,1,Ted Cruz,3,3,2,2,2,2,2,2,,75,75,75,85,4,12,3,2,2,,"2,3,5,6,7",3,,7,1,19,0,1,6,6,Cruz,2,1,2
69,35,3.5,4,3,4,3.625,4.25,4.5,6.75,2.833333333,4.266666667,3.4,3.3,3,2,2.25,3.5,44,3.6,4,4,0,1,Bernie Sanders,3,3,2,2,2,2,2,2,,30,25,25,20,5,8,3,2,1,,3,3,,2,1,20,0,1,3,2,Sanders,2,1,2
80,38,4,4,4,4,4,7,7,4,7,5.2,2,4,1,6,1.5,1.2,42,3.8,3,2,0,1,,3,5,2,2,2,2,2,2,,50,30,15,5,5,10,3,1,2,,"5,7",3,,5,1,19,0,1,4,4,na,2,1,2
30,25,4,4,4,3.5,3.875,4.5,4,3.25,4,4.133333333,3,4,1,4,1.75,2.6,42,1.6,1.75,2,0,1,none,4,4,,,,,,,eye sight,30,30,25,15,5,12,3,1,1,,"3,7",3,,1,1,19,0,1,,6,neither,2,1,2
73,37,3.5,4,3.5,3.5,3.625,6.5,5.5,5,5.833333333,4.466666667,3.4,3.5,1.666666667,2,1,2.6,,3,3,4,0,1,Bernie Sanders,4,4,2,2,2,2,2,2,,40,30,15,15,4,11,3,1,1,,"2,3,4,5,6,7",3,,4,1,18,0,1,2,2,Sanders,2,1,2
64,35,4,4,4,4,4,7,7,7,5,4.6,4.8,3.7,2.666666667,4,2.75,3.4,44,2.2,1.5,2,0,1,None,4,5,2,2,1,2,2,,,80,95,80,100,4,9,3,1,1,,6,3,,8,1,18,0,1,6,6,neither,2,1,2
76,34,4,4,4,4,4,7,6.25,6.75,4.833333333,3.333333333,4.5,3.3,3.666666667,2,2.5,3.3,,3.2,4.5,4,0,1,Hillary Clinton,4,4,2,2,2,2,1,2,,30,30,30,10,5,10,4,1,2,,"2,4",3,,7,1,19,0,1,3,2,Clinton,2,1,2
68,34,3,4,3,3,3.25,5.75,5,5.25,5.5,4.333333333,2.9,2.6,2,3,2,2.9,,3.2,3.5,2.5,1,1,Sanders,3,3,2,2,2,2,2,,,35,35,25,5,4,11,2,4,1,,1,3,,1,1,19,0,1,3,3,Sanders,2,3,2
73,36,3.5,3.5,4,4,3.75,6.75,5,7,6.166666667,2.666666667,2.7,3.1,3,3,2,2.4,,1.8,2.25,3,0,1,Trump,4,5,2,2,2,2,2,2,,30,30,30,10,5,10,3,1,1,,"4,5",3,,5,1,19,0,1,,5,Trump,2,1,2
66,40,4,4,4,4,4,7,7,7,7,5.066666667,3,2.8,4,8,1.75,2.4,50,3.8,4.5,4,0,1,,4,4,2,2,1,2,2,,,40,10,40,10,5,11,3,1,1,,5,3,,7,1,22,0,1,6,6,,2,1,2
70,34,4,3.5,4,4,3.875,7,7,7,5.5,3.4,4.9,3.6,4,3,1.75,2.8,34,2,1.25,2,0,1,I have not made a clear decision yet,4,4,2,2,2,2,2,2,,70,100,90,100,4,10,3,1,1,19,"2,4,6",3,,8,1,19,1,1,5,6,dontknow,2,1,2
79,37,4,4,4,4,4,7,7,7,7,4.733333333,2,4,1,8,1.5,1.7,66,3.2,3.25,2.5,0,1,Gary Johnson,4,5,2,2,2,2,2,2,,25,25,30,20,5,11,1,1,2,19,"3,5,7",3,,5,1,19,1,1,4,4,Johnson,2,1,2
64,36,4,4,4,3.5,3.875,3,4.5,7,3.166666667,4.466666667,3.6,3.1,3.333333333,3,1.5,3.8,,3.2,3.5,3,0,1,I really do not know,4,3,2,2,2,2,2,2,,20,20,40,20,5,9,2,2,2,20,"2,3,4,5,6",3,,2,1,20,1,1,,,neither,2,1,2
73,38,4,3,3.5,3.5,3.5,6.5,6.25,4.75,6.5,3.933333333,3.5,2.9,1.333333333,5,1,2.5,,3.6,3.75,4,0,1,Donald Trump,4,4,2,2,2,2,2,2,,25,25,25,25,4,10,3,1,2,19,"2,3,4,5,7",3,,1,1,19,1,1,6,6,Trump,2,1,2
80,37,3.5,4,3,3.5,3.5,5.25,6,6.25,3,2.8,4.3,3,1,0,2.25,3.4,,3,3.25,4,0,1,Clinton,5,4,2,2,2,2,2,2,,30,40,20,10,5,10,3,1,2,19,3,3,,6,1,19,1,1,5,5,Clinton,2,1,2
74,44,3,3,3,3,3,4,4,4,6.166666667,4,3,3,3,10,2,3,42,3.4,2.5,5,1,1,idk,3,3,2,2,2,2,2,2,,0,0,0,0,,,,,2,18,3,3,,,1,18,1,1,,2,dontknow,2,2,2
61,33,4,3.5,3,4,3.625,6.5,5.5,5.75,5.166666667,3.2,4,3.2,4.333333333,7,3.75,3.6,42,4.4,3.25,3,0,1,Hillary Clinton,4,4,2,2,1,2,2,2,,15,10,40,35,3,12,2,2,2,18,"3,5",3,,1,1,18,1,1,4,3,Clinton,2,1,2
77,50,2.5,4,3.5,3.5,3.375,4.75,6,5.25,2.833333333,3,3.8,3,1,6,2.5,4,43,3.6,1.25,2,,1,Neither,4,3,1,2,2,1,2,,,30,60,10,0,5,8,3,2,2,24,"2,3,6,7",1,5,2,1,24,1,1,,,neither,1,7,2
56,35,3,4,3,3.5,3.375,6.25,5,6.25,3.333333333,2.8,3.3,2.4,1,1,1.75,4.3,41,2.8,3.75,4,0,1,Hillary Clinton,2,2,2,2,1,1,2,,,60,5,15,20,4,9,2,2,2,20,2,3,,5,1,20,1,1,2,3,Clinton,2,1,2
55,37,4,4,4,3.5,3.875,2,2.25,1.75,1.333333333,2.866666667,3.2,3,1.666666667,5,2,3.9,29,2,2.5,3,1,1,Hillary Clinton,1,1,2,2,1,1,2,2,,5,15,40,40,1,25,1,1,2,21,"2,3,4,5,6,7",3,,4,1,21,1,1,4,2,Clinton,2,2,2
75,37,4,4,4,4,4,2.25,3.75,3,1.166666667,2.866666667,4.3,2.8,2,7,3.5,4.5,23,3.6,3,4,1,1,Clinton,5,3,2,2,2,1,2,,,25,30,25,20,4,7,3,2,2,19,"2,3,4,5,6,7",,,2,1,15,1,1,,,Clinton,1,2,2
69,37,3.5,4,3.5,4,3.75,6.5,7,6.5,4,3.533333333,3.9,2.6,1,2,1.75,3.8,36,2.8,3.5,3,0,1,Hillary Clinton,3,3,2,2,1,1,2,2,,20,20,45,15,5,11,1,1,2,22,"3,5,7",3,,1,1,22,1,1,,3,Clinton,2,1,2
71,36,3,3,3.5,4,3.375,4.25,5.5,6,4,4,3.6,3.1,2.333333333,4,4.75,2.6,,4,3.5,3,0,1,Donald Trump,4,4,2,2,2,2,2,,,100,90,90,80,5,8,3,2,1,19,2,3,,6,1,19,1,1,7,5,Trump,2,1,2
80,60,4,4,4,4,4,7,7,7,6,4,3.8,4,1.333333333,6,1.5,3,42,5,5,5,,1,Neither.,4,4,2,2,2,2,2,2,,25,25,25,25,4,14,4,1,2,20,"2,3,4,5,6",3,,7,1,20,1,1,2,2,neither,2,7,2
55,41,4,4,3.5,4,3.875,7,7,7,6.833333333,4.933333333,3.5,3,1,5,1.25,2,,4.4,4.5,2,0,1,Donald Trump,4,4,2,2,2,2,2,2,,30,30,25,15,4,8,4,1,2,20,"3,5",3,,6,1,20,1,1,5,6,Trump,2,1,2
58,41,4,3,4,4,3.75,6.5,4.25,7,6.166666667,4.8,4.1,2.9,1,4,1.25,1.9,,2,2.5,3,0,1,Neither,2,3,2,2,2,2,2,2,,25,20,30,25,5,26,1,1,2,19,5,3,,5,1,19,1,1,2,,neither,2,1,2
58,39,3.5,3.5,4,4,3.75,6.75,6,6.75,6,5,2.3,2.8,1,3,1.25,1.9,,2.6,2.75,3,1,1,Hilary Clinton,4,5,2,2,2,2,2,2,,30,30,20,20,4,14,1,1,2,19,"3,5,7",3,,4,1,19,1,1,2,1,Clinton,2,3,2
53,42,3.5,3,3,4,3.375,6.75,6.25,4.25,5.666666667,4.4,2.7,3.5,4.333333333,3,1.5,2.8,,2.8,3.25,4.5,0,1,Donald Trump,4,4,2,2,2,2,2,2,,20,15,60,5,3,10,2,1,2,20,"2,4",3,,7,1,20,1,1,5,5,Trump,2,1,2
75,36,4,4,4,4,4,6.25,6.25,7,5.333333333,3.4,4.5,3.5,1,6,4.25,3.3,42,4.2,2.5,4,0,1,Clinton,2,3,2,2,2,2,1,2,,35,35,15,15,5,9,2,1,2,19,"2,4,6",3,,1,1,19,1,1,1,1,Clinton,2,1,2
69,39,4,4,4,3.5,3.875,6.25,3.5,5.75,3.833333333,3.8,4.3,3.1,2.666666667,6,1.5,2.5,44,2,2.25,4,1,1,not sure,4,3,2,2,2,2,2,,,10,20,50,20,3,14,2,1,2,20,"2,3,4,6,7",3,,2,1,20,1,1,,,dontknow,2,2,2
49,34,3,3,3.5,2.5,3,4.75,3.5,5,3.166666667,3.2,2.2,2.7,1.666666667,3,1.25,2.8,39,2.8,3,4,,1,I support none of the candidates.,2,4,,,1,1,,,,27.5,30,27.5,15,3,14,2,2,1,26,3,3,,1,1,26,1,1,3,4,neither,1,7,2
58,46,3,4,2.5,1.5,2.75,4.75,5,7,2.5,2.466666667,4.2,2.5,2,2,3,3.8,22,3,3.75,3,0,1,Clinton,4,2,2,2,1,1,1,2,,40,0,40,20,4,12,1,2,2,25,"3,5",3,,2,1,25,1,1,2,2,Clinton,1,1,2
67,2,4,2.5,3,4,3.375,6,6,4.5,4,3.6,3.8,1.9,3.333333333,3,1,3.3,50,2.6,2.25,1,1,1,Bernie Sanders,3,3,2,2,1,2,2,2,,98,100,100,80,4,10,3,1,2,,"2,6",3,,8,1,18,0,1,,1,Sanders,2,4,2
75,34,4,4,4,4,4,3.75,5.25,4.5,1.5,2.133333333,3.7,3,1.666666667,2,5.5,4.3,,3,2.75,3,0,1,None,4,4,2,2,2,2,2,,,25,25,20,30,5,9,4,1,2,,"2,4",3,,7,1,18,0,1,4,4,neither,2,1,2
80,34,4,4,4,4,4,7,7,7,6.166666667,5.2,3.8,3.2,1,5,1.25,2.7,,4.6,5,5,0,1,NO clue,5,5,2,2,2,2,2,,,20,40,20,20,5,10,3,1,2,,"4,5",3,,6,1,18,0,1,6,6,dontknow,2,1,2
69,34,3,3,3.5,3.5,3.25,6.5,6,6,5.5,4.333333333,3.6,3,3.666666667,2,1.25,2.9,,4.2,3.5,4,1,1,Hillary Clinton,4,3,2,2,2,2,2,2,,35,20,30,15,4,12,2,1,2,,1,3,,6,2,,0,1,3,3,Clinton,2,4,2
45,39,4,3,3.5,3,3.375,6,6.25,7,4.666666667,5.666666667,3.2,2.8,1.333333333,4,1,2.6,42,2.6,3.25,3.5,1,1,trump,2,3,2,2,2,2,2,2,,40,10,20,30,2,10,2,1,2,,"2,4",3,,1,2,,0,1,,,Trump,2,4,2
74,44,3.5,4,4,2.5,3.5,7,4.25,6.25,2.333333333,1.933333333,4.4,2.5,2.666666667,5,2.25,3.9,,3.4,3,3,,1,n/a,4,3,2,2,2,2,2,,,20,55,15,10,4,26,1,2,2,,2,3,,3,1,20,0,1,,,na,2,7,2
79,41,4,4,4,4,4,6.25,5.75,7,3.666666667,3.933333333,4.9,2.8,3.666666667,6,5.25,4.1,,4.6,3.75,4,0,1,Donald Trump,3,2,2,2,2,2,2,,,100,100,75,75,5,6,5,1,2,,"3,5",3,,1,1,19,0,1,5,6,Trump,2,1,2
68,32,3.5,4,3.5,3.5,3.625,7,6,6.25,4.166666667,3.8,2.9,2.9,4.666666667,7,2.25,3.4,40,3.8,4.25,4,0,1,Trump,3,3,2,2,1,2,2,2,,10,25,40,25,3,13,1,1,2,,"2,6",3,,6,1,21,0,1,,4,Trump,2,1,2
76,36,3,4,4,4,3.75,5.75,5.75,6,5.166666667,3.466666667,2.9,2.8,1,0,1,3.1,,1.6,1,2,0,1,John Kasich,3,3,2,2,2,2,2,2,,30,30,30,10,4,14,1,2,2,,"2,4,6",3,,4,1,19,0,1,4,6,Kasich,2,1,2
75,40,2.5,2.5,4,4,3.25,1.25,1,1,5.666666667,2.533333333,4.2,3.3,1,6,2.25,3.7,,4.8,5,5,,1,Ted Cruz,4,5,2,2,2,2,2,,,25,25,30,20,5,9,3,1,2,,"2,3,4,5",3,,8,1,18,0,1,5,5,Cruz,2,7,2
69,31,3,4,3.5,3,3.375,6,5,6.25,3.166666667,2.8,2.6,3.4,2,2,2,3.4,,2.6,3,3,0,1,Bernie,1,4,2,2,2,2,2,2,,0.5,0.5,5,4,2,11,2,1,2,,"2,3,6",3,,1,1,19,0,1,2,2,Sanders,2,1,2
76,36,3.5,4,3.5,3.5,3.625,5.5,4,7,5.5,3.933333333,3.6,3.5,1.333333333,7,1.75,2.4,,1.6,3.5,1.5,0,1,Trump,4,5,2,2,2,2,2,2,,35,35,20,10,5,8,5,1,2,,"2,3,4,5,6,7",3,,7,1,19,0,1,7,7,Trump,2,1,2
69,38,4,4,4,4,4,7,7,5.5,5.333333333,2.333333333,1.6,4,2,7,1,3.1,60,5,5,5,1,1,Bernie Sanders,4,3,1,2,2,2,2,,,5,5,75,15,3,11,2,2,2,,2,3,,4,1,19,0,1,4,2,Sanders,2,2,2
53,39,4,4,4,2.5,3.625,2.75,6.75,4.5,2.666666667,2.6,4.4,3.5,1.666666667,2,1.5,4.3,34,2.6,4.5,5,0,1,Bernie Sanders,2,1,2,2,2,1,2,2,,5,5,50,40,3,12,1,2,2,,3,3,,2,1,20,0,1,2,2,Sanders,2,1,2
64,29,4,3,4,4,3.75,4.5,3.75,3,2.833333333,3.066666667,3.5,2.9,4,9,4,2.9,,3.2,2.75,3.5,1,1,N/A,4,4,2,2,2,2,2,2,,80,75,100,100,4,12,2,1,1,,"2,3,4,5,6",3,,7,1,17,0,1,,,na,2,2,2
76,38,4,4,3.5,4,3.875,5.25,5,5,5.5,3.2,2.9,3,5,3,2,3.3,34,4.6,5,5,0,1,george busch,4,4,2,2,2,2,2,2,,20,50,20,10,5,10,5,4,2,,"3,6,7",3,,3,1,20,0,1,,,Bush,2,1,2
63,35,4,4,4,4,4,3.75,1,6.5,2.166666667,2.066666667,2,4,1,9,2.75,3.4,34,3,2,1,0,1,Bernie Sanders,3,2,2,2,1,1,2,2,,0,75,20,5,1,25,1,1,2,,"2,4",3,,5,1,19,0,1,3,3,Sanders,2,1,2
49,38,4,4,4,4,4,6.75,6.25,2,4.5,4.133333333,3.2,3,1,2,1,2.2,42,2.2,3,2.5,1,1,bernie Sanders,3,3,2,2,2,2,2,2,,35,35,20,10,4,11,3,1,2,,"2,4,6",3,,2,1,22,0,1,3,3,Sanders,2,4,2
72,38,3.5,3.5,3.5,4,3.625,5.75,7,7,3.166666667,3.266666667,4.1,3.2,1.333333333,2,1.5,3.1,,1,1.5,5,0,1,Bernie Sanders,2,3,2,2,2,2,2,2,,25,25,25,25,4,9,2,1,2,,1,3,,5,1,21,0,1,3,3,Sanders,2,1,2
69,33,4,4,4,4,4,5.75,6,5.5,4.666666667,3.333333333,3.7,2.9,4,4,2.75,2.5,,3.2,2.75,2,1,1,Bernie Sanders,4,4,2,2,2,2,2,,,15,30,40,15,3,11,1,1,1,,"2,6",3,,5,1,21,0,1,3,3,Sanders,2,2,2
72,29,4,4,4,4,4,7,5.75,7,4,3.066666667,4.4,2.9,1,5,2.5,3.2,42,4,5,5,0,1,Ben Carson,2,3,2,2,2,2,2,2,,100,50,80,50,5,9,5,1,2,,"3,5",,,7,1,19,0,1,5,6,BenCarson,2,1,2
69,38,3.5,4,4,3.5,3.75,5.25,4.25,3.25,3.166666667,3.2,4.3,3.1,1.333333333,1,2,3.4,54,3.4,4,3,0,1,Ted Cruz,4,3,1,2,2,2,2,,,15,17,50,18,4,9,2,1,2,,"2,4,6",3,,2,1,19,0,1,4,6,Cruz,2,1,2
66,33,4,4,4,4,4,5.75,7,4,4.333333333,5,3.2,3.3,3,4,1.5,2,42,2,3,3.5,0,1,No Opinion,4,3,2,2,2,2,2,2,,15,10,50,25,3,14,1,1,1,,"3,5,7",3,,3,1,22,0,1,,4,neither,2,1,2
58,38,3.5,3,3,2.5,3,7,6,5,4.5,4.6,3.1,2.8,1,0,1,2.9,42,3,3.5,4,1,1,Bernie Sanders,4,4,2,2,2,2,2,2,,2,0,75,23,2,9,2,1,2,,5,3,,1,1,19,0,1,3,3,Sanders,2,2,2
65,30,3,4,3,3,3.25,5.5,6.25,6.5,4.666666667,3.2,3.4,2.7,2,4,2.25,3.6,,3.2,3.5,2,0,1,feel the bern,1,3,2,2,2,2,2,2,,39,36,15,10,5,6,4,1,2,,"2,4,6",3,,1,1,19,0,1,3,4,Sanders,2,1,2
41,44,2.5,3,3,4,3.125,3.75,3.75,2.75,4.333333333,4.6,3.7,3.3,1.666666667,3,1,4.1,,1,1,1,0,1,They're all so bad...,4,3,2,2,2,2,2,2,,0,0,25,75,2,10,1,1,1,,"2,3,4,5,6,7",3,,1,2,,0,1,4,3,neither,2,1,2
73,51,4,4,4,3.5,3.875,5.75,5.75,5.5,5.333333333,3.666666667,3.9,3.7,1,0,2,3.2,,4.8,2.25,1,1,1,None,3,3,2,2,2,2,2,2,,35,40,15,10,5,9,3,4,1,,1,3,,4,1,3,0,1,,2,neither,2,2,2
76,36,4,4,3.5,4,3.875,6.25,6,5,5.333333333,5.4,3,3.4,4.666666667,7,1.5,2.7,42,3.6,3,4,1,1,Hillary,5,5,2,2,2,2,2,,,30,25,30,15,4,8,2,1,2,,"2,3,4,5,7",3,,1,1,19,0,1,,2,Clinton,2,2,2
72,38,3.5,3,4,4,3.625,7,6.75,7,5.333333333,4.733333333,2.6,3,1,7,2.75,2.2,,4.4,3.75,3.5,1,1,Bernie Sanders,4,4,2,2,2,2,2,2,,30,40,25,5,4,9,3,1,2,,"2,3,4,7",3,,4,1,19,0,1,2,1,Sanders,2,2,2
61,43,4,4,4,3.5,3.875,6,6,6,4.833333333,3.6,4.1,3,1,3,1,3.3,42,2.2,3.5,3.5,0,1,Gary Johnson,3,4,2,2,2,2,2,2,,30,30,25,15,5,12,2,1,2,,"2,4,6",3,,1,1,21,0,1,3,4,Johnson,2,1,2
69,37,4,3.5,4,3.5,3.75,7,4.75,7,5.833333333,5.666666667,2,3.6,2.333333333,4,1.5,2.2,42,3,3.25,3,1,1,Bernie Sanders,2,4,2,2,2,2,2,2,,30,35,20,10,4,9,2,1,2,,1,3,,4,1,21,0,1,4,2,Sanders,2,2,2
78,39,4,4,4,4,4,7,7,7,6.333333333,3.6,4.1,3,1,2,1.5,3.4,,4.8,3.25,3,1,1,Ted Cruz,5,5,2,2,2,2,2,2,,30,40,20,10,5,6,4,1,2,,"2,3,4,5,6,7",3,,3,2,,0,1,6,5,Cruz,2,3,2
67,37,4,4,4,4,4,6.75,6.75,7,6.666666667,4.6,3.4,3.3,2,1,1,3.3,,3.8,3.75,5,0,1,Bernie Sanders,4,4,2,2,2,2,2,2,,60,15,15,10,5,7,4,4,2,,1,3,,1,1,20,0,1,4,5,Sanders,2,1,2
54,41,3.5,2.5,3,4,3.25,6,6.25,6,6.833333333,2.4,1.9,3.2,1,6,1.25,2.8,42,4.6,5,4,1,1,Bernie Sanders,4,4,2,2,2,2,2,2,,30,30,30,10,5,9,3,1,2,,4,3,,4,1,18,0,1,4,3,Sanders,2,2,2
63,46,4,2.5,4,4,3.625,7,7,7,6.5,5.133333333,3.9,3.7,1,0,1,2.2,56,1.6,1,3.5,0,1,Bernie Sanders,1,2,2,2,2,1,2,,,2,15,45,38,1,14,1,1,2,,"2,3,6,7",3,,1,1,8,0,1,1,1,Sanders,2,1,2
76,35,3.5,3,3.5,3,3.25,5,6,6.25,3.333333333,4.2,3.9,3.5,1.666666667,2,1.5,2.5,42,3.4,2.25,3,0,1,Ted Cruise,2,4,2,2,2,2,2,2,,20,20,50,10,4,9,4,2,2,,"2,3",3,,1,1,19,0,1,5,6,Cruz,2,1,2
69,37,4,3.5,4,3.5,3.75,7,7,7,5,3.666666667,3.6,3.4,1,1,1.25,2.4,51,3.2,4,2,0,1,Donald Trump,5,5,2,2,1,2,2,,,30,30,30,10,4,10,4,1,2,20,"2,3,4,5,6,7",3,,5,1,20,1,1,6,7,Trump,1,1,2
70,39,4,3.5,4,4,3.875,6.75,6.75,4,4,5.066666667,3.3,3.8,1,1,1,2.6,54,2.6,2.5,4,0,1,Clinton,1,3,2,2,2,1,2,2,,0,15,40,45,1,26,1,1,2,19,"2,3,5,6,7",3,,1,1,10,1,1,1,1,Clinton,2,1,2
72,35,4,4,4,4,4,5.5,7,1.75,5.333333333,4.933333333,1.7,3.8,2,5,1,3.1,46,2.2,2.5,2,1,1,Hillary,4,4,,,,,1,,,5,5,70,20,3,11,3,2,2,20,1,3,,1,1,20,1,1,2,2,Clinton,1,2,2
61,40,4,4,4,4,4,6.5,6,7,5.333333333,3.133333333,3.7,3.8,1.333333333,7,1.5,2.7,42,4.4,4.25,5,0,1,Trump,4,4,2,2,2,2,2,,,30,30,30,10,5,9,2,1,2,20,"2,3,6,7",3,,5,1,20,1,1,2,7,Trump,2,1,2
76,39,4,4,4,4,4,5.25,3.25,1.25,2.166666667,3.4,4.5,2.9,2.666666667,6,5.5,4.5,42,4.6,3.75,4,0,1,Donald Trump,3,2,2,2,2,2,2,2,,40,30,20,10,5,6,5,1,2,19,"3,5",3,,1,1,19,1,1,6,7,Trump,2,1,2
61,28,4,4,4,4,4,7,7,7,4,2.333333333,5,3.7,2.333333333,2,3.75,3.8,34,4.2,5,5,0,1,Hillary Clinton,3,2,2,2,2,2,2,2,,10,40,35,15,3,10,1,1,2,20,5,3,,7,1,18,1,1,2,1,Clinton,2,1,2
62,44,4,4,4,4,4,5.25,7,7,5.333333333,2.533333333,2.9,3.1,4,3,2.25,3.9,42,4,4.25,5,0,1,Donald Trump - I would rather chop my toes off than vote for hillary clinton #Benghazi,5,5,2,2,2,2,2,2,,25,35,30,10,5,8,4,1,1,19,"3,5",3,,7,1,19,1,1,7,7,Trump,2,1,2
70,38,4,4,4,4,4,7,5.25,7,3,2.8,2.9,2.8,3.333333333,3,1.5,4,25,3.6,3.5,4.5,0,1,Donald Trump,4,5,2,2,2,1,1,,,30,35,20,15,5,7,4,1,2,20,"3,5,7",3,,7,1,20,1,1,6,6,Trump,1,1,2
68,31,3,3.5,3,4,3.375,4.25,5,5,4.166666667,4.066666667,3.1,2.7,3,1,1,2.2,,3.4,2,3,1,1,Hillary Clinton,2,3,2,2,2,2,2,2,,20,25,30,25,4,14,2,1,2,20,"3,5,7",3,,5,1,20,1,1,2,2,Clinton,2,4,2
58,39,4,4,4,4,4,5.75,6.75,6,5.166666667,5.266666667,3.5,3,1,0,1.5,3.5,,3,3,5,0,1,Clinton,2,3,2,2,2,2,2,2,,30,0,40,30,3,9,2,2,2,19,1,3,,5,1,19,1,1,2,3,Clinton,2,1,2
70,32,3,3,3,3,3,6,6,6,4.166666667,3.133333333,3.6,3,2,1,2.5,2.8,33,4,4,4,0,1,Trump,4,4,2,2,1,1,2,2,,30,30,30,10,4,11,2,2,2,21,3,3,,2,1,21,1,1,6,6,Trump,2,1,2
64,34,3.5,4,3.5,4,3.75,7,7,7,4.833333333,4,2.1,3,3,1,1,1.9,,2.4,2,2,0,1,Gary Johnson,4,4,2,2,2,2,2,2,,20,25,30,25,4,10,1,3,2,21,"2,3,4,5,6,7",3,,6,1,21,1,1,5,5,Johnson,2,1,2
78,33,3.5,3,4,4,3.625,6,5.25,4,5,5,3.4,2.7,1,3,1,3.1,43,2.4,3,3,0,1,Hillary Clinton,2,3,2,2,2,1,2,2,,20,20,50,10,4,10,1,1,2,20,"2,4",3,,7,1,20,1,1,2,2,Clinton,2,1,2
46,34,4,4,4,4,4,5,7,7,5.333333333,2.666666667,4.6,3,3.333333333,3,1.75,3.1,40,1.8,1,2,0,1,Hillary Clinton,1,4,2,2,2,1,2,2,,28,5,47,20,3,11,2,1,2,19,1,3,,7,1,19,1,1,3,3,Clinton,2,1,2
62,31,4,4,4,4,4,7,7,7,1.666666667,3.4,3.7,2.8,2.666666667,1,1.25,3.4,,5,4.5,5,1,1,Clinton,2,4,2,2,2,2,2,2,,20,30,40,10,4,9,2,2,2,19,"2,4,6",3,,4,1,19,1,1,2,2,Clinton,2,2,2
61,37,3.5,4,4,4,3.875,5.75,1.75,5.25,3.5,5.066666667,3.6,2.5,1.666666667,2,1,2.6,,2.2,2.5,2,0,1,Hillary Clinton,3,4,2,2,2,2,2,2,,20,20,35,25,3,10,4,2,2,21,3,3,,2,1,21,1,1,3,3,Clinton,2,1,2
65,48,4,4,4,2,3.5,5.25,4,6,3,2.133333333,1.3,3.8,1,9,1.75,4.2,23,3,3,3,0,1,Jill Stein,1,1,2,2,1,1,2,,,0,50,30,20,1,14,1,1,2,19,"2,4",3,,2,1,19,1,1,2,4,Stein,1,1,2
58,53,4,3.5,4,3.5,3.75,7,6.5,7,5.166666667,3.733333333,2.9,2.8,2.666666667,5,2.25,3,47,3.2,4.25,4,0,1,Hillary Clinton,2,4,,,1,,,,,40,20,30,5,5,11,2,1,3,21,3,3,,8,1,21,1,1,3,4,Clinton,1,1,2
74,38,4,3.5,4,3.5,3.75,5.25,7,7,4.833333333,5.066666667,2.8,3.3,1,2,1.5,3.3,,1.2,1.75,2,1,1,Hilary Clinton,2,4,2,2,2,2,2,,,30,50,15,5,4,9,2,1,2,20,"2,3,4,5,6,7",3,,6,1,20,1,1,2,2,Clinton,2,2,2
68,45,3.5,4,4,2.5,3.5,6.25,3.75,3.25,2.833333333,3.4,2.1,3.6,3.666666667,5,1.75,3.6,45,2.8,4.5,4.5,1,1,Hillary Clinton,4,4,1,2,2,2,2,2,,25,30,20,25,4,8,2,1,2,20,"3,5,7",3,,6,1,20,1,1,1,1,Clinton,1,2,2
70,31,4,4,4,4,4,5.75,5.5,5.25,3.333333333,3.066666667,2.6,2.8,5.333333333,3,1,3.4,,2.6,4,2,0,1,Trump,4,4,2,2,2,2,2,,,40,30,20,10,3,11,3,1,2,21,1,3,,7,1,21,1,1,,,Trump,2,1,2
52,36,2.5,3,3.5,3.5,3.125,5.75,2.25,6.5,4.333333333,3.533333333,3.7,2.7,2.333333333,8,1.5,2.7,40,3.4,2.25,3.5,0,1,Donald Trump,3,4,2,2,2,1,2,2,,40,40,5,15,5,8,3,1,2,20,"3,7",3,,5,1,20,1,1,2,5,Trump,2,1,2
72,38,4,4,4,4,4,6,6,7,5,3.333333333,4.1,3,1,3,1,4.3,24,3.8,3.75,4,0,1,Hillary Clinton,1,4,2,2,2,1,2,,,45,35,10,10,5,11,4,2,2,21,"2,3,4,5",3,,8,1,21,1,1,2,3,Clinton,2,1,2
58,35,4,4,3,4,3.75,6,6,6,5.833333333,3.733333333,3.7,3,1.333333333,6,1.5,3.3,,3,2.5,2.5,0,1,Trump,3,4,2,2,2,2,2,2,,30,40,20,10,4,12,4,1,2,19,"2,4",3,,8,1,19,1,1,6,6,Trump,2,1,2
63,35,4,4,4,4,4,7,6.5,7,5.833333333,3.533333333,4.4,3.4,1.333333333,4,1,2.8,,2.4,5,3,1,1,"Both of them make me a little nervous. And I wish that we had more options (people say it's unlikely for any other party besides the main two to win though). So, I guess I'll vote for Clinton to be safe. Based on those questions I answered earlier, I wouldn't consider Donald Trump a good role model or a good example of what an adult should be.",4,5,2,2,2,2,2,2,,20,25,5,50,4,14,3,1,2,21,"2,3,4,5,6,7",3,,7,1,19,1,1,3,3,Clinton,2,2,2
61,41,4,4,4,4,4,4.5,1,6.75,1.166666667,2.8,3.9,3.3,4,7,1,4.4,17,1,2,3.5,0,1,Hillary Clinton,4,2,2,2,2,1,2,2,,20,30,40,10,4,16,1,2,1,20,"2,3,6,7",3,,6,1,20,1,1,2,3,Clinton,1,1,2
78,35,4,3.5,4,4,3.875,4.25,5.75,7,4,3.333333333,3.3,3.5,3,5,1,2.8,54,2,2.5,3.5,1,1,Hillary Clinton,5,5,2,2,2,2,1,2,,35,30,25,10,5,12,2,2,2,22,1,3,,4,1,22,1,1,2,2,Clinton,2,2,2
67,42,3.5,3.5,4,4,3.75,6,5.5,4.75,4.333333333,2,4.5,3.2,2.333333333,5,2.25,3.7,,3.4,3.5,4,0,1,Trump,4,5,2,2,2,2,2,2,,30,15,40,15,5,9,4,1,2,20,"2,3,4,5",3,,7,1,20,1,1,4,5,Trump,2,1,2
41,42,4,4,4,3,3.75,6,7,7,5.166666667,4.466666667,4.3,3.5,1,6,1,3.4,,3.8,2.5,3.5,0,1,Donald Trump,2,3,2,2,2,2,2,,,40,30,20,10,5,6,4,1,2,18,2,3,,8,1,18,1,1,7,7,Trump,2,1,2
73,35,4,4,3.5,4,3.875,6.5,5.25,5.75,3.166666667,3.266666667,2.9,2.7,1.666666667,2,2,3.2,42,4.2,3.75,4.5,1,1,Hillary Clinton,4,3,2,2,2,2,2,,,20,15,40,25,3,14,2,1,2,19,"2,3,4,5",3,,5,1,6,1,1,1,2,Clinton,2,2,2
67,39,4,4,4,3.5,3.875,6.25,6.5,7,5.833333333,3.666666667,2.2,3.7,1.333333333,6,1.25,2.4,42,2.8,2,3,0,1,Hilary,4,4,2,2,2,2,2,2,,35,20,30,15,4,26,3,2,2,20,"2,6",3,,5,1,20,1,1,2,2,Clinton,2,1,2
74,45,3.5,3.5,3.5,4,3.625,7,7,7,6.666666667,5.2,1.9,3.8,3,9,1.25,2.2,,4,4,3,,1,Hilary,5,5,2,2,2,2,2,2,,20,20,45,15,4,9,2,1,2,21,"2,4,6",1,4,8,1,21,1,1,2,,Clinton,2,7,2
76,38,4,4,4,4,4,5.75,6,6,5.166666667,4.066666667,3.2,2.8,2,4,2.25,3,39,3.2,3.5,4,0,1,Clinton,4,4,2,1,2,2,2,2,,35,20,30,15,5,8,4,1,2,20,"2,4",3,,5,1,20,1,1,4,3,Clinton,1,1,2
68,44,3,3.5,3.5,3.5,3.375,5.25,5,5.25,5.666666667,3.933333333,1.4,3.2,2,5,2.25,2.8,,2.8,3,3,1,1,Clinton,4,4,2,2,2,2,2,2,,30,40,20,10,4,10,2,1,1,22,"5,7",3,,6,1,22,1,1,4,3,Clinton,2,2,2
76,36,3.5,4,4,4,3.875,4.75,5,6.75,4.166666667,3.066666667,4.2,2.3,1,1,1.5,3.6,,2.2,2.5,2.5,0,1,Donald J. Trump,4,4,2,2,2,2,2,2,,25,20,50,5,4,14,4,2,2,20,"2,3,7",3,,5,1,20,1,1,6,6,Trump,2,1,2
61,46,4,3.5,4,4,3.875,6,5.5,4.75,5.333333333,3.8,4.2,3,2,6,1,3,51,4,4.25,3.5,,1,Gary Johnson,4,4,2,2,2,2,1,2,,0,0,60,30,4,14,2,2,2,19,"2,3,4,5,6,7",3,,2,1,9,1,1,2,2,Johnson,2,7,2
77,35,3,3.5,3,3,3.125,6.25,4.25,4,3,3.866666667,2.3,3,2.333333333,4,3.25,3.7,,2,2.5,5,,1,,3,3,2,2,2,2,2,2,,20,40,40,0,4,11,1,1,2,20,"2,3,7",3,,1,1,20,1,1,3,5,,2,8,2
67,37,3.5,4,3.5,4,3.75,4.5,2.5,1.75,1.833333333,4.533333333,4,2.6,1,1,5,4.4,26,3,3.5,3.5,0,1,"They are both horrible, I can't decide",3,3,2,2,2,1,2,2,,90,30,100,80,4,8,4,1,2,20,"3,5",3,,1,1,20,1,1,3,4,neither,1,1,2
58,36,4,2.5,2.5,3.5,3.125,6.75,5,4,7,4.2,2.6,3.9,3.666666667,9,2.75,2.7,,3.4,1.75,2.5,0,1,,3,3,2,2,2,2,2,2,,20,40,30,10,4,19,1,3,1,22,1,3,,1,2,,1,1,4,4,,2,1,2
57,36,4,4,3,4,3.75,5,6.5,6,4.833333333,3.666666667,3.8,3.2,1.666666667,3,1.75,3.3,37,2.6,3,4.5,0,1,"Gary Johnson, or more or less anyone but the bipartisan candidates",4,4,2,2,1,1,2,1,Attentional/motivational specifically,20,5,50,25,4,16,1,1,1,21,"2,3",3,,1,1,21,1,1,4,4,Johnson,1,1,2
64,43,4,4,4,4,4,5.75,7,7,6.333333333,2.6,2.9,3.3,1,3,1.25,3,49,3.2,3.75,4,,1,Hilary Clinton,2,4,2,2,2,1,2,2,,40,0,30,30,4,9,2,2,2,19,"2,4",3,,7,1,19,1,1,2,3,Clinton,2,8,2
78,38,4,4,4,4,4,5.5,6,6,3.5,4,3.1,2.6,3.333333333,1,1.25,3.4,,3.8,3.75,3,1,1,Hillary Clinton,3,3,2,2,2,2,2,2,,20,20,40,20,5,11,3,1,1,20,3,3,,8,1,20,1,1,2,2,Clinton,2,4,2
73,38,4,4,4,4,4,6.75,5.25,7,4.5,4.2,4.2,3.4,2,6,2,3.3,44,3,3.25,3,1,1,Hillary Clinton,5,5,2,1,2,2,2,2,,35,35,20,10,5,10,2,1,2,20,"3,5",3,,8,1,20,1,1,3,2,Clinton,2,4,2
50,40,3,2,2,3,2.5,4,4,4,4,3.466666667,3,2.5,4,7,4,3,22,3,3,3,0,1,Hillary,3,3,2,2,1,1,2,2,,20,10,40,30,5,12,3,1,2,20,"2,3,4,5,6,7",3,,7,1,20,1,1,4,4,Clinton,2,1,2
60,0,4,4,4,4,4,4,5,6,3.333333333,4,2.4,2.7,2,1,1,3,,3.4,4,4,1,1,Hillary Clinton,3,3,2,2,2,2,2,,,20,20,40,20,4,12,3,1,1,20,3,3,,8,1,20,1,1,2,2,Clinton,2,4,2
79,32,4,4,4,4,4,5.75,7,7,1,1.466666667,4.5,3.2,5.333333333,6,7,4.9,17,2.6,4,3.5,,1,Garry Johnson,2,4,2,2,2,1,1,2,,40,30,20,10,5,11,2,2,2,20,"2,3,6,7",3,,8,1,20,1,1,5,5,Johnson,1,7,2
64,37,3.5,3,2,4,3.125,6.25,6,7,4,3.333333333,1.9,3.5,1,6,1.5,2.3,42,2.2,2.5,5,1,1,Hilary Clinton,2,2,2,2,2,2,2,2,,0,0,40,60,1,9,5,2,2,21,"2,3,4,5,6,7",3,,2,1,21,1,1,5,2,Clinton,2,2,2
68,35,3.5,3.5,3.5,4,3.625,6.75,6.75,6.75,5.833333333,3.2,3.9,2.9,2,5,1.75,2.8,,4.2,2.75,3.5,0,1,Evan McMullin,4,4,2,2,2,2,2,2,,35,35,20,10,5,10,3,1,1,22,"2,3,6,7",3,,5,1,20,1,2,5,5,McMillan,2,1,2
42,37,3.5,4,3.5,3.5,3.625,6.25,7,7,5,2.933333333,1.6,3.1,3,4,1,3.9,42,3.6,3.25,3,0,1,Clinton,1,1,2,2,2,2,2,2,,0,0,30,70,1,25,1,1,1,21,"3,5",3,,5,1,21,1,2,4,3,Clinton,2,1,2
60,35,3,4,3,2.5,3.125,4.5,5.5,5.75,3.333333333,3.266666667,3.9,2.6,2,2,1.25,3.7,35,2.6,3.25,4,1,1,Hilary Clinton,4,3,2,1,2,1,1,,,5,15,40,40,2,26,1,4,1,21,"2,3",3,,4,1,21,1,2,2,3,Clinton,1,2,2
73,33,3,4,3.5,4,3.625,4,5,2.5,2.166666667,3.333333333,3.5,2.7,3.333333333,3,1.25,3.7,42,3.8,3,4,0,1,"I supported Trump. I do not agree with a lot that he says, and I dont approve of  his rhetoric, but my only other practical option was a corrupt poltician.",1,3,2,2,2,2,2,2,,40,30,20,10,5,26,3,1,1,19,"2,3,4,5",3,,5,1,19,1,2,6,6,Trump,2,1,2
80,35,4,4,3.5,4,3.875,4.5,7,1.5,2.666666667,3.466666667,3.9,2.8,3.666666667,4,3.25,4.3,34,4.6,3,2.5,1,1,Clinton,5,3,2,2,2,2,2,2,,25,25,25,25,4,12,3,1,2,19,"2,3",3,,4,1,17.5,1,2,2,3,Clinton,2,4,2
52,48,4,3,4,3.5,3.625,5.5,4.5,6.5,4.833333333,3.866666667,2.3,3.8,5.333333333,4,2.25,1.8,,2.6,3.5,3.5,0,1,Clinton,4,4,2,2,2,2,2,2,,30,30,20,20,3,12,4,1,1,22,"2,3,4,5",3,,2,1,22,1,1,2,3,Clinton,2,1,2
51,6,3,3.5,3,3,3.125,4.5,5,5.25,5.166666667,5.266666667,3.1,2.9,3.666666667,3,2.5,2.8,,4.2,4.25,3,1,1,HILLARY CLINTON,4,4,2,2,2,2,2,2,,20,40,60,10,3,9,5,4,2,20,5,3,,1,1,20,1,1,,2,Clinton,2,2,2
61,34,4,2.5,3.5,4,3.5,6.25,6,5.25,2.833333333,4.866666667,4.1,3.2,3,9,,,34,3.2,3.25,4,1,1,,4,4,2,2,2,2,2,2,,99,100,90,100,5,10,5,1,2,22,5,3,,1,1,11,1,1,4,,,2,4,2
77,36,3,4,3.5,4,3.625,5.5,5.25,7,5.166666667,3.2,3.7,2.8,2.666666667,3,1.25,3.6,42,3,4.25,4,0,1,neither,4,3,2,2,2,2,2,2,,30,20,40,10,4,14,2,1,2,19,3,3,,6,1,19,1,1,4,3,neither,2,1,2
44,37,3,4,3.5,4,3.625,3.5,4.25,4.75,3.333333333,4.4,2.6,3,1,0,1.25,2.6,,1,1,3,0,1,Hillary Clinton,1,1,2,2,2,2,2,,,0,0,50,50,1,26,1,2,2,22,"3,5,7",3,,5,1,22,1,1,1,1,Clinton,2,1,2
64,41,3.5,3.5,3,4,3.5,7,6.5,5,2.333333333,3.4,3.2,3.4,2,3,3,3.1,,2.4,1.25,5,0,1,None. Bernie Sanders was the only one I would have supported.,4,1,2,2,2,2,2,2,,0,10,50,40,1,12,1,2,2,23,5,3,,2,1,23,1,1,2,2,Sanders,2,1,2
68,40,4,3,4,4,3.75,4.5,4.25,4.5,6.333333333,3.733333333,2.8,2.8,4,4,2.5,3.1,37,3.4,3.75,4,1,1,Hilary Clinton,4,3,1,1,1,1,1,,,25,25,30,20,3,14,3,1,2,18,2,3,,2,2,,1,1,5,4,Clinton,2,4,2
78,42,4,3.5,4,4,3.875,7,6.25,7,5.5,4.466666667,4,3.6,1,2,1.25,1.9,,3.6,4.25,4,0,1,Trump,5,5,2,2,2,2,2,2,,30,30,15,25,5,10,2,1,2,20,"2,6",3,,3,1,20,1,1,5,6,Trump,2,1,2
61,37,4,3,3.5,4,3.625,2.25,5.5,6,4.166666667,3.933333333,3.3,3.2,2,0,1.75,2.3,34,2.4,3.25,3.5,0,1,Clinton,4,4,2,2,2,2,2,2,,20,20,30,30,3,9,1,1,2,19,"2,4",3,,2,1,19,1,1,3,3,Clinton,2,1,2
70,33,3.5,3,4,3.5,3.5,6.25,6,5.25,4,3.333333333,4.2,3,2,2,1.75,2.4,42,4,4.25,4,0,1,Neither,2,3,2,2,2,2,2,2,,20,10,35,35,3,11,2,1,1,20,"2,4",3,,1,1,20,1,1,4,4,neither,2,1,2
65,39,4,3.5,3.5,4,3.75,6.25,6.75,3.75,4.833333333,3.733333333,2.8,2.8,1,4,1,2.1,,1.8,2.5,4,,1,Hillary,2,3,2,2,2,2,2,,,10,40,40,10,2,18,3,2,2,20,"2,6",3,,2,1,20,1,1,,1,Clinton,2,7,2
55,37,3.5,4,3,3.5,3.5,7,6,7,5.666666667,3.733333333,3.4,2.8,1.333333333,5,1.75,3.1,46,2.8,3.5,3,0,1,Hillary Clinton,3,3,2,2,1,2,2,2,,20,20,20,40,4,8,2,1,2,20,3,3,,7,1,20,1,1,1,2,Clinton,2,1,2
67,32,3.5,2.5,4,4,3.5,7,6.25,6.75,4.833333333,2.666666667,4.2,3.1,1,3,1.5,2.9,,4,2.5,1.5,0,1,Hillary Clinton,4,4,2,2,2,2,2,2,,50,0,30,20,4,9,2,1,2,18,3,3,,7,1,18,1,1,2,1,Clinton,2,1,2
52,37,3,3,3.5,3,3.125,2.75,1.75,3,3,3.8,3.3,2.6,2.333333333,1,3.25,3.4,42,3.2,2.25,3,0,1,Clinton,2,3,2,2,2,1,2,2,,10,10,50,30,3,9,1,2,2,20,1,3,,1,1,20,1,1,4,3,Clinton,2,1,2
47,33,3,2.5,4,4,3.375,7,7,7,7,4.4,4.3,3.2,1.666666667,7,2.333333333,1.9,,3.2,3.75,4,0,1,Donald Trump,4,4,2,2,2,2,2,2,,20,40,15,25,3,12,1,2,2,19,"2,3,4,5,6",3,,8,1,19,1,1,4,6,Trump,2,1,2
65,37,4,3,4,3,3.5,7,6.75,5.75,5.5,4.266666667,2.7,3.2,1,3,1,2.5,,3,3.75,3.5,0,1,,4,4,2,2,2,2,2,,,25,15,45,15,4,11,3,1,2,20,"2,3,4,5,7",3,,6,1,20,1,1,5,5,,2,1,2
71,41,3.5,3,4,4,3.625,7,6.75,6,6,4.866666667,2.3,3.8,1,0,1.25,2.6,51,3,3.25,4,0,1,none of them but am voting for Hillary,1,3,2,2,2,2,2,1,Asthma,30,25,20,25,4,9,1,2,2,21,"2,4",3,,4,1,21,1,1,1,2,Clinton,2,1,2
61,28,2.5,3,2.5,3.5,2.875,5,5,5,6,3.4,2.9,2.8,1,5,1.5,2.5,,3.2,3,2.5,0,1,Hillary Clinton,3,4,2,2,2,2,2,,,30,30,20,20,5,10,2,1,2,20,"2,4,6",3,,8,1,20,1,1,2,2,Clinton,2,1,2
58,34,4,3.5,4,3.5,3.75,6.25,6,3,4.833333333,4.533333333,2.3,3.1,2,0,1,2.4,52,3.4,2.25,3,0,1,Hillary Clinton,3,3,2,2,2,1,2,2,,10,30,40,20,2,10,2,1,2,19,"2,4",3,,8,1,13,1,1,2,2,Clinton,2,1,2
67,35,3,3,3,3,3,5.25,6,4,5.666666667,4.066666667,3.3,3,4.333333333,8,2,2.9,42,3.8,4,4,0,1,undecided,4,4,2,2,2,2,2,2,,90,90,90,90,5,9,4,1,2,19,"2,4",3,,5,1,19,1,1,4,4,dontknow,2,1,2
67,34,4,3.5,4,3.5,3.75,6.5,5.75,6,6.833333333,3.4,1.7,3.2,3.333333333,6,5.25,3,,3,2.5,5,0,1,Donald Trump,5,5,2,2,2,2,2,2,,25,25,25,25,2,11,1,1,2,18,2,3,,9,1,18,1,1,6,7,Trump,2,1,2
72,31,4,4,3.5,3,3.625,6,6,5.5,5.833333333,5.066666667,2.2,3,1,6,2.75,3,42,1.6,2.25,3.5,1,1,neither,4,4,2,2,2,2,2,2,,30,30,25,15,5,11,3,1,2,20,5,3,,8,1,20,1,1,6,6,neither,2,6,2
67,36,4,3.5,3,4,3.625,7,7,7,5.666666667,3.466666667,2.9,3.4,1,6,1.25,2.7,,4.2,4.5,5,0,1,Donald Trump,5,4,2,2,2,2,2,2,,30,40,15,15,5,10,3,1,2,18,"2,4,6",3,,5,1,18,1,1,5,6,Trump,2,1,2
60,36,4,4,4,4,4,4.5,6.5,5.5,2.833333333,3.266666667,4.1,2.9,3,6,3,3.4,,3,3.75,5,0,1,Hillary Clinton,3,2,2,2,2,2,2,2,,20,0,60,20,4,12,2,1,2,20,"2,6",3,,1,1,20,1,1,4,3,Clinton,2,1,2
77,44,4,3.5,4,3.5,3.75,5.5,3.25,4.5,5.166666667,2.933333333,3.6,3,2.666666667,2,2,3.1,,3.6,3.75,4,1,1,Hilary Clinton,2,2,2,2,2,2,2,2,,20,30,40,10,3,8,5,2,2,22,3,3,,2,1,22,1,1,,,Clinton,2,2,2
56,37,4,3.5,4,4,3.875,7,6.25,7,5.833333333,3.8,4.5,3,5,5,1,3.3,,3.8,3.25,3.5,0,1,Not voting because I didn't sign up for absentee ballot,4,3,2,2,2,2,2,2,,28,22,20,30,4,11,1,1,2,21,5,3,,7,1,21,1,1,3,3,notvote,2,1,2
67,33,4,3.5,4,4,3.875,6.75,6.5,6.5,4.166666667,3.066666667,4.5,2.8,1,3,2,3.9,37,4,3.75,5,0,1,Hilary Clinton,4,4,1,2,2,1,2,2,,25,25,25,25,4,8,1,1,2,18,"2,6",3,,6,1,18,1,1,2,3,Clinton,2,1,2
70,34,4,4,3.5,4,3.875,4.75,6.75,5,4.333333333,2.933333333,4.1,3,4.333333333,10,5,3.6,44,4.6,4.75,4,0,1,Clinton,4,4,2,2,2,2,2,2,,10,15,50,25,5,9,3,1,2,18,"3,5,7",3,,5,1,14,1,1,,,Clinton,2,1,2
68,37,4,4,4,4,4,5,5,4.75,5,3.133333333,3,2.9,4.333333333,5,4.25,3.1,,4,4,4,0,1,Hillary Clinton,5,3,2,2,2,2,2,2,,20,20,25,35,4,12,2,1,2,19,"2,3",3,,8,1,19,1,1,2,2,Clinton,2,1,2
55,32,4,4,4,4,4,6.75,5.25,7,4.333333333,2,3.8,2.8,1,1,2,4.1,35,3.6,4.75,5,0,1,Clinton,2,3,,,1,1,,,,30,20,20,30,4,8,3,1,2,18,"3,5",3,,7,1,18,1,1,1,1,Clinton,2,1,2
68,40,3.5,3,4,3.5,3.5,7,7,7,7,5.266666667,2.8,3.6,1,6,1.25,1.8,34,2.4,2,2,0,1,Hilary Clinton,3,3,2,2,2,2,2,2,,35,35,20,10,5,12,3,1,2,22,"2,3,6,7",3,,7,2,,1,1,,,Clinton,2,1,2
76,33,3.5,3,4,3.5,3.5,6,6,4.5,3.833333333,4.266666667,3.7,3,3.333333333,6,2,3,34,4,4,4,0,1,trump,4,4,2,2,2,2,2,2,,20,30,40,10,5,12,2,2,1,21,1,3,,1,1,21,1,1,4,7,Trump,2,1,2
75,35,4,3,4,4,3.75,5.75,6.25,5.75,6.5,3.266666667,3.7,3,1,1,1.25,2.6,,3.6,4.25,4,0,1,I dont know,5,5,2,2,2,2,2,2,,20,40,30,10,4,11,2,1,2,18,"2,4",3,,1,1,18,1,1,,,dontknow,2,1,2
68,29,4,3,3.5,4,3.625,5.75,6.25,7,5,3.733333333,3.7,3,2.666666667,5,2.25,3.2,,4,3.5,4,1,1,Hillary Clinton,4,4,2,2,2,2,2,2,,25,30,25,20,5,10,4,1,1,19,"3,5",3,,1,1,19,1,1,3,3,Clinton,2,4,2
80,43,4,4,4,4,4,5.75,5,6,5.333333333,3.533333333,3.4,3,1,2,4,3.5,42,3,3,3,0,1,Donald Trump,4,4,2,2,2,2,2,2,,50,20,20,10,5,9,4,1,2,19,2,3,,7,1,19,1,1,6,6,Trump,2,1,2
66,35,2.5,4,3,3,3.125,6.75,5.75,6.25,3.5,3.733333333,3.8,2.6,2,2,2,3.6,42,2.4,3,2.5,0,1,Trump,4,4,2,2,2,2,2,2,,95,80,85,90,5,8,2,1,2,19,"3,5,7",3,,2,1,19,1,1,5,5,Trump,2,1,2
70,35,3,4,4,3.5,3.625,6.25,6.75,7,5.333333333,4.8,4,3.3,1,0,1.25,2.9,,2.4,3,4,0,1,Hillary Clinton,3,3,2,2,2,2,2,2,,30,10,40,20,3,10,1,1,1,19,2,3,,7,1,19,1,1,2,2,Clinton,2,1,2
62,30,4,4,4,4,4,4.5,4.25,4,4.333333333,3.533333333,2.8,2.7,5.666666667,4,4.25,3.2,42,3,2.5,3.5,0,1,Hillary Clinton,4,4,2,2,2,2,2,2,,10,20,60,10,3,16,1,1,2,20,"2,3,4,5,7",3,,3,1,20,1,1,2,2,Clinton,2,1,2
79,36,2.5,2.5,2.5,2,2.375,1.25,5,1.75,4.166666667,3.733333333,4.2,2.6,3.333333333,2,1,2.9,,2.4,2.75,1,1,1,idk,2,1,2,2,2,2,2,2,,20,25,50,5,3,12,3,1,2,18,3,3,,3,1,1,1,1,,4,dontknow,2,4,2
76,29,3.5,4,4,4,3.875,5,5.5,1,1.666666667,3.4,4.3,3.2,1,1,2.75,4.1,,4,3.25,4,,1,Hillary Clinton,5,3,2,2,2,2,2,2,,30,20,40,10,4,11,2,1,2,19,"2,4,6",3,,8,1,19,1,1,3,1,Clinton,2,7,2
67,33,4,4,3,3,3.5,5.25,5.75,6,4.5,3.133333333,3.8,2.7,2,4,3.75,4.5,,3.6,3.5,3,0,1,Hillary Clinton,4,4,2,2,2,2,2,2,,100,100,75,50,4,10,2,1,2,19,"2,3,6,7",3,,9,1,19,1,1,4,3,Clinton,2,1,2
63,43,3,3,3,3,3,4.25,4.5,4,5,3.466666667,2.9,2.5,1.666666667,5,2.75,2.5,,1,1,1,0,1,Hilary,1,3,2,2,2,2,2,2,,0,0,50,50,1,25,1,2,2,21,"2,3,4,5,6,7",3,,1,1,21,1,1,2,2,Clinton,2,1,2
80,37,3,3.5,4,3.5,3.5,7,6,2.75,5.166666667,5,2.2,3.8,1,6,1,1.4,,1,1.25,1,0,1,Trump,4,5,2,2,2,2,2,2,,25,25,40,10,5,11,4,1,1,21,"2,4,6",3,,1,1,21,1,1,6,6,Trump,2,1,2
77,35,4,4,4,4,4,7,7,7,4.333333333,4.666666667,4,2.9,3,1,1.25,3.1,,3.4,4.25,4,0,1,Trump,4,4,2,2,2,2,2,2,,50,30,15,5,5,9,2,1,2,19,"2,4,6",3,,1,1,19,1,1,5,6,Trump,2,1,2
77,32,4,3.5,4,4,3.875,6.25,6.25,5,5.333333333,4.933333333,3.4,2.8,1,2,1.25,2.4,,4,2.75,4,1,1,gary johnson,4,4,2,2,2,2,2,2,,30,25,25,20,5,13,2,1,2,22,2,3,,6,1,22,1,1,4,2,Johnson,2,6,2
61,35,4,4,4,4,4,6.5,5,7,4.833333333,4.933333333,3.7,3,2,2,2.5,3.5,,2.8,3.5,3,0,1,Hillary Clinton,4,3,2,2,2,2,2,2,,20,12,50,18,4,11,2,1,2,20,"3,5,7",3,,7,1,20,1,1,2,2,Clinton,2,1,2
69,32,3.5,2,4,3,3.125,6,4.75,5.5,4.166666667,4,3.2,3,3.666666667,1,1,3.1,,4.4,4,5,1,1,hilary,4,4,2,2,2,2,2,2,,10,35,35,20,2,11,1,1,2,19,1,3,,4,1,2,1,1,,,Clinton,2,4,2
74,41,4,4,3.5,3.5,3.75,6,6.25,7,6.166666667,4.2,3.9,3.2,3,6,2,3.3,,3.8,4,5,0,1,Gary Johnson,4,4,2,2,2,2,2,2,,25,40,25,10,5,11,4,1,2,18,"2,4,6",3,,7,1,18,1,1,4,3,Johnson,2,1,2
73,39,4,4,4,4,4,6,6.5,7,5.666666667,3,4.2,3.4,4.333333333,3,2.5,3.7,45,3.4,3.75,5,0,1,Clinton,4,4,1,1,2,2,2,2,,30,10,50,10,4,9,2,4,2,19,"2,3",3,,1,1,19,1,1,3,2,Clinton,2,1,2
78,34,3.5,3.5,3.5,3.5,3.5,7,5.75,5.5,3.5,2.6,3.9,2.9,3,4,3.5,3.3,34,4.2,4.75,5,0,1,not voting,4,3,2,2,2,2,2,2,,30,20,40,10,5,10,3,1,2,19,"2,4,6",3,,4,1,19,1,1,4,3,notvote,2,1,2
45,46,3.5,3,3.5,3,3.25,5.5,5,6,5,3.866666667,2.4,2.9,2,1,1,2.5,,2.6,2.75,2,0,1,neither,3,3,2,2,2,2,2,,,20,15,15,50,3,7,2,2,2,19,2,3,,1,1,19,1,1,2,2,neither,2,1,2
72,38,3.5,4,3.5,3,3.5,5.75,5.75,6.5,5.166666667,4,4.1,3.4,2.333333333,0,1.75,3.1,41,3.2,2,4,0,1,Hillary Clinton,4,4,2,2,1,1,2,2,,35,30,25,10,5,9,4,1,2,22,"2,4",3,,8,1,22,1,1,6,6,Clinton,1,1,2
68,36,4,3.5,3.5,3.5,3.625,6,5.75,6,5,4.333333333,3.3,2.9,4.333333333,4,1,2.2,,3.2,2.5,3,0,1,Third party,5,5,2,2,2,2,2,2,,90,100,90,85,4,12,2,1,1,20,2,3,,7,1,20,1,1,5,5,thirdparty,2,1,2
62,35,4,3.5,3.5,3.5,3.625,5.75,7,4,4.833333333,3.066666667,3.3,2.7,4.666666667,6,1.25,3.1,34,3.2,4,3,0,1,Trump,4,5,2,2,2,2,2,2,,25,25,25,25,3,13,2,1,1,19,3,3,,1,1,19,1,1,5,5,Trump,2,1,2
68,35,3.5,3,3.5,4,3.5,6.75,7,7,6.333333333,4.533333333,3.8,3.3,1.333333333,8,1.75,1.9,,3,3,4.5,0,1,Donald Trump,4,5,2,2,2,2,2,2,,50,20,10,20,5,9,3,1,1,20,"3,5",3,,7,1,20,1,1,5,6,Trump,2,1,2
71,39,3.5,2.5,3,3.5,3.125,4.5,5.25,5,4.833333333,3.533333333,3.1,3.4,1.333333333,5,3,3.2,39,3.6,3.5,4,1,1,Hilary Clinton,5,5,2,2,2,2,2,2,,30,30,30,10,3,10,2,2,2,23,"2,3,4,5,6,7",3,,3,1,23,1,1,3,1,Clinton,2,3,2
71,33,4,4,4,4,4,6,7,7,1.166666667,3,4.4,2.5,1,2,3.25,4.2,,3.4,3.5,4,1,1,Hillary Clinton,3,3,2,2,2,1,2,2,,30,30,30,10,4,10,2,1,2,19,"3,5",3,,1,1,19,1,1,2,2,Clinton,2,4,2
55,32,4,4,3.5,3.5,3.75,6,4,7,3,2.133333333,3.8,3.4,3,6,2,2.9,,1.8,1,2,0,1,Hillary Clinton,4,5,2,2,2,2,2,2,,30,25,35,10,5,16,2,1,1,19,6,3,,6,1,19,1,1,2,2,Clinton,2,1,2
66,49,4,4,3.5,3,3.625,6,5,5.75,5.666666667,4.666666667,2.4,3.2,3.333333333,5,2.75,2.5,,2.8,4,3.5,0,1,Clinton,4,4,2,2,2,2,2,2,,15,20,45,20,4,8,2,2,2,22,"2,6",3,,2,1,22,1,1,3,2,Clinton,2,1,2
70,37,2.5,3.5,4,4,3.5,1,4.75,7,2.166666667,2.866666667,2.4,2.6,1,2,1,3.3,23,1,1,1,0,1,Jill Stein,4,2,2,2,1,1,2,,,40,40,10,10,4,14,2,1,2,25,"2,6",3,,2,1,25,1,1,2,3,Stein,1,1,2
55,34,2.5,3.5,2.5,3.5,3,5.25,6.25,6.25,2.333333333,3,3.2,2.2,5,6,1.75,4.1,42,2.8,1.75,1,1,1,Hillary Clinton,4,2,2,2,2,2,2,2,,25,25,25,25,4,12,2,4,2,23,2,1,,5,1,23,1,1,3,3,Clinton,2,2,2
57,29,3.5,4,4,3.5,3.75,2.25,2.75,4.75,1.666666667,1.8,3.3,2.5,6.333333333,6,3.25,3.1,,3.8,3.75,4,1,1,Clinton,4,2,2,2,2,2,2,2,,20,20,20,40,3,13,1,1,2,19,"3,5,7",3,,1,1,19,1,1,3,2,Clinton,2,4,2
72,31,4,4,4,4,4,6,6,6,5.666666667,3.6,3.4,3,2.666666667,2,1.25,2.9,,3.4,3,3,0,1,Donald J. Trump,5,5,1,2,2,2,2,2,,25,25,25,25,5,14,2,1,1,20,5,3,,6,1,20,1,1,5,5,Trump,2,1,2
77,59,2.5,4,2.5,3.5,3.125,6.25,6,7,6.333333333,3.533333333,3.7,2.9,6,6,4,3.4,,4.6,4.75,4,0,1,Trump,4,5,2,2,2,2,2,,,35,20,40,5,4,9,3,1,2,20,5,3,,6,1,20,1,1,6,6,Trump,2,1,2
62,42,4,3,4,4,3.75,6.75,7,4,4.333333333,4.6,3.3,3.4,1,1,1,2.1,,4.6,3.75,3.5,0,1,Hillary Clinton,1,1,2,2,2,2,2,2,,20,10,40,30,2,11,2,2,2,19,1,3,,2,1,19,1,1,2,2,Clinton,2,1,2
77,41,3.5,4,4,3.5,3.75,6.75,6.5,6.5,6.333333333,3.533333333,2.4,3.8,1,4,1.75,2,48,3,3.5,4,0,1,Donald Trump,4,4,2,2,2,2,1,,,25,30,25,20,5,10,4,2,2,21,"2,6",3,,5,1,21,1,1,6,6,Trump,2,1,2
65,38,4,3,3.5,3.5,3.5,6,6,6.5,5.666666667,2.733333333,4.2,3.6,1,0,2.25,2.3,42,4.2,3.5,3.5,0,1,Hilary Clinton,5,5,2,2,2,2,2,2,,35,35,20,10,5,14,4,1,2,19,"2,4",3,,1,1,16,1,1,3,3,Clinton,2,1,2
53,37,2,4,2,2.5,2.625,4.5,3.25,3.25,2,2.2,2.9,2.3,3.666666667,2,1,4.7,33,1.4,1,3,1,1,trump,2,2,2,2,2,1,2,2,,0,0,50,50,3,14,4,1,2,22,1,3,,4,2,,1,1,4,4,Trump,1,4,2
73,40,4,4,4,4,4,6.5,6,6,5.833333333,3.6,3.1,3.2,2.333333333,3,1.25,2.7,,4.4,3.75,3,0,1,Hillary Clinton,4,4,2,2,2,2,2,2,,20,20,40,20,5,11,2,1,2,20,"2,4",3,,6,1,20,1,1,2,3,Clinton,2,1,2
69,31,3.5,4,3.5,3,3.5,6.25,6,7,3.666666667,3.666666667,4.5,2.6,2.333333333,0,1,3.6,42,3.2,2.75,4,0,1,Hilary Clinton,4,3,2,2,2,2,2,2,,50,20,20,10,5,7,4,1,2,18,"2,3,4,5,6,7",3,,7,1,18,1,1,3,3,Clinton,2,1,2
80,36,4,3.5,4,4,3.875,7,7,6.25,6,3.066666667,4.3,3.1,3.333333333,8,3,2.2,,4.4,4.5,5,0,1,Donald Trump,3,4,2,2,2,2,2,2,,25,25,25,25,5,8,4,1,2,18,"2,4,6",3,,5,1,18,1,1,5,5,Trump,2,1,2
73,34,3,3,3,3.5,3.125,7,4.75,6,4.833333333,3.066666667,3.5,3.1,4,3,2.5,3,37,3.2,3.25,3,1,1,Neither,3,3,2,2,2,2,2,2,,30,30,25,15,5,10,4,1,1,19,1,3,,1,1,3,1,1,,,neither,2,4,2
71,35,4,4,3.5,4,3.875,7,7,5.25,6.666666667,4.266666667,2.7,3.4,1,2,1.25,2.4,42,5,5,5,0,1,Gary Johnson,4,4,2,2,2,2,2,2,,30,30,30,10,5,10,2,1,2,18,"2,6",3,,7,1,18,1,1,4,4,Johnson,2,1,2
71,36,4,4,4,3.5,3.875,7,7,7,4.5,4.933333333,3,3.2,1.666666667,5,1.5,2.5,,3.8,4,4,1,1,Hillary Clinton,5,4,2,2,2,2,2,2,,25,35,35,5,3,11,2,1,2,18,"2,3,6,7",3,,7,1,18,1,1,3,2,Clinton,2,2,2
61,35,3.5,4,3,3.5,3.5,6,6,5,5.166666667,3.933333333,2.8,2.9,1.666666667,1,2.5,3.6,,2.6,3.5,4,0,1,Hillary,3,3,2,2,2,2,2,2,,30,5,40,25,3,12,2,2,2,20,3,3,,2,1,20,1,1,1,2,Clinton,2,1,2
73,54,3.5,4,4,4,3.875,7,5.25,7,5,4.2,4.1,3.7,1.666666667,4,1.25,2.8,,3,4,4,0,1,Hillary Clinton,5,5,2,2,2,2,2,2,,30,35,20,15,3,10,1,2,1,19,4,3,,4,1,19,1,1,2,3,Clinton,2,1,2
77,43,4,4,3.5,3,3.625,4.5,6,6,4.166666667,3.4,2.6,3.1,4,4,3.75,3.2,42,3,3,4,1,1,Hillary Clinton,4,4,2,2,2,2,2,2,,10,40,45,5,3,7,3,1,2,19,"2,3,4,5,6,7",3,,2,1,19,1,1,4,2,Clinton,2,3,2
80,40,4,3.5,4,4,3.875,7,7,7,6,4.6,3.2,3.8,1,4,1,2.4,,3.6,4.25,4.5,0,1,Jill Stein,4,4,2,2,2,2,2,2,,30,30,20,20,5,14,2,1,2,19,1,3,,5,1,19,1,1,1,3,Stein,2,1,2
63,33,4,4,4,3.5,3.875,7,7,7,3.333333333,3.466666667,2.9,3.4,6,10,1,2.3,,3,4,4,1,1,,4,4,2,2,2,2,2,2,,0,40,30,30,5,12,1,1,2,18,3,3,,5,1,1,1,1,2,4,,2,4,2
70,37,3.5,4,4,4,3.875,3.5,5,7,4.666666667,2.866666667,3.9,3.1,6,6,1.25,2.9,34,3.2,3.25,3,0,1,Hillary Clinton,4,4,2,2,2,2,2,2,,35,40,20,5,5,8,4,2,1,18,6,3,,7,1,18,1,1,6,6,Clinton,2,1,2
72,39,4,4,4,4,4,7,6.5,7,6,3.2,3.2,3,3.333333333,7,2,1.8,42,3,3,3,0,1,Gary Johnson,4,4,2,2,2,2,2,,,30,30,25,15,4,10,3,1,2,20,"2,3,4,5",3,,7,1,20,1,1,6,6,Johnson,2,1,2
26,50,4,4,4,4,4,5.75,6.5,6,4.833333333,3.866666667,3.2,3.4,6,12,1.25,3.3,38,3.6,4,3,0,1,Donald Trump,5,5,2,2,2,2,2,,,15,20,50,15,5,14,4,1,1,18,"2,3,7",3,,8,1,18,1,1,,,Trump,2,1,2
68,32,4,3.5,4,3.5,3.75,6.75,5.5,6.25,3.5,4.133333333,2.6,3.2,3.666666667,6,2,2.3,46,2.8,2.75,3,1,1,Clinton,4,4,2,2,2,2,2,,,30,30,30,10,4,12,2,1,1,21,2,3,,6,1,2,1,1,4,3,Clinton,2,4,2
44,33,4,4,3.5,4,3.875,4,4.5,2.75,4.166666667,3.666666667,2.9,2.7,2,5,1.5,2.9,,2.6,2.75,3,0,1,Hillary Clinton,4,4,2,2,2,2,2,2,,25,25,40,10,5,16,1,1,1,19,2,3,,6,1,19,1,1,3,2,Clinton,2,1,2
80,38,4,4,4,3.5,3.875,7,7,7,6.666666667,2.466666667,3.1,3.9,1,2,3.25,3.1,,3.2,3.5,3,1,1,Hilarie,5,4,2,2,2,2,2,2,,30,30,20,20,4,8,3,2,2,21,"2,3,6,7",3,,5,1,1,1,1,3,4,Clinton,2,4,2
61,43,3,3.5,3.5,3.5,3.375,6.5,5.5,5.75,5.833333333,3,4.4,3,5,7,3,3.5,42,3.4,3.75,4.5,1,1,Trump,3,2,2,2,2,2,2,2,,40,10,30,20,4,9,1,1,2,21,1,3,,4,2,,1,1,3,4,Trump,2,4,2
68,33,3,4,3,4,3.5,7,6.75,7,4.5,4.6,3.5,3.2,2,2,1.5,3.4,,2.4,3.25,3,0,1,Trump,4,4,2,2,2,2,2,2,,40,0,40,20,5,8,5,1,2,20,"2,4",3,,7,1,20,1,1,4,6,Trump,2,1,2
79,41,3.5,4,3.5,3,3.5,6.5,5.75,7,6.166666667,5.333333333,3.4,2.9,5,6,2,2.8,,4.4,3.75,4,0,1,Hilary Clinton,4,4,2,2,2,2,2,2,,20,30,40,10,4,12,2,1,2,20,2,3,,5,1,3,1,1,4,2,Clinton,2,1,2
74,54,4,4,4,4,4,6.5,6,7,6,4.2,3.4,3.1,3,10,2,2.9,,4.2,4.75,4,0,1,Clinton,4,4,2,2,2,2,2,2,,35,25,30,10,5,10,3,2,2,18,"2,4,6",3,,7,1,12,1,2,2,2,Clinton,2,1,2
70,37,4,4,4,3,3.75,7,6.25,7,6.166666667,4.6,3.9,3.7,1,6,4,3.3,42,5,5,5,1,1,Hillary Clinton,2,2,2,2,2,2,2,1,Dyslexic,5,10,55,30,3,11,2,1,2,19,1,3,,1,2,,1,2,,,Clinton,2,6,2
78,30,4,4,3,3,3.5,7,5,4.25,3.666666667,4.533333333,3.8,3.2,1.666666667,4,1.75,2.7,34,3.4,3.25,3.5,0,1,Hillary Clinton,4,3,2,2,2,2,2,2,,10,40,50,0,3,11,3,1,2,19,"3,5,7",3,,1,1,19,1,2,3,3,Clinton,2,1,2
77,36,3,4,3,3,3.25,7,7,7,6,3.133333333,3,4,1,5,3.25,3.2,43,3.6,3.75,3.5,1,1,Hillary Clinton,1,1,2,2,1,2,2,2,,15,30,40,15,2,10,2,1,2,19,1,3,,1,2,,1,2,,,Clinton,2,6,2
80,39,4,3.5,4,4,3.875,7,6.75,7,5.5,4.533333333,4,2.9,1.666666667,7,3,3.6,38,2.8,5,4,0,1,Donald Trump,5,5,2,2,2,2,2,2,,40,5,50,5,5,9,3,1,2,18,"4,5",3,,7,1,18,1,2,3,6,Trump,2,1,2
75,30,4,4,3.5,4,3.875,6.75,6.75,7,5.166666667,4.6,4.3,3.2,2.333333333,3,2.5,3.3,60,4,4.25,4.5,0,1,Donald Trump,5,4,2,2,2,2,1,,,30,50,10,10,4,14,2,1,2,22,"2,7",3,,4,1,22,1,2,6,7,Trump,2,1,2
76,45,3.5,3.5,4,3.5,3.625,6.25,7,6.5,7,3.6,2.9,3.7,4,4,1,1.4,,2,2.5,2,0,1,Donald Trump,5,5,2,2,2,2,2,2,,30,30,30,10,4,11,4,1,1,20,"2,3,4,5,6,7",3,,7,1,20,1,2,6,7,Trump,2,1,2
50,34,4,4,3.5,4,3.875,5.25,4.5,5.25,3.666666667,4.4,4.4,3.1,2.333333333,3,3.25,3.5,,2,4.25,3,0,1,Hillary Clinton,2,3,2,2,2,2,2,2,,30,28,35,7,5,9,2,4,2,20,3,3,,7,1,20,1,2,2,1,Clinton,2,1,2
75,51,3,4,4,4,3.75,6,6,6,4,3.866666667,3.2,2.4,1.666666667,1,1.25,3.7,,3.2,3.25,3,0,1,,3,4,2,2,2,2,2,2,,40,40,5,15,5,13,2,1,2,20,"2,3,4,5",3,,6,1,20,1,2,,,,2,1,2
79,36,3.5,3,4,4,3.625,6,6.75,6.25,4.833333333,4.4,3.8,2.7,1.333333333,3,1.5,2.6,,3.6,3.75,4,0,1,Hillary Clinton,4,4,2,2,2,2,2,,,30,40,20,10,4,10,2,1,2,20,"3,5,7",3,,6,1,20,1,2,2,2,Clinton,2,1,2
75,41,4,4,4,4,4,7,7,7,7,3.466666667,4.2,3.9,2.333333333,9,2.25,1.7,,3.4,3.75,4,0,1,Donald Trump,5,5,2,2,2,2,2,2,,30,30,30,10,5,11,5,1,1,19,"3,5,7",3,,8,1,19,1,2,6,6,Trump,2,1,2
64,34,4,3,4,3.5,3.625,6.25,6.25,5.25,5.833333333,4.266666667,2.7,2.9,1,3,1,2.6,,3.2,4,4,0,1,I didn't support either,5,4,2,2,2,2,2,,,30,15,30,25,3,11,3,1,2,20,"2,3,4,5,7",3,,6,1,20,1,2,5,5,neither,2,1,2
66,53,3.5,4,2.5,2.5,3.125,6,5.25,6.25,5.833333333,4.866666667,2.5,3.6,1,4,2.25,2.1,,2.6,3.5,3,0,1,Clinton,5,4,2,2,2,2,2,2,,10,15,55,20,3,8,1,2,2,22,"2,6",3,,3,1,22,1,2,3,2,Clinton,2,1,2
77,60,3.5,4,4,4,3.875,7,7,7,7,4.466666667,2.8,4,1,1,1,3.1,,5,2,5,,1,Hilary Clinton,5,5,2,2,2,2,2,2,,100,100,100,100,5,12,1,1,1,19,1,3,,8,1,19,1,2,2,1,Clinton,2,7,2
63,36,4,3.5,4,3.5,3.75,6.75,7,7,6,3,3.8,3.1,2,5,1.5,3.5,,2.8,3.75,4,0,1,Third Party,4,4,2,2,2,2,2,,,30,30,25,15,5,9,5,1,2,18,"2,3,4,5,6",3,,7,1,18,1,2,6,6,thirdparty,2,1,2
59,26,2.5,3,2.5,2.5,2.625,4.75,4,5,3,4.133333333,3.4,2.8,4.666666667,5,4,3,42,3,3.25,3,1,1,hilrery,3,3,2,2,2,2,2,,,30,15,35,30,4,15,3,1,1,24,"2,4",1,2,5,1,3,1,2,4,4,Clinton,2,4,2
57,37,4,4,3.5,3.5,3.75,5.25,4,3.5,2,3.266666667,3.4,2.6,4,10,4,3.5,42,2.6,2.75,2.5,0,1,No Vote,3,3,2,2,2,2,2,2,,15,10,36,39,3,12,2,1,2,20,"3,4,5,7",3,,1,1,20,1,2,5,4,notvote,2,1,2
76,37,4,4,3.5,4,3.875,5.75,3.25,5.25,4.833333333,3.466666667,3.7,3.5,3.666666667,2,3.25,3.4,42,3.2,4.25,4,0,1,"Donald Trump, althought I did vote for Hillary Clinton.",5,5,2,2,1,2,2,2,,35,35,25,5,4,11,2,1,1,19,"3,5,7",3,,7,1,19,1,2,5,6,Clinton-Trump,2,1,2
68,40,4,4,4,4,4,7,7,7,5.5,4.266666667,3.7,3,2,5,1.5,2.4,42,3.2,2.75,3,0,1,Hillary Clinton,4,4,2,2,2,2,2,2,,25,0,50,25,4,10,2,1,2,19,"2,4,6",3,,5,1,19,1,2,3,3,Clinton,2,1,2
31,20,2.5,3,2,3,2.625,4.25,4.25,4.75,4.666666667,4.133333333,3.3,2.9,2,8,2,2.9,,3.6,3,4,0,1,Hillary Clinton,4,3,2,2,2,2,2,,,40,20,20,20,4,10,2,1,2,20,5,3,,8,1,20,1,2,2,1,Clinton,2,1,2
53,34,4,4,4,4,4,5.25,6.75,3,1.666666667,3.333333333,2.9,2.1,1,0,2.75,4.3,42,2.6,3.25,3,0,1,None,4,4,2,2,2,2,1,,,25,25,15,35,5,10,4,1,2,21,"2,3,4,5,6,7",3,,1,1,21,1,2,4,5,neither,2,1,2
77,31,4,4,3.5,4,3.875,7,6.75,7,7,5.2,3.8,3,1,2,1,2.333333333,,3.2,4,4,1,1,Clinton,4,4,2,2,2,2,2,2,,40,40,10,10,5,10,5,1,2,18,"2,4,6",3,,7,1,16,1,2,,,Clinton,2,4,2
70,39,4,4,4,4,4,4.5,7,7,4.166666667,3.866666667,3.7,3.3,3.333333333,1,2,3.4,,5,2.75,4.5,0,1,Donald Trump,4,5,2,2,2,2,2,,,25,40,20,15,5,8,3,1,2,19,"2,4,6",3,,6,1,19,1,2,4,3,Trump,2,1,2
73,41,3.5,4,3.5,4,3.75,4,4,4,5.833333333,4.266666667,3.4,3,4,6,1.25,2.3,42,3,3,3,0,1,Gary Johnson/ Trump,4,4,2,2,2,2,2,2,,25,25,25,25,4,10,2,1,2,20,"2,3,4,5",3,,7,1,20,1,2,6,6,Johnson-Trump,2,1,2
73,36,4,4,4,4,4,1,2,1.25,1.5,3.133333333,3.2,2.4,1,5,4.5,4.7,22,4,4,4.5,1,1,Clinton,4,2,2,2,2,1,1,,,20,40,30,10,3,11,4,1,2,18,"2,6",3,,1,1,18,1,2,,3,Clinton,2,4,2
70,39,4,3,3,3.5,3.375,6,4,6.5,4.5,3,3.8,3.2,1,2,1.5,3.9,,3.8,5,4,1,1,Clinton,4,2,2,2,2,2,2,2,,20,20,50,10,3,11,1,1,2,22,1,3,,2,1,21,1,2,4,3,Clinton,2,4,2
66,36,3.5,4,4,3.5,3.75,3.75,3.75,4.5,5,3,3.7,3.3,5.666666667,9,1,3.2,,4,4,4,0,1,None,5,5,2,2,2,2,2,2,,20,5,55,20,4,17,2,2,1,20,"3,5",3,,7,2,,1,2,2,3,neither,2,1,2
67,33,3.5,3,3.5,2.5,3.125,3.75,4,4.5,4,3.866666667,2.9,2.9,1.666666667,2,3,3.3,43,3.2,2.5,3,0,1,Hillary Clinton,3,3,2,2,2,1,2,2,,30,50,10,10,3,11,1,2,2,22,"2,3,5,6,7",3,,1,1,22,1,2,3,2,Clinton,2,1,2
77,36,4,4,3.5,4,3.875,7,6,7,5.5,4.4,2.9,3.1,2.333333333,0,1.25,2.7,,3.4,2.5,4,0,1,Donald Trump,4,4,2,2,2,2,2,2,,25,25,40,10,4,9,2,1,2,18,"3,5",3,,7,1,18,1,2,5,5,Trump,2,1,2
63,33,4,4,3,3.5,3.625,5,4.75,5,5.166666667,4.066666667,3.2,3.1,5.333333333,6,2.25,3.1,,3.6,4.5,3.5,1,1,"Trump, I predicted the future! Horraay",2,4,2,2,2,2,2,2,,5,40,50,5,5,13,5,1,1,23,3,3,,1,1,6,1,2,,,Trump,2,4,2
52,34,4,3,4,4,3.75,6,6.25,7,6.166666667,3.6,3.9,3.4,1,3,1,3.1,42,1,2.75,3,0,1,Donald Trump,5,4,2,2,2,2,2,2,,25,25,35,15,4,9,1,2,2,19,"2,3,6,7",3,,1,1,19,1,2,6,6,Trump,2,1,2
64,35,4,4,3,4,3.75,5.5,4.5,7,5.5,3.133333333,2.9,3.3,1.333333333,2,2.5,3.1,,3.8,3.25,5,0,1,Hillary Clinton,2,4,2,2,2,1,2,,,30,20,20,30,4,8,2,1,2,22,"2,3",3,,3,1,22,1,2,3,2,Clinton,2,1,2
78,38,4,4,4,3,3.75,6.25,5.75,6.25,4.833333333,3.8,4.2,2.8,1,3,1.25,2.9,,3.4,2.5,3.5,1,1,Clinton,5,5,2,2,2,2,2,,,45,30,20,5,5,8,2,2,2,19,"2,3,5,6,7",3,,3,1,19,1,2,3,6,Clinton,2,3,2
71,52,4,3.5,4,3.5,3.75,7,6.25,7,6,3.333333333,3,3.4,2.666666667,5,3,2.9,32,4.2,5,5,0,1,trump,5,5,2,2,2,2,2,1,anxiety,10,20,50,20,3,12,3,1,2,19,"2,4,6",3,1,1,1,19,1,2,6,6,Trump,2,1,2
79,52,4,4,4,4,4,6.75,6,2,5.833333333,3.533333333,4.5,2.7,1,8,2,3.5,42,4.2,4.25,5,0,1,Hillary Clinton,4,3,2,2,2,2,2,2,,15,15,40,30,5,9,2,2,2,18,"3,5,7",3,,4,1,18,1,2,4,3,Clinton,2,1,2
77,38,4,4,3.5,4,3.875,6,6,6,5.333333333,2.6,3.9,2.9,4,5,1.5,3.3,34,3.6,4,4,0,1,Trump,4,4,2,2,2,2,2,2,,30,40,25,5,5,10,3,2,2,19,"2,3",3,,5,1,19,1,2,6,6,Trump,2,1,2
77,36,4,3.5,4,3.5,3.75,6,5.25,7,5.333333333,4.8,2.8,3.2,3.666666667,4,1,2,,3.4,2.5,2.5,0,1,,5,5,2,2,2,2,2,2,,30,30,20,20,4,10,2,1,1,20,"3,5,7",3,,1,1,20,1,2,5,6,,2,1,2
55,35,3,3,3,3,3,4,4,4,4,4,3,3,3,4,1,3,42,2.6,3.25,3,0,1,Hillary Clinton,3,3,2,2,2,2,2,2,,15,5,60,20,3,14,3,1,2,19,"2,3,4,5",3,,7,1,19,1,2,2,2,Clinton,2,1,2
75,33,4,3,4,3.5,3.625,6,6,4,5.166666667,4,3.7,3,1.666666667,2,1.75,3.1,45,3.8,4,4,0,1,Donald Trump,5,5,2,2,1,2,2,2,,30,30,30,10,5,8,3,1,2,19,"3,5",3,,8,1,19,1,2,6,7,Trump,1,1,2
64,46,4,3,4,3.5,3.625,2,6,4.75,2.666666667,3.066666667,3.9,2.7,1,8,2,3.6,41,4,4,4,0,1,Hilary Clinton,3,3,2,2,2,1,2,2,,10,40,20,30,4,11,2,2,2,18,"2,3,7",3,,1,1,18,1,2,3,3,Clinton,2,1,2
66,40,4,3.5,3,4,3.625,7,7,7,6.166666667,4.6,2.5,3.8,4.666666667,5,1,2.7,,4,4.25,5,0,1,Hillary Clinton,4,5,2,2,2,2,2,2,,10,0,70,20,4,10,1,1,2,18,"2,4",3,,6,1,18,1,2,2,3,Clinton,2,1,2
63,35,3,3.5,3,3,3.125,5.5,5.75,6.5,5.166666667,5.333333333,4,2.7,1.666666667,1,1,2.7,34,2.8,2,3,1,1,none,4,5,2,2,2,2,2,2,,20,10,35,35,2,9,2,1,2,19,"2,4",3,,2,1,15,1,2,3,3,neither,2,4,2
71,35,3,3,3,3,3,6,6,6,4.166666667,4,3.7,2.3,1,1,3.75,3.4,,3.8,4,4,0,1,hilary clinton,1,1,2,2,2,2,2,2,,20,20,40,20,4,14,2,1,2,20,"2,3",3,,7,1,20,1,2,3,3,Clinton,2,1,2
67,33,4,3.5,4,4,3.875,6.25,7,7,5.333333333,3.4,4,2.9,1,2,1.5,2.9,,4,4.75,5,0,1,Hillary Clinton,4,4,2,2,2,2,2,2,,30,30,30,10,4,10,2,1,2,18,2,3,,7,1,18,1,2,3,2,Clinton,2,1,2
72,36,4,4,3.5,4,3.875,5.75,5.75,4,4.666666667,3.533333333,3.7,2.9,3.333333333,3,1.75,3.1,,2.6,3,3,0,1,Donald Trump,5,3,2,2,2,2,2,2,,35,35,15,15,4,9,3,1,2,19,"3,5,7",3,,1,1,19,1,2,6,6,Trump,2,1,2
70,35,3,4,3.5,4,3.625,5.25,5,7,4.5,3.6,3.7,3.3,2.666666667,9,2,3.3,36,3,4.25,3.5,0,1,Hillary Clinton,2,3,2,2,2,1,2,2,,30,30,20,20,5,7,2,1,2,19,1,3,,1,1,19,1,2,4,3,Clinton,2,1,2
60,45,4,4,4,2.5,3.625,6.5,5.75,6.75,4.166666667,3,4.2,2.6,1,6,3.25,4.5,28,4.4,4,5,,1,Bernie Sanders,2,3,2,2,2,1,2,2,,50,0,25,25,4,14,1,1,2,25,"2,4",1,6,2,1,25,1,2,2,3,Sanders,2,7,2
63,48,4,4,3.5,4,3.875,7,7,7,6,3.6,3.3,3,4,0,3.75,3,37,4,4,4,0,1,Hilary Clinton,4,4,2,2,2,1,2,2,,20,20,50,10,3,10,2,1,2,20,2,3,,2,1,20,1,2,5,3,Clinton,2,1,2
76,41,4,2.5,3.5,3.5,3.375,6.25,6.75,6,5.5,2.533333333,3.5,3.6,1.333333333,5,1.75,3,47,2.8,3.5,3.5,0,1,Trump,4,5,2,2,2,2,1,2,,30,30,30,10,5,10,2,1,1,21,2,3,,7,1,21,1,2,4,4,Trump,1,1,2
78,35,3.5,3.5,3.5,3.5,3.5,6.75,6.75,7,4,3.533333333,3.9,2.9,3,4,1.25,2.4,46,3.4,3.5,3,0,1,Trump,5,4,2,2,2,2,2,,,30,25,20,25,5,10,1,2,2,18,"2,4",3,,6,1,18,1,2,3,3,Trump,2,1,2
77,36,4,4,3,4,3.75,7,6,7,5.833333333,4.666666667,2.5,3,2.666666667,0,1.25,2.8,,3.6,2.25,4,0,1,Trump,4,4,2,2,2,2,2,2,,20,25,40,15,4,9,2,1,2,18,"3,5",3,,7,1,18,1,2,5,5,Trump,2,1,2
75,39,4,3.5,3.5,4,3.75,5,6.25,6.25,4.833333333,4.8,3.9,3.5,1.666666667,3,2.25,2.5,42,4.6,4.25,2.5,0,1,Neither,4,4,1,2,2,2,2,,,30,30,30,10,5,10,3,1,2,18,"2,4",3,,8,1,18,1,2,4,5,neither,2,1,2
58,51,4,4,4,4,4,6.75,6,7,6.166666667,3.866666667,3,3.3,1.666666667,5,1,2.8,50,3.2,3.5,3.5,0,1,Donald Trump,4,4,2,2,2,2,2,2,,25,25,25,25,5,9,3,1,1,18,"2,3,4,6,7",3,,7,1,18,1,2,4,6,Trump,2,1,2
74,36,3.5,3,4,4,3.625,4.75,5.25,5.75,6.166666667,5.066666667,3.8,3.3,2,9,5,2.8,,2.6,3.25,2,0,1,Trump,5,3,2,2,2,2,2,2,,20,30,30,20,4,11,3,1,1,20,2,3,,8,1,20,1,2,6,6,Trump,2,1,2
71,35,3.5,3,2.5,3.5,3.125,6.25,5.75,6,6,3.8,3.3,3.2,2.333333333,6,3.25,2.9,42,3.4,4,2.5,0,1,Trump,4,4,2,2,2,2,2,2,,25,25,25,25,4,10,3,1,1,19,"3,5,7",3,,7,1,19,1,2,4,5,Trump,2,1,2
80,37,3.5,4,4,3.5,3.75,7,7,7,4.666666667,5.466666667,4,3.6,5.666666667,3,1,3.5,44,3.8,4,4,1,1,Kanye West,4,3,2,2,2,2,2,2,,100,100,100,50,5,10,3,1,1,20,1,3,,1,2,,1,2,,,nonsense,2,4,2
61,34,4,3.5,4,4,3.875,4.5,4,3.5,2.333333333,3.4,3,2.2,3.666666667,7,2.5,2.3,34,2.2,2.25,3.5,1,1,Hillary Clinton,4,4,2,2,2,2,2,2,,25,35,30,10,4,11,1,4,2,19,"2,3,4,5",3,,4,1,19,1,2,2,2,Clinton,2,2,2
63,29,4,3,3.5,3,3.375,6.5,7,5.75,5.833333333,4.733333333,4,3.7,2,3,1.5,1.8,,3.8,4.75,4.5,0,1,Hilary Clinton,4,4,2,2,2,2,2,2,,25,25,25,25,5,10,1,1,2,20,"2,4",3,,7,1,20,1,2,2,2,Clinton,2,1,2
74,31,3.5,3,4,4,3.625,5.75,6,5.25,5.166666667,2.933333333,3.9,3,3.333333333,1,3.5,3.3,,3.2,4.25,3,0,1,Trump,4,5,2,2,2,2,2,2,,35,45,15,5,5,10,5,1,1,21,"2,3,4,5,7",3,,7,1,21,1,2,6,5,Trump,2,1,2
71,31,4,3.5,4,4,3.875,6.25,5.25,7,5.666666667,4.133333333,3.4,2.7,4,6,2,2.7,,4.6,3.75,4,1,1,Hillary Clinton,2,3,2,2,2,2,2,2,,30,25,25,20,4,14,2,2,2,18,"2,3",3,,4,1,18,1,2,,2,Clinton,2,2,2
76,35,3.5,2,3.5,4,3.25,6,6.75,7,4.666666667,3.866666667,4.4,3.6,3.333333333,2,4.25,2.5,,3.6,3.5,4,1,1,Against Trump,3,3,2,2,2,2,2,2,,100,80,100,100,5,12,1,1,2,19,1,3,,7,1,2,1,2,,,Anti-Trump,2,4,2
48,31,4,4,4,4,4,5.75,5.25,6.75,4.5,1.933333333,4.1,3.1,1,1,2.5,4,38,3.8,4.75,4.5,0,1,Hillary Clinton,2,3,2,2,1,1,2,2,,30,20,20,30,4,8,2,1,2,18,"3,5",3,,7,1,18,1,2,2,1,Clinton,1,1,2
69,34,4,4,4,4,4,5.25,4.5,4.5,5.166666667,3.4,3.7,3,1,1,1.25,3.5,,4,4,4.5,0,1,Hillary Clinton,2,4,2,2,2,2,2,,,30,10,40,20,5,11,1,1,2,21,"3,7",3,,1,1,21,1,2,3,3,Clinton,2,1,2
45,33,2.5,3.5,2.5,2.5,2.75,6,5.5,7,5.166666667,3.533333333,3,2.6,1,4,1.25,3,,3.4,3.25,3.5,1,1,Hilary Clinton,3,3,2,2,2,2,2,2,,50,30,15,5,5,9,4,2,2,20,"2,3,4,5,7",3,,8,1,20,1,2,5,2,Clinton,2,3,2
72,56,4,4,3.5,4,3.875,7,6.75,6.75,6.166666667,3,2.9,3.7,3.666666667,4,3,3,39,5,5,4.5,0,1,trump,4,5,2,2,2,2,2,2,anxiety,10,10,50,30,2,3,3,1,2,19,"2,4",3,1,1,1,19,1,2,5,6,Trump,2,1,2
66,30,3.5,3.5,4,4,3.75,6,7,5.25,5.166666667,2,3.2,2.9,3,3,3,3.8,,3.4,2.75,4,0,1,HILLARY RODHAM CLINTON,2,3,2,2,2,2,2,2,,45,25,25,5,5,10,5,1,2,18,"2,4,6",3,,1,1,18,1,2,2,2,Clinton,2,1,2
70,30,4,4,4,4,4,6,6,6,2.833333333,3.466666667,3.7,2.7,5,4,3,3.9,,4,3.5,4,1,1,Hillary Clinton,4,4,2,2,2,2,2,,,25,25,35,15,4,11,1,1,2,20,2,3,,4,1,16,1,2,2,2,Clinton,2,4,2
69,34,4,3,3,4,3.5,6,5.5,5.75,5.666666667,4.066666667,3.5,2.8,1,6,1,2.7,,2.6,2.5,3,0,1,Donald Trump,4,3,2,2,2,2,2,,,30,25,30,15,4,11,5,1,1,20,1,3,,6,1,20,1,2,7,7,Trump,2,1,2
52,43,4,4,4,4,4,7,7,7,3.666666667,4.4,4.2,3,1,6,2,3,34,3.6,3.5,4,0,1,Gary Johnson,2,4,2,2,2,2,2,2,,13,12,15,60,3,9,1,2,2,19,"2,6",3,,4,1,19,1,2,5,6,Johnson,2,1,2
72,31,4,4,4,4,4,7,7,7,5.833333333,3.866666667,2.3,3,1,7,2.25,3.4,42,1.8,3,3,1,1,trump,5,5,2,2,2,2,2,2,,30,30,30,10,5,11,3,1,2,20,5,3,,8,1,20,1,2,6,7,Trump,2,6,2
68,32,3,3,3,3,3,5.25,5.25,5.5,4.5,4.333333333,3.1,2.6,3,3,2.25,3.4,42,3.4,3.25,5,1,1,"I have no idea, because I am not U.S. citizen.",3,3,2,2,2,2,2,2,,20,30,30,20,1,12,2,1,2,20,1,3,,4,1,3,1,2,5,4,dontknow,2,4,2
73,37,4,4,3,3.5,3.625,6.75,6,6.5,4.5,3.533333333,3.1,3,2.666666667,3,2,2.9,47,3.4,3.75,3.5,0,1,wasn't registered,4,4,2,2,1,2,2,2,,20,20,30,30,3,12,2,1,2,20,"2,3,6,7",3,,1,1,20,1,2,,,cannotvote,1,1,2
78,40,4,4,3.5,4,3.875,6.5,6,5.75,5.166666667,3.8,4.3,2.9,2,4,2,2.8,34,3.8,4.25,5,0,1,Neither,4,4,2,2,2,1,2,2,,25,25,25,25,5,10,3,1,2,21,2,3,,7,1,21,1,2,3,2,neither,2,1,2
59,37,4,4,3.5,3.5,3.75,6.25,5,2,4.5,3.4,3.1,2.7,3.666666667,4,2.25,3.7,34,2.6,4,3,0,1,Trump,4,4,2,2,2,2,2,2,,50,20,20,10,4,13,2,1,1,19,3,3,,1,1,19,1,2,5,5,Trump,2,1,2
56,31,4,3,3,3,3.25,6.75,7,7,6,4.733333333,4,3.4,2,1,1.5,1.9,,4.2,4,4.5,0,1,Hilary Clinton,4,4,2,2,2,2,2,2,,25,25,25,25,5,10,1,1,2,20,2,3,,8,1,20,1,2,2,2,Clinton,2,1,2
72,31,3.5,4,4,3.5,3.75,5.25,6,5,5.5,3.933333333,3.1,2.9,3,3,1.25,2.9,,3.8,3.25,4,0,1,donald trump,4,5,2,2,2,2,2,,,25,25,25,25,5,11,2,1,1,20,"3,7",3,,7,1,20,1,2,5,5,Trump,2,1,2
52,38,4,4,4,4,4,3.75,3.75,4.25,2.666666667,3.4,3.5,2.8,3,6,4,3.7,34,2.4,3.25,3.5,0,1,Gary Johnson,3,3,2,2,2,2,2,2,,15,35,30,20,4,10,3,4,1,20,"2,3",3,,5,1,20,1,2,4,4,Johnson,2,1,2
70,36,4,4,4,4,4,5.5,4,4.5,4.666666667,3.266666667,3.8,3.2,4.666666667,2,3,4,50,3.2,4,4,0,1,"Supported Trump, but voted for Hillary because of social media views.",5,4,2,2,1,2,2,,,25,25,25,25,4,11,3,1,1,19,"3,5",3,,7,1,19,1,2,5,6,Trump-Clinton,2,1,2
65,33,4,4,4,4,4,7,7,1,5.5,5.666666667,2.4,3,1,1,2,3,,3.4,1,5,0,1,Hillary Clinton,2,5,2,2,2,2,2,2,,10,20,40,30,2,12,3,1,2,19,"2,4",3,,8,1,12,1,2,2,2,Clinton,2,1,2
74,33,4,4,4,4,4,7,7,4,5.333333333,5.466666667,4,2.9,1,3,1,2.9,,4,4.25,4,0,1,Hillary,4,4,2,2,2,2,2,2,,25,10,40,25,4,10,4,1,2,19,"2,4,6",3,,1,1,19,1,2,3,3,Clinton,2,1,2
67,40,3.5,4,3,4,3.625,6.5,6.75,7,5.833333333,3.4,3.7,2.9,1,6,1.5,2.6,42,3.8,4,4.5,0,1,trump,4,5,2,2,2,2,2,2,,30,25,25,20,5,9,3,1,2,18,"2,4,6",3,,6,1,18,1,2,6,6,Trump,2,1,2
23,15,2.5,2.5,3,3.5,2.875,4.5,4.75,5.5,6,3.733333333,3.3,2.9,4.333333333,7,2,2.6,,3.4,3.5,3.5,0,1,Hillary Clinton,4,3,2,2,2,2,2,2,,30,25,25,20,4,11,3,1,2,20,2,3,,7,1,20,1,2,2,2,Clinton,2,1,2
73,39,4,3.5,4,3.5,3.75,6.5,6.25,5.75,6.666666667,3.133333333,4.3,3.3,1,1,3,2.4,42,4.6,4.25,3,0,1,Clinton,4,4,2,2,2,2,2,2,,25,25,30,20,5,11,2,1,2,19,2,3,,1,1,17,1,2,3,3,Clinton,2,1,2
59,36,4,3,4,4,3.75,5.25,6,5.5,4.833333333,2.666666667,2.4,2.7,3.333333333,5,1,2.7,,3,3.25,4,0,1,Hillary Clinton,5,4,2,2,2,2,2,2,,35,20,30,15,3,9,2,2,2,18,"3,5,7",3,,6,1,18,1,2,2,2,Clinton,2,1,2
52,35,4,4,4,4,4,4.25,6.5,5,4,4.2,2.9,3.5,2.666666667,4,1.75,2.6,42,3.2,3.5,4,0,1,none,4,5,2,2,2,1,2,2,,0,0,50,50,4,13,2,2,1,20,5,3,,1,1,20,1,2,4,4,neither,2,1,2
65,42,4,4,3.5,4,3.875,1.5,2.75,1.5,3.166666667,4.066666667,2.4,3.8,3,6,2.75,3.1,,3.6,3.25,3.5,1,1,Hillary,5,5,2,2,2,2,2,2,,2.5,2.5,85,10,2,16,1,2,2,22,"2,3,6,7",3,,1,1,22,1,2,4,3,Clinton,2,2,2
74,42,4,4,4,4,4,6,6,7,6.5,3.6,4.5,4,1,4,1,1.9,,1,1,3,0,1,,4,4,2,2,2,2,2,2,,50,20,10,20,5,7,2,1,1,21,"2,4",3,,7,1,21,1,2,5,6,,2,1,2
60,35,4,3.5,3.5,3.5,3.625,5.25,4,1.25,4.333333333,4.733333333,2.5,2.9,5,1,1.75,2.5,42,2.4,2,3.5,0,1,Hillary Clinton,3,2,2,2,2,2,2,2,,10,5,55,30,2,12,3,1,1,20,"3,5",3,,2,1,20,1,2,,2,Clinton,2,1,2
69,49,3,4,3.5,3.5,3.5,5.75,5.5,5.75,3.5,3.133333333,3.1,2.8,1,2,2,2.7,35,2.6,3,4,0,1,Clinton,4,4,2,1,1,1,2,2,,50,50,100,85,2,14,2,1,2,23,"3,5,7",3,,2,1,23,1,2,2,2,Clinton,1,1,2
80,39,4,4,3,3.5,3.625,6,6,6,5,4.8,2.9,3.2,1,1,1.75,2.7,,2,3.5,3.5,1,1,Bernie Sanders,2,4,2,2,2,2,2,2,,25,30,20,25,4,14,2,1,2,18,"3,7",3,,7,1,18,1,2,1,2,Sanders,2,2,2
63,44,4,3,4,4,3.75,7,7,7,7,4.133333333,3.8,2.7,1,2,1,2.4,,2,2.5,2,0,1,Donald Trump,3,3,2,2,2,2,2,,,30,30,30,10,5,9,5,1,1,20,"3,5",3,,1,1,20,1,2,5,5,Trump,2,1,2
76,33,4,4,3.5,3.5,3.75,7,5,5,4.333333333,3.933333333,4,2.5,2.666666667,5,2.25,3.3,34,3.8,4,3.5,0,1,Hillary Clinton,3,3,2,2,2,2,2,2,,20,50,20,10,4,12,2,1,2,19,"2,7",3,,1,1,19,1,2,4,4,Clinton,2,1,2
60,29,3.5,2,2,2.5,2.5,4.5,3.5,4,3.666666667,3.666666667,3.1,2.7,3.333333333,6,3.5,3.1,43,3,3.25,2.5,1,1,Hillary Clinton,3,5,2,2,2,2,2,2,,20,30,40,10,3,12,5,2,2,18,"2,3,7",3,,1,1,18,1,2,5,4,Clinton,2,2,2
74,35,4,2.5,3.5,3.5,3.375,6.5,6,5.25,5,4.4,3.3,3.5,1.666666667,4,1.75,2.9,41,3,3.5,4,1,1,none,4,3,2,2,2,2,2,2,,20,30,30,20,5,11,2,1,1,21,1,3,,1,1,5.5,1,2,2,,neither,1,4,2
70,40,4,4,4,4,4,3.25,6.5,6.25,4.333333333,3.8,3.6,3.1,3,1,2.75,3.7,,4.8,2.75,5,0,1,Trump,4,4,2,2,2,2,2,2,,20,40,30,10,4,10,4,1,2,19,"2,4,6",3,,6,1,19,1,2,4,6,Trump,2,1,2
52,55,3,3,3,3,3,7,7,7,4.833333333,4.733333333,2.5,3.2,1,4,1.75,3.1,34,1.6,1.5,2,1,1,,4,4,2,2,2,2,2,2,,30,30,30,10,3,9,5,1,2,19,"2,3,4,5",3,,1,1,17,1,2,4,3,,2,2,2
76,26,4,3.5,4,4,3.875,7,7,7,3.5,3,4,2.2,4,6,1.5,3.3,32,5,5,5,0,1,Hillary Clinton,4,3,2,2,2,1,2,2,,30,30,20,20,4,9,2,1,2,18,"3,5,7",3,,1,1,18,1,2,,,Clinton,2,1,2
80,41,4,3,4,3.5,3.625,7,7,5,6.333333333,4.866666667,2.9,3.5,2,0,1.75,2.5,45,4.8,4,4,0,1,Hillary Clinton,5,5,2,2,1,2,2,,,25,25,20,30,4,10,2,1,2,20,"3,5,7",3,,5,1,20,1,1,4,4,Clinton,1,1,2
69,33,4,4,4,3.5,3.875,5,7,6.333333333,3.166666667,4.066666667,3.6,3.3,1,7,2,3.4,,2.8,3.75,3.5,0,1,Hillary Clinton,5,5,2,2,2,2,2,2,,30,35,15,20,5,8,5,2,1,20,"3,5,7",3,,5,1,20,1,1,3,3,Clinton,2,1,2
70,38,3,3,3.5,4,3.375,1.5,3,1.5,3,2.066666667,3.3,2.8,3.666666667,1,3.75,3.9,40,4,3.25,3.5,1,1,Hilary Clinton,2,3,2,2,2,1,1,1,Mental abnormality,10,60,20,10,3,8,2,2,2,18,"2,4",3,,1,1,18,1,1,,,Clinton,2,2,2
74,38,3.5,3.5,4,3,3.5,5.5,6,5,4.166666667,4.266666667,2.7,3,1.666666667,1,2,2.7,,3.8,3.25,3,0,1,,3,4,2,2,2,2,2,2,,20,25,40,15,3,14,3,2,2,21,7,3,,1,1,21,1,1,,,,2,1,2
67,38,4,4,3,3,3.5,7,6.25,7,5.666666667,3.8,3.7,3,1.666666667,1,1,2.8,,2.4,3.25,4,0,1,No comment,3,3,2,2,2,2,2,2,,30,30,25,15,5,10,3,1,2,20,"2,4,6",3,,1,1,20,1,1,,5,na,2,1,2
46,32,4,3.5,4,4,3.875,7,7,7,5.833333333,4.466666667,3.2,3.6,1.666666667,8,1.5,2.7,,4.2,5,5,1,1,None,4,5,2,2,2,2,2,,,30,35,15,20,5,10,3,1,1,21,"2,3,6,7",3,,1,1,21,1,1,,,neither,2,3,2
59,33,4,4,4,4,4,2.25,6.25,6,3.666666667,3.533333333,3.7,2.5,4.666666667,3,1.5,3.5,37,3.6,3.75,3,0,1,,3,3,2,2,1,1,1,2,,5,5,40,40,2,11,3,2,2,19,"2,3",3,,1,1,15,1,1,2,3,,1,1,2
58,37,4,4,3.5,4,3.875,3.5,5.5,3.75,1.333333333,3.333333333,4,3,4,4,2.5,3.2,42,3.8,4.25,4,0,1,Hilary Clinton,3,3,2,2,2,2,2,2,,15,15,50,20,3,14,1,1,2,21,"2,3,4,5,6,7",3,,2,1,21,1,1,4,4,Clinton,2,1,2
75,34,3,2.5,4,4,3.375,7,7,7,6,5.133333333,3.5,3,5,5,1,2.2,,4.6,4.5,4,0,1,Hilary Clinton,4,2,2,2,2,2,2,2,,35,35,20,10,5,8,1,1,2,18,"2,4",3,,1,1,18,1,1,,,Clinton,2,1,2
52,35,3.5,4,3,3,3.375,1.75,4.75,1,1.333333333,2.666666667,3.6,1.2,1,2,4.5,4.6,,2.2,3.25,3,0,1,Hillary Clinton,1,1,2,2,2,2,2,2,,0,0,50,50,2,12,1,2,2,19,3,3,,7,1,19,1,1,1,1,Clinton,2,1,2
76,59,3.5,3,4,4,3.625,7,7,7,5.166666667,4.666666667,3.9,3.2,2.666666667,9,3.75,2.9,46,5,5,4,0,1,Trump,5,4,2,2,1,2,2,,,25,25,25,25,5,9,2,2,2,18,"2,3",3,,3,1,18,1,1,,,Trump,2,1,2
11,28,4,3,4,3.5,3.625,4,3,4.5,4.666666667,4.6,3.4,3.2,1.333333333,3,3.75,3.2,34,2.8,3.75,3,1,1,Hillary Clinton,4,4,2,2,2,2,2,2,,0,0,0,0,3,11,2,4,2,19,1,3,,1,1,5,1,1,4,3,Clinton,2,3,2
75,31,4,3,4,3,3.5,5,5.25,4.5,5.833333333,5.466666667,3.6,3.5,2,7,3.25,1.7,,4.4,4.5,4,0,1,Donald Trump,4,4,2,2,2,2,2,2,,35,15,30,20,4,9,3,1,2,19,"3,5",3,,6,1,19,1,1,5,5,Trump,2,1,2
75,44,4,4,4,4,4,5.5,4.75,6.75,3.833333333,3.8,2.7,3.5,3,1,1.25,4.5,42,3.2,2.5,3,0,1,,2,4,2,2,2,2,2,2,,20,20,40,20,5,9,3,1,2,20,"2,3,4,5,7",3,,1,1,20,1,1,,,,2,1,2
70,52,3,4,3,3.5,3.375,5,5,6,3.5,3.2,2.9,2.9,2.666666667,2,1.25,4.3,,3,3,3,1,1,Hillary Clinton,4,4,2,2,2,2,2,2,,20,10,50,20,3,9,2,4,2,21,"3,5,7",3,,1,1,21,1,1,,2,Clinton,2,3,2
64,44,4,3.5,4,3.5,3.75,1.75,3.25,7,3.5,2.733333333,2.3,2.9,1,0,1.25,3.3,,2,1.25,2,0,1,I'd rather not say,2,3,2,2,2,2,2,2,,100,75,100,50,4,9,5,2,2,19,"2,3,6,7",3,,2,1,19,1,1,4,,Chosenot2answer,2,1,2
60,48,2.5,4,2,2.5,2.75,7,7,7,4.666666667,4,2,4,3,8,1.25,1.8,42,3.6,2,4,0,1,Gary Johnson,1,4,2,2,2,2,2,2,,10,20,50,20,4,14,4,1,1,,"2,3,4,5,6,7",3,,3,1,26,0,1,3,4,Johnson,2,1,2
63,29,3.5,4,3,3.5,3.5,4.5,5.5,5.5,2.666666667,2.2,4.7,2.2,5.666666667,8,2.75,4.2,,3.4,3.75,2,1,1,Sanders,5,4,2,2,2,1,2,,,10,5,40,40,3,9,4,2,2,,"2,3,4,5",3,,4,1,6,0,1,3,2,Sanders,2,3,2
64,33,4,3.5,3.5,4,3.75,3.5,4.25,6.5,3.333333333,4.066666667,3.1,3,2.333333333,4,1.25,3.7,38,3.8,3,3.5,0,1,Trump,4,4,2,2,2,2,2,2,,20,0,50,20,2,12,1,1,2,,1,3,,6,1,18,0,1,5,5,Trump,2,1,2
56,30,4,4,4,4,4,2,4.75,7,1.333333333,1.6,3.9,1.2,2,5,3,4.5,19,2.8,2,4,0,1,Sanders,1,1,2,2,2,1,2,,,20,0,40,40,2,9,1,1,2,,1,3,,7,1,20,0,1,2,1,Sanders,1,1,2
69,36,3,3,4,3.5,3.375,5,5.75,5.25,6.833333333,3.733333333,4.2,3,2,7,2.5,2.5,42,3.4,3.25,2,0,1,John Kasich,4,4,2,2,2,2,2,2,,30,30,20,20,4,10,5,1,2,,"4,5",3,,7,1,20,0,1,6,6,Kasich,2,1,2
61,33,4,4,4,4,4,1,7,5.75,1.666666667,1.666666667,3.9,2.9,2,2,4.25,4,32,3.8,4.5,5,0,1,Bernie Sanders,1,1,,1,1,1,,1,Social,10,40,30,20,2,9,1,1,1,,"2,4",3,,7,1,21,0,1,1,3,Sanders,1,1,2
71,34,3,4,3,3.5,3.375,6.5,7,7,5.5,2.933333333,3,2.8,4.666666667,7,1.75,2.8,,3.2,2.75,4,0,1,kasich,4,4,2,2,2,2,2,2,,25,40,20,15,4,10,3,1,2,,"3,5",3,,8,1,21,0,1,5,6,Kasich,2,1,2
49,55,1,4,2,1,2,4.75,1,7,5.833333333,3.466666667,1.4,3.6,7,4,1,3.1,42,1,1,1,0,1,none,1,3,2,2,2,2,2,2,,30,10,30,30,3,9,1,2,1,,"2,3,4,5,6,7",3,,3,1,19,0,1,,4,neither,2,1,2
77,38,3.5,4,4,4,3.875,7,7,7,4.666666667,4.2,3.4,2.8,1,2,1,3.3,,3.2,3,3,1,1,Bernie Sanders,4,4,2,2,2,2,2,2,,20,20,40,20,4,14,3,1,2,,"2,3,4,5,7",3,,1,1,21,0,1,,2,Sanders,2,3,2
47,39,3,3.5,3,4,3.375,5.25,5,6,5.333333333,4.6,3,3,4,5,3.5,3,44,3.4,3,2.5,0,1,Kasich,4,4,2,1,2,2,2,2,,35,35,25,5,3,9,5,1,1,,"2,4",3,,1,1,22,0,1,6,5,Kasich,2,1,2
60,41,4,3,4,4,3.75,7,7,6,4.5,3.466666667,3.7,3.4,3.666666667,10,2,4.7,23,3.4,4,4,0,1,Ted Cruz (I did like Carly Fiorina but she dropped out),3,4,2,2,2,1,2,2,,30,30,20,20,4,8,5,1,2,,"2,3,4,5",3,,7,1,21,0,1,6,5,Cruz,1,1,2
61,30,4,4,4,3.5,3.875,6.25,6,6,4.666666667,2.4,2.4,2.9,2.666666667,4,1.5,3.3,32,3.4,3,3.5,0,1,Carson,4,4,,,,,1,,,10,10,50,30,3,14,1,1,2,,1,3,,7,1,19,0,1,5,5,BenCarson,2,1,2
64,44,4,4,4,4,4,5,7,7,6.666666667,4.466666667,2.3,4,2.333333333,5,1.75,2.1,41,2.4,3.25,2,0,1,Bernie Sanders,2,3,2,2,2,1,2,,,0,0,70,30,2,11,4,2,2,,"2,4,6",3,,1,1,20,0,1,,3,Sanders,2,1,2
77,38,4,4,4,4,4,5,5.25,5,4.333333333,4.933333333,3.4,3.2,2.333333333,4,1.5,3,45,4,3.5,3.5,0,1,Trump,4,4,2,2,2,1,2,2,,25,25,25,25,5,9,4,1,2,,"2,4",3,,8,1,20,0,1,6,7,Trump,2,1,2
67,40,3,4,3.5,4,3.625,7,5.5,7,5.166666667,1.666666667,3.2,2.9,3.333333333,6,5.25,3.9,37,4,3.5,3.5,0,1,None,5,5,1,2,1,1,2,,,60,0,30,10,5,9,4,1,2,,"2,3,4,5,7",3,,7,1,21,0,1,6,6,neither,2,1,2
78,46,4,4,4,4,4,7,5,7,5.166666667,2.933333333,3.1,3.1,2,1,2.25,3,,3.8,3.75,4,0,1,Trump,5,5,2,2,2,2,2,2,,40,30,20,10,5,8,4,1,2,,"2,6",3,,1,1,21,0,1,5,5,Trump,2,1,2
68,40,4,4,4,4,4,5.75,6.25,7,5.166666667,4.8,3.3,3.5,1,3,1.75,3.2,42,3.4,3,4,0,1,Donald Trump,5,4,2,2,2,2,2,2,,35,0,35,30,5,9,5,1,2,,"2,3,4,5,6,7",3,,4,1,19,0,1,5,5,Trump,2,1,2
67,36,3.5,3.5,3,4,3.5,5.5,6,6.75,4.666666667,4.133333333,3.8,2.7,3,2,1.75,3.3,,3.4,3.25,3,0,1,I am not well enough informed to make a decision as of now.,4,4,2,2,2,2,2,2,,25,25,25,25,4,8,5,1,2,,"3,5",3,,1,1,20,0,1,6,6,dontknow,2,1,2
64,34,4,4,4,4,4,6.25,5,5,4,2.8,3.6,2.7,2.333333333,1,4.75,3.6,52,4.4,2.75,5,0,1,Cruz,4,3,2,2,1,1,2,,,0,0,60,40,4,10,1,1,2,,"2,4",3,,7,1,19,0,1,6,6,Cruz,1,1,2
57,35,4,2.5,3,3,3.125,4.5,4.5,4.5,4.666666667,3.333333333,2.8,2.8,3.333333333,0,3.25,2.9,42,3.2,3.25,2.5,0,1,Ted Cruz,1,3,2,2,2,2,2,2,,10,20,15,55,2,9,4,1,1,,"2,4,6",3,,1,1,21,0,1,5,5,Cruz,2,1,2
66,31,4,3,3,3.5,3.375,5,4.75,3.25,3.833333333,2.933333333,3.9,3,4.666666667,7,3.25,3.3,40,3.8,4.25,3,0,1,John kasich,4,4,2,2,2,1,2,2,,25,25,30,20,4,10,2,4,2,,"2,3,6,7",3,,4,1,20,0,1,6,6,Kasich,2,1,2
59,39,2.5,4,3.5,3.5,3.375,3,3.75,1.5,3.833333333,2.533333333,1.5,3.7,5.333333333,8,2.5,4.1,23,1,3,3,0,1,Undecided,2,5,2,2,1,2,2,1,speech,0,0,80,20,1,9,2,2,2,,"2,4",3,,7,1,20,0,1,6,5,dontknow,1,1,2
64,30,3.5,3,4,4,3.625,4.75,5.5,4.5,4.333333333,3.866666667,3.3,3,4.333333333,4,1.25,2.5,,3.2,2.75,3,,1,Not Trump or Hilary,2,5,2,2,2,2,2,2,,35,30,25,10,4,10,4,1,2,,1,3,,1,1,18,0,1,4,5,neither,2,7,2
50,31,4,2.5,3.5,4,3.5,6.75,6,6.5,4.833333333,3.533333333,3.3,3.3,1,9,1.25,3.5,,5,4,4.5,0,1,Ted Cruz,3,2,2,2,2,2,2,2,,45,45,6,4,1,5,5,1,1,,"2,3,4,5,6",3,,3,1,19,0,1,6,6,Cruz,2,1,2
67,33,3,3,2.5,3,2.875,4.75,3.75,2.25,4.666666667,4.8,2.7,3,2,6,1.25,2.6,,2.2,2.5,2.5,0,1,Cruz,4,3,2,2,2,2,2,2,,25,25,25,25,4,12,1,1,1,,"3,7",3,,7,1,21,0,1,5,6,Cruz,2,1,2
69,32,3,4,4,3.5,3.625,5.75,6.5,6.25,4,4.333333333,3.4,3.1,4,1,1,2.3,,3.4,4.25,3.5,0,1,No one stands out yet,5,4,2,2,2,2,2,2,,10,7,8,7,4,7,4,1,1,,1,3,,7,1,18,0,1,6,6,neither,2,1,2
74,34,4,4,4,4,4,5.75,7,7,5.333333333,4.4,3.6,3,1,5,2.25,3.4,,4.4,4.5,3,1,1,Ted Cruz,4,4,2,2,2,2,2,2,,35,30,25,10,4,10,3,1,2,,"2,3",3,,1,1,12,0,1,6,6,Cruz,2,4,2
74,39,3.5,3.5,3.5,4,3.625,6.75,5.75,7,5.5,3.6,3.5,2.9,1.333333333,4,1.25,2.7,42,3.6,4,3.5,0,1,Donald Trump,3,4,2,2,2,1,1,,,35,35,20,10,4,6,4,1,2,,2,3,,1,1,20,0,1,6,6,Trump,2,1,2
71,32,3,4,3.5,4,3.625,3.25,2.25,3,2.333333333,2.8,2.6,3.2,2.666666667,2,2.25,3.8,,1.8,2.25,4,1,1,Sanders,2,3,2,2,2,2,2,2,,33,20,33,14,4,11,2,1,2,,"2,3,4,5,6,7",3,,3,1,20,0,1,3,2,Sanders,2,2,2
68,39,4,4,4,4,4,6,6,7,3.833333333,4.2,3.6,3.2,2.333333333,2,2,3.7,,4,3.25,3,0,1,Bernie Sanders,2,3,2,2,2,2,2,2,,40,0,40,20,3,10,1,2,2,,"2,4",3,,1,1,21,0,1,2,2,Sanders,2,1,2
69,34,3.5,4,3,4,3.625,5.25,5.75,3.5,3,3.666666667,4.6,2.8,2,1,1,3.9,,1.4,1,1,0,1,Sanders,3,3,2,2,2,2,2,2,,40,0,40,20,5,14,1,1,1,,"3,5",3,,8,1,21,0,1,3,3,Sanders,2,1,2
72,37,4,4,4,4,4,7,5.75,7,5.166666667,2.066666667,3.3,3.3,1,4,4.25,3.6,44,2,3.75,3.5,0,1,Burnie Sanders,3,4,2,2,2,1,2,,,30,30,20,10,4,10,2,1,2,,"2,6",3,,5,1,20,0,1,2,,Sanders,2,1,2
78,38,3.5,4,4,4,3.875,7,6.25,7,5.166666667,3.2,3.2,3,2.333333333,1,2.25,3,40,3.6,3.25,5,0,1,Kasich,4,4,2,2,2,2,2,1,I had a bad concussion and many have said it effected me with my learning ability,35,30,25,10,5,10,4,1,2,,"2,4",3,,2,1,20,0,1,6,6,Kasich,2,1,2
52,31,3.5,4,4,4,3.875,4,5.75,6.5,2.666666667,3.133333333,3.1,3,1.333333333,2,2.5,3.8,,2.6,3,4.5,0,1,Bernie Sanders,2,1,2,1,2,1,2,,,20,30,40,10,3,14,1,1,1,,2,3,,1,1,21,0,1,1,2,Sanders,2,1,2
73,42,4,3.5,3,3,3.375,7,7,7,7,5.4,3.2,3.7,1,3,1.75,1.7,,3.4,2.25,3,0,1,"Bernie Sanders, but if nor Sanders, Clinton",4,5,2,2,2,2,2,2,,10,30,30,30,3,10,1,2,2,,1,3,,2,1,19,0,1,2,2,Sanders-Clinton,2,1,2
65,41,3,4,3,3.5,3.375,2.5,3,1.5,3.666666667,3.866666667,2,2.2,1,2,2,3.6,,1.6,1,1.5,0,1,I hold them all in equal distain,4,3,2,2,2,2,2,2,,30,30,15,25,4,10,2,1,1,,"2,3,4,5",3,,1,1,20,0,1,3,4,neither,2,1,2
58,36,4,4,4,3,3.75,3,6,3.25,2.333333333,3.466666667,4.2,3.3,1,6,1.75,3.7,40,3.6,3,4,0,1,Hilary Clinton,4,4,1,,,,1,,,30,40,20,10,3,10,2,1,2,,3,3,,5,1,22,0,1,2,3,Clinton,2,1,2
65,34,4,4,4,4,4,3.25,6.75,6.75,4.5,1.133333333,3.3,2.7,2.666666667,5,4,2.9,39,4.4,2.5,3,0,1,None,4,2,2,2,1,1,2,,,10,20,10,60,3,12,1,1,2,,5,3,,6,1,23,0,1,3,3,neither,1,1,2
57,37,4,4,3.5,4,3.875,4.5,7,2,3.833333333,3.533333333,4.5,2.8,1.666666667,5,2.75,3.8,,3.4,3.75,3,0,1,:(,2,3,2,2,2,2,2,2,,35,35,20,10,5,9,5,2,2,,"2,4,6",3,,3,1,22,0,1,3,3,none,2,1,2
63,29,3.5,3.5,4,3.5,3.625,4.25,6,6.75,4.5,3.466666667,4.2,3.6,1,5,2,2.9,,2.4,4,3.5,0,1,Bernie Sanders,2,3,2,2,2,2,2,2,,30,10,40,20,4,9,1,1,2,,3,3,,7,1,20,0,1,1,1,Sanders,2,1,2
72,36,3,4,3,3.5,3.375,7,7,6.75,4.166666667,4.066666667,4.2,3.1,4,1,2.25,3.3,38,4.6,4.5,3,0,1,Hillary Clinton,5,4,2,2,1,2,2,,,40,30,25,5,4,14,3,1,2,,"3,7",3,,1,1,19,0,1,2,1,Clinton,2,1,2
70,31,4,4,4,4,4,6,6,6,6.5,4.066666667,3.5,3.5,3.333333333,3,2,2.8,,4.4,3.75,3,0,1,Kasich,4,5,2,2,2,2,2,,,35,30,20,15,4,6,2,1,2,,3,3,,3,1,20,0,1,6,6,Kasich,2,1,2
71,37,4,4,4,3.5,3.875,5.25,3.75,3.5,4,3.333333333,2.3,3.5,1,0,4.25,3.1,45,3,3.25,4,0,1,Cruz,4,3,2,2,2,2,2,,,15,5,60,20,1,8,5,1,2,,2,3,,1,1,18,0,1,4,6,Cruz,2,1,2
61,33,4,4,4,4,4,5.75,6,6.5,5.666666667,3.866666667,3.5,3.2,2.666666667,7,1,2.9,,3,3.25,5,0,1,Bernie Sanders,2,5,2,2,2,2,2,2,,10,20,45,25,3,9,1,2,2,,2,3,,4,1,20,0,1,1,2,Sanders,2,1,2
61,36,4,4,4,4,4,5.75,3.25,3,3.833333333,4.666666667,4,3,1,1,1.25,3,,4.2,3.25,3,0,1,Bernie Sanders,2,3,2,2,2,2,2,2,,25,25,25,25,4,12,2,1,2,,"3,5,7",3,,1,1,19,0,1,2,1,Sanders,2,1,2
51,34,3.5,3,3.5,3,3.25,1.75,2.25,1,2.166666667,4.133333333,2.2,3.3,7,10,1.75,3.1,42,2.2,1.5,2.5,1,1,Kasich,1,5,2,2,2,2,2,,,5,30,30,35,4,9,1,1,2,,"3,5",3,,7,1,19,0,1,4,5,Kasich,2,4,2
62,36,3.5,4,3,4,3.625,6.25,5.75,5.5,5.166666667,3.6,4.3,2.9,1.666666667,6,1.25,3.6,52,3,3.5,4,0,1,Cruz,2,3,2,2,2,1,2,,,40,40,10,10,4,11,4,1,2,,"2,3,4,5,6",3,,1,1,21,0,1,5,6,Cruz,2,1,2
72,42,4,3,4,3.5,3.625,7,6.5,7,6.666666667,4.266666667,3.1,3.5,3,5,1.25,2.3,34,3.4,4.25,5,0,1,Bernie Sanders,2,4,2,2,2,2,2,2,,40,30,20,10,4,10,4,1,2,,"3,5,7",3,,1,1,21,0,1,3,3,Sanders,2,1,2
45,36,3,3.5,3,4,3.375,7,6.25,6.5,3.666666667,4.933333333,2.4,3.3,2.333333333,2,1.25,2.6,,3.2,2.75,3,1,1,hillary clinton,4,4,2,2,2,2,2,2,,35,15,30,20,3,7,3,1,2,22,"2,3,4,5,7",3,,1,1,22,1,1,3,3,Clinton,2,4,2
76,37,4,4,4,4,4,2,6.5,7,5.666666667,1.666666667,3.2,3.4,3,8,4,3.5,,4.2,2.75,5,1,1,Hilary Clinton,3,4,2,2,2,2,2,2,,15,25,35,25,4,7,1,1,2,20,5,3,,4,1,20,1,1,2,3,Clinton,2,3,2
61,38,3,2.5,4,3.5,3.25,5.25,4.75,5.75,6.333333333,3.866666667,2.4,3.3,7,4,1.75,1.4,50,2.8,1.25,2.5,1,1,Jill Stein,2,4,2,2,2,1,2,2,,5,15,40,40,3,12,1,2,1,20,"2,3,5,6,7",1,1.5,5,1,20,1,1,3,3,Stein,2,3,2
75,41,3.5,4,4,4,3.875,3,3,6.75,6,4.666666667,2.8,3.6,3.666666667,1,2.5,2.2,,3,1.75,2,1,1,Clinton,4,4,2,2,2,2,2,2,,15,20,35,30,3,8,1,4,1,20,"2,3,6,7",3,,1,1,20,1,1,2,2,Clinton,2,3,2
75,38,2.5,3,3.5,3.5,3.125,5.25,3,2,2.333333333,4.333333333,1.6,2.9,1,3,1.75,2.9,55,1.2,1.25,1,1,1,Hilary Clinton,1,3,2,2,2,2,2,2,,100,95,95,100,3,7,1,1,2,20,"2,3,4,5,6,7",3,,6,1,19,1,1,4,1,Clinton,2,2,2
63,35,3,4,2.5,4,3.375,1.25,5.75,6,1.333333333,4,2.7,2.5,2.333333333,3,2.5,3.9,26,3,3,3,1,1,Clinton,4,3,2,2,2,1,2,2,,30,25,25,20,4,14,1,2,1,26,"3,5",3,,3,1,15,1,1,3,3,Clinton,2,3,2
73,38,3.5,4,4,3,3.625,6.5,5.75,5.25,5.833333333,3.733333333,3.8,3.1,3.333333333,2,1.5,3.1,42,3.4,2.5,4,1,1,Clinton,4,4,2,2,2,2,2,2,,25,25,30,20,4,8,2,1,2,19,"3,7",3,,7,1,19,1,1,3,2,Clinton,2,2,2
69,50,2.5,3.5,2.5,1,2.375,5,6,5.75,5,3.733333333,2.2,3.7,1,1,1,1.3,46,2,1.75,3,0,1,Trump,4,4,2,2,1,2,2,1,ADHD,35,40,20,5,3,10,2,1,2,42,"2,3,4,5,7",3,,7,1,42,0,1,5,7,Trump,2,1,2
63,42,3,2.5,3,4,3.125,2.25,5.25,5.25,3,3.933333333,3.2,2.5,5.333333333,10,4.75,3.4,,3.4,2.75,2.5,1,1,Bernie Sanders,4,4,2,2,2,2,2,,,10,25,40,25,4,9,2,1,2,20,"2,3,4,5,7",3,,4,1,20,1,1,2,4,Sanders,2,3,2
78,37,2.5,4,4,4,3.625,6.25,2.25,7,3.5,3.866666667,2.3,3.4,1.333333333,1,1.5,3.3,,2,4,3.5,,1,clinton,5,2,,,,,,,,30,30,30,10,5,14,1,1,2,24,"2,3",3,,4,1,24,1,1,6,5,Clinton,2,,2
79,36,4,4,4,4,4,7,7,7,5.666666667,5,3.8,3.7,4,4,4,2.9,34,4,4,4,1,1,Hilary Clinton! :),4,4,2,2,2,2,2,2,,20,30,40,10,5,12,1,1,2,23,"3,5",3,,5,1,23,1,1,1,1,Clinton,2,3,2
49,38,1.5,4,1.5,3.5,2.625,6,5.5,7,3.833333333,4.266666667,1.6,2.8,1,0,1,3.6,42,1.6,1,2,0,1,None,1,1,2,1,2,2,2,2,,0,0,50,50,1,11,1,1,1,20,"2,3,5,6,7",3,,7,1,20,1,1,4,4,neither,2,1,2
50,33,4,3,4,3.5,3.625,4,5.5,3,2.166666667,4.2,2.9,2.9,2.666666667,3,1.75,3.1,42,1,1,2,0,1,Gary Johnson,1,2,2,2,2,2,2,2,,0,25,25,50,1,11,1,1,1,20,7,3,,2,1,20,1,1,4,4,Johnson,2,1,2
65,38,3.5,3.5,3.5,3,3.375,4.5,5.75,2.5,4,3.866666667,3.5,2.7,1,3,1.25,3.1,51,3,2.25,2.5,0,1,"Neither, but if I had to choose... Hilary",4,3,1,2,2,2,2,1,Vertigo,100,100,70,70,4,12,3,4,2,21,2,3,,3,1,21,1,1,4,2,Clinton,2,1,2
59,59,2.5,2,2.5,3,2.5,5.75,5.75,7,4.666666667,3.733333333,2.5,2.4,1.333333333,0,1.25,3.4,42,2.8,2,3,,1,None,2,2,2,2,2,2,2,2,,50,40,0,10,5,7,5,1,2,25,2,3,,3,1,25,1,1,6,5,neither,2,7,2
66,35,4,4,4,4,4,3.75,4.25,3,1.5,2.733333333,3.1,2.9,5,8,1.75,3.4,30,1.8,3,3.5,,1,Hilary Clinton (wish i could vote for Bernie Sanders),4,1,2,2,2,1,2,2,,0,20,50,30,1,14,2,1,2,19,"2,3,5",3,,3,1,18,1,1,2,2,Sanders-Clinton,1,7,2
71,50,4,4,3.5,4,3.875,3,6.25,7,3.833333333,4.2,3.2,3.3,2.666666667,6,2.5,3.2,44,4.2,3,3.5,0,1,Third party,4,5,1,1,2,1,2,1,"Lumbar lordosis (form of scoliosis) anemia, depression, anxiety",100,100,100,100,2,8,1,1,2,22,"2,3,4,5,6",3,,3,1,22,1,1,4,,thirdparty,2,1,2
64,28,4,4,4,3.5,3.875,6,6.75,7,4.5,3.333333333,3.1,2.6,2,4,3.5,2.1,54,3.2,4,2,1,1,Bernie Sanders,5,5,2,2,2,1,,,Anxiety,0,0,50,50,4,12,1,2,2,21,"3,5,7",3,,3,1,21,1,1,3,1,Sanders,2,3,2
75,48,4,4,4,4,4,6.75,6.75,7,4.333333333,3.533333333,3.7,3.7,5.333333333,7,1.25,3.2,42,4.8,4.5,5,0,1,Donald Trump,5,4,2,2,2,2,2,2,,50,30,15,5,4,11,5,1,2,22,3,3,,2,1,22,1,1,5,7,Trump,2,1,2
62,38,4,3,4,3.5,3.625,6.25,6,6,3.333333333,5.133333333,3,3.7,2,3,1.5,2.1,54,3.4,3.5,3.5,0,1,Hillary Clinton,4,4,2,2,2,1,2,1,ADHD,10,10,45,35,3,19,1,1,1,23,"2,4,6",3,,6,1,23,1,1,3,3,Clinton,2,1,2
59,38,4,3,4,4,3.75,6.5,4,7,3.666666667,4,4.1,3.3,1,0,1,1.8,30,1.8,3,5,0,1,Gary Johnson,1,2,1,,,1,,,,0,0,80,20,1,9,1,1,2,21,"2,4,6",3,,1,1,21,1,1,4,4,Johnson,2,1,2
68,40,4,4,4,3.5,3.875,5,6.25,7,3.666666667,3.066666667,3.3,2.9,2.333333333,2,2,3.8,43,3,4,4,0,1,Trump,4,4,2,2,2,2,2,2,,20,20,50,10,3,10,3,1,2,22,"2,3",3,,5,1,22,1,1,5,6,Trump,2,1,2
60,38,4,3,4,3.5,3.625,5.75,6.75,6.75,5,4.666666667,3.1,3,2,1,2,2.3,,4,4.25,3,1,1,,4,4,2,2,2,2,2,2,,30,35,25,10,4,11,3,4,2,20,4,3,,1,1,20,1,1,,,,2,4,2
55,40,3.5,3,3.5,3.5,3.375,5.5,6.75,5,4.166666667,4.133333333,3.4,3.2,4,6,1,1.8,,3.4,3,3.5,1,1,Hillary Clinton,4,4,2,2,2,2,2,2,,20,25,30,25,3,14,2,1,2,23,"3,5,7",3,,1,1,23,1,1,2,2,Clinton,2,4,2
78,38,3.5,3.5,4,2.5,3.375,2.5,5.25,7,1.666666667,4.666666667,3.9,3.8,1,6,1.5,3.4,19,2.2,1.75,4,1,1,Hillary Clinton,5,4,1,,1,1,1,,,25,25,40,10,5,11,1,2,2,28,5,3,,1,1,28,1,1,,2,Clinton,1,3,2
60,47,4,4,4,4,4,7,7,7,5.666666667,2.4,3.2,2.6,1,3,3,3.2,42,4,3.5,5,1,1,Clinton,4,4,2,2,2,2,2,2,,0,0,60,40,5,12,4,1,2,20,"2,3,6,7",3,,1,1,15,1,1,2,2,Clinton,2,4,2
61,47,4,4,4,2,3.5,2,5.5,7,3.5,3.866666667,2.2,3.5,1,3,1,3.1,20,3.8,3.75,3.5,,1,Bernie Sanders,4,5,2,2,2,2,2,1,Speech,29,27,29,15,4,9,3,1,2,22,"2,3,4,5,6,7",3,,2,1,16,1,1,4,3,Sanders,1,7,2
68,33,4,4,4,3,3.75,2.5,4.5,1.5,2.666666667,3.266666667,2.7,2.9,5.333333333,1,1.5,3.5,,2.4,2.5,4,1,1,Hilary Clinton,5,4,2,2,2,2,2,,,50,5,40,5,4,9,2,1,1,22,2,3,,6,1,20,1,1,4,3,Clinton,2,6,2
63,39,3.5,4,3,3.5,3.5,3.5,7,7,5.666666667,4.6,3.3,3.6,1.666666667,8,1,2.2,,3.6,3.5,2.5,1,1,Hilary Clinton,4,4,2,2,2,2,2,2,,15,15,60,10,4,9,2,1,2,20,"2,3,4,5",3,,1,1,10,1,1,4,3,Clinton,2,4,2
23,37,3,1.5,2.5,3,2.5,5.75,4.25,5,3.666666667,5,3.1,2.8,1.666666667,1,2,2.5,50,3.6,2.75,3,,1,,5,5,2,2,2,2,2,,,40,40,10,10,4,6,5,2,2,26,"3,7",3,,3,1,26,1,1,,,,2,7,2
59,34,4,4,4,3.5,3.875,6,4.25,4,2.5,3.933333333,1.6,3.3,2,2,1,3,42,2,1.5,3,1,1,Hilary Clinton,5,4,1,1,2,2,2,,,10,0,70,20,3,14,2,1,2,22,1,3,,1,1,22,1,1,3,3,Clinton,2,3,2
50,35,4,4,3.5,3.5,3.75,6,6.25,7,4.666666667,4.2,3.7,2.5,1,2,1.5,3.5,,3.2,3.75,4,0,1,Hillary,2,4,1,2,2,1,2,2,,20,10,40,30,4,12,1,2,2,21,"3,4,6,7",3,,2,1,21,1,1,2,2,Clinton,1,1,2
67,38,2.5,4,4,3,3.375,5,7,7,5.5,3.2,3.4,2.7,3,2,1.25,3.9,54,2.6,2,3,0,1,Trump,4,4,2,2,2,2,1,,,40,25,30,5,5,10,3,2,1,21,"2,3,5,6",3,,2,1,21,1,1,3,3,Trump,2,1,2
74,37,2,4,2.5,3.5,3,4.5,4.75,1,3.333333333,4.533333333,2.2,3.2,1.666666667,7,1,3.6,43,1,1,1,0,1,Donald Trump,4,5,1,2,1,1,2,2,,20,10,30,40,5,10,4,1,1,20,1,3,,7,1,20,1,1,4,5,Trump,1,1,2
40,36,4,4,3,3,3.5,4,4.75,7,3.833333333,4,3.4,2.9,1.333333333,2,2.25,3.4,,2.8,3,5,1,1,Hillary Clinton,4,4,2,2,2,2,2,2,,20,20,40,20,4,13,3,1,2,22,"2,4,6",3,,3,1,22,1,1,2,1,Clinton,2,3,2
55,30,3.5,4,3.5,3,3.5,3,3.5,4.5,3.333333333,3.8,3.5,2.9,2,0,2.25,2.9,,2.6,3.5,3,1,1,Hilary Clinton,4,4,2,2,2,2,2,2,,30,20,35,15,5,9,4,1,2,20,"2,3,7",1,1,3,1,20,1,1,5,2,Clinton,2,3,2
67,39,3,4,3.5,4,3.625,6.5,6,7,5.5,3.733333333,2.9,3.6,1.333333333,7,1.25,4.1,32,4,2.75,4.5,1,1,Clinton,5,5,2,2,2,1,2,2,,15,15,50,20,4,12,2,1,2,21,"3,5",3,,4,1,21,1,1,2,2,Clinton,2,3,2
44,38,4,4,4,4,4,6,6.25,7,5.666666667,2.933333333,4.1,3.5,1.666666667,7,2,2.8,42,4.4,2.25,4,0,1,Clinton,4,4,2,2,1,2,2,2,,25,35,25,15,5,8,2,1,2,21,1,3,,5,1,21,1,1,3,3,Clinton,2,1,2
58,29,3,4,3.5,4,3.625,5,7,6,2.833333333,2.2,3.2,3.2,1,0,1.25,4.1,42,3.6,3.75,4,1,1,Neither,4,3,2,2,2,2,2,2,,0,0,50,50,1,11,1,1,3,24,2,3,,1,1,24,1,1,4,4,neither,2,3,2
70,35,4,4,4,4,4,1,2.75,7,4,2.266666667,3.3,2.6,1,1,1.75,4.1,42,3,3,3,1,1,neither,1,1,,,,,1,,,40,0,30,30,5,4,1,1,2,21,"2,3,4,5,6,7",3,,5,1,21,1,1,1,4,neither,1,3,2
76,33,3.5,3,4,4,3.625,7,5,6.5,4,5,3.2,2.9,3,1,1.5,3.2,42,2.8,3.25,3.5,1,1,Hillary Clinton,3,4,2,2,2,2,2,2,,25,30,25,20,4,12,3,3,1,21,2,3,,1,1,21,1,1,4,2,Clinton,2,2,2
59,36,4,4,4,4,4,5.75,5.5,7,4,1.933333333,3,3.1,1.666666667,3,1.5,3.7,34,3.4,3.25,1.5,,1,Bernie Sanders,1,1,2,2,2,2,2,2,,5,5,80,10,3,9,1,2,2,22,"2,3",3,,2,1,22,1,1,2,2,Sanders,2,7,2
70,53,4,3,2.5,3,3.125,1,2.5,7,4,4.8,1.3,3.3,1.666666667,0,1,2.1,,2.6,2.75,4,,1,Hillary Clinton,3,3,2,2,2,2,2,2,,40,40,10,10,3,9,2,4,1,22,1,3,,3,1,7,1,1,,,Clinton,2,7,2
74,31,3,3,3,3.5,3.142857143,1,1,1,2.5,4.6,3.9,3.2,4,2,5.5,3.8,42,4.4,2.25,2,1,1,,3,1,2,2,2,,2,2,,0,0,0,0,4,14,,1,2,20,"3,4,5,7",3,,3,1,,1,1,,3,,2,3,2
80,40,3.5,4,4,4,3.875,5.25,4.75,7,2,2.6,2.9,2.5,1,7,1,3.8,34,2.4,3.5,4,1,1,Hillary Clinton,5,5,2,2,2,2,2,,,50,20,20,10,5,12,1,1,2,21,"5,7",3,,4,1,21,1,1,3,1,Clinton,2,3,2
57,51,3,4,3,4,3.5,2.75,4,6,3.5,3.466666667,3,3,3,1,2.25,3.3,42,1,1,1,1,1,Clinton,4,4,2,2,2,2,2,2,,25,25,25,25,3,11,2,1,1,20,"2,3,6,7",3,,4,1,20,1,1,3,2,Clinton,2,3,2
57,51,4,4,4,4,4,7,7,7,2.833333333,5.4,3.1,3.2,2,2,2.75,2.7,,3.8,2.25,3,1,1,Hillary Clinton,5,5,2,2,2,2,2,2,,30,30,25,15,3,14,4,1,2,26,"2,4,6",3,,3,1,26,1,1,5,2,Clinton,2,3,2
61,31,4,4,4,4,4,7,6,6,2.333333333,4.666666667,4.2,2.5,6,9,3.5,3.1,,5,5,5,1,1,No One,5,5,2,2,2,2,2,2,,19,10,33,38,4,9,3,1,2,18,"2,3,4,5,6,7",3,,1,1,18,1,1,,,neither,2,6,2
63,32,1.5,4,2,3,2.625,2.75,1,1.75,1,3.333333333,3.8,1.8,1,1,2,4.6,18,1,1,1,1,1,Doge,5,1,2,2,1,1,1,2,,100,100,100,100,5,8,5,2,1,28,"3,6",3,,2,1,28,1,1,2,4,nonsense,2,3,2
57,38,4,4,4,3.5,3.875,7,7,7,5.5,4.466666667,2.2,3.9,1,1,4.75,3,,3.2,3.75,5,,1,Hillary Clinton,1,3,2,2,2,2,2,2,,20,0,40,40,2,14,1,4,2,22,"2,3,6,7",3,,4,1,22,1,1,2,1,Clinton,2,8,2
58,35,3.5,4,4,4,3.875,5.75,4,5.75,2,4.2,3.9,2.9,3,1,2,2.8,28,2.8,2.75,3,1,1,Hillary Clinton,4,3,2,2,2,1,2,2,,10,10,40,40,3,9,1,1,2,22,3,3,,7,1,22,1,1,1,2,Clinton,2,3,2
66,36,3,2,4,3.5,3.125,5.5,5.25,2.5,5.166666667,4.266666667,3.1,3,2,3,1,3.2,,2,1.5,3,1,1,No comment,3,3,2,2,2,1,2,2,,30,30,15,25,4,26,2,1,1,23,"2,6",3,,1,1,23,1,1,,,na,2,3,2
77,37,3.5,4,4,3.5,3.75,6,6,5,5.5,3.2,3,3.8,1,2,2,2.6,42,2.8,2.5,3,0,1,Trump,4,4,2,2,2,2,2,2,,30,20,40,10,3,10,3,1,2,22,"2,3,6,7",3,,7,1,3,1,1,4,5,Trump,2,1,2
68,39,4,4,3,3.5,3.625,6.5,6.5,7,5.833333333,5.533333333,3.4,3.7,3,3,1,2,,2.2,2,2,0,1,Donald Trump,5,4,2,2,2,2,2,2,,32,32,20,16,4,9,4,1,2,18,"3,5",3,,1,1,18,1,1,5,5,Trump,2,1,2
66,34,4,3.5,4,4,3.875,6.75,5,4.75,4.5,4.866666667,4.6,3,2.333333333,2,1,3.1,,4.2,4.25,4,0,1,Trump,4,4,2,2,2,2,2,2,,99,90,99,90,5,9,5,1,2,21,1,3,,1,1,21,1,1,6,7,Trump,2,1,2
73,38,3.5,4,4,3.5,3.75,6.75,5.75,6.75,5.166666667,3.466666667,4.5,2.8,3,5,1.5,3.5,,3,4,4,0,1,None,3,4,2,2,2,2,2,2,,30,20,40,10,4,8,2,1,2,20,4,3,,7,1,20,1,1,5,5,neither,2,1,2
67,46,4,4,3.5,1.5,3.25,5.25,3.75,2,2.833333333,3.8,4.1,3,1,2,2.5,3.6,33,2.6,2.75,2,0,1,I do not support any of the presidential candidates.,5,2,2,1,2,1,2,2,,20,20,40,20,3,14,5,2,2,28,"2,3,4,6,7",3,,2,1,28,1,1,,3,neither,2,1,2
70,45,2.5,4,4,3.5,3.5,4.75,3.75,7,4.333333333,2.933333333,4,2.2,2.666666667,5,2,4.1,,3.2,3.5,3,1,1,Hillary,5,5,2,2,2,2,2,,,30,25,30,15,5,26,3,2,2,22,"2,3,4,5,6,7",3,,5,1,16,1,1,,,Clinton,2,3,2
58,35,4,3.5,4,3,3.625,4.75,6.5,6,5.166666667,4.466666667,2.8,3.6,1,2,2.25,3.2,30,2.2,3,4.5,0,1,"Hilary, only because of how much I despise Trump. I would most likely prefer to vote for an independent candidate if the circumstances were different, but I feel that it is extremely important that Trump does not go into office.",1,3,2,2,2,1,2,2,,10,20,40,30,3,9,2,2,2,21,"2,4",3,,2,1,21,1,1,2,2,Clinton,2,1,2
58,38,4,3.5,4,3.5,3.75,4.75,5.5,7,3.666666667,2.533333333,3.2,2.9,4.333333333,1,4,4.2,45,3.4,3.25,2.5,0,1,Trump,5,4,2,2,2,1,2,2,,20,20,50,10,2,7,3,2,2,18,"3,5",3,,4,1,18,1,1,4,4,Trump,2,1,2
66,30,4,2.5,4,3.5,3.5,5.75,6.25,4,6.5,4.6,2.7,3.1,1,0,1,2,,3.2,2.75,2,0,1,Donald Trump,4,4,2,2,2,2,2,,,10,2,48,40,3,6,4,1,2,18,"2,3,4,5,6",3,,2,1,18,1,1,,,Trump,2,1,2
78,37,4,4,4,4,4,4.75,5,4.75,3.333333333,2.533333333,3.7,2.6,1,0,2,3.6,,3.6,4.75,2,0,1,Donald Trump,4,3,2,2,2,2,2,,,100,100,100,70,5,7,4,1,2,18,4,3,,1,1,,1,1,7,7,Trump,2,1,2
65,41,3,4,3.5,3.5,3.5,4.25,6.25,2.5,4.333333333,3.6,2.6,3.7,2,5,3,2.4,42,2.6,2.75,3,0,1,Clinton,4,5,2,2,2,2,2,2,,40,30,20,10,4,12,5,1,2,21,"2,3,4,5",3,,2,1,21,1,1,3,6,Clinton,2,1,2
49,41,3.5,3.5,3,3.5,3.375,5.5,5.25,7,4.166666667,4.466666667,2.4,3.5,3,2,1,3.8,42,4.2,4,3,1,1,Hillary Clinton,4,5,2,2,2,2,2,2,,40,35,15,10,4,9,3,2,1,19,2,3,,1,1,19,1,1,,2,Clinton,2,3,2
63,28,3.5,4,3,4,3.625,3,3.5,1.25,1.333333333,2.066666667,3.3,1.4,2,0,3.75,4.5,42,3.4,3.5,4,0,1,No one,2,3,2,2,2,2,2,2,,0,0,90,10,1,10,4,1,2,22,"2,4",3,,1,1,22,1,1,5,6,neither,2,1,2
76,35,4,3,3,4,3.5,7,7,7,5.333333333,3.533333333,4.4,2.6,2,3,3,4,,3.8,4,4.5,0,1,Hillary Clinton,3,4,2,2,2,2,2,2,,50,30,10,10,5,9,3,1,2,19,"2,3,4,6,7",3,,1,1,4,1,1,5,3,Clinton,2,1,2
58,35,4,4,4,4,4,6,4.75,6.25,5.833333333,4.066666667,4.4,2.3,1.666666667,4,1.25,3.6,,2.4,2.5,3.5,0,1,Hillary Clinton,2,3,2,2,2,2,2,2,,20,5,35,40,2,9,1,1,2,18,"3,5,7",3,,5,1,18,1,1,1,1,Clinton,2,1,2
75,40,3.5,3.5,4,3,3.5,4.75,5.5,3,5,4.066666667,4.3,2.8,1,6,2.5,2.6,,3.4,3.75,3,0,1,I refuse to vote,4,4,2,2,2,2,2,2,,20,20,55,5,4,9,3,4,2,19,"2,3",3,,2,1,19,1,1,4,5,notvote,2,1,2
70,38,3.5,3,4,3.5,3.5,5.25,1.25,1.25,3.333333333,3.533333333,2.7,3.7,5.666666667,7,3.5,3.2,,2.2,2.25,2.5,0,1,Neither,3,3,2,2,2,2,2,2,,35,30,25,10,2,10,4,1,2,18,"3,5",3,,,1,18,1,1,4,5,neither,2,1,2
46,36,4,2.5,3.5,3,3.25,3,6.25,6.25,4.833333333,4.266666667,3.7,2.4,1,5,2,3.5,,3.8,3.75,2,0,1,Hillary Clinton,1,3,2,2,2,2,2,2,,0,0,50,50,1,26,1,2,2,20,"2,3",3,,2,1,20,1,1,2,3,Clinton,2,1,2
76,42,4,3,4,3.5,3.625,6.75,6.25,7,6.166666667,4.733333333,1.8,2.9,1.666666667,7,1.5,1.7,,2.6,3,2,0,1,Neither,5,5,2,2,2,2,2,2,,35,35,20,10,4,9,3,1,2,19,"2,3,4,5",3,,7,1,19,1,1,,5,neither,2,1,2
73,32,3,4,4,4,3.75,2.5,6.5,7,4.166666667,1.933333333,3.9,3.2,4,6,1,4.2,43,4.2,3,4,0,1,Donald Trump,5,4,2,2,2,2,2,2,,25,25,25,25,5,6,5,1,2,20,"3,5,7",3,,2,1,20,1,1,7,7,Trump,2,1,2
77,38,4,4,3.5,3,3.625,6.75,7,7,3.166666667,3.133333333,4.3,3.3,1,4,3.75,3.7,,3.4,2.5,3,0,1,Trump,5,5,2,2,2,2,2,2,,35,30,25,10,5,9,5,1,2,18,"2,3,4,5,6",3,,2,1,16,1,1,4,5,Trump,2,1,2
64,42,3.5,4,4,4,3.875,5.75,5.5,7,5,4.466666667,3.6,3.7,2,0,1,3.2,42,3.2,3.5,3,0,1,Not enough current political knowledge to make an educated decision,4,4,2,2,2,2,2,2,,10,10,50,30,3,9,3,1,2,21,"2,4",1,4,2,1,21,1,1,4,4,dontknow,2,1,2
70,36,4,4,4,4,4,5.25,5,3,4.166666667,4.066666667,3.6,3.5,1.666666667,6,1,3,34,3.8,4,3.5,0,1,Neither,4,4,2,2,2,2,2,2,,30,30,20,20,5,9,2,4,2,20,"2,3,7",3,,2,1,20,1,2,4,4,neither,2,1,2
50,41,3,3,3,4,3.25,5.5,5,6.25,4.5,3,3,3.2,3,1,1.25,3.3,42,3.4,2.5,3,1,1,Clinton,5,4,2,2,2,2,2,2,,30,30,20,20,4,9,4,1,1,20,"2,4",3,,1,1,20,1,2,3,2,Clinton,2,3,2
63,45,4,4,4,4,4,6.5,4.5,6.25,4.666666667,3.6,2.3,3.6,1,6,3.5,2.6,,2.6,3,2,0,1,Trump,5,5,2,2,2,2,2,2,,25,30,25,20,5,6,4,1,2,19,"2,4",3,,8,1,19,1,2,4,4,Trump,2,1,2
75,41,4,4,3.5,4,3.875,7,7,6.5,5.666666667,5.066666667,3,3.8,3.333333333,9,1.75,2.3,57,3.6,3.5,3,0,1,Gary Johnson,4,4,1,2,1,2,1,,,25,25,25,25,4,8,2,1,2,18,"3,5,7",3,,7,1,18,1,2,4,3,Johnson,2,1,2
69,36,4,3.5,4,3,3.625,3.5,3,1,1.5,4.266666667,3.5,2.5,1,0,3.25,3.5,43,2.4,3.25,1,1,1,Third Party,4,3,1,2,1,1,1,,,10,20,40,30,1,10,4,1,2,19,"3,7",3,,1,1,12,1,2,,,thirdparty,1,4,2
71,42,4,4,4,4,4,6,5.75,6,4.666666667,2.733333333,3.8,3,1,7,1.25,2.6,41,2.4,2.75,3,0,1,Trump,5,5,2,2,2,1,2,2,,25,25,25,25,3,7,4,1,2,21,3,3,,2,1,21,1,2,5,5,Trump,2,1,2
76,46,2.5,4,3,2.5,3,1.75,2,5.25,3.333333333,3.933333333,3.8,2.9,1,1,1,3.6,,1.4,1.5,1.5,0,1,Donald Trump,5,5,2,2,2,2,2,2,,30,35,15,20,4,9,3,1,2,27,"2,4",1,9,5,1,26,1,2,6,5,Trump,2,1,2
74,34,4,4,4,4,4,5.75,5.25,6.5,3.833333333,4.066666667,4.3,3.2,4,7,2.75,3.5,,3.4,2.75,2.5,,1,Donald Trump,5,5,2,2,2,2,2,,,30,30,30,10,5,8,4,2,2,21,2,3,,1,1,21,1,2,4,5,Trump,2,7,2
60,39,3.5,4,3,3,3.375,7,6,7,4.666666667,3.866666667,3.1,3.1,1,0,3,2.9,42,2.6,3,3,,1,Donald Trump,4,4,2,2,2,2,2,2,,30,30,25,15,4,5,5,1,2,19,"3,4,5,6,7",3,,3,1,19,1,2,6,6,Trump,2,7,2
72,26,3.5,3.5,3.5,3,3.375,6.75,5.75,6.5,4.833333333,3.428571429,4,3.3,2,3,2.5,4,,3.8,3.25,2,0,1,Trump,5,5,2,2,2,2,2,2,,25,25,25,25,5,9,4,1,2,19,"3,5",3,,4,1,19,1,2,6,7,Trump,2,1,2
72,45,4,4,3,4,3.75,6.75,6.75,7,6.333333333,2.866666667,3.6,2.4,1,3,1,3.8,30,3.6,5,5,0,1,Evan McMullin,2,3,2,2,1,1,2,,,40,40,10,10,5,6,4,1,2,18,"3,5,7",3,,5,1,18,1,2,3,3,McMillan,1,1,2
69,42,3,4,4,4,3.75,2.5,5.25,5.25,1.5,3.4,3.8,3.4,1,1,2.25,3.9,,2.4,2,2,0,1,Hiliary Clinton,4,3,2,2,2,2,2,,,45,35,15,5,4,8,4,1,2,19,"3,7",3,,3,1,19,1,2,5,5,Clinton,2,1,2
51,50,2.5,4,3,2.5,3,4,5,5,4,4,3.9,3,1,0,1.75,3.4,42,2.6,2.5,2.5,0,1,Evan McMillan,3,3,2,2,2,2,2,2,,33,33,33,1,4,5,3,1,2,21,2,3,,2,1,21,1,2,4,4,McMillan,2,1,2
53,33,4,4,3.5,4,3.875,6.25,7,7,2.166666667,3.6,4.1,3,1,4,1.25,3.6,,3.2,2.25,3,0,1,"Couldn't vote, would have voted for neither Trump nor Hillary",1,3,2,2,2,2,2,2,,30,30,25,15,3,8,5,1,2,19,"2,3,4,5,6,7",3,,5,1,19,1,2,3,4,neither,2,1,2
72,38,4,4,4,4,4,4.25,6,4,3.666666667,2.733333333,4,3.2,1.333333333,1,2.25,2.9,36,3.8,3.5,3.5,0,1,Trump,4,4,2,2,2,2,2,2,,30,30,30,10,5,9,2,2,2,20,"3,5",3,,2,1,20,1,2,4,6,Trump,2,1,2
65,33,3.5,3,4,4,3.625,7,5.75,2,4.5,4.133333333,3.8,3,1,1,1.5,3.6,,3.2,3.5,3,0,1,Donald Trump,4,4,2,2,2,2,2,2,,40,40,10,10,5,7,5,1,2,19,"2,6",3,,7,1,19,1,2,6,6,Trump,2,1,2
72,38,4,3.5,4,4,3.875,7,6.5,7,6,3.933333333,3.8,3.9,1,5,1.5,1.8,42,3,3.75,3,0,1,trump,5,5,2,2,2,2,2,2,,35,35,20,10,5,6,3,1,1,20,"2,3,6,7",3,,6,1,20,1,2,6,7,Trump,2,1,2
79,49,3.5,4,3.5,3,3.5,7,6.5,7,6.5,3,3.9,3.2,1,3,2,3.3,,3,3.5,3,0,1,,4,4,2,2,2,2,2,2,,40,40,10,10,5,6,5,1,1,22,"2,3,4,5,7",3,,3,1,22,1,2,5,5,,2,1,2
64,40,4,4,4,3.5,3.875,1,5.25,7,2.833333333,3.933333333,3.5,3.8,1.333333333,4,1.75,2.3,,3.2,3,3.5,1,1,none,4,5,2,2,2,2,2,2,,40,0,40,20,5,4,3,2,2,19,"2,6",3,,2,1,19,1,2,5,4,neither,2,7,2
69,34,4,4,3.5,4,3.875,6.75,6.75,3,3.5,3.933333333,4.2,2.9,1,0,1.25,3.2,42,2.6,2.75,3.5,0,1,I supported no candidateâ€”none earned my support,2,3,2,2,2,2,2,2,,40,25,15,20,5,6,4,1,1,20,"2,4,6",3,,1,1,20,1,2,5,6,neither,2,1,2
51,37,3.5,3.5,4,4,3.75,6.5,6.5,6.5,6.833333333,4,3.1,2.4,1,2,1,2.6,55,1,1.5,3,0,1,Hillary Clinton,4,4,,,,,1,,,25,25,25,25,4,10,3,1,2,20,"2,4",3,,4,1,20,1,2,3,3,Clinton,2,1,2
60,42,4,3.5,4,4,3.875,5.75,6.75,6.75,4.333333333,3.2,3.4,2.2,1,6,1,3.5,44,1.4,1,1.5,1,1,Neither,4,4,1,,1,,,,,100,100,100,75,5,2,1,3,1,18,"3,5,7",3,,3,1,18,1,2,4,3,neither,1,3,2
76,40,4,4,3.5,3.5,3.75,7,7,7,6,3.933333333,3.3,3.4,1,4,1,3,,2,1.5,2.5,,1,Gary Johnson,4,5,2,2,2,2,2,,,30,30,20,20,4,6,4,1,2,20,"2,6",3,,7,1,20,1,2,5,5,Johnson,2,7,2
69,35,3.5,4,4,4,3.875,5,6,5.5,2.666666667,3,4.2,2.9,4.333333333,8,1.75,3.8,25,4,4,3.5,0,1,I didn't vote.,4,3,2,2,2,2,2,1,I am in college and get good grades but I have a hard time spelling and reading quickly,30,30,20,20,4,7,5,1,2,19,"2,3,4,5",3,,3,1,19,1,2,5,5,notvote,2,1,2
75,35,4,4,3.5,4,3.875,7,7,7,5.333333333,2.933333333,2.6,3.6,2,5,2.25,3.5,49,3,1.25,3,0,1,Trump,4,4,2,2,2,1,2,2,,20,15,50,15,4,9,5,1,2,19,"2,3,4,5,6",3,,1,1,19,1,2,5,6,Trump,2,1,2
65,37,3.5,3.5,4,3,3.5,5.5,4.75,3.5,2.833333333,3.133333333,4.3,2.7,3,3,2,3.1,34,3,3,2,0,1,Hillary Clinton,4,4,2,2,2,2,2,2,,20,10,50,20,4,7,5,1,2,19,"2,3,4,5,7",3,,1,1,19,1,2,4,4,Clinton,2,1,2
67,33,3.5,3,4,4,3.625,5.75,5.75,7,3.666666667,2.933333333,3.9,2.5,2,1,1.25,3.3,,3.2,1.75,1,0,1,Trump,5,4,2,2,2,2,2,2,,30,30,25,15,5,10,2,1,1,18,"2,3,4,5",3,,7,1,18,1,2,6,7,Trump,2,1,2
68,40,2.5,3.5,3,4,3.25,5.5,6.25,6,5.5,2.8,3.9,3.5,2,2,1.25,3.1,,3.6,3.25,3.5,,1,Donald Trump,4,5,2,2,2,2,2,2,,30,30,30,10,5,8,5,1,2,19,"2,4,6",3,,5,1,19,1,2,7,7,Trump,2,7,2
70,31,4,3,3.5,3.5,3.5,6,6,2,4.5,4.4,3.8,3.1,2,2,1,2.4,,2.6,3,4,0,1,Hillary Clinton,4,4,2,2,2,2,2,,,33,33,20,14,4,9,2,1,2,19,"2,3,4,5,6,7",3,,7,1,19,1,2,2,1,Clinton,2,1,2
68,36,4,4,4,4,4,6.75,5.5,4,3.333333333,3.466666667,2.4,3,1,3,4,3.5,,1.4,1.5,2.5,0,1,ben carson,3,2,2,2,2,2,2,2,,33,40,27,0,3,26,5,1,2,19,"2,3,4,5",3,,3,1,19,1,2,,,BenCarson,2,1,2
56,34,4,3,4,4,3.75,6,6,5,4.166666667,3.866666667,4,3,2,2,1,3.4,,3.6,3,3,0,1,"Trump, unfortunately",4,4,2,1,2,2,2,,,40,30,20,10,5,6,4,1,1,19,"2,3,4,5,6,7",3,,1,1,19,1,2,5,6,Trump,2,1,2
76,37,4,4,4,4,4,7,6,5.75,5.833333333,4.666666667,3.6,3.3,1.666666667,3,1,2.6,47,4.2,2.75,3,0,1,Johnson,4,5,2,2,2,2,1,2,,35,40,10,15,5,8,4,1,2,20,"2,3,4,5",3,,7,1,20,1,2,,5,Johnson,2,1,2
57,41,4,4,3.5,4,3.875,5,6.25,2,4.666666667,3.466666667,2.2,3.4,1.666666667,0,1.25,3.1,,2.8,3.75,2,0,1,Donald Trump,3,3,2,2,2,2,2,2,,25,30,25,20,4,10,4,1,2,18,1,3,,5,1,18,1,2,6,6,Trump,2,1,2
59,47,2.5,3.5,3.5,3,3.125,4.25,5.5,5.25,3.5,3.266666667,3.1,3,3.333333333,1,2.5,3.4,39,3.4,3.75,4,1,1,Clinton,5,4,2,2,2,1,1,,,40,30,25,5,4,16,2,4,1,21,"2,3,6,7",3,,2,1,21,1,2,3,3,Clinton,2,3,2
67,39,3.5,3.5,4,2,3.25,3.5,5.75,4,3.666666667,3.333333333,2.5,3.8,1,6,1.25,4.4,,2.4,4,4,,1,Bernie Sanders,2,4,2,2,2,2,2,2,,0,25,65,10,1,25,1,4,2,18,2,3,,2,1,18,1,2,1,1,Sanders,2,8,2
67,38,3.5,3,3.5,3.5,3.375,4.75,5.5,6.25,4.166666667,2.666666667,4.6,2.6,1,1,1,4,43,3.4,2,2.5,0,1,Donald Trump,1,2,1,1,2,2,2,2,,100,100,50,50,5,6,5,1,1,19,"3,5,7",3,,1,1,19,1,2,,5,Trump,1,1,2
57,35,4,3.5,4,3.5,3.75,6.25,6,6.75,5.333333333,3.066666667,3,2.7,1,2,4.75,4,52,2.6,4,2.5,0,1,Donald Trump,2,3,2,1,1,1,2,2,,30,30,30,10,4,5,4,1,2,18,"2,5,6,7",3,,2,1,18,1,2,3,4,Trump,1,1,2
75,42,3,3,3,3,3,6,4.75,5,6.333333333,4.666666667,1.8,4,1,4,2.25,2.1,,2.2,2.5,2,1,1,neither,2,4,2,2,2,2,2,2,,30,30,20,20,3,8,5,1,1,22,"2,4,6",3,,7,1,22,1,2,,4,neither,2,6,2
42,38,2.5,4,2.5,3,3,5,6,3.75,3.5,4.066666667,3.2,3.2,1,0,3.25,3.7,,4.4,3.5,2.5,0,1,Trump,4,3,2,2,2,2,2,2,,30,30,25,15,5,6,4,1,2,19,"2,3,4,5",3,,4,1,18,1,2,6,6,Trump,2,1,2
59,37,4,4,4,3.5,3.875,6.25,6.25,6.25,5.166666667,3.333333333,3.4,3.3,1.666666667,6,1.5,3.1,,3.8,3.5,5,0,1,Hillary Clinton,2,4,2,2,2,2,2,2,,40,10,15,35,3,8,2,1,2,22,3,3,,4,1,22,1,2,3,2,Clinton,2,1,2
76,34,4,4,3,3.5,3.625,6,6,6.25,5.333333333,3.6,3.4,2.9,1,1,1.25,2.9,,3.2,2.75,4,0,1,Bernie Sanders,4,4,2,2,2,2,2,2,,40,30,20,10,4,6,4,1,1,19,"2,3,4,5,6,7",3,,7,1,19,1,2,5,5,Sanders,2,1,2
69,40,4,4,4,4,4,6.75,5.75,7,4.5,2.666666667,3.7,2.7,2.333333333,2,2.75,3.4,,3.6,4.5,4,0,1,Gary Johnson,4,5,2,2,2,2,2,2,,40,30,20,10,5,6,4,1,2,19,"2,4,6",3,,4,1,19,1,2,5,5,Johnson,2,1,2
66,36,4,4,4,4,4,4.25,4.5,6,4.333333333,4.333333333,3.4,2.9,1,4,1,2.6,42,3.4,3.5,3,0,1,Pence,4,4,2,2,2,2,2,2,,20,10,30,40,2,10,4,1,1,20,"2,3",3,,2,1,20,1,2,4,6,Trump,2,1,2
68,45,4,4,3.5,3,3.625,5.75,5.75,6.5,5.666666667,3.8,4.2,3,1.333333333,8,1,2.9,,3.8,2.75,4,0,1,Trump,4,4,2,2,2,2,2,2,,40,0,50,10,5,6,4,1,2,21,"3,5",3,,3,1,20,1,2,6,6,Trump,2,1,2
70,40,4,4,4,4,4,4.75,6,5.75,3.333333333,3.8,4.2,3,1.666666667,1,1.5,3.1,,2.6,3.5,2,0,1,Evan McMullin,4,3,2,2,2,2,2,2,,30,30,30,10,4,7,4,1,1,21,3,3,,8,1,21,1,2,4,4,McMillan,2,1,2
50,39,3.5,4,3.5,4,3.75,1.5,1,1,3.333333333,3.266666667,4.5,2.4,2,6,1.5,3.4,,3.2,3.75,3,0,1,Neither,3,4,2,2,2,2,2,2,,30,25,30,15,4,10,3,1,2,19,"2,4",3,,2,1,19,1,2,4,4,neither,2,1,2
64,37,3.5,4,4,4,3.875,6.25,5.5,4.25,5.166666667,2.466666667,3,3.8,6.333333333,4,1,3.8,34,4.4,4,4,0,1,donald trump,3,4,2,2,2,2,2,2,,35,25,35,5,3,8,5,1,2,21,"2,3,4,5,6,7",3,,7,1,21,1,2,6,,Trump,2,1,2
73,54,4,4,3.5,4,3.875,5.5,6.5,6.75,5.666666667,3.866666667,3,3.6,1.333333333,5,2,3.4,,2.4,3.25,3,1,1,Clinton,5,5,2,2,2,2,2,2,,20,21,29,30,3,26,3,4,2,20,"2,3,4,7",3,,2,1,20,1,2,4,3,Clinton,2,4,2
60,48,4,4,4,4,4,7,7,7,5,5.733333333,3.5,4,5,7,1,2.9,34,5,5,5,1,1,,5,5,2,2,2,2,2,2,,30,25,35,10,5,14,5,2,1,24,4,3,,1,1,1,1,2,,,,2,2,2
53,39,3,4,3.5,3.5,3.5,4.75,5.75,5.25,4.166666667,3.8,3.1,3.4,1,1,2.75,3.3,,2.6,3,3,0,1,Evan McMullin,3,3,2,2,2,2,2,2,,25,25,25,25,3,26,5,1,2,22,"2,4,6",3,,1,1,22,1,2,4,4,McMillan,2,1,2
66,41,4,3,4,2.5,3.375,5.5,6.5,4.75,4.5,4.933333333,3,3.3,5,6,2,2.5,42,3.4,3,1.5,0,1,Hillary Clinton,4,3,2,2,2,2,2,2,,20,40,10,30,3,9,3,1,1,22,"3,5",3,,3,1,22,1,1,3,2,Clinton,2,1,2
58,39,2.5,4,3.5,4,3.5,6,5.25,5.5,2.5,4.133333333,3.1,3.3,2.333333333,2,1.25,2.5,27,2.2,2.5,3.5,0,1,"Neither. They're both pathetic and going to cause massive problems for our country. However, Hillary does seem less disastrous because she at least hasn't chosen a complete prat for a VP.",1,3,2,2,2,2,2,1,Depression,25,45,15,15,4,9,2,1,2,23,"2,3,4,5",3,,3,1,21,1,1,2,3,neither,2,1,2
57,35,4,3.5,3.5,4,3.75,6,6,2,5.666666667,3.2,3.1,3.3,3,4,1.5,1.9,,3.2,2.5,3,0,1,Hillary Clinton,4,3,2,2,2,2,2,2,,15,15,60,10,4,12,2,1,2,21,2,3,,1,1,21,1,1,2,1,Clinton,2,1,2
54,35,3.5,4,4,4,3.875,6,5.25,6,4.666666667,2.466666667,3.7,2.9,2,1,2,3.3,42,2.6,3.5,4.5,0,1,Hillary Clinton,2,2,2,2,2,2,2,2,,10,15,42,33,2,11,2,1,2,21,"2,6",3,,5,1,21,1,1,1,,Clinton,2,1,2
54,35,4,4,3,3.5,3.625,6.75,6.75,6.75,5.666666667,2.866666667,1.7,2.5,4.333333333,4,1.25,2.4,,3.2,5,2.5,0,1,Trump,2,3,2,2,2,2,2,2,,30,20,20,30,3,10,5,1,1,20,2,3,,6,1,20,1,1,,,Trump,2,1,2
62,35,4,4,4,4,4,6.25,6,5.5,2.5,2.533333333,3.8,2.5,3,8,3.75,3.2,,3,3,3,1,1,neither,3,4,2,2,2,2,2,,,30,25,25,20,4,11,2,1,2,20,7,3,,6,1,18,1,1,2,2,neither,2,6,2
72,34,3,4,3.5,3.5,3.5,2.75,4,1.25,2.333333333,3,3.6,2,1,1,2.75,4.3,,1.6,1.25,2.5,1,1,Hillary Clinton,2,1,2,2,2,2,2,2,,35,0,45,20,4,12,1,2,2,19,"2,3,4,6",3,,1,1,19,1,1,2,1,Clinton,2,4,2
75,34,4,4,4,4,4,6,6.25,6.75,3.666666667,2.6,3.5,3.2,2,1,1.5,3.4,42,3.4,2.5,4,0,1,Clinton,5,4,2,2,2,2,2,,,30,30,25,15,4,9,4,1,1,21,"2,3,4,5,7",3,,5,1,21,1,1,5,5,Clinton,2,1,2
76,42,4,4,4,4,4,7,7,6,6.5,4.866666667,3,3.8,1,0,1.5,2.2,,3.6,2.75,3,0,1,Donald Trump,5,5,2,2,2,2,2,2,,20,20,35,25,4,10,4,1,2,21,"2,3,4,5,6",3,,2,1,21,1,1,7,7,Trump,2,1,2
73,40,3,4,3,3,3.25,7,5.75,6.75,4.666666667,2.6,3.3,2.9,2,4,3.5,3.4,36,3.2,3,4,0,1,"Neither- I'm not voting, I don't follow politics so don't feel able to make a decision for one or the other",4,3,2,2,2,1,2,2,,30,30,20,20,4,8,2,2,2,20,"4,5,6,7",3,,5,1,20,1,1,,,notvote,2,1,2
75,35,3.5,3.5,4,4,3.75,3.75,6.25,7,5.5,4.2,2.5,3.8,2,9,2,3,,1.6,2.5,3,0,1,None,1,1,2,2,2,1,2,,,30,20,40,10,3,9,1,1,1,19,"2,3,4,5",3,,7,1,19,1,1,3,3,neither,2,1,2
59,40,4,3,3,3.5,3.375,5.75,5.5,5,6,3.466666667,2.6,3.6,5,12,2,3.5,,3,3.75,4.5,0,1,Hillary,4,3,2,2,2,2,2,2,,0,0,70,30,2,12,2,1,2,20,"2,4",3,,6,1,20,1,1,2,2,Clinton,2,1,2
69,37,4,4,2.5,3,3.375,7,5.25,6,6,4.733333333,2.9,3,2,7,1.75,2.7,38,2.6,3,4,0,1,Donald Trump,4,5,2,2,2,2,2,2,,20,15,60,5,4,9,3,1,1,20,3,3,,1,1,20,1,1,6,6,Trump,2,1,2
75,34,3.5,4,3,4,3.625,7,6.75,4,5,4.2,3.5,3,1,1,1,2.9,41,3.2,2.5,3,0,1,I am not sure.,5,5,1,,,,,,,30,10,40,20,4,11,2,1,2,20,"3,5,7",3,,5,1,20,1,1,,,dontknow,2,1,2
74,37,3.5,3,3.5,3.5,3.375,6.5,5.75,6.25,5.333333333,5.133333333,2.7,3.2,1.666666667,1,1,1.9,42,2,3.75,3,0,1,Trump,4,5,2,2,2,2,2,2,,25,15,40,20,4,11,3,1,1,20,7,3,,1,1,20,1,1,5,5,Trump,2,1,2
69,34,4,3,3.5,3.5,3.5,7,5.75,7,5.833333333,3.533333333,3.3,3.6,2.333333333,5,1.75,2.9,42,1.8,2.25,2,0,1,hillary clinton,4,4,2,2,2,2,2,2,,25,25,25,25,4,10,1,1,1,21,3,3,,2,1,21,1,1,2,3,Clinton,2,1,2
78,34,4,4,4,4,4,7,6,7,6.166666667,3.666666667,3.6,3,1,3,1.25,3.1,,3.2,2.75,3,0,1,I am not voting for either candidate.,5,5,2,2,2,2,2,2,,35,35,20,10,5,12,2,1,2,21,5,3,,7,1,21,1,1,2,3,notvote,2,1,2
75,41,4,4,4,3.5,3.875,7,6.75,5.25,4.166666667,3.066666667,3,3.3,1,0,1.75,2.9,57,2,3,2.5,0,1,Hillary Clinton,4,5,2,2,1,2,2,2,,10,10,65,15,3,12,1,1,2,19,"2,4,6",3,,4,1,19,1,1,3,3,Clinton,2,1,2
65,33,3.5,4,4,3,3.625,6.5,4,7,4,3.4,4.5,2.1,2,2,1,4.1,32,2.6,3.25,4,0,1,Hillary Clinton,3,4,2,2,2,1,2,2,,40,0,40,20,5,10,2,2,2,18,"2,3,5,7",3,,7,1,18,1,1,5,6,Clinton,2,1,2
64,34,4,4,4,4,4,6.5,6.75,3,2.333333333,3,4.8,2.7,1,5,2.5,3.6,35,4.2,3.5,4,0,1,Hillary Clinton,2,2,1,2,1,1,2,,,26,16,34,24,5,10,2,2,2,20,"2,4",3,,1,1,20,1,1,2,1,Clinton,1,1,2
66,36,3,3.5,3,3.5,3.25,6.75,6,5.25,5.833333333,3.733333333,2.2,2.9,2,4,1.5,2.9,,3.4,4.25,3.5,0,1,Johnson,4,4,2,2,2,2,2,2,,30,20,30,20,4,12,2,1,2,21,"2,4,6",3,,6,1,21,1,1,3,3,Johnson,2,1,2
74,35,4,4,3,3.5,3.625,5.5,3.25,7,2.833333333,3.8,3.4,3.3,4.666666667,3,1.25,4.3,47,2.2,2,4,0,1,Hillary Clinton,4,4,2,2,1,2,2,,,40,40,5,15,4,9,2,1,1,22,"2,3,4,5,6,7",3,,1,1,22,1,1,2,2,Clinton,2,1,2
59,41,3.5,4,4,4,3.875,6.25,5.75,6.5,5.166666667,3.8,3.7,3.5,1,6,2.5,3.4,,2.4,2,1.5,0,1,Clinton,2,4,2,2,2,2,2,2,,30,30,35,5,4,12,2,1,1,20,"2,4",3,,2,1,20,1,1,3,3,Clinton,2,1,2
77,32,4,4,3.5,4,3.875,6.75,6,5,6.333333333,2.066666667,2.7,3,4.333333333,6,3.75,3.2,,4,2.75,3.5,0,1,Hillary Clinton,5,4,2,2,2,2,2,,,20,20,50,10,4,10,2,2,2,19,"2,6",3,,6,1,19,1,1,3,4,Clinton,2,1,2
76,40,4,4,4,4,4,7,6.25,7,6.5,3.6,3.3,3,4,7,2,2,,4,3,2,0,1,Hillary,4,4,2,2,2,2,2,2,,35,30,25,10,3,9,3,1,2,18,"2,3,4,5",3,,6,1,18,1,2,2,2,Clinton,2,1,2
65,42,4,3.5,4,4,3.875,3.5,6.5,7,4.333333333,2.866666667,3.2,3.2,1,0,2,3.2,,2,3.75,2.5,,1,Hillary Clinton,3,3,2,2,2,2,2,2,,25,25,25,25,4,8,2,2,2,20,"2,3,5,6,7",3,,2,1,19,1,2,2,3,Clinton,2,8,2
71,35,4,3.5,4,4,3.875,5.75,3.25,1.75,2.666666667,2.8,3.3,3.1,2.333333333,5,3.25,4.3,,1.4,2.75,1.5,0,1,Trump,4,4,2,2,2,2,2,2,,30,15,40,15,4,9,5,1,2,20,"3,5,7",3,,8,1,20,1,2,6,7,Trump,2,1,2
67,35,3.5,3,3.5,4,3.5,5.5,5.5,3.75,5,4,2.5,3.5,1,3,1.5,2.5,,3.2,2.75,3,1,1,Hillary Clinton,4,4,2,2,2,2,2,,,15,10,45,30,4,26,2,1,2,18,"2,3,6,7",3,,4,1,18,1,2,2,1,Clinton,2,2,2
46,49,4,4,4,3.5,3.875,6.75,6.25,7,4,4.133333333,3.6,2.8,1,1,2,3.3,,3.6,4,4,0,1,Hillary Clinton,2,3,2,2,2,2,2,,,20,20,35,25,4,10,2,1,2,18,"3,5,7",3,,1,1,18,1,2,2,2,Clinton,2,1,2
68,37,3,4,3,2.5,3.125,5.75,6,6,6,4.133333333,3.3,2.6,4,3,1.75,3.2,42,4.2,3.75,3.5,0,1,Clinton,4,3,2,2,2,2,2,2,,25,25,25,25,4,10,4,1,2,18,"2,4",3,,6,1,18,1,2,4,4,Clinton,2,1,2
65,31,4,4,4,3,3.75,7,7,7,4.333333333,3.266666667,2.4,3,2.333333333,4,1.75,4.3,34,1.8,3.25,4,0,1,Hillary Clinton,4,5,2,2,,1,2,1,"Clinical Depression, Social Anxiety, Panic Attacks, Bulimia",25,25,40,10,2,26,1,1,2,18,"2,6",3,,7,1,18,1,2,3,4,Clinton,2,1,2
64,30,4,3,4,4,3.75,4.5,6,1,1.833333333,3.4,3.2,3,6.333333333,8,4,3.2,42,4,3.5,4.5,0,1,Hillary Clinton,2,2,2,2,2,2,2,2,,30,30,20,20,4,9,1,2,2,18,1,3,,2,1,18,1,2,2,1,Clinton,2,1,2
75,46,4,4,4,4,4,7,7,7,5.333333333,3.666666667,3.3,2.9,1,2,1,2.9,,3.2,3.25,2,0,1,Hillary Clinton,4,4,2,2,2,2,2,2,,30,30,15,25,4,11,3,1,2,18,"2,3",3,,8,1,18,1,2,3,3,Clinton,2,1,2
73,36,4,4,4,3.5,3.875,6,5.75,4.5,4.333333333,4.333333333,4.7,3.1,1,2,1,2.7,,3.8,3.5,2,0,1,Clinton,5,5,2,2,2,2,2,2,,30,50,15,5,5,11,2,1,1,19,1,3,,3,1,19,1,2,4,,Clinton,2,1,2
69,42,3.5,2.5,3,4,3.25,6,6.5,7,5.666666667,4.8,4,4,4.333333333,7,3.25,1.6,,3,3.5,2.5,0,1,"Understanding that a vote can be expressed for/against a candidate,  chose to only vote down ticket to have a third option in the election.",5,5,2,2,2,2,2,,,33,33,33,1,5,8,3,2,1,20,1,3,,5,1,20,1,2,5,6,thirdparty,2,1,2
48,38,4,4,4,4,4,3.75,2.75,2,2.5,2.333333333,4.5,2.8,2.666666667,10,6.75,4.2,23,3.2,4,3,0,1,Trump,4,4,2,2,2,2,1,2,,5,5,75,15,3,11,2,1,2,18,"3,5",3,,8,1,18,1,2,7,7,Trump,2,1,2
64,34,3.5,3.5,4,4,3.75,5.25,5.5,3.5,3.833333333,3,4.1,3.1,3.333333333,6,3.25,3,,3,4.25,3.5,0,1,Gary Johnson,4,5,2,2,2,2,2,2,,25,25,45,5,4,12,3,1,1,19,"2,6",3,,7,1,19,1,2,3,3,Johnson,2,1,2
60,32,4,2.5,4,3,3.375,3.75,6.25,5.5,3.833333333,3.533333333,2.8,3,3.333333333,4,2.25,3.1,,3.6,3,2,1,1,none,3,3,2,2,2,2,2,,,0,35,35,30,1,12,5,1,2,18,"3,5",3,,4,2,,1,2,5,5,neither,2,6,2
63,38,3.5,3.5,3.5,4,3.625,6,5.5,3.75,5.333333333,3.266666667,2.2,2.8,4.666666667,9,1.25,3.4,42,4,3.25,3.5,1,1,hillary clinton,4,4,2,2,2,2,2,2,,0,0,55,45,2,11,2,1,2,19,5,3,,4,1,19,1,2,,2,Clinton,2,3,2
75,34,4,3,3.5,4,3.625,6,5.5,5.25,2.833333333,4.066666667,4.4,2.8,1.333333333,2,1,4,,3,2.75,4,1,1,Hilary Clinton,1,3,2,2,2,2,2,2,,20,45,20,15,5,9,4,2,2,19,"3,5,7",3,,2,1,7.5,1,2,2,,Clinton,2,6,2
53,32,4,4,3.5,3.5,3.75,6.75,3.75,6.5,3.5,4.6,3.9,3.2,2.333333333,2,1.25,3.4,,2.4,2,4,0,1,Hillary Clinton,2,1,2,2,2,2,2,2,,15,25,40,20,2,12,3,1,2,18,2,3,,1,1,18,1,2,2,2,Clinton,2,1,2
72,32,3.5,2,2,2.5,2.5,7,6.5,6.5,5.333333333,4.266666667,3.4,3,5,4,2.25,2.1,48,2.8,3.25,3,0,1,Donald Trump,4,4,2,2,1,2,2,2,,30,30,25,15,5,11,3,1,1,20,"2,4,5,6,7",3,,1,1,20,1,2,5,7,Trump,2,1,2
58,34,4,4,3.5,3,3.625,1.5,4.25,5.75,4,2.333333333,3.6,3,4.666666667,1,3,3.4,37,3.2,3.5,4.5,0,1,"Hillary, but would've been Bernie :/",4,4,2,2,2,1,2,,,20,10,50,20,3,12,1,1,1,18,3,3,,7,1,18,1,2,4,3,Sanders-Clinton,2,1,2
66,37,4,3,4,4,3.75,2.75,4.75,6.25,2.5,3.666666667,2.8,3,1,2,2,3.1,39,1.8,3.75,4,0,1,Bernie Sanders,1,2,2,2,2,1,2,2,,20,10,30,40,2,14,2,1,2,18,"3,5,7",3,,3,1,18,1,2,2,2,Sanders,2,1,2
65,31,3,3.5,4,4,3.625,4.75,6,6,5,3.6,3.3,2.8,3.666666667,5,2.75,3,50,4.4,3.5,4,0,1,Donald Trump,4,4,2,2,2,2,2,1,ADD,30,28,30,12,4,8,4,1,2,19,2,3,,2,1,19,1,2,6,6,Trump,2,1,2
59,30,3.5,3,3,4,3.375,5.5,6.25,5.5,5.666666667,2.6,3.7,3.3,2.666666667,9,2.25,3,,2.8,4,3,0,1,Donald Trump,5,5,2,2,2,2,2,,,40,40,15,5,4,9,4,1,1,20,"2,4,6",3,,6,1,20,1,2,6,7,Trump,2,1,2
67,33,3.5,4,4,3,3.625,6.75,5,5.5,2.833333333,3.8,4,2.4,4,4,3,3.9,,4,4.5,3,1,1,did not vote,5,4,2,2,2,2,2,2,,20,25,40,15,5,8,3,2,2,18,"2,3,4,5,6,7",3,,1,1,18,1,2,,,didnotvote,2,3,2
50,32,4,4,3.5,4,3.875,6,6.25,5,5.333333333,4,4.3,3,1,2,1.25,3.1,,4.8,3,3,0,1,"Ben Carson/Kasich in the primaries, Hillary Clinton in the general election",2,3,2,2,2,2,2,2,,40,10,25,25,4,8,5,2,2,18,"2,4,6",3,,3,1,18,1,2,6,7,Clinton,2,1,2
44,40,4,3,3,4,3.5,2,5.75,5.75,4.833333333,3.466666667,3.5,3.5,1,4,1,4.2,,1.8,1.25,1.5,,1,Bernie Sanders,2,2,2,2,2,2,2,2,,15,25,50,10,2,14,1,1,2,21,"2,3,4,5",3,,1,1,21,1,2,2,,Sanders,2,7,2
75,34,4,4,3.5,3.5,3.75,3.5,5.5,6.75,3.166666667,4,4.1,2.6,3,2,1.75,3.5,42,3.2,4,4.5,1,1,I did not support either candidate,4,3,2,2,2,2,2,,,20,10,60,10,4,9,1,2,2,19,6,3,,2,1,19,1,2,2,1,neither,2,4,2
57,35,4,3.5,4,3.5,3.75,3.75,6.75,4.25,5.5,3.266666667,2.9,3.6,2.333333333,6,1.75,2.9,,1.8,2,2,,1,hillary clinton,2,1,2,2,2,2,2,2,,0,0,40,60,1,14,3,4,1,19,2,3,,4,1,19,1,2,3,2,Clinton,2,7,2
66,36,3.5,4,4,4,3.875,6.5,6,6.75,4.833333333,2.466666667,3.9,3.3,1,4,1.75,3.2,31,3.4,3,4,0,1,Clinton,4,4,2,2,2,1,2,,,30,30,30,10,4,11,2,1,2,22,"3,5,7",3,,6,1,22,1,2,3,2,Clinton,2,1,2
76,36,3.5,4,4,4,3.875,4.5,3.5,5.5,3.833333333,3.866666667,2.7,3.9,3.666666667,4,3.5,2.8,34,1.8,4.75,3.5,0,1,Donald Trump,5,5,2,2,2,2,2,2,,25,35,20,20,5,8,2,2,2,18,"2,4,6",3,,8,1,18,1,2,6,6,Trump,2,1,2
75,33,4,4,4,4,4,5.5,6.5,3.75,4.666666667,4,4.4,3.1,1,3,1,3,55,2.6,4.25,5,0,1,Hillary Clinton,3,4,2,1,2,2,2,2,,40,10,40,10,5,9,1,2,2,18,"2,3,6,7",3,,6,1,18,1,2,2,3,Clinton,2,1,2
66,38,4,4,3.5,3.5,3.75,6.25,5.75,6.25,2.833333333,3.4,3.6,2.2,4.333333333,0,2.5,4.1,43,2.4,1.5,1,0,1,"I wanted John Kasich, but then I voted for Trump.",3,3,1,2,1,2,2,,,27,27,26,20,3,9,2,2,2,18,"2,3",3,,1,1,18,1,2,5,6,Kasich-Trump,1,1,2
54,26,3,4,4,3.5,3.625,4.75,4.75,3.5,1.166666667,3.4,4.3,2.2,2,3,2.75,4.1,,3,3.25,4,0,1,Trump,5,4,2,2,2,2,2,,,30,40,20,10,5,9,2,2,2,19,"3,5",3,,3,1,19,1,2,5,4,Trump,2,1,2
53,41,4,3,4,3.5,3.625,5,5.75,6,4.333333333,4.333333333,3.1,3.1,2.333333333,5,1.75,2.9,47,3,4,2,0,1,Bernie Sanders,2,3,1,2,2,2,2,,,25,25,20,30,4,9,2,1,2,,"2,3,4,5,6",3,,2,1,21,0,1,2,3,Sanders,2,1,2
58,41,4,4,3.5,4,3.875,6.5,7,7,5.666666667,3.333333333,4.1,3.2,2,3,2,2.6,,3,3.25,4.5,0,1,Trump,4,4,2,2,2,2,2,2,,30,30,20,20,4,9,4,2,2,,"2,3,7",3,,4,1,20,0,1,5,5,Trump,2,1,2
60,30,4,4,3.5,2.5,3.5,3,5,4,2.333333333,3.866666667,3.9,3.1,1.666666667,4,3.25,3.2,,3.6,1.75,3,0,1,Bernie Sanders,3,2,2,2,2,2,2,,,25,25,35,15,4,14,3,1,2,,"2,3,4,5,6,7",3,,5,1,22,0,1,2,2,Sanders,2,1,2
71,41,4,3.5,4,3.5,3.75,7,7,7,6.5,3.333333333,3,3.5,2,7,1.75,1.9,34,4.4,3.25,3,0,1,Bernie,2,4,2,2,2,2,2,2,,25,25,25,25,4,10,2,2,2,,3,3,,4,1,22,0,1,,,Sanders,2,1,2
46,50,4,4,4,3,3.75,4.25,5,4.5,5.333333333,3.333333333,1.4,3.8,2,5,1,3.5,46,2.2,1.75,5,0,1,Bernie Sanders,3,3,2,2,2,1,2,2,,8,2,45,45,3,11,1,1,2,,"2,3,4,5,6,7",3,,3,1,21,0,1,1,1,Sanders,2,1,2
66,44,3,3.5,3,3,3.125,4.75,4.25,6,5,3.266666667,3.7,3,3.666666667,3,2,3.5,,4,3.5,4,0,1,none,3,4,2,2,2,2,2,2,,60,10,15,15,5,4,3,1,2,,"2,3,6,7",3,,3,1,20,0,1,,,neither,2,1,2
76,40,4,4,4,4,4,2.25,4.5,6,5.166666667,2.066666667,4.2,2.5,4,2,2.5,2.8,,3.2,4,3,0,1,Trump,4,4,2,2,2,2,2,2,,15,25,30,30,4,8,1,1,2,,"2,4,6",3,,5,1,18,0,1,,,Trump,2,1,2
77,44,4,4,4,4,4,6.5,6.25,6.5,6.333333333,4.333333333,3.6,3,5.333333333,3,6.5,3,41,3.6,3.25,2.5,0,1,Kasich,5,5,1,2,2,2,2,2,,20,20,40,20,5,11,5,2,2,,2,3,,4,1,20,0,1,4,5,Kasich,2,1,2
78,45,3.5,4,3.5,3.5,3.625,7,6.75,7,6.333333333,5.2,2.6,3.1,1.666666667,4,1,2.1,,3.2,2,2.5,0,1,Trump,5,5,2,2,2,2,2,2,,25,25,25,25,5,10,2,2,2,,"2,3,4,5,7",3,,2,1,21,0,1,6,6,Trump,2,1,2
68,28,3.5,3.5,4,4,3.75,7,7,5,4.166666667,5.266666667,2.7,2.8,1.666666667,3,1.5,2.5,,4.2,3.75,3,0,1,Donald Trump,5,5,2,2,2,2,2,2,,30,25,25,20,4,5,2,1,2,,2,3,,5,1,19,0,1,6,5,Trump,2,1,2
79,40,4,4,4,4,4,7,5.75,7,6.333333333,3.866666667,3.8,3.5,1,9,1.5,2.2,,3.8,3.75,5,0,1,None of them,4,4,2,2,2,2,2,,,20,20,50,10,4,10,2,1,2,,2,3,,8,1,19,0,1,3,3,neither,2,1,2
55,31,3,3,4,3,3.25,2.5,4.5,4.75,3,2.6,3.3,2.6,2.666666667,5,2.75,2.1,43,3,3.25,4,0,1,Martin O'Malley,5,4,2,2,2,2,1,2,,4.8,33,54,8.2,1,7,4,2,1,,3,3,,1,1,18,0,1,4,4,nonsense,1,1,2
70,37,4,4,4,4,4,7,6,7,5.833333333,3.133333333,4.5,2.6,2.333333333,4,3.5,3.2,,3.4,3.5,3.5,0,1,Hillary Clinton,4,4,2,2,2,2,2,2,,30,30,30,10,4,8,4,1,2,,"3,5",3,,8,1,18,0,1,2,2,Clinton,2,1,2
73,41,4,4,4,4,4,6.75,4.5,5,3.333333333,3.333333333,4.3,2.7,4.333333333,5,2.75,4,42,3.8,5,5,0,1,Bernie Sanders,4,5,2,2,2,1,2,,,30,50,20,0,5,9,4,1,2,,"3,5,7",3,,4,1,19,0,1,2,4,Sanders,1,1,2
44,39,4,4,4,4,4,7,3.5,6.75,3.166666667,3.6,3.3,2.6,5.333333333,7,1,3,46,3.2,3,3.5,0,1,Bernie Sanders,1,3,1,1,2,1,2,2,,10,0,30,60,2,10,2,1,2,,"2,3",3,,2,1,21,0,1,,,Sanders,2,1,2
77,37,4,3.5,4,4,3.875,5.5,5,6.75,5.333333333,4.8,3.1,2.8,2,4,1.75,2.6,34,3.8,3.25,3.5,0,1,Neither,4,4,2,2,2,2,2,2,,25,25,25,25,4,11,3,4,2,,"2,3,7",3,,3,1,21,0,1,,5,neither,2,1,2
65,36,3.5,4,4,4,3.875,7,7,7,6.666666667,4.666666667,3.9,2.8,2,1,1,2.7,,3.2,3.75,3,0,1,Neither,5,5,2,2,2,2,2,2,,35,10,35,20,4,6,5,1,2,,2,3,,1,1,21,0,1,6,6,neither,2,1,2
74,38,4,4,4,4,4,4.25,5.25,7,2.666666667,4.066666667,3.1,2.8,1.666666667,6,1.5,3.5,,3.4,4,3,,1,Clinton,3,4,2,2,2,2,2,,,30,40,20,10,5,8,2,1,2,,"3,5",3,,6,1,20,0,1,2,2,Clinton,2,7,2
56,34,4,4,4,4,4,5,6,5.5,4,3.333333333,3.9,3,1,5,2,3.1,,3.2,3.5,4,0,1,Hillary Clinton,3,4,2,2,2,2,2,2,,15,5,40,40,2,15,1,2,1,,"2,4,6",3,,1,1,19,0,1,1,1,Clinton,2,1,2
65,36,4,3.5,4,4,3.875,4,6,6,4.666666667,4.4,3.3,3,1,2,3.25,3.6,,2.6,2,4,0,1,,4,4,2,2,2,2,2,2,,40,30,20,10,4,7,2,1,2,,"3,5",3,,3,1,21,0,1,6,6,,2,1,2
60,33,4,4,4,4,4,2.25,7,6,3,4.533333333,4.3,2.9,2,3,1.25,3.5,42,2.4,4.25,4,1,1,Bernie Sanders,4,5,2,2,2,2,2,,,40,5,40,15,5,10,1,1,2,,"2,4,6",3,,1,1,22,0,1,2,2,Sanders,2,4,2
52,28,4,3.5,3.5,4,3.75,4.5,7,6.5,4.333333333,4.333333333,3.5,2.9,3.666666667,2,1.25,2.9,,4,3.75,4,0,1,Hillary Clinton,3,4,2,2,2,2,2,,,25,25,25,25,4,14,2,1,2,,1,3,,1,1,20,0,1,2,2,Clinton,2,1,2
65,35,3.5,4,3,4,3.625,6,7,7,3.5,2.933333333,3.8,2.9,2.666666667,4,1.5,3.7,,2.6,3,3.5,0,1,Hillary Clinton,4,4,2,2,2,2,2,2,,40,10,35,15,5,12,2,1,2,,"2,4,6",3,,2,1,20,0,1,2,2,Clinton,2,1,2
62,33,4,4,4,3,3.75,2.5,6,5.75,2.666666667,3.666666667,3.3,3,1,7,2.5,4.1,28,2.6,2.5,3.5,0,1,Hillary Clinton,2,3,2,2,1,1,2,,,20,10,30,40,4,10,1,1,2,,"2,3,6,7",3,,1,1,19,0,1,2,3,Clinton,1,1,2
51,32,3,4,3,4,3.5,5.25,6.75,4.75,4.833333333,3.4,3.7,3.1,1,5,1.5,3.1,42,3,3.75,4,0,1,Neither,4,5,2,2,2,2,2,2,,25,25,25,25,4,9,3,1,2,,"2,3,4,5,7",3,,1,1,19,0,1,4,6,neither,2,1,2
63,43,3.5,4,3.5,4,3.75,5.5,6,6.25,3.166666667,2.533333333,4,3,4.666666667,5,3,4,,3.4,2.75,3,0,1,Donald Trump,4,4,2,2,2,2,2,2,,40,40,15,5,5,8,4,1,2,21,1,3,,3,1,21,1,1,6,5,Trump,2,1,2
71,50,3,3,3.5,4,3.375,4,6,6,4.833333333,5.266666667,3.2,3.4,3.666666667,1,1.25,2.9,,3.4,2.5,2.5,1,1,Bernie Sanders,3,3,2,2,2,2,2,2,,0,0,75,25,3,10,5,2,2,,"2,3,6,7",3,,2,1,20,0,1,2,2,Sanders,2,3,2
51,35,3.5,4,4,4,3.875,5,6.5,3,4.5,4.333333333,3.2,3.2,2.333333333,5,1.25,2.9,,3.2,3.75,4.5,0,1,Bernie Sanders,2,3,2,2,2,2,2,2,,30,30,25,15,4,12,2,1,2,,"3,5,7",3,,6,1,21,0,1,2,3,Sanders,2,1,2
39,31,4,3,4,3.5,3.625,3.5,6,5.5,5.666666667,3.533333333,4.1,3.5,2,3,1.25,3.3,36,2.8,3,5,0,1,Bernie Sanders,4,4,2,2,2,1,2,2,,5,10,45,40,2,10,2,1,2,,"3,5",3,,1,1,19,0,1,1,1,Sanders,2,1,2
70,35,3,4,3.5,4,3.625,3.25,5.75,5.5,4.166666667,3.333333333,3,2.9,2,4,1.25,3.4,44,3.2,2.75,2.5,,1,Ben Carson,4,4,2,2,2,2,2,2,,30,20,40,10,4,8,1,4,2,,"2,3,7",3,,3,1,20,0,1,5,5,BenCarson,2,7,2
74,40,4,3.5,4,4,3.875,7,5.75,5.75,6.166666667,3.333333333,4.1,3.8,2,9,4,2.6,34,3.6,3.75,4,,1,Bernie Sanders,1,2,2,2,2,2,2,2,,20,25,25,30,3,12,3,1,2,,"2,3,4,5,6,7",3,,2,1,21,0,1,2,3,Sanders,2,7,2
46,34,4,3,4,3.5,3.625,6,5.75,6.75,4.166666667,4.2,4.2,2.9,1,2,1,1.9,,3.4,3.75,4,0,1,Bernie Sanders,4,3,2,1,2,1,2,2,,35,35,10,15,5,8,2,4,2,,1,3,,4,1,19,0,1,3,3,Sanders,2,1,2
68,37,4,3.5,4,3.5,3.75,6,7,2.5,6,3.4,3.2,3,3,6,1.25,3,34,5,5,5,1,1,Bernie Sanders,5,5,2,2,2,2,2,,,4,10,10,5,4,11,1,1,2,,3,3,,4,1,20,0,1,1,2,Sanders,2,3,2
54,0,3.5,4,3.5,4,3.75,1.75,2.5,1,2.666666667,3,3.7,3.6,3.666666667,1,3.5,4.5,35,2.8,2.75,3,1,1,Bernie Sanders,2,3,1,2,2,1,1,2,,0,0,0,3,3,12,2,1,2,,"2,6",3,,1,1,18,0,1,2,3,Sanders,1,4,2
64,37,4,4,4,3.5,3.875,4.75,6,6.5,4.166666667,3.466666667,3.8,3.2,1.333333333,6,1.25,3.3,42,4.4,3.5,5,0,1,Sanders and Jill Stein,1,2,2,1,2,2,2,2,,20,10,40,30,5,9,2,1,3,,"4,5,7",3,,5,1,22,0,1,2,2,Sanders-Stein,2,1,2
66,39,3.5,4,3.5,3.5,3.625,6.75,5.25,2.25,5.666666667,4.2,2.5,3.6,6,6,1.75,2.8,46,2.8,1.75,3,,1,Bernie Sanders,2,3,2,2,1,1,1,,,10,10,50,30,2,10,1,1,2,,2,3,,4,1,19,0,1,1,1,Sanders,1,7,2
56,43,4,4,3.5,4,3.875,3.25,6,7,2.833333333,1.933333333,4.3,2.6,3,6,2,4.1,34,3.4,1.75,3.5,0,1,Bernie Sanders,2,3,2,2,2,1,2,,,30,20,20,30,4,8,1,1,2,,"2,3,4,5",3,,4,1,18,0,1,2,1,Sanders,2,1,2
70,43,4,4,4,4,4,6.25,7,7,6.5,5.066666667,3.3,3.9,1,2,1,2.5,,1,1,1,0,1,Bernie Sanders,1,1,2,2,2,2,2,2,,35,22.5,22.5,20,4,10,2,1,1,,"2,4",3,,6,1,20,0,1,2,3,Sanders,2,1,2
74,45,4,4,4,4,4,6.75,7,7,5.833333333,4.466666667,3.4,3.2,1,3,2,2.9,52,3,2.5,4,0,1,Bernie Sanders,2,3,2,1,1,2,2,2,,30,17,24,29,4,7,2,1,2,,"3,5,7",3,,6,1,19,0,1,2,2,Sanders,2,1,2
68,41,3.5,3,3.5,4,3.5,7,6.75,7,7,4,4.3,3.6,1,5,1,2.3,62,3.6,4,4.5,0,1,Ted Cruz,4,4,2,2,2,2,2,1,Anxiety,32,33,15,20,5,8,5,1,2,,"2,3,4,5,6",3,,4,1,20,0,1,6,6,Cruz,2,1,2
48,35,3.5,3.5,4,3.5,3.625,4.5,4.75,2.5,3.166666667,3.066666667,2.9,2.3,3,2,1.25,3.5,,3.4,3.25,3,1,1,Bernie Sanders,4,2,2,2,2,2,2,2,,20,20,30,30,2,12,2,2,1,,"3,5",3,,2,1,22,0,1,5,4,Sanders,2,7,2
71,35,4,4,3.5,3.5,3.75,6.5,3.5,4,2.666666667,1.4,4.8,3.5,1,0,3,3.7,27,3,5,5,0,1,Bernie Sanders,3,3,1,2,2,1,2,2,,10,25,50,15,3,9,2,1,3,,"3,5",3,,1,1,18,0,1,1,1,Sanders,1,1,2
59,37,4,4,4,3.5,3.875,7,7,7,6.333333333,3.266666667,4.5,3.5,1,3,1,2.8,50,3.8,2.75,3.5,,1,Bernie Sanders,5,4,1,2,2,2,2,2,,40,5,45,10,3,10,4,1,2,,"2,4,6",3,,1,1,19,0,1,3,4,Sanders,2,7,2
48,39,4,4,4,4,4,7,4,5.75,5.5,4.066666667,4,3.3,1,4,1,2.7,34,2.6,4,3,0,1,Bernie Sanders,3,4,2,2,2,2,2,2,,38,38,18,6,4,10,5,1,1,,"3,5",3,,1,1,12,0,1,2,2,Sanders,2,1,2
56,40,3.5,4,4,4,3.875,5.75,6.25,7,5.666666667,4.466666667,4,3.2,4,4,1.5,2.2,43,4,2.75,3.5,,1,Bernie,3,4,2,2,2,2,2,2,,35,25,25,15,5,7,2,1,2,,"3,5,7",3,,1,1,21,0,1,5,5,Sanders,2,7,2
68,38,4,4,4,4,4,4.5,4,6.75,4.333333333,2.733333333,4.6,3.8,4,7,1.5,4.1,,2.2,4.5,4,0,1,Bernie Sanders,1,1,,,,1,,,,20,20,20,40,5,11,4,1,2,,"2,4",3,,2,1,21,0,1,2,1,Sanders,2,1,2
74,34,3,4,4,3.5,3.625,3.25,3,7,2.666666667,3.066666667,3.2,2.9,4,1,3,4.3,40,2,2.25,3.5,0,1,Bernie Sanders,3,3,2,2,2,1,1,2,,30,25,15,30,5,12,2,1,1,,3,3,,2,1,21,0,1,1,1,Sanders,2,1,2
70,36,4,4,4,4,4,3.75,4,4,4,2.6,3.5,3.1,3.666666667,4,3,3.7,41,3,2.75,4,1,1,Bernie Sanders,3,3,2,2,1,1,2,2,,25,20,25,30,5,8,3,4,1,,6,3,,1,1,19,0,1,2,1,Sanders,1,3,2
68,35,4,4,4,4,4,4,3.5,4.25,2.666666667,2.6,4.1,2.2,3,4,2,4.2,,3.6,4.5,5,0,1,Ted Cruz,2,2,2,2,2,1,2,2,,30,30,25,15,5,10,2,2,2,,"2,3,6,7",3,,7,1,19,0,1,4,,Cruz,2,1,2
53,42,4,3.5,2.5,3.5,3.375,7,5.5,7,4.5,3.6,3.6,2.9,2,4,3.25,3.5,39,3.2,2.25,3,0,1,Sanders,4,4,2,2,1,1,1,,,20,25,50,5,4,10,2,1,2,,"3,5",3,,5,1,20,0,1,2,2,Sanders,2,1,2
52,34,4,4,4,4,4,6.5,6.5,5.5,4.833333333,3.2,4,3.1,2,5,1.5,3.4,42,3.2,2.75,3.5,0,1,Bernie Sanders,3,3,2,2,2,2,2,2,,10,30,40,20,3,11,1,1,2,,"2,3,4,5,6,7",3,,8,1,20,0,1,2,1,Sanders,2,1,2
66,41,3,4,4,3.5,3.625,5.25,5.5,6.25,3.833333333,4.066666667,3.3,3.1,1,8,7,4.3,,2,1.75,3,,1,None of them.,1,1,2,2,2,2,2,,,20,20,40,20,3,11,1,4,1,,"2,3,6,7",3,,1,1,21,0,1,4,,neither,2,8,2
70,34,4,4,4,3.5,3.875,7,7,2.5,5.333333333,3.533333333,3.9,4,3,10,1,1.7,,3,4.25,5,0,1,Bernie,4,5,2,2,2,2,2,2,,30,0,50,20,5,9,5,1,2,,"3,5,7",3,,1,1,19,0,1,4,4,Sanders,2,1,2
60,33,4,3.5,3,3.5,3.5,6.25,6.25,5,3.666666667,4.6,3.4,2.6,2.333333333,2,1.5,3.1,,3.8,2.75,3,1,1,Bernie Sanders,2,2,2,2,2,2,2,2,,13,9,51,27,3,12,4,1,2,,"2,3,4,5",3,,3,1,19,0,1,3,2,Sanders,2,4,2
66,39,4,3.5,4,3.5,3.75,7,7,7,5.666666667,4.066666667,3.3,3.4,3.666666667,3,2.25,2.4,,3.6,2.75,3,,1,Ted Cruz,4,5,2,2,2,2,2,2,,50,20,20,10,4,10,5,1,1,,"3,5,7",3,,2,1,21,0,1,6,6,Cruz,2,7,2
57,37,4,4,4,3.5,3.875,5.5,6.5,2.75,5.166666667,3.466666667,3.3,3.3,2.666666667,5,1.25,3,51,2.8,3.5,4,,1,Bernie Sanders,2,3,2,1,2,1,2,2,,25,10,40,25,3,8,2,1,3,,"3,5",3,,6,1,20,0,1,2,3,Sanders,2,7,2
73,35,3.5,4,3,3,3.375,5.75,5,3,4.833333333,2.866666667,4.1,3.5,4,3,5.25,3.4,,3.8,3.5,3.5,1,1,Clinton,3,4,2,2,2,2,2,,,20,10,30,40,4,9,4,1,1,,"2,4,6",3,,7,1,20,0,1,3,,Clinton,2,4,2
72,35,3.5,4,3,3.5,3.5,6,7,3,4.333333333,4.066666667,3.9,3.2,2,2,1.5,2.4,,3.2,4,4,0,1,Bernie,3,4,2,2,2,2,2,,,30,25,35,10,5,9,3,1,2,,1,3,,3,1,20,0,1,5,6,Sanders,2,1,2
80,39,3.5,4,4,4,3.875,2.25,5.75,2,4.833333333,3.933333333,3.1,3.8,2.666666667,5,2.5,3.5,,1.6,1,5,1,1,Bernie Sanders,5,4,2,2,2,2,1,,,20,30,40,10,4,8,1,4,2,,1,3,,1,1,19,0,1,2,1,Sanders,2,3,2
80,37,4,4,4,4,4,7,7,7,6.333333333,4.866666667,3.5,3,4,3,1,2.6,,2.8,4,3.5,0,1,None,4,4,2,2,2,2,2,2,,100,100,100,100,5,7,5,1,2,,5,3,,8,1,19,0,1,4,3,neither,2,1,2
46,42,4,4,4,4,4,4,5,7,3.833333333,3.266666667,4.5,3.2,2,2,1,3.1,,2.4,3.75,4.5,0,1,Bernie Sanders,2,3,2,2,2,2,2,2,,30,40,20,10,5,6,4,1,2,,"2,3,5,6",3,,2,1,19,0,1,2,3,Sanders,2,1,2
73,32,4,4,4,4,4,7,7,7,4.666666667,3.533333333,4.3,3.2,3.333333333,3,1,2.7,,4,3,4,1,1,Bernie Sanders,2,5,2,2,2,2,2,2,,35,35,20,10,5,9,2,1,2,,"3,5",3,,4,1,20,0,1,2,1,Sanders,2,4,2
59,46,3,4,3.5,3.5,3.5,4.75,4.75,3.75,3.333333333,3.466666667,4.7,3.3,1.666666667,4,2,3,,2.6,3,4,0,1,Kasich,4,4,2,2,2,2,2,2,,30,30,20,20,4,8,4,1,2,,"3,5,7",3,,4,1,22,0,1,5,5,Kasich,2,1,2
61,40,3,4,3,4,3.5,6.25,4.75,7,5.333333333,4.2,4,3.2,1.666666667,3,1.5,3,49,2.6,2.5,4,0,1,None,4,5,2,2,2,1,2,2,,50,15,20,15,5,7,5,1,2,,"2,3,4,5,6,7",3,,2,1,21,0,1,5,5,neither,2,1,2
53,41,3.5,3,3.5,4,3.5,6.25,7,4.5,6,3.6,3.9,3.4,4.333333333,8,4.75,2.2,42,3.8,4.5,4.5,0,1,Gary Johnson,4,5,2,2,2,2,2,2,,30,30,25,15,5,7,4,1,1,,2,3,,5,1,19,0,1,5,5,Johnson,2,1,2
59,41,4,4,4,4,4,7,6,6.5,5.166666667,3.533333333,4.3,3.7,1,5,1.75,3.7,34,3.6,4.25,5,,1,Bernie Sanders,2,4,2,2,2,2,2,2,,30,30,30,10,5,10,3,1,2,,"2,3",3,,5,1,20,0,1,2,2,Sanders,2,7,2
68,33,3,2.5,4,3.5,3.25,2.25,4.75,3,4,4.666666667,2,3.3,1.666666667,2,1.75,2.5,,1.8,3,2.5,,1,N/A,4,4,2,2,2,2,2,2,,35,5,50,10,4,8,4,1,2,,"2,4,6",3,,3,1,21,0,1,,3,na,2,7,2
73,39,4,3.5,3.5,4,3.75,7,5.75,6.75,5.833333333,4.2,4,3.2,1.666666667,3,1.5,2.6,,3.6,3.25,3,0,1,Bernie Sanders,4,5,2,2,2,2,2,2,,35,35,20,10,4,9,3,1,2,,"3,5",3,,6,1,19,0,1,5,5,Sanders,2,1,2
66,33,4,3.5,3.5,4,3.75,4.5,5.75,5,6.166666667,5.733333333,3,3.4,1,4,1,1.8,,2.6,4,2.5,,1,Bernie Sanders,5,4,2,2,2,2,2,2,,0,0,75,25,4,12,2,1,1,,1,3,,7,1,16,0,1,3,2,Sanders,2,7,2
63,45,4,4,4,2,3.5,6,6,4.75,6,3.666666667,2.7,3.5,1.666666667,6,2,3.5,,3.4,1.5,4,0,1,Bernie,4,5,2,2,2,2,2,,,20,20,20,40,2,26,1,2,2,,"2,6",3,,2,1,20,0,1,2,3,Sanders,2,1,2
68,44,3,4,3.5,3.5,3.5,4,5.75,7,5,3.066666667,2.9,3.3,4,5,1.5,2.9,40,4,3,4,1,1,Hillary Clinton,5,4,1,2,2,1,2,,,30,25,25,20,4,7,3,2,2,,6,3,,3,1,15,0,1,4,2,Clinton,2,4,2
70,35,4,3.5,3.5,4,3.75,5.25,4.75,6.5,5.5,2.266666667,4,3.3,2.333333333,10,1.25,3,,3.4,5,3.5,0,1,Bernie Sanders,4,4,2,2,2,2,2,2,,30,35,20,15,5,8,2,1,2,,"2,4,6",3,,2,1,20,0,1,3,3,Sanders,2,1,2
47,47,4,4,4,4,4,6.25,6.75,7,4,3.2,4.3,2.9,1,2,1.75,4.6,,3.4,3.25,2.5,0,1,Bernard Sanders,2,4,2,2,2,2,2,2,,40,45,10,5,5,7,5,2,2,,"3,5",3,,3,1,19,0,1,1,3,Sanders,2,1,2
60,35,3.5,4,3.5,3.5,3.625,4.25,5.25,6.25,3.666666667,4.466666667,3.9,2.6,2,4,1.75,3.5,,3.4,2.5,3,0,1,Bernie Sanders,2,3,2,2,2,2,2,2,,16,17,39,28,3,12,2,1,3,,"2,4,6",3,,7,1,20,0,1,2,3,Sanders,2,1,2
78,37,3.5,4,4,3.5,3.75,7,7,7,6.666666667,5,3.9,3.8,1,0,1,2,,3,4,4,0,1,Bernie Sanders,5,5,2,2,2,2,2,,,20,30,40,10,5,9,2,1,2,,"2,4,6",3,,7,1,19,0,1,3,2,Sanders,2,1,2
78,28,4,3,4,3,3.5,7,7,7,5.666666667,3.533333333,4.5,3.1,1,5,1,3.1,,3.6,3.5,2,0,1,Bernie Sanders,4,5,2,2,2,2,2,2,,50,20,20,10,4,9,4,1,2,,"2,4",3,,7,1,19,0,1,,6,Sanders,2,1,2
59,41,4,3,4,4,3.75,5.75,5.5,6,5.833333333,3.133333333,3.3,3.4,2,4,1,2.3,42,2,2.5,3,0,1,Hilary Clinton,2,5,2,2,2,2,1,2,,40,0,30,30,4,9,2,2,2,,"2,3,6,7",3,,7,1,21,0,1,3,3,Clinton,2,1,2
60,37,4,3.5,4,3.5,3.75,5.75,4.5,2.75,4.333333333,3.933333333,2.9,2.8,1,1,1.25,3.5,,3.4,3.25,3,0,1,Bernie,1,3,2,2,2,2,2,2,,30,30,20,20,3,8,3,2,2,,1,3,,4,1,19,0,1,3,2,Sanders,2,1,2
0,55,3.5,2.5,1,1,2,7,6,6.75,6.333333333,5.466666667,2.6,4,1,1,1.25,2.7,60,1.8,1.5,1.5,1,1,,1,3,2,2,2,2,2,2,,35,20,35,10,5,9,4,1,2,,2,3,,5,1,10,0,1,6,6,,2,2,2
68,33,4,4,4,4,4,1.5,3.75,6,1.166666667,3.133333333,4.3,2.2,1,5,1.5,4.6,,2.8,3.75,4,1,1,Sanders,4,3,2,2,2,2,2,2,,20,20,50,10,2,16,5,1,2,,"2,4,6",3,,1,1,19,0,1,2,3,Sanders,2,4,2
63,34,4,3,4,4,3.75,7,6,6.75,6.5,5.533333333,3.3,3.3,1.333333333,0,1.25,2.1,51,2.2,2.5,2.5,1,1,Hilary Clinton,4,5,2,1,2,2,2,,,16,14,40,30,3,12,3,1,2,,1,3,,5,1,17.5,0,1,2,,Clinton,2,4,2
70,35,4,4,4,4,4,7,6.25,6.75,5.333333333,2.333333333,3.1,3.4,1,3,3.75,3.1,,3.2,3,4,,1,Ted Cruz,5,5,2,2,2,2,2,2,,30,30,20,15,5,10,1,1,2,,"3,5,7",3,,5,1,19,0,1,5,5,Cruz,2,7,2
63,35,2.5,4,3,3.5,3.25,5.75,5.75,7,4.333333333,2.2,3.7,2.9,1.666666667,5,1.25,3.9,,3,3,3.5,0,1,Bernie Sanders,3,4,2,2,2,2,2,2,,25,25,40,10,4,9,2,2,2,,"2,4,6",3,,7,1,19,0,1,2,2,Sanders,2,1,2
44,18,4,2.5,4,3.5,3.5,7,6.25,5.5,4.333333333,4.2,3.4,2.6,4.666666667,4,4,3.9,56,3.8,3.5,2.5,,1,bernie sanders,3,4,2,2,2,2,2,2,,40,30,20,20,3,11,4,1,2,,3,3,,1,1,19,0,1,6,5,Sanders,2,7,2
70,41,4,4,4,4,4,5.25,7,7,4.166666667,3.533333333,3.8,3.9,1,6,1,2.5,,3.6,4.25,5,0,1,Bernie Sanders,4,3,2,2,2,2,2,2,,10,30,40,20,4,9,1,1,2,,"2,4",3,,4,1,18,0,1,2,3,Sanders,2,1,2
64,44,4,4,4,3.5,3.875,7,7,7,3.166666667,3.4,3.7,3.4,3,2,1,2.5,,2.8,3.5,3,0,1,Sanders,4,4,2,2,2,2,2,2,,30,30,30,10,5,9,5,1,2,,"2,4,6",3,,7,1,19,0,1,5,5,Sanders,2,1,2
74,40,3.5,2.5,3.5,3,3.125,1.25,7,7,2.666666667,3.533333333,4,3.1,1.333333333,6,1.25,3.2,,3.8,3.75,4,1,1,Bernie Sanders,5,5,2,2,2,2,2,2,,25,30,30,15,5,9,4,2,2,,1,1,1,3,1,16,0,1,2,2,Sanders,2,4,2
52,29,4,4,4,2.5,3.625,6.25,6.25,7,5.166666667,3.6,3.6,3,2.333333333,3,4.25,3,32,3.8,3.75,2,,1,Donald trump,4,4,2,2,2,1,2,,,90,100,100,100,4,13,1,1,2,,"2,4",3,,7,1,18,0,1,4,4,Trump,2,7,2
64,40,3.5,4,4,3.5,3.75,3.25,4,7,1.666666667,2.2,3.3,3.1,4.666666667,4,2.25,3.8,44,3,2.75,3,,1,Garry Johnson,2,2,,,1,,,,,10,20,25,45,3,12,2,1,2,20,"3,5",3,,7,1,20,1,2,4,4,Johnson,2,7,2
66,41,4,3.5,4,4,3.875,7,6.75,7,4.5,4.466666667,3.9,3.4,1,7,1,2.8,42,3.4,2.5,4,0,1,Hillary Clinton,5,4,2,2,2,2,2,2,,25,25,25,25,2,19,1,2,2,30,"3,5,7",3,,2,1,,0,2,1,1,Clinton,2,1,2
77,34,4,3.5,4,4,3.875,7,6.25,7,5.166666667,3.466666667,3,3.1,1,5,1.25,3.2,42,4,3.75,3,0,1,Trump,4,4,2,2,2,2,2,,,25,25,25,25,5,5,3,1,2,18,"2,3,4,5,6,7",3,,5,1,18,1,2,6,6,Trump,2,1,2
76,52,4,3.5,4,4,3.875,7,5.75,7,4,3.933333333,2.6,3.5,1,2,1,3.1,42,2.4,2.5,3.5,1,1,Trump,5,5,2,2,2,2,2,2,,5,30,40,25,2,19,1,1,2,,"2,3,4,5",3,,4,1,9,0,2,6,6,Trump,2,4,2
62,49,3,3.5,3.5,3.5,3.375,7,4.25,6.75,3.5,4.066666667,4,3,3.666666667,0,1,3.3,40,3.8,4.25,3.5,0,1,Donald Trump,5,4,2,2,1,2,2,2,,75,50,40,20,4,12,2,2,2,20,"2,7",3,,2,1,15,1,2,6,6,Trump,1,1,2
36,37,4,3.5,2.5,4,3.5,6,6,6,5.333333333,4,3.3,3.5,1.333333333,6,1.25,3,42,3.2,3.75,3.5,0,1,Hilary Clinton,4,4,2,2,2,2,2,2,,40,20,25,15,4,12,2,1,2,19,"2,4",3,,5,1,,1,2,,2,Clinton,2,1,2
67,32,4,3,4,3,3.5,3.25,4.25,2,3.833333333,2.8,3.4,2.8,4.333333333,2,1.5,2.9,,4.8,5,5,,1,Hillary Clinton,5,5,2,2,2,2,2,,,75,100,100,100,4,10,2,4,1,18,"2,3,6",3,,1,1,18,1,2,1,1,Clinton,2,8,2
75,45,3.5,4,3.5,3,3.5,5.75,2.75,6.25,6,2.333333333,3.7,2.3,1.333333333,5,2.75,3.3,48,4,3.25,4,0,1,trump,5,5,2,2,2,2,2,2,,50,20,20,10,4,10,3,1,2,26,"2,4,6",3,,5,1,2,1,2,4,5,Trump,2,1,2
52,37,4,4,4,4,4,5.75,6,6.5,3.666666667,3.266666667,4.1,2.6,3.333333333,2,1.75,4.1,42,3,4.25,4.5,0,1,Hillary Clinton,4,4,2,2,2,2,2,2,,25,0,50,25,4,12,2,1,2,20,1,3,,2,1,20,1,2,3,3,Clinton,2,1,2
68,24,4,4,4,4,4,6.75,6.75,6.25,5.5,4,3.5,3.2,2.333333333,5,4.25,3.9,34,4.2,4.75,3,1,1,Hillary Clintion,5,3,2,2,2,2,2,,,80,100,100,70,5,9,5,1,2,19,5,3,,1,1,19,1,2,2,1,Clinton,2,3,2
77,51,4,3.5,3.5,3.5,3.625,5.5,3.75,6.5,6.166666667,4,4.3,2.8,1,6,2.75,3.5,50,3.4,3.25,5,0,1,trump,5,5,2,2,2,2,2,2,,50,20,20,10,4,10,3,1,2,26,"2,4,6",3,,5,1,2,1,2,5,5,Trump,2,1,2
66,43,3.5,4,4,4,3.875,3.5,1.75,1.75,2.833333333,4.2,2.8,3.4,2.333333333,7,5.25,3.3,29,2.8,2.75,3,0,1,Gary Johnson only because I did not want to vote for either the republican nor the democrat.,5,5,2,2,2,2,2,1,Depression,20,20,25,25,4,10,4,1,1,20,"2,4,6",3,,4,1,20,1,2,5,3,Johnson,2,1,2
63,50,4,3,4,3.5,3.625,5.75,5.5,6.75,5.166666667,4.8,4,3.3,1.666666667,3,1.5,2.4,,2.8,3,3.5,0,1,Trump,1,4,2,2,2,2,2,2,,30,10,50,10,4,14,2,1,1,28,"4,5,6",3,,5,1,28,1,2,3,5,Trump,2,1,2
72,41,4,3.5,3.5,3.5,3.625,5.75,5,3,4.833333333,3.4,3.1,3.6,1,5,2.5,2.8,,3.6,3.25,3,0,1,neither.,4,5,2,2,2,2,2,2,,30,30,25,15,4,8,2,1,2,19,2,3,,3,1,19,1,2,,6,neither,2,1,2
56,41,3.5,1.5,3.5,2.5,2.75,5.5,5.25,7,5.333333333,4.133333333,2.4,2.9,1,0,1.25,3.2,42,2.6,2,2,1,1,None,5,4,2,2,2,2,2,2,,0,0,50,50,4,8,4,1,1,23,4,3,,3,1,15,1,2,6,,neither,2,3,2
74,36,3,3.5,2.5,2.5,2.875,1.5,2.25,1.25,2.833333333,3.666666667,3,2.8,1.666666667,9,1.666666667,3.2,42,2,1.5,5,0,1,Hillary Clinton,,3,2,2,2,2,2,2,,50,10,30,10,5,12,4,1,1,24,"4,5",3,,2,1,24,1,2,4,4,Clinton,2,1,2
28,38,4,4,3.5,3.5,3.75,7,7,7,6,4.466666667,3.3,3,1,4,1,1.8,,3,3.5,3,0,1,Hilary,5,5,2,2,2,2,2,2,,30,30,20,20,5,8,2,1,2,21,"2,3,4,5,6",3,,7,1,21,1,2,4,3,Clinton,2,1,2
66,46,2,2,2.5,2,2.125,2.5,3.5,1.75,2.5,4.666666667,1.7,3.1,1,1,2,4.4,19,1.6,1,2,0,1,Donald Trump,5,5,2,2,2,2,1,,,10,40,30,20,3,12,5,1,2,56,"2,3,4,5,6,7",3,,2,1,56,0,2,6,1,Trump,1,1,2
72,40,4,4,4,3.5,3.875,6.5,6.75,4.75,4.833333333,5.4,2.5,3.5,1,6,1.75,3,43,4,3.75,2.5,0,1,Hilary Clinton,4,4,2,2,2,2,2,2,,30,30,20,20,4,9,3,2,2,19,4,3,,1,1,18,1,2,2,2,Clinton,2,1,2
66,45,4,2,3.5,4,3.375,3.5,3.75,7,5.166666667,5.533333333,2,3.7,1,2,1.25,2.6,,2.8,4.75,5,0,1,Bernie Sanders,1,4,2,2,2,2,2,2,,25,35,10,30,3,11,1,1,2,20,"2,4,6",3,,1,1,20,1,2,2,3,Sanders,2,1,2
62,42,3.5,3.5,3,3.5,3.375,5.25,3.5,3.25,2.833333333,3.533333333,3.5,3.7,1,3,1.25,2.9,34,3.4,2.5,4,0,1,Hilary Clinton,4,5,2,2,2,2,2,2,,25,40,25,10,4,9,1,2,2,19,"2,3,4,6,7",3,,4,1,19,1,2,4,3,Clinton,2,1,2
43,32,4,2.5,4,3.5,3.5,6.5,6.75,6,5.5,4.333333333,3.5,3.2,3,1,1,2,42,3,3,2.5,0,1,Hillary Clinton,1,2,2,2,2,2,2,2,,0,50,20,30,1,17,2,1,1,21,"2,3,4,5,6",3,,4,1,21,1,2,3,3,Clinton,2,1,2
43,31,4,4,4,4,4,3.25,6.75,4.5,1,3.466666667,2.8,2.8,1,7,3.25,3.6,24,3,4.25,3,0,1,Hillary Clinton,2,3,2,2,2,2,2,2,,40,15,25,20,4,26,4,1,3,18,3,3,,4,1,19,1,2,2,4,Clinton,2,1,2
52,29,4,4,3.5,3.5,3.75,4.75,5.25,6.5,3.166666667,4.2,2.6,2.5,1.333333333,1,1.25,3.3,,4.4,3.5,4,1,1,Bernie Sanders,5,4,2,2,2,2,2,2,,25,25,25,25,5,12,2,1,2,19,"2,3,4,5,6",3,,3,1,16,1,2,2,1,Sanders,2,3,2
58,32,3,3.5,3.5,3.5,3.375,6,7,7,3.333333333,3.8,2.1,3.4,1.666666667,1,2.25,3.5,,3,1.75,1.5,,1,Hillary Clinton,4,4,2,2,2,2,2,2,,0,0,50,50,2,9,2,2,2,18,"2,6",3,,4,1,18,1,2,2,2,Clinton,2,7,2
67,52,4,3,4,2,3.25,7,7,7,7,4.533333333,2.7,3.9,1,5,1.5,2.1,,3,1.5,5,0,1,Trump,4,5,2,2,2,2,2,2,,35,25,35,5,5,9,3,2,2,24,"2,3,4,5,6",3,,3,1,24,1,2,6,5,Trump,2,1,2
74,43,3,4,2.5,1,2.625,3.75,2.75,6,2.666666667,4.666666667,3,3.2,1,1,1.25,3.5,,1,1,1,0,1,no,5,4,2,2,2,2,2,2,,25,25,25,25,5,14,5,1,2,41,"2,3,4,5,6,7",3,,1,1,41,0,2,,,neither,2,1,2
44,35,4,3.5,3.5,3.5,3.625,3.75,2.75,1,3.666666667,3.133333333,3.3,2.7,2.666666667,1,2.25,3.4,,2.6,2.5,2,1,1,Hillary Clinton,3,3,2,2,2,2,2,2,,25,25,30,20,3,9,1,1,2,18,"4,5",3,,3,1,18,1,2,4,3,Clinton,2,3,2
78,38,4,3.5,4,4,3.875,7,7,7,6.5,5.066666667,2.7,3.8,1,4,1.25,1.7,42,2.2,2,2,0,1,Donald Trump,5,5,2,2,2,2,2,,,30,40,20,10,5,9,2,1,1,18,"2,4,6",3,,1,1,18,1,2,6,6,Trump,2,1,2
76,49,4,3.5,4,3,3.625,5.5,5.5,7,6,4.6,2.1,3.9,2.333333333,1,1.75,2.6,48,3.4,3,4,0,1,,5,5,2,2,2,2,2,1,Chronic pain,100,100,100,100,3,26,2,2,2,37,1,3,,4,1,37,0,2,4,,na,2,1,2
70,47,3,4,3.5,1.5,3,4.75,3.25,6.5,3.333333333,3.866666667,4.3,3.2,3.666666667,7,2,3.1,44,2,2.25,2.5,0,1,Gary Johnson,4,4,1,2,2,1,2,,,22,48,15,15,5,10,1,2,1,35,"2,3,6,7",1,4,5,1,35,0,2,4,5,Johnson,1,1,2
58,37,3,4,3.5,3,3.375,5.75,6,4,5,4.066666667,3.9,2.9,2.333333333,5,1.75,2.4,42,2.4,2,1,0,1,,2,3,2,2,2,2,2,2,,10,10,35,45,3,9,2,4,1,19,"2,3,4,5",3,,2,1,19,1,2,,,,2,1,2
66,38,4,4,4,4,4,6.75,7,5,5,4.8,3.6,3.5,3.333333333,5,1,1.8,34,4.6,1.75,3,0,1,Donald J. Trump,4,4,2,2,2,2,2,2,,,0,50,50,5,8,4,1,2,18,"2,3,4,5",3,,2,1,14,1,2,6,5,Trump,2,1,2
68,43,4,3.5,4,3,3.625,2.25,6.25,7,5.333333333,3.733333333,3.3,3.3,2,2,1.75,2.2,43,4,3.5,3,0,1,Hillary Clinton,4,3,2,2,2,2,2,2,,20,0,60,20,4,6,2,1,2,19,3,1,1,3,1,19,1,2,2,2,Clinton,2,1,2
79,44,3,3,3.5,3.5,3.25,6,5,4.5,3.5,3.933333333,2.9,2.9,4.666666667,1,4.25,3.1,42,3.2,2.75,3,0,1,Hillary,5,5,2,2,2,2,2,2,,40,40,10,10,4,10,3,1,2,27,"2,4,6",3,,2,1,27,1,2,4,3,Clinton,2,1,2
64,34,3,4,3,3,3.25,6,4.5,3.75,3,2.666666667,3.5,2.8,4.333333333,4,2.75,3.6,36,2.8,2.25,2.5,0,1,Neither,2,4,2,1,2,2,2,,,50,15,10,25,4,12,4,1,1,27,"3,7",3,,4,1,27,1,2,,,neither,2,1,2
70,0,3.5,3.5,4,3,3.5,3.75,4.75,4,2.166666667,3.533333333,2.4,2.7,2,1,1.25,3.1,43,3.2,3,4,1,1,Hilary,2,3,2,2,2,2,2,,,10,30,40,20,3,9,2,1,2,19,2,3,,1,1,3,1,2,,5,Clinton,2,4,2
72,46,4,2.5,3.5,3.5,3.375,4.5,6.5,7,5.833333333,3.666666667,2.9,3.5,4,3,2.5,3.3,,3.4,3.25,4,0,1,Clinton,4,5,2,2,2,2,2,,,25,15,50,10,3,8,1,2,2,19,2,3,,1,1,19,1,2,2,3,Clinton,2,1,2
76,50,4,4,4,3.5,3.875,6.25,5.5,7,4.833333333,3.133333333,4.7,4,1,2,5.5,3.1,,3.6,2,3,0,1,trump,5,4,2,2,2,2,2,2,,35,60,5,0,5,4,4,2,2,19,"2,3,6,7",3,,3,1,19,1,2,6,6,Trump,2,1,2
58,46,3.5,3,4,1,2.875,6.5,6.25,6.25,5,4.6,3,3.1,1,5,2.5,2.5,,3,3,3,0,1,Clinton,2,4,2,2,2,2,2,2,,25,25,35,15,3,12,1,1,2,41,"2,3,4,5",3,,5,1,41,0,2,2,2,Clinton,2,1,2
47,35,4,4,3.5,2.5,3.5,3.5,5.25,6,3.666666667,3.6,2.4,3.1,4.333333333,6,2,3.4,50,2.6,3.25,4,0,1,Donald Trump,5,5,2,2,2,1,2,2,,30,30,20,20,5,9,2,2,2,18,"2,3,6,7",3,,7,1,18,1,2,4,5,Trump,2,1,2
57,37,4,4,4,4,4,6.25,5.5,5.75,4,2.8,3.7,2.9,3.666666667,1,1.5,3.7,42,3.8,3.75,4.5,0,1,Hillary Clinton,4,4,2,2,2,2,2,2,,20,0,50,30,4,12,2,1,2,20,1,3,,2,1,20,1,2,3,3,Clinton,2,1,2
77,51,4,3,4,3.5,3.625,7,7,7,5.5,4.8,2.4,3.9,2.666666667,8,1.25,2.5,,4.4,3.5,5,0,1,Donald Trump,5,5,2,2,2,2,2,2,,40,20,30,10,4,10,1,1,2,20,"2,3,4,5,6,7",3,,2,1,20,1,2,5,4,Trump,2,1,2
72,35,4,4,4,3.5,3.875,5,2.5,7,1.833333333,5.133333333,4.2,3,1,4,4.75,4.6,24,3,3.75,4,0,1,Donald Trump,4,5,2,2,2,1,2,2,,30,30,30,10,4,9,3,1,2,20,"2,3,4,5,7",3,,5,1,20,1,2,6,5,Trump,2,1,2
65,32,3,3,3,3,3,4.5,3.5,4,3.333333333,3.733333333,2.9,2.7,1.333333333,5,4,3.3,,2.2,3.25,2.5,0,1,Donald Trump,5,5,2,2,2,2,2,,,45,15,20,20,2,11,1,1,2,21,2,3,,2,1,21,1,2,7,4,Trump,2,1,2
63,48,3,4,3.5,3.5,3.5,3.25,4,6.5,4.166666667,4.8,2.4,3.7,1,4,1.5,2.6,,3,2,4,1,1,Bernie Sanders,2,4,2,2,2,2,2,2,,5,35,50,10,2,14,1,1,2,20,"2,3",3,,3,1,19,1,2,4,3,Sanders,2,3,2
72,44,4,4,4,3.5,3.875,7,6.5,7,4.333333333,4.4,3.5,3.6,3.333333333,5,4.75,3.4,42,2.8,4.5,3.5,0,1,Clinton,3,3,2,2,2,2,2,2,,30,0,30,40,4,14,1,2,1,28,"3,5,7",3,,3,1,28,1,2,1,2,Clinton,2,1,2
49,36,3.5,3.5,3,4,3.5,7,6.5,6.75,4.666666667,3.266666667,3.5,3.2,1,1,1.25,3.3,,2.6,2.25,3,0,1,Donald Trump,3,3,2,2,2,2,2,2,,30,40,20,10,5,8,1,2,2,19,"2,4,6",3,,1,1,19,1,2,,,Trump,2,1,2
49,35,4,4,4,4,4,3.25,6.25,6,4,3.333333333,3.2,1.2,2.333333333,3,2.5,3.9,,1.6,2.25,3,1,1,Hilary Clinton,3,3,2,2,2,2,2,2,,25,35,30,10,3,10,2,4,2,18,2,3,,1,1,18,1,2,,6,Clinton,2,3,2
51,47,4,4,2.5,2.5,3.25,6.25,7,7,5.5,4.466666667,4.1,3.7,1,6,5,2.6,42,3.6,3,2.5,0,1,Bernie Sanders,2,2,2,2,2,2,2,2,,25,25,25,25,5,7,2,2,2,26,"3,7",3,,5,1,18,1,2,3,4,Sanders,2,1,2
76,41,4,4,4,4,4,1,6.25,7,4,2.333333333,1.8,3.6,3.666666667,7,1.75,3.8,42,2,5,3,1,1,Neither,5,5,2,2,2,2,2,,,35,10,35,20,5,8,3,1,2,20,"2,3,4,5,7",3,,2,1,,1,2,4,4,neither,2,3,2
53,31,4,3,4,3.5,3.625,6,5.25,1.5,3.166666667,3.8,2,3.2,3,5,1.25,2.1,42,3,2.5,3,0,1,none,4,5,2,2,2,2,2,2,,25,0,50,25,4,14,2,4,2,29,"2,3,7",3,,2,1,29,1,2,,,neither,2,1,2
70,35,3.5,3,4,3.5,3.5,3,3.5,2.25,4.666666667,4.266666667,3.2,2.1,4,8,3.25,3.3,42,2.8,3.5,3,0,1,trump,2,4,2,2,2,2,2,2,,40,30,20,10,5,6,5,1,1,20,"2,3",3,,4,1,12,1,2,5,6,Trump,2,1,2
80,40,4,4,4,4,4,6,6,6,6,4,3.4,3,1,6,1.5,3,,4,4,4,,1,Neither,4,4,2,2,2,2,2,2,,25,25,20,30,3,9,5,1,2,19,"3,5,7",3,,1,1,19,1,2,2,3,neither,2,7,2
69,41,4,3,4,4,3.75,7,6.5,6.75,5.833333333,3.4,3.1,3.7,3.666666667,5,2.5,3.2,,3.2,3.75,3.5,1,1,,5,5,2,2,2,2,2,2,,20,20,40,20,4,9,3,1,2,18,4,3,,1,1,18,1,2,4,3,,2,3,2
71,36,3.5,4,4,3.5,3.75,6.75,5,5.75,3.333333333,4.4,3.1,3.1,4,10,2.25,3.9,,2.6,4.5,4.5,1,1,none,5,5,2,2,2,2,2,2,,5,5,70,20,3,14,4,1,1,23,"3,5",3,,2,1,4,1,2,2,2,neither,2,6,2
71,36,4,3,3.5,3,3.375,6,6.25,6,4.5,3.866666667,3,3,2.333333333,1,2.25,2.2,,2.4,3,3,1,1,Hillary Clinton,3,3,2,2,2,2,2,2,,75,5,10,10,2,26,2,1,2,20,"2,4,6",3,,1,1,19,1,2,2,2,Clinton,2,4,2
70,50,3,3.5,4,3.5,3.5,5.5,6,7,6.5,4.066666667,2.4,3.7,1,4,1.5,2.3,,2.4,1.5,1.5,0,1,neither,4,4,2,2,2,2,2,2,,30,30,30,10,5,9,1,4,1,25,"2,3,6,7",3,,5,1,25,1,2,4,3,neither,2,1,2
77,38,4,4,4,4,4,7,7,7,6.333333333,2.333333333,3.2,4,1,9,4.75,2.7,51,4.6,5,4.5,0,1,None,1,1,1,2,2,2,2,1,Autonomic disorder,30,30,30,10,5,10,1,2,2,18,2,3,,2,1,18,1,2,,,neither,1,1,2
73,34,4,4,4,3.5,3.875,6.25,6.5,5.75,2.666666667,3,3.9,3.2,1.666666667,10,1.5,3.6,,2,3,3,0,1,Trump,4,4,2,2,2,2,2,2,,20,10,30,40,4,12,2,2,1,19,"2,3,6",3,,7,1,19,1,2,6,5,Trump,2,1,2
64,44,4,4,3,4,3.75,2,6,7,2.5,3.133333333,4,3.1,3.666666667,3,2.75,3.2,30,2.8,3.75,1.5,,1,Clinton,4,4,2,2,1,1,1,,,35,8,22,35,4,10,2,2,1,19,"2,4,6",3,,1,1,19,1,2,3,3,Clinton,2,7,2
66,36,3.5,3.5,3,3.5,3.375,5,6.25,4,4.833333333,3.333333333,3.9,3.1,2,1,2,3,42,3.6,2.5,3,0,1,Donald Trump,4,4,2,2,2,2,2,2,,30,30,30,10,4,11,2,1,2,19,"3,5",3,,1,1,19,1,2,5,5,Trump,2,1,2
75,44,4,2.5,4,4,3.625,7,1.5,7,6.333333333,5.866666667,3.4,2.8,1,1,4,1.3,,3.2,3.25,1,0,1,Donald Trump,1,4,2,2,2,2,2,2,,40,50,0,10,4,4,4,1,2,19,"2,3,4,5,7",3,,1,1,19,1,2,6,7,Trump,2,1,2
65,41,4,4,3.5,4,3.875,5.5,4.75,2,4,5.6,3.7,4,1,4,5.5,3.3,42,1.8,3,3.5,0,1,Gary Johnson,4,3,2,2,2,2,2,2,,30,20,20,30,5,10,1,2,1,19,"2,3,6,7",3,,3,1,19,1,2,3,2,Johnson,2,1,2
73,34,2.5,3.5,3,4,3.25,6.5,2,6.75,3.5,4.066666667,3.1,3.2,1.333333333,10,1.75,2.7,,1.4,2.25,3,1,1,neither,5,4,2,2,2,2,2,2,,11,40,39,10,5,10,2,1,2,19,"2,3,4,5,6,7",3,,7,1,18,1,2,4,4,neither,2,2,2
49,26,3.5,3.5,4,2.5,3.375,6,7,7,3.166666667,5.466666667,3,3.5,1.333333333,7,2.25,2.8,,2.8,3.5,5,1,1,HIllary Clinton,5,5,2,2,2,2,2,2,,0,0,50,50,1,26,1,4,1,40,"2,3,4,5",3,,5,1,40,0,2,2,3,Clinton,2,3,2
65,32,3.5,3.5,3,2.5,3.125,6,4.25,7,3.333333333,3.2,3.6,2.5,2.333333333,6,1.75,3.6,42,4.6,3.5,3,0,1,Donald Trump,3,3,2,2,2,2,2,2,,30,30,20,20,2,14,1,2,2,27,3,3,,8,1,27,1,2,6,6,Trump,2,1,2
72,9,4,4,4,4,4,7,7,7,7,3.2,2.6,4,1,5,6,3,,3.8,2.75,4,1,1,Bernie Sanders,5,5,2,2,2,2,2,2,,10,10,70,10,5,12,5,1,2,19,"3,5,7",3,,1,1,19,1,2,,3,Sanders,2,5,2
67,37,3.5,4,4,4,3.875,2.25,5,6.25,2.333333333,2.866666667,2.5,3.3,2.666666667,4,2.25,3.1,42,1.8,2.25,4,1,1,Bernie Sanders / Hilary Clinton,3,3,2,1,2,2,,2,,10,10,50,30,2,17,1,2,2,19,2,3,,2,1,19,1,2,,1,Sanders-Clinton,2,2,2
74,34,4,4,3.5,4,3.875,5.5,5,4.25,2,3,3.8,2.6,4.666666667,8,3.75,4.1,,2.8,2.5,4,1,1,Hilary Clinton,5,5,2,2,2,2,2,2,,25,25,50,25,3,9,2,1,2,19,"4,5",3,,4,1,19,1,2,3,3,Clinton,2,3,2
65,36,3.5,4,3.5,3,3.5,4.75,6.25,4.25,4.5,2.533333333,3.9,2.9,4,1,2,3.3,,3.6,4,4,0,1,Donald Trump,4,4,2,2,2,2,2,2,,30,20,30,20,4,10,2,1,2,19,"2,3,4,5,6,7",3,,7,1,19,1,2,5,5,Trump,2,1,2
56,45,3.5,4,4,3,3.625,7,7,7,4.166666667,3.466666667,3.8,2.9,4,5,1.75,3.1,,2.2,2.25,2,,1,,4,4,2,2,2,2,2,2,,10,10,40,40,2,13,2,1,2,26,"2,3,5,6,7",3,,3,1,26,1,2,5,5,,2,7,2
66,32,4,4,4,4,4,7,7,7,3.5,3.2,4.1,3,1.666666667,4,4.5,4.4,37,3.2,4.25,4,0,1,Clinton,3,3,2,2,2,1,2,2,,0,0,50,50,5,7,2,2,2,19,"2,4,6",3,,1,1,19,1,2,2,3,Clinton,2,1,2
77,38,3.5,3,2.5,3,3,7,6,6.5,5,3.466666667,2.7,2.9,1,2,1.25,2.5,,2,1.5,2,0,1,Hillary Clinton,4,5,,,,,,,,27.5,27.5,25,20,3,9,4,1,1,20,"2,4",3,,6,1,20,1,2,2,2,Clinton,2,1,2
76,38,3.5,4,4,4,3.875,2.5,7,7,2.5,1.866666667,4.2,3.3,1,2,2,3,,2.8,2,1.5,1,1,"Bernie Sanders, then shifted to Hilary Clinton",3,3,2,2,2,2,2,2,,80,100,100,100,4,9,3,4,2,18,"2,3,4,5",3,,3,1,18,1,2,,2,Sanders-Clinton,2,3,2
67,33,3.5,3.5,3.5,4,3.625,6.75,3.5,1,3.5,4.8,4.2,3.1,1,7,1.25,3.6,45,4.2,4,5,0,1,Bernie Sanders,3,3,2,2,2,1,2,2,,40,40,17,3,4,13,2,1,2,21,"3,5",3,,5,1,21,1,2,2,3,Sanders,2,1,2
54,28,4,4,4,4,4,3.75,2.75,3,1,1.133333333,3.8,2.6,1,0,4,4.4,28,3.4,3.5,3,0,1,Bernie Sanders/ Hillary Clinton,2,1,2,2,2,1,2,2,,0,0,70,30,1,14,1,2,2,21,3,3,,4,1,21,1,2,1,1,Sanders-Clinton,2,1,2
77,38,3.5,3.5,3.5,3.5,3.5,6.75,5.25,7,6.166666667,3.4,2.8,3.5,2.666666667,3,1.75,3.3,,2.2,1.5,2,,1,"none, i didn't vote",5,5,2,2,2,2,2,2,,35,35,20,10,5,9,3,1,2,18,"2,4",3,,4,1,6,1,2,4,4,notvote,2,7,2
65,51,3,4,1.5,1,2.375,1.75,5,4.5,4,4.266666667,2.4,3.1,1,1,1.25,2.4,42,2.2,1,2,0,1,Hilary Clinton,2,2,2,2,2,2,2,2,,5,5,50,40,1,11,1,2,2,38,"2,3,5,6,7",3,,4,1,38,0,2,2,2,Clinton,2,1,2
66,38,4,4,3.5,3.5,3.75,7,5.75,7,2.666666667,3.4,4,2.6,3.333333333,5,2.75,3.4,34,5,5,5,,1,did not vote,2,2,2,2,2,2,1,,,5,20,50,25,3,12,1,1,2,25,"4,5,6,7",3,,6,1,25,1,2,,,didnotvote,2,7,2
74,39,4,4,4,4,4,6.5,5.5,6.5,4.333333333,3.933333333,3.4,3,2.666666667,4,2.75,3.7,34,3.8,3.75,3.5,1,1,trump,4,4,2,2,2,2,2,2,,30,35,30,5,5,9,2,1,2,18,1,3,,4,1,18,1,2,4,5,Trump,2,6,2
70,35,3.5,3.5,3.5,4,3.625,5.25,2,6.5,4,3,3.7,3.1,4.666666667,10,2.5,4.6,34,3.6,4.25,4,1,1,Donald Trump,5,4,2,2,2,2,2,2,,30,30,30,10,4,11,2,2,2,18,"2,3,4,5",3,,4,1,18,1,2,6,7,Trump,2,3,2
75,36,4,4,4,4,4,5,1.5,7,3.666666667,2.666666667,4.3,3.2,5,9,3,4.7,33,3.4,5,3,1,1,Donald Trump,5,4,2,2,2,2,2,2,,30,30,30,10,4,11,2,2,2,18,"2,3",3,,4,1,18,1,2,6,7,Trump,2,3,2
3,48,4,4,4,3.5,3.875,6.75,5.25,7,4.333333333,4.333333333,3.6,3.4,3,6,2.5,3.7,34,2.6,3.75,3,1,1,Hillary Clinton,5,5,2,2,2,2,2,2,,50,30,15,5,5,10,4,2,2,37,"2,3,4,5,6,7",3,,6,1,5,0,2,3,2,Clinton,2,4,2
60,42,3,4,3.5,3.5,3.5,3,4,3.25,1.833333333,3.266666667,2.6,2.7,1,5,2,4.1,19,3.6,3,3.5,1,1,clinton,2,4,2,2,2,1,2,,,80,80,100,50,5,9,1,2,1,19,"2,3,6,7",3,,3,1,19,1,2,2,2,Clinton,2,3,2
76,36,2.5,3,3,2.5,2.75,2.5,4.75,4,4.666666667,5.466666667,2,3.6,2,2,1.75,2.5,42,3,3.25,3.5,1,1,,5,5,2,2,2,2,2,2,,25,25,40,10,5,11,5,1,1,25,"3,4,5,6,7",3,,3,1,12,1,2,4,2,,2,2,2
73,42,3,3,4,4,3.5,6.75,6,6.5,6.333333333,4.933333333,2.7,3.5,1,7,2.5,3,,3,3.25,4.5,1,1,Jill Stien,2,4,2,2,2,2,2,2,,15,50,15,20,4,8,1,1,2,18,"2,3",3,,4,1,18,1,2,1,3,Stein,2,2,2
66,31,3.5,3,3.5,3.5,3.375,4.5,4.5,5,2.833333333,3.333333333,3,3.2,1,2,1.25,2.3,,3,3.5,4,,1,Bernie Sanders,1,3,2,2,2,2,2,2,,90,100,80,100,4,12,2,1,2,18,"3,5",3,,6,1,17,1,2,2,2,Sanders,2,7,2
61,43,4,4,3.5,4,3.875,1,4,7,3.333333333,3,2.2,2.9,2,8,2,3.7,31,3.4,2.5,4,1,1,"Jill Stein and previously, Bernie Sanders",4,4,2,2,2,1,2,2,,0,40,30,30,1,25,1,4,2,21,"2,3,6,7",3,,4,1,21,1,2,3,3,Sanders-Stein,2,3,2
61,20,4,4,4,3.5,3.875,6.25,5.25,7,1.333333333,5.666666667,4.1,2.5,2,6,1.25,4.8,,4.4,1.75,1.5,1,1,,5,5,2,2,1,2,2,2,,20,5,50,25,5,11,5,3,2,21,"2,3",3,,2,1,9,1,2,,5,,1,4,2
75,40,4,3,4,4,3.75,6.75,7,6,5.333333333,4.4,3.3,3.4,1,2,1.5,3.5,,3.8,2.5,2.5,0,1,Donald Trump,5,5,2,2,2,2,2,2,,30,30,30,10,5,12,2,1,2,18,"2,3,4,5,7",3,,5,1,18,1,2,,6,Trump,2,1,2
75,48,3,3,3,3,3,6,6,6,6,4,3.2,3,1,5,1.5,3,,4,4,4,,1,Neither,3,3,2,2,2,2,2,2,,26,26,20,27,3,9,4,1,2,19,"3,5,7",3,,1,1,19,1,2,2,3,neither,2,7,2
70,42,3.5,4,4,3.5,3.75,3.75,5,7,5,4.8,2.3,3,3,2,1,3.1,34,3.4,4,4,0,1,Gary Johnson,4,5,2,2,2,2,2,2,,30,20,40,10,5,6,4,2,2,20,2,3,,1,1,20,1,2,4,5,Johnson,2,1,2
65,38,3.5,3.5,2.5,3,3.125,4.25,5,6,4.333333333,3.2,2.8,2.7,1,4,1.25,3.5,,2.4,2,1,1,1,No comment,4,3,2,2,2,2,2,2,,30,20,30,20,3,26,3,1,2,19,"2,3,4,5,6,7",3,,1,1,19,1,2,4,,na,2,3,2
62,46,3.5,3.5,2.5,2.5,3,4,4.25,6.75,3,5,3.4,3.8,1,3,1.25,3.5,42,2.2,2,3,0,1,Donald Trump,5,4,2,2,2,2,2,2,,30,30,30,10,3,11,2,1,1,47,"2,3,4,5,6",1,11,5,1,43,0,2,7,6,Trump,2,1,2
70,54,4,3,4,2,3.25,4.5,4,2,4.833333333,5.666666667,2.8,3.7,1.333333333,7,1,2.3,,2.6,2.25,3,0,1,Trump,5,5,2,2,2,2,2,,,100,40,80,100,4,3,2,1,2,47,"2,3,4,5,6,7",3,,4,1,47,0,2,4,2,Trump,2,1,2
80,60,3.5,3,4,4,3.625,4.75,5.75,6,5.166666667,3.2,3.4,3.2,4.666666667,1,3.25,3.2,34,3.4,3.75,3,0,1,Clinton,3,4,2,2,2,2,2,,,25,25,25,25,2,9,3,2,2,19,1,3,,2,1,19,1,2,3,3,Clinton,2,1,2
75,38,4,2,4,3,3.25,7,7,7,6.666666667,5.533333333,3.3,3.9,1.666666667,2,1,2.3,,4.2,2,3.5,0,1,Donald Trump,5,5,2,2,2,2,2,,,40,20,20,20,4,9,2,1,2,20,1,3,,6,1,20,1,2,6,6,Trump,2,1,2
78,42,4,4,4,3.5,3.875,7,7,7,3.5,3.866666667,3.8,3.8,1,7,3.75,2.6,42,4,4.5,2,0,1,Hilary Clinton,3,3,2,2,2,2,2,2,,40,0,30,30,4,14,1,2,1,28,"3,5,7",3,,3,1,28,1,2,2,1,Clinton,2,1,2
71,38,4,3.5,3.5,3.5,3.625,2.5,2.75,1.75,3,2.6,1.5,3.8,3,6,2.75,2.2,,1.2,1,1.5,0,1,Trump,5,5,2,2,2,2,2,2,,35,35,20,10,1,13,1,2,2,18,"2,3,4,5,6,7",3,,2,1,18,1,2,4,6,Trump,2,1,2
69,29,4,2.5,3.5,4,3.5,4.75,5.25,4.5,3,2.6,3.1,2.2,4.666666667,3,3.5,3.3,,3.8,4.25,3,1,1,Hillary Clinton,4,3,2,2,2,2,2,2,,15,30,35,20,3,12,2,2,2,21,"2,4,6",3,,2,1,21,1,2,2,2,Clinton,2,3,2
57,31,4,3.5,4,3.5,3.75,5.25,6.5,7,2.833333333,3.066666667,1.7,3.2,5,10,1.75,3.4,24,2.8,3,3,1,1,Nobody,4,4,1,2,2,2,2,,,70,20,10,0,4,12,3,2,1,22,2,3,,1,1,19,1,2,,,neither,2,7,2
69,39,3.5,4,3,3,3.375,4.75,4,4.25,3.333333333,3.333333333,3.3,3,4.333333333,7,6.75,4.3,42,3.8,2.25,3,1,1,None,4,5,2,2,2,2,2,2,,30,20,40,10,5,11,2,1,2,19,4,3,,4,1,12,1,2,4,3,neither,2,3,2
66,36,3.5,4,3.5,4,3.75,4.25,3.5,5,2.5,3.133333333,3.4,3,2.666666667,4,3.5,3,42,2.2,2,3,,1,Trump,4,3,2,2,2,1,2,2,,20,20,30,30,3,17,3,2,2,21,"3,7",3,,3,1,21,1,2,4,4,Trump,2,7,2
49,37,3.5,4,3.5,4,3.75,2.5,5.75,1,2,3.466666667,3.8,2.3,2,3,2.25,2.6,,1,1.75,1,0,1,"Hilary Clinton, but in all honesty they were both terrible, Trump was just worse.",1,4,2,2,2,2,2,1,"I've had an ear infection for five months, and sometimes I can't hear out of that ear. It's caused some difficulties in everyday life, but it's temporary so I wouldn't necessarily classify it in the same categories as other true disabilities",10,30,45,15,3,14,2,1,2,24,"2,4,6",3,,1,1,24,1,2,2,3,Clinton,2,1,2
57,41,3,3,3,3,3,5.75,4.75,2.25,3.666666667,3.2,2.8,4,4,6,4,2.6,42,3,3,4,1,1,clinton,4,4,2,2,2,2,2,2,,25,25,100,25,2,11,5,2,1,22,"2,3",3,,3,1,14,1,2,3,2,Clinton,2,3,2
68,36,3.5,3,3.5,4,3.5,6,6.75,7,3.166666667,3.8,2.7,3.3,1,0,2,2.9,,3,2.5,2,,1,clinton,4,3,2,2,2,2,2,2,,0,0,60,40,2,9,2,2,2,18,"2,6",3,,7,1,18,1,2,2,2,Clinton,2,7,2
43,39,4,3.5,3.5,4,3.75,1,1.75,2,2,2.533333333,2.4,3.2,3.666666667,5,3.25,4.2,34,2.2,2.5,2.5,0,1,Trump,2,2,2,2,2,2,2,2,,5,5,45,45,4,9,3,2,2,19,3,3,,1,1,19,1,2,4,5,Trump,2,1,2
56,34,3.5,3.5,3.5,3,3.375,5.5,3.5,6.5,5.5,3.133333333,3.6,2.6,4,4,1.5,3.3,,3,3.5,3,0,1,Hillary Clinton,3,3,2,2,2,2,2,2,,20,0,65,15,3,8,3,1,2,18,"3,7",3,,1,1,18,1,2,,3,Clinton,2,1,2
78,42,4,3.5,4,3.5,3.75,6.75,7,7,5.5,3.8,2.5,3.4,1,5,1.5,2.7,,3.4,2.25,5,1,1,Hillary Clinton,5,5,2,2,2,2,2,2,,35,35,15,15,4,11,2,1,2,25,"2,3,4,5",3,,2,1,25,1,2,4,1,Clinton,2,3,2
70,37,4,4,4,4,4,7,4.5,7,3.166666667,3.333333333,4,2.6,2,3,5.25,3.7,,2.8,4.25,4.5,,1,Neither,5,4,2,2,2,2,2,2,,25,19,40,16,5,12,2,1,1,18,"2,4,6",3,,1,1,18,1,2,,6,neither,2,7,2
77,38,3.5,3.5,4,4,3.75,7,7,7,4.166666667,5.266666667,2.7,3.1,4,5,1.75,2.6,34,3.8,4.25,3,,1,,5,5,2,2,2,2,2,2,,25,25,25,25,5,8,3,2,1,21,"2,3,4,5,6,7",3,,7,1,21,1,2,6,5,,2,7,2
73,35,4,4,4,4,4,6.25,6,4.5,3.833333333,3.333333333,3.4,3.1,2,4,2.5,3.9,,5,3.75,4.5,1,1,Hilary Clinton,3,3,2,2,2,2,2,2,,25,15,50,10,5,9,2,3,2,19,"2,3,4,5,7",3,,5,1,19,1,2,3,3,Clinton,2,3,2
43,37,4,2,3.5,3,3.125,5.25,6.25,6.25,6,4.4,2,3.8,2,6,1.75,1.5,,2.6,2.25,2,0,1,trump,4,4,2,2,2,2,2,2,,20,15,35,30,2,26,4,2,1,24,"2,3,4,5,6",3,,3,1,22,1,2,4,5,Trump,2,1,2
67,38,4,4,4,4,4,2.75,3.75,1.25,4,1.533333333,2.8,2.8,1,6,1.75,3.6,,2.6,1.5,1.5,1,1,None,4,3,2,2,2,2,2,2,,70,100,100,100,3,10,1,1,2,21,"2,5",3,,1,1,21,1,2,,,neither,2,3,2
63,31,4,3.5,4,3,3.625,6.75,2.25,3,4,3.533333333,4,3.2,4.666666667,11,1.75,3.9,28,4.4,2.75,1.5,0,1,Donald Trump!,5,3,2,2,2,1,2,2,,20,10,30,40,5,16,1,1,2,22,"3,7",3,,1,1,22,1,2,6,7,Trump,2,1,2
66,42,3.5,1,3.5,3.5,2.875,5,7,7,6,4.133333333,1.9,3.4,1,8,1,1.9,42,2.8,2.25,3,1,1,donald trump,4,4,2,2,2,2,2,2,,40,30,20,10,3,9,2,4,2,28,"2,4,6",3,,2,1,28,1,2,,3,Trump,2,3,2
62,47,4,4,3.5,3.5,3.75,7,6.25,3,5.166666667,3.333333333,3.2,3,2,5,2.25,2.8,42,4.6,3.75,4,0,1,Trump,4,4,2,2,2,2,2,2,,30,30,20,20,4,16,3,1,2,29,"2,4,6",3,,4,1,29,1,2,5,5,Trump,2,1,2
42,39,4,4,3.5,4,3.875,7,6.25,7,5.5,4.533333333,3.7,3.3,2.666666667,5,1.25,3,,4,3.25,5,0,1,Hilary Clinton,2,3,2,2,2,2,2,2,,40,20,30,10,4,10,2,1,2,18,"3,5",3,,1,1,18,1,2,3,3,Clinton,2,1,2
56,25,3,3,3,3,3,6,6,5.5,5.333333333,4,3.8,3,4,3,1.25,2.6,,4.4,4,4,1,1,clinton,4,4,2,2,2,2,2,,,25,30,20,25,4,10,3,1,2,18,1,3,,1,1,17,1,2,2,2,Clinton,2,4,2
74,34,4,4,4,4,4,7,7,4,5,2.666666667,3,2.4,2.333333333,6,1.25,3.6,42,4.2,5,5,0,1,Donald Trump,4,5,2,2,2,2,2,,,45,5,45,5,5,9,3,1,2,18,2,3,,1,1,18,1,2,6,7,Trump,2,1,2
75,30,3.5,3.5,4,4,3.75,6.75,4.5,5.75,6.333333333,3.4,3.1,3,2.666666667,8,1.5,3.3,,4,3.5,2.5,,1,Donald Trump.,4,5,2,2,2,2,2,2,,40,35,20,5,5,8,4,1,1,18,2,3,,2,1,18,1,2,5,6,Trump,2,7,2
69,39,4,4,3,3.5,3.625,6.5,7,6,2.833333333,3.533333333,3.6,2.6,2.666666667,0,2,3.7,,4,4.5,5,1,1,Hillary Clinton,3,4,2,2,2,2,2,,,20,20,40,20,4,11,2,4,2,18,"2,4,6",3,,4,1,18,1,2,2,2,Clinton,2,3,2
76,6,3,3,3,3,3,4.75,4.5,6.25,4.833333333,3.2,2.3,2.7,3,2,3,3.2,,3,3.5,3.5,1,1,Hillary Clinton,3,3,2,2,2,2,2,,,30,30,25,15,3,9,3,1,2,18,"2,3,4,5",3,,1,1,18,1,2,4,1,Clinton,2,4,2
78,38,4,4,4,4,4,5.5,6.25,4.5,3.833333333,2.4,4.3,3.7,2.333333333,5,3.25,3.8,42,4.4,4.75,4,0,1,Hillary Clinton,4,4,2,2,2,2,2,2,,30,30,20,20,5,8,4,1,2,18,"2,3,4,5,6",3,,5,1,18,1,2,4,4,Clinton,2,1,2
64,37,3,3.5,4,4,3.625,6,6,6,4.833333333,3.666666667,2.9,3.3,1.666666667,1,3,2.5,42,2.6,4,3,0,1,Hillary Clinton,2,3,2,2,2,2,2,2,,25,15,50,10,3,14,2,1,2,19,"2,3,4,7",3,,7,1,19,1,2,2,2,Clinton,2,1,2
64,39,3.5,3,4,4,3.625,6,6,5.75,4.333333333,3.133333333,3.6,3.1,2.666666667,5,2.25,3,39,3.2,3.5,3.5,0,1,Hillary Clinton,2,3,1,2,2,2,2,2,,17.5,17.5,40,25,3,10,1,4,2,18,"3,7",3,,3,1,18,1,2,2,2,Clinton,2,1,2
72,32,4,4,4,3.5,3.875,6.75,6,6,5.666666667,4.066666667,3.7,2.8,5,2,1,2.4,,3.2,3.25,3.5,1,1,Chose not to answer,5,3,2,2,2,2,2,,,20,30,30,20,4,11,5,1,1,18,"2,3,4,5,6,7",3,,1,1,2,1,2,6,2,Chosenot2answer,2,4,2
68,36,4,4,4,4,4,5.25,6.75,6.5,2.666666667,3.866666667,3.5,3.3,2,4,2.25,3.8,18,3.2,2.25,3,0,1,Hillary Clinton,4,3,2,2,2,1,2,2,,80,99,80,70,4,11,1,2,2,19,"2,3",3,,2,1,19,1,2,1,1,Clinton,2,1,2
71,38,4,4,4,4,4,6.5,7,7,2.833333333,3,3.5,2.5,1.333333333,1,1.5,3.5,34,4.2,4.5,5,1,1,Hillary Clinton,2,4,2,2,2,2,2,2,,20,20,40,20,2,11,2,4,2,18,"2,4,6",3,,4,1,18,1,2,2,2,Clinton,2,3,2
74,40,4,4,3.5,4,3.875,2.25,3,1.75,5,3.533333333,3.4,3,2.666666667,0,2.5,3.2,,4,3.25,4,0,1,,4,3,2,2,2,2,1,,,25,40,20,15,5,6,4,1,2,18,"2,4,7",3,,6,1,18,1,2,5,6,,2,1,2
48,41,4,4,4,3.5,3.875,5,7,6.5,3.833333333,3.733333333,3.8,2.9,2.666666667,4,1.75,3.7,,2.4,3.25,3,0,1,Trump,4,4,2,2,2,2,2,2,,40,30,20,10,5,9,2,2,2,18,"2,3",3,,4,1,18,1,2,6,6,Trump,2,1,2
74,36,3,4,4,4,3.75,6,5.25,4.5,5.333333333,4.533333333,3.3,3.6,3,5,1,2.5,42,3.4,2.5,3.5,0,1,John Kasich,4,4,2,2,2,2,2,2,,30,30,20,20,5,6,4,2,1,18,"2,3,6,7",3,,1,1,18,1,2,4,5,Kasich,2,1,2
70,40,3.5,4,3.5,3.5,3.625,7,5.75,7,5,4.466666667,3.9,3,1,4,1.25,3.2,,4,4,5,0,1,Evan McMullin,1,3,2,2,2,2,2,2,,40,40,10,10,5,8,5,1,2,20,"2,3,6,7",3,,5,1,20,1,2,4,5,McMillan,2,1,2
47,35,4,2.5,4,3.5,3.5,1,6.75,6.5,2.166666667,2.066666667,2.9,3.4,1,6,2.25,3.3,35,2.8,3,2,0,1,Clinton,1,1,2,2,2,1,2,2,,20,0,40,40,1,19,1,1,3,18,2,3,,2,1,18,1,2,1,,Clinton,1,1,2
60,34,4,4,4,4,4,6,6,6,2.166666667,4.466666667,3.3,3.2,2.666666667,5,2.5,3,34,3.2,2.5,3,0,1,"Voted Clinton, wanted Sanders",2,4,2,2,1,1,2,2,,20,20,30,30,3,8,1,1,2,19,"3,5,7",3,,7,1,14,1,2,1,4,Sanders-Clinton,1,1,2
68,39,4,4,3,4,3.75,4.5,5,6,3,2.866666667,4,3,1.333333333,2,1.75,3.3,42,2.4,2.75,3,0,1,Hillary Clinton,4,3,2,2,2,2,2,2,,10,20,40,30,3,14,2,1,1,20,"2,3,5,7",3,,1,1,20,1,2,2,1,Clinton,2,1,2
59,34,3,3,3.5,3.5,3.25,6.5,5.5,1,1.666666667,3.8,3.5,2.2,4.666666667,1,1.75,3.2,,1,1,1,1,1,I could not legally vote at the time for the election,3,3,2,2,2,2,2,,,30,30,20,20,4,13,1,1,1,18,"2,4",3,,1,1,16,1,2,,,notvote,2,4,2
55,39,3,2.5,3,4,3.125,5.75,4.75,4,4.833333333,4.2,2.7,2.8,1.666666667,3,1,2.4,,2.2,3.25,3,0,1,,4,4,2,2,2,2,2,2,,25,30,25,20,3,14,1,1,2,18,"3,6",3,,,1,18,1,2,,,,2,1,2
66,35,4,3.5,3.5,3.5,3.625,7,6.5,5.5,5.5,2.933333333,3,2.9,1.333333333,2,1.5,2.5,48,3.6,4,4,0,1,Hillary Clinton,4,3,2,2,2,1,2,2,,30,10,35,25,3,13,2,2,2,18,"2,4,6",3,,2,1,18,1,2,2,2,Clinton,2,1,2
69,32,3,3.5,3.5,3.5,3.375,6.75,5.25,4,3,3.2,4.4,2.7,2.333333333,2,2,3.2,,3.8,3.25,3,0,1,Hillary Clinton,5,4,2,2,2,2,2,2,,30,30,30,10,5,10,2,2,2,18,"3,5,7",3,,1,1,18,1,2,2,2,Clinton,2,1,2
72,41,4,3,4,4,3.75,6.5,7,6.25,6.166666667,4,3.5,3.9,1.666666667,6,1.75,1.8,54,3.2,3.75,5,0,1,Hillary Clinton,4,5,2,1,2,2,2,2,,20,30,35,15,3,9,1,1,2,19,"2,4",3,,4,1,19,1,2,1,1,Clinton,2,1,2
65,36,4,2.5,4,3.5,3.5,4.5,6.75,7,5.666666667,3.333333333,3.8,2.9,1,1,3,2.5,42,3.2,3,2.5,0,1,Hillary Clinton,3,5,2,2,2,2,2,2,,10,10,60,20,3,13,3,1,2,18,"2,5,6,7",3,,7,1,18,1,2,2,3,Clinton,2,1,2
65,40,4,4,4,4,4,6.25,6,6.25,3.833333333,3.666666667,3.5,3,1,5,1.5,3.7,30,1,1,2,0,1,,2,3,,,,1,,,,40,0,50,10,4,12,1,4,2,24,"2,3",3,,1,1,24,1,2,,4,,1,1,2
64,35,3,4,4,4,3.75,5.75,5.75,5.75,5.333333333,5,4.8,3.2,4.333333333,3,2.75,4.6,34,3.8,5,4,0,1,Gary Johnson,4,4,2,2,2,2,2,2,,35,25,10,30,5,10,5,2,2,21,"2,3,7",3,,4,1,21,1,2,5,5,Johnson,2,1,2
74,39,4,4,4,4,4,1.25,7,7,2.833333333,4.333333333,2.1,4,7,8,2,3.3,42,5,5,5,,1,Hillary Clinton because Bernie Sanders dropped out,1,3,2,2,2,2,2,2,,20,15,55,10,4,10,1,1,2,20,"2,3",3,,3,1,20,1,2,2,1,Sanders-Clinton,2,7,2
65,33,3,3,3.5,4,3.375,5.25,7,6.75,4,3.2,3.5,2.7,3,4,1.5,2.7,35,2.4,3.25,4,,1,Hillary Clinton,3,3,2,2,2,1,2,2,,30,30,30,10,3,9,2,1,3,18,"3,5,7",3,,6,1,18,1,2,1,1,Clinton,2,7,2
57,36,4,3.5,4,3.5,3.75,5.5,5.5,6.25,2.5,1.6,3.2,2.3,4,2,3,3.9,38,4.2,3.75,4,,1,Donald Trump,3,2,2,2,2,2,2,2,,30,30,30,10,4,8,4,1,1,18,"1,7",3,,7,1,18,1,2,,,Trump,2,7,2
65,38,3.5,3,3.5,4,3.5,5.25,5,7,4.166666667,3.6,3.7,3,1.666666667,4,1.25,2.6,52,3.6,3.75,4.5,0,1,Hillary,4,4,2,2,2,1,1,,,30,40,25,5,4,5,3,2,2,18,"2,4",3,,2,1,18,1,2,3,,Clinton,2,1,2
70,35,3,4,3.5,4,3.625,5.25,5.75,3.75,4.166666667,3.466666667,3.8,3.2,1.666666667,2,1.25,2.7,,4,2.5,4,1,1,Bernie sanders,4,4,1,2,2,2,2,2,,25,40,25,10,4,9,1,1,2,20,"2,3,4,5,6,7",3,,1,1,2,1,2,4,2,Sanders,2,6,2
59,40,4,2.5,3.5,3.5,3.375,4.25,3.75,6,5.166666667,4.333333333,3.2,3.1,2,4,1.5,2.6,42,3.4,3,2,1,1,Hilary,3,4,2,2,2,2,2,,,35,25,30,10,4,9,2,2,2,18,"4,7",3,,2,1,18,1,2,,,Clinton,2,4,2
68,39,3.5,3.5,4,4,3.75,3.5,6.25,6.5,5.833333333,3.933333333,4.4,3.4,1,6,1.5,2.4,42,2.8,2.25,3.5,0,1,Johnson-Weld,4,4,2,2,2,2,2,2,,30,40,20,10,4,9,1,1,1,19,"2,3,6,7",3,,2,1,19,1,2,6,6,Johnson,2,1,2
62,33,3.5,3.5,3.5,3,3.375,3.5,2.5,7,3.166666667,3.666666667,3.8,2.6,1.666666667,4,1,3.7,44,2.8,1,2,0,1,I didnt vote but would have voted for either third party or Trump.,3,4,2,2,2,2,2,2,,35,40,5,20,5,3,5,1,2,18,"3,5",3,,1,1,18,1,2,6,5,notvote,2,1,2
71,49,4,3.5,4,2.5,3.5,7,7,7,5.5,2.866666667,3.9,3.3,4,8,1.75,3.5,,4,4.25,5,0,1,Clinton,4,5,2,2,2,2,2,2,,30,30,20,20,5,9,2,1,2,18,"2,4",3,,5,1,18,1,2,4,2,Clinton,2,1,2
71,35,4,3,4,4,3.75,7,6.25,7,6.333333333,4.466666667,3.3,3.5,1,3,1,2.4,,3,3,2,0,1,Hillary Clinton,4,4,2,2,2,2,2,2,,27,22,25,26,3,9,2,1,2,19,"3,5",3,,4,1,19,1,2,1,2,Clinton,2,1,2
69,33,3,4,3.5,3.5,3.5,5,5.75,6,3.5,2.066666667,3,3.4,1.333333333,1,4,4.9,46,2.4,3.25,2.5,1,1,Hillary Clinton,2,2,2,2,2,1,2,,,35,45,20,0,3,7,2,1,2,18,"2,4",3,,1,1,18,1,2,4,,Clinton,2,2,2
77,31,4,4,4,4,4,5.25,4.5,6,5.166666667,4,3.2,3,1,6,2.75,3.1,42,3,3,3,0,1,Hillary Clinton,4,4,2,2,2,2,2,2,,30,25,25,20,5,10,2,1,2,18,"2,4,6",3,,4,1,18,1,2,3,4,Clinton,2,1,2
64,47,3.5,1,4,4,3.125,4.75,7,7,6.833333333,5.533333333,2,3.9,2,7,1,1.2,42,2.2,2.75,3,,1,Donald Trump,3,4,2,2,2,2,2,,,40,40,15,5,5,5,5,1,2,19,2,3,,7,1,19,1,2,6,7,Trump,2,7,2
56,33,4,4,4,4,4,3.25,6.25,6,4,3.066666667,3.5,2.5,1,1,2.5,3.5,,3,1.75,3,0,1,Bernie Sanders,2,4,2,2,2,2,2,2,,15,5,60,20,3,9,2,1,2,19,"2,4,6",3,,2,1,19,1,2,3,3,Sanders,2,1,2
67,32,4,4,4,4,4,5.5,6.5,7,5.166666667,2.6,3.6,2.9,2.666666667,9,2.25,4,,3.8,2.75,4,0,1,Clinton,4,4,2,2,2,2,2,2,,100,70,100,100,5,8,4,1,2,19,"3,7",3,,8,1,19,1,2,2,2,Clinton,2,1,2
71,37,4,3,3.5,3,3.375,5,5.5,6.75,3.833333333,3.2,3.4,2.9,1,2,3.333333333,2.9,,2.8,3,3,0,1,N/A,3,4,2,2,2,2,2,2,,15,15,50,20,3,9,2,2,1,19,"2,3,4,5,7",3,,1,1,19,1,2,4,4,na,2,1,2
61,33,4,3.5,4,3.5,3.75,3.5,2.25,1,3.666666667,3.266666667,3.4,2.9,2.333333333,5,2.25,3.7,,3.4,3.25,3.5,1,1,Hillary Clinton,4,4,2,2,2,2,2,,,5,5,60,30,4,11,2,1,1,19,1,3,,1,1,14,1,2,4,3,Clinton,2,4,2
71,36,4,4,4,4,4,2.5,5.25,4,4.333333333,2.4,3.1,3,3.333333333,6,3,3.2,42,3,2.75,2.5,,1,N/A,2,3,2,2,2,2,2,2,,40,20,30,10,4,10,2,4,2,19,"3,5",3,,1,1,19,1,2,,,na,2,7,2
70,36,4,4,3.5,4,3.875,7,6.25,7,4.833333333,3.866666667,3,3.1,2.333333333,4,1,3.2,25,2.6,4.75,4,1,1,Hillary Clinton,1,1,2,2,2,1,1,2,,20,40,30,10,4,12,4,1,2,20,"2,3",3,,5,1,19,1,2,3,2,Clinton,2,4,2
63,47,3.5,2.5,4,3.5,3.375,5.75,5.25,7,6,4,1.7,3.6,1,3,2.25,3.6,,2.2,1.5,4.5,,1,Hillary Clinton,4,4,2,2,2,2,2,,,35,45,15,5,5,10,4,4,2,19,"2,3,4,5,6",1,2,1,1,19,1,2,2,3,Clinton,2,8,2
60,32,4,4,4,4,4,6,6.75,5,3,2.533333333,3.8,3.3,4.333333333,3,2.5,4.1,32,3.2,5,5,0,1,Hillary Clinton,2,3,,,1,1,,,,10,10,40,40,1,2,3,1,2,18,1,3,,3,1,18,1,2,1,1,Clinton,2,1,2
54,33,2,4,3,3.5,3.125,3.75,6,6,2.166666667,1.533333333,3.7,2.9,2,4,4.25,3.9,40,4.2,4.25,5,0,1,Clinton,3,3,2,1,2,2,2,2,,0,0,50,50,2,11,3,1,2,20,1,3,,4,1,20,1,2,2,2,Clinton,2,1,2
67,39,3,4,3.5,4,3.625,6.75,5,7,2.666666667,2.533333333,4,3.7,1,3,2.75,3.8,44,2.4,3.5,4,1,1,Hilary Clinton,4,4,2,2,2,2,2,2,,30,35,25,10,3,14,1,1,2,18,1,3,,1,1,18,1,2,2,1,Clinton,2,2,2
60,42,2.5,3,2,2.5,2.5,2.75,3,3,3.5,3.2,2.6,2.2,4.333333333,9,4.25,2.1,48,3,2.25,2,1,1,Trump,3,3,2,2,2,2,2,2,,30,30,30,10,5,4,3,1,2,19,2,3,,2,1,19,1,2,6,7,Trump,2,5,2
64,50,4,2,3,2.5,2.875,4.75,6.5,6.75,3.666666667,5.2,3.8,3.8,1.333333333,2,2.25,2.9,,3.8,2.25,2,0,1,Bernie Sanders,4,3,2,2,2,2,2,2,,20,30,30,20,3,8,1,2,2,30,1,3,,5,1,30,0,2,4,4,Sanders,2,1,2
75,36,4,4,3,3.5,3.625,4.5,6,6.25,3.666666667,2,3.7,2.4,2.666666667,0,2,3.5,43,4,2,3,1,1,Hillary Clinton,4,3,2,2,2,2,2,2,,30,40,20,10,3,11,2,4,2,18,"2,4,6",3,,1,1,10,1,2,2,1,Clinton,2,4,2
76,30,4,4,3,4,3.75,7,7,7,4,1.866666667,3.5,2.5,1,2,1.25,3.6,42,4,3.333333333,2,1,1,Hillary Clinton,4,3,2,2,2,2,2,2,,20,30,20,30,3,11,2,4,2,18,"2,4,6",3,,1,1,10,1,2,2,2,Clinton,2,4,2
63,33,4,4,4,4,4,4.75,6,4.75,4.833333333,3.466666667,4.1,3,3,3,1,2.2,,2.8,3,3.5,0,1,Hillary Clinton,4,3,2,2,2,2,2,2,,20,15,40,25,4,14,2,1,2,19,"2,4,6",3,,7,1,19,1,2,2,2,Clinton,2,1,2
74,34,4,4,4,4,4,4,5.5,7,1.833333333,3.266666667,3.5,2.7,1,5,1,4.5,,2.4,3.75,4,1,1,"Bernie Sanders, but voted for Hillary Clinton",4,5,2,2,2,2,2,2,,35,40,20,5,5,9,1,4,2,18,"2,3",3,,2,1,18,1,2,1,2,Sanders-Clinton,2,4,2
52,47,4,4,3,4,3.75,5.5,6.25,7,4.666666667,3.533333333,3.1,3.1,3,1,1.333333333,2.8,,3.4,2.5,3,0,1,Hillary,4,3,2,2,2,2,2,2,,30,30,30,10,4,8,4,1,1,19,2,3,,3,1,19,1,2,4,3,Clinton,2,1,2
66,36,4,4,4,3.5,3.875,7,6.25,6.5,5.5,3.466666667,4.3,3.1,2,2,1.5,2.3,50,3.4,3.75,2.5,0,1,Hillary Clinton,4,3,,,1,,,1,neurological,0,0,75,25,4,11,4,1,2,19,"2,4,6",3,,1,1,19,1,2,3,2,Clinton,1,1,2
61,48,2.5,4,3.5,3,3.25,6.5,7,6.5,5.166666667,3.2,3.8,3.4,3.666666667,4,1.5,3.1,49,3.6,3.5,4,1,1,Clinton,5,4,2,2,2,2,1,,,20,20,50,10,4,12,4,1,1,20,"2,6",3,,6,1,20,1,2,5,6,Clinton,2,4,2
66,34,3.5,4,3.5,4,3.75,3.25,4.25,1.5,2.833333333,3.666666667,3.6,2.9,3.666666667,7,1,3.9,42,2.4,3,1.5,1,1,"Gary ""Feel My"" Johnson",4,4,2,1,2,2,2,2,,40,15,20,25,4,11,2,1,1,20,"2,4,6",3,,2,1,20,1,2,3,5,Johnson,2,4,2
65,34,4,3,3.5,3,3.375,6,5.75,6,5.333333333,3.666666667,3.2,2.9,2,4,1.25,3.1,,2.4,4,2.5,0,1,Trump,4,4,2,2,2,2,2,,,30,20,30,20,3,10,3,1,2,19,"2,3,4,5,6,7",3,,2,1,19,1,2,6,6,Trump,2,1,2
58,40,4,3,4,3.5,3.625,7,7,1,6,6,2.9,3.8,1,5,1.25,2.2,,3.2,4,3,0,1,hillary clinton,5,5,2,2,2,2,2,2,,20,20,25,35,2,14,3,1,1,19,3,3,,1,1,19,1,2,2,3,Clinton,2,1,2
63,32,4,4,4,4,4,5.5,7,7,3.166666667,2.266666667,4.6,2.7,1,3,1.5,3.6,,2.6,3,3,0,1,Hillary Clinton,3,3,2,2,2,2,2,2,,40,0,30,30,5,9,1,1,2,18,"2,4",3,,1,1,18,1,2,2,2,Clinton,2,1,2
67,41,2.5,4,4,4,3.625,1.75,5,4.75,1.333333333,4,3.8,2.7,3.333333333,2,2,4.1,42,3.2,4,3,0,1,I did not vote.,3,3,2,2,1,2,1,2,,20,30,40,10,4,7,4,4,2,18,"2,3",3,,5,1,18,1,2,,,notvote,2,1,2
52,40,4,3.5,4,4,3.875,5.25,6.75,5.5,4.5,3.066666667,2.7,3.4,4.666666667,7,3.25,3.1,,4.6,2.75,3.5,0,1,Hillary Clinton ( In primaries voted Bernie Sanders ),4,4,2,2,2,2,2,2,,25,30,25,20,3,7,4,1,2,18,"2,3,4,5",3,,7,1,18,1,2,2,3,Sanders-Clinton,2,1,2
71,51,4,4,4,3.5,3.875,7,3.25,6,3,3.533333333,2.9,2.9,1,2,3.25,3.2,34,3.8,3.75,3.5,0,1,Donald Trump,4,3,2,2,2,2,2,2,,40,30,20,10,5,11,1,2,2,18,1,3,,5,1,18,1,2,5,5,Trump,2,1,2
61,39,3.5,4,4,4,3.875,2.75,2.25,4.75,4.5,2.4,3.7,3,2,4,3.75,3.5,36,3.2,4.25,3.5,0,1,Jill stein,3,4,2,2,2,1,2,2,,25,30,30,15,4,7,4,2,2,19,"2,3,6,7",3,,5,1,19,1,2,5,4,Stein,2,1,2
78,35,4,4,4,4,4,4.25,5.5,3,2.166666667,3.2,3.3,2.9,1.666666667,7,1.75,4.2,34,2.6,2,2.5,1,1,Hilary,5,3,2,2,2,2,2,2,,30,25,20,25,5,9,1,1,2,18,4,3,,5,1,18,1,2,2,2,Clinton,2,3,2
77,35,4,3.5,3.5,4,3.75,4.75,5.5,6,5.666666667,3.066666667,3,3.2,1.666666667,5,1.75,3.1,,3.2,3.5,4,0,1,Hilary Clinton,4,4,2,2,2,2,2,2,,30,15,40,15,4,12,3,1,2,18,"2,4,6",3,,5,1,18,1,2,2,2,Clinton,2,1,2
68,31,4,3.5,4,3.5,3.75,7,6.75,7,5.5,3.4,4.1,3.5,3,6,1.75,3.1,62,4.6,3.25,5,0,1,Hillary Clinton,1,1,,,1,,,,,70,10,15,5,4,14,2,4,2,18,"2,3,7",3,,1,1,18,1,2,2,1,Clinton,2,1,2
63,41,3,4,3,3,3.25,5.5,6.5,7,3.5,3.866666667,3.3,2.8,2,4,2,3.5,42,3.4,3.25,3.5,0,1,Clinton,3,3,2,2,2,2,2,2,,25,30,25,20,4,9,2,4,1,23,"2,3,4,5",3,,2,1,23,1,2,2,3,Clinton,2,1,2
55,37,3,4,3.5,3.5,3.5,6.5,7,6,4.833333333,3.4,2.7,2.2,3,1,2.25,3.6,43,4,3.5,3,0,1,Hillary Clinton,4,4,2,2,1,2,1,2,,30,40,20,10,4,11,2,1,2,19,"2,3,7",3,,5,1,19,1,2,4,2,Clinton,2,1,2
70,35,4,4,4,3.5,3.875,5.5,5.75,7,3.833333333,2.4,4,2.8,3,4,2.5,4.4,36,3.4,3.5,5,0,1,Clinton,3,3,2,2,2,1,2,2,,20,30,20,30,5,7,2,1,2,18,3,3,,1,1,18,1,2,2,2,Clinton,1,1,2
77,40,4,3.5,3.5,4,3.75,6,4.5,4.5,4.166666667,2.866666667,3.7,3.6,6,3,3.75,3.5,,3.6,4,4,0,1,no,4,4,2,2,2,2,2,2,,30,25,30,15,4,8,3,1,2,20,3,3,,1,1,20,1,2,,,neither,2,1,2
72,40,3,4,4,4,3.75,4.5,4.75,7,5.166666667,3.933333333,4,3.6,1,7,1.5,3.7,44,3.2,3,2.5,,1,Hillary Rodham Clinton (but Bernie Sanders in the primary),3,2,2,2,2,1,2,2,,40,25,20,15,4,9,2,1,3,21,"2,4,6",3,,6,1,21,1,2,1,1,Sanders-Clinton,2,7,2
71,34,3.5,3.5,3.5,3.5,3.5,6.5,6.75,6.5,5.833333333,4.333333333,3.5,3.1,2.333333333,6,1,2.7,40,2,3.5,3,0,1,Gary Johnson,4,4,2,1,2,2,2,2,,10,20,50,20,4,11,2,1,1,18,"2,3,6,7",3,,1,1,18,1,2,4,4,Johnson,2,1,2
69,41,4,3.5,3,2.5,3.25,6.25,5.5,5.25,4.5,4.466666667,3.6,3.2,1,6,1.25,2.6,54,3,3.25,3,0,1,Donald Trump,4,4,2,2,1,2,2,2,,25,15,35,25,3,10,3,2,1,18,4,3,,2,1,18,1,2,5,6,Trump,2,1,2
58,37,3.5,3.5,3,3,3.25,7,5.75,6.5,5.5,3.933333333,3.8,3.4,1.333333333,1,1.25,3,50,3.4,3,3.5,,1,Hillary Clinton,4,4,1,2,2,2,1,2,,30,30,30,10,5,12,4,1,2,19,1,3,,6,1,19,1,2,2,2,Clinton,2,7,2
79,35,4,4,4,4,4,7,7,7,6.333333333,3.133333333,4.3,3.9,1,0,5,3.6,,4.6,4.75,5,0,1,Hillary Clinton,5,4,2,2,2,2,2,2,,25,50,20,5,4,11,4,1,2,19,2,3,,7,1,19,1,2,3,2,Clinton,2,1,2
73,31,4,4,4,4,4,4.25,1.5,1.25,2.166666667,2.666666667,4.1,2.6,1,3,3.25,3.9,30,2,2,3,0,1,Donald J. Trump,5,3,,,1,,,,,20,10,50,20,4,8,3,1,2,18,"3,5",3,,4,1,18,1,2,7,7,Trump,2,1,2
72,38,4,4,4,4,4,7,7,6.75,5.666666667,3.866666667,3.7,3.8,3.333333333,7,1.75,3.1,59,5,4.5,5,0,1,Hillary Clinton,5,5,2,2,2,2,2,2,,30,10,50,10,4,10,2,2,2,18,1,3,,3,1,18,1,2,2,2,Clinton,2,1,2
70,39,4,4,4,3.5,3.875,2,2.5,2,4,3,3.9,3,3,3,1.75,3.4,,3.8,3.75,4,1,1,,3,3,2,2,2,2,2,2,,30,30,100,100,2,14,2,1,1,21,3,3,,1,1,1,1,2,2,,,2,4,2
66,34,4,2,4,4,3.5,6.75,6,6,5.833333333,4.266666667,2.7,3.5,3.666666667,6,1.75,2,49,2.4,3,3,,1,None,2,3,2,1,2,2,2,2,,15,20,35,30,3,10,3,1,1,19,1,3,,1,1,19,1,2,5,4,neither,2,7,2
67,50,3,3,2.5,3,2.875,5.5,5.75,5.75,6,5.066666667,3.4,3,2,3,2,3,,3.8,3.5,4,0,1,Clinton,2,2,2,2,2,2,2,2,,40,10,30,20,3,8,2,1,2,19,2,3,,6,1,19,1,2,1,1,Clinton,2,1,2
58,39,3.5,3,3,4,3.375,5.75,5.75,2,5.833333333,3,3.7,2.9,2,5,2,2.8,42,3,2.5,2.5,0,1,Bernie Sanders,3,3,2,2,2,2,2,,,30,30,25,15,4,11,3,1,2,18,"2,4",3,,7,1,18,1,2,2,2,Sanders,2,1,2
69,34,3.5,4,3.5,4,3.75,2.75,4.75,6,2,3.8,3.1,3.2,1,5,1.25,5,42,2.2,3,2,1,1,Neither,2,1,2,2,2,2,2,2,,95,95,95,96,4,7,3,2,2,18,"3,4,5,6,7",3,,1,1,18,1,2,,,neither,2,6,2
57,34,3.5,4,3.5,3.5,3.625,4.5,5.25,4.75,6,1.8,4.1,3,2.333333333,12,2,3.1,42,3.2,4,3.5,0,1,None,4,5,2,2,2,2,2,2,,25,20,35,20,5,8,2,1,2,18,"2,4",3,,7,1,18,1,2,4,5,neither,2,1,2
60,34,3,3,3.5,4,3.375,7,7,7,4.833333333,3.866666667,3.1,3.5,1,9,3.25,2.8,34,3.2,4.5,3.5,1,1,Yes,4,3,2,2,2,2,2,2,,25,15,50,10,3,9,2,2,2,19,"2,3,4,5,6",3,,2,1,19,1,2,6,5,nonsense,2,4,2
71,39,3.5,4,4,3.5,3.75,5.75,5.75,2,3,2.6,3.8,2.7,1,2,3,3.9,33,2.6,4.25,2.5,0,1,Gary Johnson,4,4,1,2,2,1,2,,,20,30,30,20,4,8,4,1,2,18,"2,3,6,7",3,,5,1,18,1,2,6,5,Johnson,2,1,2
72,32,3.5,3.5,4,4,3.75,7,5.5,7,6,3.133333333,3.6,3,1.333333333,3,1,2.8,,2.4,3,2,1,1,Hillary,4,3,2,2,2,2,2,2,,30,30,17,23,4,11,1,1,1,18,2,3,,6,1,18,1,2,2,2,Clinton,2,3,2
73,37,3,3,3,3,3,6.75,7,6.75,5.333333333,4.733333333,3.2,3,1.666666667,5,2.5,2.9,,3.2,4,4,0,1,Hilary Clinton,3,3,2,2,2,2,2,,,30,40,20,10,4,8,3,1,2,19,2,3,,6,1,19,1,2,3,3,Clinton,2,1,2
56,36,4,2,3,2.5,2.875,6.5,7,6,4.666666667,3.533333333,2.6,2.9,1,3,2.5,2.6,,3,3.25,3,0,1,Bernard Sanders,1,2,2,2,2,2,2,2,,0,0,50,50,1,9,1,1,2,18,1,3,,5,1,18,1,2,1,3,Sanders,2,1,2
67,36,4,4,3.5,4,3.875,6.5,6.5,6.5,6.166666667,3.933333333,2.8,3.9,1,7,4.25,3.2,42,4.4,4.5,5,0,1,Hillary,4,3,2,2,2,2,2,,,15,15,40,30,3,10,1,1,2,19,"3,5",3,,8,1,19,1,2,3,3,Clinton,2,1,2
68,34,3.5,3,3.5,3.5,3.375,6.75,5.5,2.5,5.833333333,3.333333333,4,3,4,7,1.25,2.9,,2.8,3.25,2,,1,Trump,3,3,2,2,2,2,2,2,,20,20,30,30,5,9,2,1,2,18,"2,4,6",3,,7,1,18,1,2,5,5,Trump,2,7,2
65,34,3.5,4,4,3.5,3.75,5.25,7,7,1.666666667,2.666666667,3.4,3.2,4,1,2.75,3.8,27,2.4,3,4,0,1,Hillary Clinton,1,3,2,2,2,1,2,1,Detailed: Depression/Anxiety,20,0,40,40,3,9,2,4,3,20,"1,2,3",3,,4,1,20,1,2,2,,Clinton,1,1,2
74,32,3.5,4,3,3.5,3.5,7,4.75,6,5.333333333,3.933333333,3.7,2.7,4.333333333,9,2.25,3.3,,2.8,4.25,4,0,1,Donald Trump,4,4,2,2,2,2,2,2,,25,25,25,25,5,10,4,1,2,18,"2,3,4,5,7",3,,1,1,8,1,2,6,7,Trump,2,1,2
72,31,4,3,3,3.5,3.375,6.5,6.75,6.5,4.833333333,4.133333333,4.1,2.7,2,0,1.5,2.4,,2.4,3.75,2,0,1,,5,5,2,2,2,2,2,,,30,30,25,15,5,9,5,2,1,19,"2,3,4",3,,2,1,18.5,1,2,6,5,,2,1,2
62,36,4,4,3.5,4,3.875,6,6.25,7,5,3.6,3.5,3.7,1,3,1,2.6,42,2.6,2.75,2.5,0,1,Hillary Clinton,4,4,2,2,2,2,2,2,,30,30,30,10,4,11,1,2,2,19,"2,3,6,7",3,,1,1,19,1,2,2,3,Clinton,2,1,2
73,30,4,2,4,3.5,3.375,6,6,6,5.833333333,3.733333333,2.7,3.3,3,3,1.75,3,42,2.8,3,3,1,1,Hillary Clinton,4,5,2,2,2,2,2,2,,50,20,20,10,4,9,2,1,1,,"2,3,5,6",3,,1,1,18,0,2,,,Clinton,2,4,2
55,37,3.5,3.5,2,3.5,3.125,5.25,4.75,1.75,2.5,3.8,2.5,3.9,5.333333333,4,1.75,2.1,,1.6,1,3,0,1,Hillary,1,4,2,2,2,2,2,2,,10,0,50,40,3,14,1,2,1,19,3,3,,5,1,19,1,2,3,2,Clinton,2,1,2
68,33,4,3.5,3.5,4,3.75,3.75,3.75,3,1.666666667,3,3.4,3,2,3,2,3.3,,3.2,3,2.5,0,1,Hillary Clinton. Lesser of two evils,4,4,2,2,2,2,2,2,,30,30,20,20,4,8,4,2,2,18,"2,3,6,7",3,,4,1,18,1,2,3,3,Clinton,2,1,2
67,38,3.5,4,3.5,3,3.5,5.25,5,3,4.166666667,2.933333333,4.3,2.9,2.333333333,4,2.75,3.9,34,2,2.5,1.5,0,1,Clinton,3,4,1,2,2,1,2,2,,14,14,65,7,4,9,2,4,2,19,1,3,,2,1,19,1,2,3,3,Clinton,2,1,2
80,39,3.5,3,3,3,3.125,6.5,6.5,6.25,7,4,2.6,4,3,8,1.5,1.7,34,4,4,4,0,1,Trump,4,5,2,2,2,2,2,,,40,40,15,5,5,9,5,1,1,22,"2,4",3,,2,1,22,1,2,5,5,Trump,2,1,2
57,33,3.5,4,3,4,3.625,6.5,6.25,7,4.666666667,2.2,3.9,2.8,4,3,3.75,4.3,33,3.8,4.25,4,0,1,Hillary Clinton,2,2,2,2,2,1,2,2,,20,40,15,25,2,14,2,1,2,21,"3,5",3,,8,1,21,1,2,2,2,Clinton,2,1,2
61,40,4,2.5,3.5,4,3.5,6.25,6,7,6.166666667,4.266666667,3.3,3.3,1.666666667,4,1,2.1,,4,4.5,4,,1,Clinton,3,3,2,2,2,2,2,2,,25,25,25,25,4,7,2,1,2,18,"2,3,4,5",3,,7,1,18,1,2,3,3,Clinton,2,7,2
59,33,4,3.5,4,3,3.625,6.25,5.25,5.25,5.333333333,4,2.8,2.5,3,6,1,2.5,,2.6,3.75,5,0,1,Bernie Sanders,4,4,2,2,2,2,2,2,,30,10,10,50,4,12,3,1,1,18,"2,6",3,,5,1,18,1,2,2,3,Sanders,2,1,2
68,41,3.5,3.5,4,4,3.75,1.25,6,6,4,3.733333333,3.6,3.9,3,8,1,3.4,48,3.2,2.75,4,1,1,Hillary Clinton,1,2,1,2,2,1,1,2,,55,5,30,10,4,9,3,1,2,20,"2,3,4,5,6,7",3,,1,1,20,1,2,2,2,Clinton,1,6,2
72,39,4,3,4,3,3.5,7,6,7,4,2.866666667,3.3,3.2,3,5,2.5,3.8,53,3,4.5,4,0,1,I supported neither,5,4,2,2,2,2,2,2,,25,30,25,20,4,11,4,2,2,19,"2,3,5,7",3,,1,1,19,1,2,6,5,neither,2,1,2
71,48,4,4,4,4,4,7,7,7,5.666666667,3.866666667,2.2,3.3,1.333333333,4,1,2.6,,3.4,1,1,1,1,Hillary Clinton,3,3,2,2,2,2,2,2,,0,0,70,30,1,18,1,2,2,18,"2,4",3,,1,1,18,1,2,2,2,Clinton,2,3,2
58,33,2.5,3,3,3.5,3,4.75,4.75,5.5,4.5,4,3.7,3.1,2,4,2,2.9,,2.4,3.75,3.5,0,1,Hillary Clinton,4,4,2,2,2,2,2,2,,20,35,25,20,4,14,1,1,2,20,"2,4,6",3,,8,1,20,1,1,2,2,Clinton,2,1,2
60,29,3.5,3.5,3.5,4,3.625,3.75,4.25,1,1,2.666666667,4.9,2,5,3,3.25,3.5,43,4.6,5,5,0,1,Hillary Clintcock,3,3,2,2,2,1,2,,,20,10,40,30,3,12,3,2,2,18,"2,4,6",3,,4,1,18,1,1,2,1,Clinton,2,1,2
40,32,3.5,3,2.5,4,3.25,5.5,4.5,2.75,3,3.733333333,3.3,2.6,2,8,1.75,3.5,,2.4,2.25,3,0,1,Hillary Clinton,3,4,2,2,2,2,2,2,,26,34,29,11,5,15,2,1,2,18,"2,4",3,,5,1,18,1,1,3,2,Clinton,2,1,2
50,37,4,4,3.5,3.5,3.75,3.5,6,7,3,3.466666667,4.4,3.1,1.333333333,4,1.75,4,,3.8,2.5,2.5,0,1,Hillary Clinton,2,1,2,2,2,2,2,2,,0,0,30,70,1,26,1,1,3,21,1,3,,3,1,21,1,1,2,3,Clinton,2,1,2
60,32,4,4,4,4,4,5.5,5.75,6,4.666666667,2.4,4.7,3,1,0,1,3.5,39,2.8,3,2.5,0,1,giant meteor,1,2,,,1,,,,,50,20,15,15,4,8,4,1,2,20,2,3,,6,1,20,1,1,3,4,nonsense,2,1,2
65,37,4,4,4,4,4,4.75,5,5,4.833333333,3.4,4.6,2.8,1,5,1.25,3.8,,3.4,2.75,4,0,1,Hillary Clinton,3,2,2,2,2,2,2,2,,25,5,50,20,4,14,1,2,2,20,"2,3,6,7",3,,2,1,20,1,1,1,1,Clinton,2,1,2
49,38,3,4,3.5,4,3.625,6.25,5.5,7,4.333333333,3.2,3.6,2.2,1.333333333,4,1.5,3.9,,3.8,3.5,3,0,1,Hillary,2,3,2,2,2,2,2,2,,10,25,35,30,4,10,2,1,2,20,2,3,,2,1,20,1,1,2,2,Clinton,2,1,2
41,34,4,3,3,3,3.25,4.5,6,7,4.5,4,2.9,3.5,1.666666667,5,1.5,3,38,2.4,2.25,1,,1,Does bernie still count? Otherwise hillary even though she sucks,2,4,2,2,2,1,2,,,0,0,50,50,1,26,1,1,2,19,"2,3,4,5,6,7",3,,7,1,19,1,1,2,3,Sanders-Clinton,2,7,2
47,36,4,3,3,4,3.5,4,4,3.25,5,5.266666667,2.9,3.1,1,0,1.75,2.3,47,3.4,2.25,3,0,1,Clinton,1,4,1,,,,,,,25,5,55,15,3,12,1,2,2,20,"2,3,6,7",3,,3,2,,1,1,1,1,Clinton,1,1,2
58,34,2.5,3.5,3.5,3.5,3.25,5,2.75,1,1.666666667,2.933333333,3.7,2.5,3,0,1,3.7,28,2,2,2.5,1,1,Clinton,2,3,2,2,2,1,2,2,,15,25,25,35,3,10,2,1,1,20,"3,5,7",3,,1,1,2.5,1,1,3,3,Clinton,2,4,2
47,38,4,3,3,3.5,3.375,7,5,4,5.333333333,4.266666667,2.7,3,1.333333333,0,1,2,44,1.8,2.25,3.5,0,1,None of the Above,4,5,,,,,,1,Aspergers,10,10,35,45,2,14,2,1,1,20,1,3,,8,1,20,1,1,2,3,neither,1,1,2
56,35,3.5,2.5,4,3,3.25,5.25,6,6.25,5,4.266666667,3.1,2.7,1,4,1.5,3,44,3,3.5,2,0,1,Hillary Clinton,2,3,2,2,2,1,2,2,,0,40,20,40,2,14,1,1,2,22,"3,7",3,,1,1,22,1,1,2,1,Clinton,2,1,2
47,34,4,3,4,2.5,3.375,3.75,6.25,4.25,4.5,3.6,3.2,2.6,1,1,3,3.4,,3,2.5,2.5,0,1,Hillary Clinton,2,1,2,2,2,1,2,2,,20,0,50,30,1,25,1,1,2,20,"2,4",3,,1,1,17,1,1,1,1,Clinton,2,1,2
42,33,4,3,4,3.5,3.625,3.75,5,5,3.5,3.666666667,3.7,3,3,1,1.75,4.1,,3.4,4,3.5,0,1,Hillary,2,2,2,2,2,2,2,2,,10,30,40,20,3,9,2,1,2,19,"3,5,7",3,,4,1,19,1,1,2,3,Clinton,2,1,2
52,33,4,2.5,3,4,3.375,4.25,6,3.5,5,4.333333333,3.6,3,1.666666667,4,1.5,2.7,46,3.2,2.25,2.5,0,1,Clinton,1,3,2,2,2,2,2,2,,0,0,75,25,3,12,1,1,2,19,"2,4",3,,2,1,19,1,1,2,1,Clinton,2,1,2
68,35,4,4,4,3.5,3.875,6.5,5.75,4.25,3.833333333,3,3.1,2.9,1.333333333,1,1.25,3.1,34,2.8,3,3,,1,Hillary Clinton,2,3,2,2,2,1,2,2,,30,30,20,20,3,12,1,1,1,20,"2,4",3,,6,1,20,1,1,2,2,Clinton,2,7,2
63,36,4,4,4,4,4,3,5.5,2.75,4.666666667,2.333333333,3.2,3.7,1,0,1.25,2.7,38,3.6,3,3,0,1,Hillary Clinton,1,2,2,2,2,2,2,1,Auditory Processing Disorder (does that fit under sensory?),0,0,75,25,2,9,1,1,2,19,"2,4",3,,6,1,19,1,1,2,1,Clinton,2,1,2
51,40,4,4,4,4,4,5.25,5.75,7,6,4.533333333,3.2,3.4,1,2,1,2.1,,2.8,2.75,3.5,1,1,Hillary Clinton,2,3,2,2,2,2,2,2,,20,10,40,30,3,11,1,4,2,21,"2,3,6,7",3,,2,1,21,1,1,1,1,Clinton,2,3,2
57,29,4,3.5,3,3.5,3.5,4.5,4.75,2,3.666666667,3,4,2.4,1,2,2.25,2.9,,3.4,4,4,,1,,1,1,2,2,2,2,2,,,30,5,25,40,2,10,1,2,3,18,"2,4,6",3,,1,1,18,1,1,1,,,2,7,2
54,50,4,4,3.5,4,3.875,5.25,5.5,5.75,4.166666667,3.133333333,4.2,3,1,1,2.25,2.8,44,3.6,3.75,4,,1,Bernie Sanders,2,3,2,2,2,2,2,2,,35,20,35,10,4,11,2,2,2,18,"2,3,4,5",3,,3,1,18,1,1,1,1,Sanders,2,7,2
55,30,4,4,2.5,2.5,3.25,5.75,4.25,2.5,2,4.4,2.5,2.9,1,3,1.25,3.6,37,2.6,1.25,4.5,0,1,"Bernie Sanders, but in lieu of him, Hillary Clinton.",1,1,2,2,2,1,2,,,0,0,50,50,1,12,1,2,1,20,"2,6",3,,1,1,20,1,1,2,2,Sanders-Clinton,2,1,2
63,36,4,4,3.5,4,3.875,3.75,6.25,5.5,5.166666667,3.933333333,4.1,2.8,3.333333333,9,1.75,3.6,,3.4,4,4,,1,Clinton,2,3,2,2,2,2,2,,,30,20,30,20,4,16,2,1,1,20,"2,4",3,,6,1,20,1,1,1,1,Clinton,2,7,2
66,31,4,4,4,4,4,4,3.75,2.5,2.833333333,2.533333333,4.6,2.6,1,1,2,3.4,,3.2,3,4,1,1,Hillary Clinton,5,4,2,2,2,2,2,2,,10,10,60,20,3,10,2,1,1,20,"2,4,6",3,,4,1,10,1,1,3,2,Clinton,2,4,2
54,34,4,4,4,4,4,5.25,6,6,4.833333333,2.8,3.7,3.6,2,6,1.5,3.6,,3.6,2.75,3.5,1,1,Hillary Clinton,1,2,2,2,2,2,2,,,20,20,30,30,4,11,1,1,2,18,"3,5",3,,7,1,18,1,1,1,3,Clinton,2,4,2
59,31,3,3,3,4,3.25,6,5.75,6.25,4.833333333,4.4,4.1,3,1.666666667,4,1,2.5,,2.6,2.25,2.5,0,1,Hillary Clinton I guess,3,3,2,2,2,2,2,2,,5,5,75,15,3,14,2,1,1,21,"3,5",3,,6,1,21,1,1,2,1,Clinton,2,1,2
62,34,4,4,4,4,4,5.25,5.25,5,3.833333333,3.133333333,3.6,2.6,2.333333333,4,1.5,3.4,,3.2,3.25,3.5,0,1,Hillary Clinton,4,3,2,2,2,2,2,2,,25,40,25,10,4,12,1,4,2,19,1,3,,8,1,19,1,1,1,1,Clinton,2,1,2
38,0,3.5,2,3,2.5,2.75,6,5.25,7,5.833333333,4.2,2.3,3.4,1,3,1,2.9,,2.8,2,4,,1,Hillary Clinton,3,3,2,2,2,2,2,2,,24,27,21,28,3,10,1,1,1,21,"3,5,7",3,,4,1,21,1,1,2,3,Clinton,2,7,2
54,34,3.5,3,3.5,3.5,3.375,3.25,5.5,3.5,5.666666667,4.466666667,3.5,3.9,3.333333333,4,1.5,2,,3.4,3.5,5,1,1,Hillary Clinton,2,3,2,2,2,2,2,2,,0,0,50,50,1,26,2,1,3,18,"3,5",3,,1,1,17,1,1,2,3,Clinton,2,4,2
57,38,4,4,4,4,4,5,6.5,6.75,5.666666667,4.133333333,3.6,3.2,3.333333333,8,2,3.2,36,4.2,4,5,0,1,Hillary Clinton,4,4,2,2,2,2,2,1,Prosopagnosia,0,0,40,60,2,12,1,1,2,20,"3,5",3,,5,1,20,1,1,2,1,Clinton,2,1,2
54,31,2.5,3.5,4,3.5,3.375,5.25,6,6,5.333333333,3.066666667,3.6,3,2,1,2.5,3.3,42,2.6,3.25,2,,1,Clinton,2,2,2,2,2,2,2,2,,10,20,40,30,4,11,2,2,2,19,"3,7",3,,2,1,19,1,1,2,3,Clinton,2,7,2
67,39,3.5,3,4,4,3.625,5.5,6.25,5.75,4.5,2.533333333,4.5,2.9,4,1,1.75,2.5,,4.4,5,5,0,1,Gary Johnson,5,3,2,2,2,2,2,2,,20,5,25,50,3,9,1,1,1,18,3,3,,7,1,18,1,1,5,5,Johnson,2,1,2
60,33,4,4,3,3.5,3.625,4.5,6.25,5.75,4.166666667,1.866666667,3,3.5,3,8,2.25,4.1,36,2.8,4,4,,1,Clinton,4,2,,,1,1,,,,10,15,45,30,2,16,3,1,3,19,"3,5,7",3,,5,1,19,1,1,1,2,Clinton,1,7,2
59,31,4,4,4,3.5,3.875,5,4.75,3.5,4.166666667,2.533333333,4.9,2.9,3,3,1.25,3.3,,2,2.5,1,1,1,Hillary Clinton,2,4,2,2,2,2,2,2,,15,30,20,35,3,14,1,1,1,20,1,3,,1,2,,1,1,3,1,Clinton,2,6,2
79,34,1.5,4,2.5,3,2.75,4.5,5.75,4,2,3.333333333,4.3,2.5,1.333333333,8,2.25,4,29,3.6,2.25,4,0,1,Hillary Clinton,5,3,2,2,2,1,2,2,,25,25,35,15,5,10,1,2,2,18,"3,5,7",3,,5,1,3,1,1,1,3,Clinton,2,1,2
62,31,4,4,4,4,4,3.75,5,5.5,2.833333333,2.6,3.6,2.1,1.333333333,1,4.5,4.1,37,4.2,3,4,1,1,Jill Stein,2,2,2,2,1,2,2,2,,10,10,30,50,2,11,2,1,1,18,"3,5,7",3,,1,1,1,1,1,1,3,Stein,2,4,2
57,37,2.5,2,3,3,2.625,5.5,3,4.5,5,3.6,1.8,3.4,1,3,2.25,2.6,34,1.4,1.5,3,,1,"If by support you mean ""vote"" then Gary Johnson, if by ""hope they win"" then Clinton",3,5,2,2,2,2,2,2,,0,0,50,50,2,26,3,1,1,18,"3,5,7",3,,8,1,6,1,1,4,4,Johnson-Clinton,2,7,2
48,32,4,4,4,4,4,5.25,5,5.5,4.833333333,3.466666667,2.6,3,2,4,1.25,3.3,,2.8,2.75,3.5,1,1,Hilary Clinton,2,3,2,2,2,2,2,2,,5,5,60,30,1,14,3,1,2,20,"3,5,7",3,,1,2,,1,1,2,3,Clinton,2,4,2
48,35,4,4,4,4,4,6.25,6,6.75,2.166666667,2.8,3.8,2.4,1,1,1.75,3.9,27,3.2,2,4,0,1,Jill Stein,1,1,1,2,2,1,1,2,,10,10,40,40,3,26,1,1,2,18,"2,3,5,6",3,,6,1,18,1,1,1,3,Stein,1,1,2
50,41,3,3.5,4,4,3.625,5.75,5.25,6,6,4.4,3.6,3.2,1,1,1,2.6,36,2.4,2.5,2,0,1,Hillary Clinton,1,3,2,2,2,2,2,1,Possible learning disability,0,0,75,25,1,19,1,1,2,19,6,3,,3,1,19,1,1,2,1,Clinton,2,1,2
54,41,4,3.5,3.5,4,3.75,6,3,6,5.166666667,3.333333333,3.3,3,2.666666667,5,1.25,3.4,31,2.6,2.75,2.5,,1,"Hillary Clinton (I was more of a Bernie supporter at first. After Hillary won the nomination, though, I was and am happy to support her).",4,4,2,2,1,1,1,2,,25,25,35,15,3,14,1,2,2,20,1,3,,7,1,20,1,1,2,1,Sanders-Clinton,1,7,2
58,43,3.5,3.5,3.5,3.5,3.5,6.5,6.25,7,2.166666667,2.8,2.8,3.1,4,2,3.5,4.2,42,2.8,3,3,1,1,Clinton,1,4,2,2,2,1,2,2,,10,0,70,20,4,10,1,1,2,18,1,3,,1,2,,1,1,5,4,Clinton,2,4,2
64,33,4,4,3.5,4,3.875,5.5,6.5,7,5.166666667,2.533333333,4.4,2.6,2,1,1.25,3.6,37,3.2,1.75,3,0,1,Hillary Clinton,2,2,,,1,1,,,,40,0,30,30,4,9,2,1,2,19,"2,4,6",3,,6,1,19,1,1,1,2,Clinton,1,1,2
62,35,4,2.5,4,3.5,3.5,6.25,5.75,5,5,3.533333333,4.1,2.5,3,5,2.25,3.1,55,3.6,3,4,0,1,Hillary Clinton,1,1,2,1,2,1,2,2,,10,25,35,30,4,11,1,1,3,20,"2,4,6",3,,6,1,20,1,1,2,1,Clinton,1,1,2
57,32,3,4,3,3.5,3.375,1.5,4.75,5.75,3.166666667,3,3.7,2.9,2.666666667,0,3,4.1,38,1.4,1,4,1,1,Hillary Clinton... Bernie Sanders isn't an option this year,1,1,2,1,2,1,1,,,10,20,40,30,1,17,3,2,3,20,"2,3,6",3,,2,1,20,1,1,1,2,Sanders-Clinton,1,3,2
51,39,3,3,2.5,3,2.875,5.5,6,7,2.666666667,2.666666667,3.5,3.5,1.333333333,0,1.25,3.3,,3,3,2.5,,1,Jill Stein,2,2,2,2,2,2,2,2,,0,0,15,85,1,14,1,2,2,21,"2,3,4,6,7",3,,4,2,,1,1,1,4,Stein,2,7,2
61,33,3.5,4,3.5,3.5,3.625,3.75,3.75,6.5,3.166666667,5.066666667,4.5,3.4,7,11,2.25,3.5,,2,2.75,1,0,1,Trump,1,3,2,2,2,2,2,2,,40,20,30,10,4,20,2,2,1,22,"2,3,4,5",3,,2,1,21,1,1,6,6,Trump,2,1,2
49,38,2,4,4,2.5,3.125,1.5,5,3.25,2.333333333,2.4,3.4,2.7,4,5,1.25,3.9,31,3,3.75,4,0,1,Clinton,1,1,2,2,2,1,2,2,,0,0,50,50,1,25,2,1,3,19,,3,,2,1,19,1,1,1,3,Clinton,2,1,2
62,35,3,3,3,3.5,3.125,5.25,4.25,4.25,4.5,3.666666667,2.7,3.6,1.333333333,4,1.5,2.4,,2.2,2,2.5,1,1,Clinton,3,3,2,2,2,2,2,,,30,30,15,25,5,10,4,1,1,19,2,3,,7,1,19,1,1,3,3,Clinton,2,4,2
53,34,2.5,4,2.5,3.5,3.125,1.75,5.5,6,2.5,3.466666667,3.1,2.8,4.666666667,1,1.5,3.6,,2,2.75,2.5,1,1,Hilary Rodham Clinton,1,3,2,1,2,2,2,2,,0,0,50,50,1,9,1,1,2,18,"2,6",3,,8,1,17,1,1,2,2,Clinton,2,4,2
63,37,3,3.5,3,4,3.375,3.5,5.75,7,3.666666667,2.8,2.4,3,2.666666667,7,1,3.7,27,4.2,3.25,3.5,1,1,Hilary Clinton,4,2,2,2,2,1,2,,,20,0,30,50,2,19,1,2,2,19,"2,4,6",3,,2,1,18,1,1,2,3,Clinton,2,4,2
47,36,3.5,3.5,3.5,4,3.625,6,5,6.75,5,3.333333333,4.1,2.9,5,3,1,3.8,39,2.4,2.25,4,,1,Hillary Clinton,3,4,2,1,2,1,2,2,,10,15,30,45,3,26,1,1,2,21,"3,5",3,,1,1,21,1,1,3,1,Clinton,2,7,2
65,34,3.5,4,4,3.5,3.75,3.75,7,7,1.833333333,4.333333333,3.9,2.8,4.333333333,3,1,3.7,35,2.4,2.5,3.5,1,1,Hilary Clinton,3,4,2,2,2,2,2,,,0,0,40,60,3,16,2,1,2,22,1,3,,1,1,5,1,1,2,4,Clinton,2,4,2
44,33,2,4,3.5,3,3.125,5.5,5.5,7,3.666666667,2.8,4,2.7,1.333333333,4,1,3.1,38,2.4,3.75,5,,1,Hillary Clinton,2,2,2,1,2,1,2,2,,0,0,50,50,3,19,1,1,2,21,"2,4,6",3,,1,1,21,1,1,1,1,Clinton,2,7,2
39,31,3.5,4,3,2.5,3.25,4,2.25,4.5,2.166666667,3.733333333,3.4,2.9,7,12,2,2.8,34,1.8,3.5,4,0,1,Hillary,1,5,2,2,1,2,2,2,,10,5,25,70,4,14,1,1,3,20,"2,4,6",3,,8,1,20,1,1,1,1,Clinton,1,1,2
52,42,3.5,4,4,3,3.625,5.5,5.75,7,6,4.666666667,1.2,3.6,1,6,1,3.3,,2.2,3.25,4,1,1,Neither,5,5,2,2,2,2,2,2,,40,0,60,0,3,9,2,1,2,18,3,3,,7,1,18,1,1,6,3,neither,2,4,2
65,34,4,3.5,4,4,3.875,5.5,6,6.5,6.166666667,3.733333333,2.5,4,2,3,2.75,2.8,,3.8,3.25,4,0,1,Hillary Clinton,2,3,2,2,2,2,2,2,,20,20,40,20,3,16,1,1,2,18,5,3,,8,1,18,1,1,2,1,Clinton,2,1,2
57,36,3.5,2.5,4,3,3.25,6.75,6.75,7,4.5,2.733333333,3.3,2.7,3.666666667,6,1,2.7,46,3,3.25,5,0,1,Bernie,3,3,2,2,2,1,2,2,,40,10,30,20,3,12,2,2,2,21,"3,6",3,,1,1,21,1,1,2,3,Sanders,2,1,2
46,40,2,4,2,3.5,2.875,6.5,7,1,1.166666667,2.066666667,3.2,4,3.333333333,1,2.5,2.3,27,2.6,1,1,1,1,"Hilary Clinton, I guess.",1,1,2,2,2,2,1,,,0,0,50,50,1,26,4,2,1,23,"2,4",3,,3,1,23,1,1,1,3,Clinton,1,6,2
55,32,4,4,4,3,3.75,1.5,3.75,3.5,1.666666667,1.466666667,4,2.7,7,13,1.75,4.3,,2.6,5,5,,1,Hillary Clinton,5,5,2,2,2,2,2,2,,0,0,75,25,1,19,1,2,2,18,3,3,,7,1,18,1,1,2,3,Clinton,2,8,2
61,36,3,3,3,4,3.25,5.75,5.75,5.25,4.166666667,3.866666667,3.6,2.8,2,1,1,2.6,42,3,2.25,2,0,1,Hillary Clinton,2,3,2,2,2,2,2,,,0,0,55,45,3,14,2,1,1,19,1,3,,1,1,19,1,1,2,2,Clinton,2,1,2
57,41,3.5,2.5,2.5,4,3.125,7,3.75,4.25,5.833333333,4.6,2.4,3.6,1,2,1.5,2.3,53,3,3.25,3,0,1,Hillary Clinton,1,3,2,2,2,1,2,2,,10,35,15,40,3,11,1,1,2,18,"2,3,4,5,6",3,,4,1,18,1,1,3,2,Clinton,2,1,2
51,31,4,4,4,3.5,3.875,6,5,3.5,2.666666667,3,4.6,2.3,1,3,2,3.9,48,3.8,4,5,0,1,Hillary Clinton is the only pragmatic choice if I care about the human rights of myself and people like me.,1,1,2,1,1,1,2,2,,20,0,40,40,2,17,1,1,2,19,"2,4",3,,8,1,15,1,1,1,1,Clinton,1,1,2
68,40,4,4,4,3,3.75,5.5,4.75,1.5,3.833333333,3.733333333,4.4,3.4,1.333333333,1,1,3.5,28,3.4,1.5,1.5,,1,Hillary Clinton,3,2,2,2,2,1,1,2,,10,10,65,15,3,8,1,2,2,18,2,3,,3,1,17,1,1,2,2,Clinton,1,7,2
66,41,3,4,2,4,3.25,5.25,5.75,7,3.833333333,3.066666667,3.8,2.9,3.333333333,4,1.5,3.5,,2.4,3.25,4,0,1,Hilary Clinton,4,4,2,2,2,2,2,,,60,20,10,5,5,12,2,1,2,21,"3,5,7",3,,1,1,20,1,2,2,2,Clinton,2,1,2
54,37,3.5,3.5,3,4,3.5,6,6.25,6,5.5,4.6,4.1,3.3,4.666666667,8,1.25,2.4,,3.2,2.75,4,0,1,Hillary Clinton,4,3,2,2,2,2,2,,,30,30,30,10,4,12,1,2,2,21,1,3,,5,1,21,1,2,2,2,Clinton,2,1,2
57,32,3.5,4,4,3,3.625,4,5,5,2,2.866666667,3.6,2.7,5,3,1,3.6,,2.8,3.5,1,,1,Hillary Clinton,1,2,2,2,2,2,2,2,,0,0,75,25,2,14,1,2,2,19,"2,3,4,5,6,7",3,,2,1,19,1,2,2,1,Clinton,2,7,2
67,35,2.5,4,3,4,3.375,5.5,6.5,7,2.5,2.266666667,3.6,2.4,2,0,1.25,3.4,21,2.6,2.75,5,0,1,Hillary Clinton,3,3,2,2,1,1,2,,,10,0,60,30,2,14,1,1,2,22,"2,3,4,5",3,,1,1,22,1,2,2,1,Clinton,1,1,2
57,35,3.5,3,4,4,3.625,6,6.25,6,4.166666667,4.4,4.3,2.9,2.333333333,2,1.25,2.9,,3.6,3.75,2.5,1,1,Hillary Clinton,3,4,2,2,2,2,2,2,,35,35,15,15,4,7,2,2,2,19,"3,7",3,,5,1,19,1,2,3,2,Clinton,2,3,2
58,34,3,3.5,4,3,3.375,6.25,5.75,4.25,2.166666667,2.466666667,3.4,2.5,3.333333333,2,2,3.9,28,2.4,3,3,0,1,Hillary Clinton,3,3,2,2,1,1,2,,,20,10,50,20,2,14,2,1,2,20,"2,4,6",3,,8,1,20,1,2,2,3,Clinton,2,1,2
60,34,4,4,4,4,4,6.25,6.25,6.5,3.333333333,2.666666667,3.8,3.7,3.666666667,5,1.5,4.1,,3.2,2.5,3,0,1,Hillary Clinton,3,3,2,2,2,2,2,2,,33,0,33,34,4,14,2,1,1,22,"3,5",3,,7,1,20,1,2,2,1,Clinton,2,1,2
68,36,4,3.5,4,4,3.875,1.25,3.75,4.75,2.333333333,3.133333333,3.7,3.1,1,1,3.75,3.1,,2.8,2.5,2.5,1,1,Evan McMullin,3,4,2,2,2,2,2,2,,15,25,25,35,3,11,2,1,2,19,"2,3,4,5",3,,7,1,11,1,2,2,3,McMillan,2,4,2
68,39,4,4,3.5,4,3.875,7,6.25,7,4.333333333,3.2,3.4,2.9,5.666666667,2,1,3.5,43,4.8,5,5,1,1,Hillary Clinton,5,4,1,,,,,,,20,15,45,20,2,6,3,2,2,19,"2,7",3,,1,1,19,1,2,,,Clinton,2,3,2
66,36,3.5,3.5,3,4,3.5,5.25,5.5,5,5.5,2.866666667,2,3.5,5.333333333,10,1,2.6,34,4,3.5,5,0,1,Donald Trump,4,4,2,2,2,2,2,,,25,35,30,10,4,12,4,1,1,20,"1,3",3,,6,1,20,1,2,6,6,Trump,2,1,2
47,38,2.5,4,3.5,2,3,4.25,4.5,4.5,1.166666667,3.933333333,3.3,2.5,1.333333333,1,1.25,4.1,16,1,1,1,1,1,None,2,2,,1,,,,1,Epilepsy,0,0,50,50,2,17,1,1,1,27,3,3,,4,1,27,1,2,3,3,neither,1,2,2
65,39,3.5,4,3.5,4,3.75,4,5.75,3.25,4.333333333,3.533333333,2.4,2.7,1,1,1.5,2.5,,3,1.75,3.5,,1,ben carson,4,3,2,2,2,2,2,2,,10,10,60,20,1,10,2,1,2,19,"2,3,6,7",3,,3,1,19,1,2,5,5,BenCarson,2,7,2
64,40,4,2,3.5,4,3.375,3.25,6,1.75,3.5,2.933333333,2.6,3.8,2.666666667,1,3.75,1.7,,2.8,3,5,1,1,,1,5,2,2,1,1,2,2,,10,35,40,15,3,26,5,1,1,26,2,3,,1,1,26,1,2,5,,,1,3,2
77,28,2.5,3,4,3.5,3.25,5.25,6,6.5,5.166666667,4.333333333,2.6,2.7,4.666666667,10,3.5,2.7,,2.8,2.25,4,1,1,None,5,5,2,2,2,2,2,2,,25,30,30,15,4,14,1,4,1,18,"2,3,6,7",3,,6,1,7,1,2,5,3,neither,2,3,2
68,47,2.5,2,3,2.5,2.5,7,5.5,5.5,4.666666667,3.6,1.9,3.5,5,3,1.75,2.1,,1.4,1,1,1,1,Stein,5,4,2,2,2,2,2,2,,15,10,60,15,3,9,2,1,1,26,"4,5",3,,3,1,26,1,2,4,3,Stein,2,3,2
67,34,3,3,4,4,3.5,5.25,3.5,7,4.333333333,3.2,2.7,3,3,4,2,3.6,,4.2,3.75,3,1,1,clinton,1,3,2,2,2,2,2,2,,20,40,30,10,3,26,2,1,2,18,"2,4",3,,1,1,18,1,2,1,3,Clinton,2,3,2
39,32,4,3,4,3.5,3.625,6.5,4,6,4.333333333,3.733333333,2.8,2.8,1.333333333,7,3.25,3,50,3.8,3.25,3.5,0,1,I was not sure who to vote for.,5,3,2,2,1,2,2,,,25,25,25,25,4,26,1,1,1,18,4,3,5,7,1,18,1,2,,5,dontknow,2,1,2
68,48,3,3,2.5,1.5,2.5,2.75,4,3.75,3.333333333,3.266666667,2.1,2.6,5,2,2.25,3.1,41,2.2,2,4,0,1,Donald Trump,5,4,1,1,2,2,2,,,15,40,25,20,3,10,2,2,1,26,4,1,4,3,1,26,1,2,,4,Trump,1,1,2
78,34,4,3,3.5,3,3.375,7,7,7,6.333333333,4.8,3.8,3.1,1,0,1.75,2.5,,2.2,1,1.5,,1,Hillary Clinton,2,3,2,2,2,2,2,2,,30,30,15,25,3,9,2,1,1,19,"5,7",3,,2,1,19,1,2,,2,Clinton,2,7,2
61,33,4,2,3.5,3.5,3.25,6.75,7,7,4.166666667,4.666666667,3.9,2.5,3,4,1.5,2.7,,3.4,2.5,3,1,1,none,4,4,2,2,2,2,2,2,,10,20,20,50,3,11,1,1,2,18,"2,6",3,,4,1,18,1,2,,4,neither,2,3,2
56,48,3.5,4,4,4,3.875,2.5,6.5,5,3,3.466666667,3.6,2.6,3,2,1.5,3,,4,4,3,1,1,Clinton,4,3,1,2,2,2,2,2,,10,10,60,20,2,9,4,1,1,18,"2,4",3,,4,1,18,1,2,,,Clinton,2,4,2
69,32,3.5,4,4,3.5,3.75,4.5,6,5.5,3,2.866666667,2.6,3,5.333333333,9,2.5,3.7,,3.2,3.5,4,,1,Hilary Clinton,5,4,,,,,,,,30,10,30,30,4,6,2,1,1,18,"2,4",3,,7,1,18,1,2,2,2,Clinton,2,7,2
43,33,3.5,4,2.5,4,3.5,3,3.75,3.5,1.333333333,3.133333333,3.7,2.5,3,3,1,4.2,21,3.4,3.25,4,0,1,Hillary Clinton,2,1,2,2,2,1,2,2,,30,30,0,40,4,11,1,1,1,19,"2,3,4,5,6,7",3,,8,1,19,1,2,1,2,Clinton,1,1,2
70,40,3.5,4,2,3.5,3.25,1.25,1,1,2.166666667,4,2.2,3.1,1,2,1.25,3,,1,1,1,1,1,Hillary Clinton,2,3,2,2,2,2,2,2,,25,25,25,25,3,15,3,2,1,28,6,3,,3,1,28,1,2,2,3,Clinton,2,3,2
51,36,3.5,3,3.5,3.5,3.375,7,6,5.75,5.333333333,4.466666667,3.3,3.1,2.333333333,4,1.75,2.1,,2.4,1,4,1,1,Gary Johnson,2,4,2,2,2,2,2,2,,15,15,60,10,4,12,2,1,1,18,5,3,,7,1,18,1,2,4,3,Johnson,2,3,2
77,41,4,3,4,4,3.75,3.5,4.5,4,4.666666667,3.4,3.4,3.7,1.666666667,8,4.75,2.8,42,3.8,3.75,3,1,1,,2,4,2,2,2,2,2,2,,35,40,20,5,4,8,5,2,2,20,"4,5,6,7",3,,5,1,20,1,2,,,,2,3,2
36,44,3.5,3,4,3.5,3.5,7,7,2.5,6.666666667,4.666666667,2.7,3.8,4,5,1.5,2.9,,4,4.25,4,1,1,N/A,4,5,2,2,2,2,2,,,40,40,180,90,2,14,1,2,1,20,"2,3,6,7",3,,3,1,20,1,2,6,4,na,2,2,2
66,42,2.5,4,4,3.5,3.5,5.75,6.5,7,4.333333333,4.266666667,2.3,3.4,3.666666667,2,1,3.3,,1.2,1,3.5,1,1,Hilary Clinton,2,3,2,2,2,2,2,2,,30,30,30,10,4,9,5,2,2,19,"2,3,4,5,6,7",3,,3,1,19,1,2,,,Clinton,2,2,2
68,46,4,3.5,4,3.5,3.75,5.25,2.75,5.75,3.333333333,3.6,3.3,2.9,1.666666667,0,2.5,3.5,34,2.2,2.5,3.5,1,1,Hillary,5,4,2,2,2,2,2,,,25,20,40,15,4,9,3,1,2,20,"4,5,6,7",3,,4,1,11,1,2,4,2,Clinton,2,3,2
68,35,3,2.5,3.5,3.5,3.125,6.5,6,6.5,5.333333333,3.866666667,2.5,2.9,2.333333333,5,1.5,2.5,52,3.6,4.25,5,0,1,trump,3,3,2,2,2,1,2,2,,30,30,30,10,4,10,2,1,2,19,5,3,,1,1,19,1,2,,5,Trump,2,1,2
60,46,3.5,3,4,4,3.625,6.75,6.75,6.25,5.833333333,4.466666667,3,3.6,1,1,1,2.6,34,2.2,2.25,3,,1,Hillary Clinton,4,5,2,2,2,2,2,2,,30,30,25,15,4,9,5,1,1,19,"2,4",3,,2,1,19,1,2,4,3,Clinton,2,7,2
74,40,3.5,3.5,4,4,3.75,5.5,6,6,5.5,4.666666667,3.3,3.7,1,6,3.25,2.4,,2.2,1.5,2,1,1,Hillary Clinton,5,5,2,2,2,2,2,2,,25,25,25,25,3,9,2,1,2,22,"3,5,7",3,,5,1,22,1,2,3,3,Clinton,2,3,2
73,37,3,4,3.5,3.5,3.5,3.25,7,5.25,2.166666667,3.533333333,4.1,2.9,3,1,1,3.9,42,4,4.5,1.5,1,1,Neurtal,5,4,2,2,2,2,2,2,,40,30,15,15,5,11,5,2,1,19,"2,3,4,5,6",3,,1,1,19,1,2,,,neither,2,4,2
68,38,4,3,4,4,3.75,5.5,6.25,6.25,6,4.533333333,1.9,3,2.666666667,2,1.25,2,,2.6,3.75,3,1,1,,3,4,2,2,2,2,2,,,10,20,50,20,2,14,1,2,2,19,"4,5,7",3,,6,1,19,1,2,4,3,,2,6,2
63,39,3.5,4,4,4,3.875,2,4.5,7,3.666666667,5.133333333,3.3,3.3,1,2,2,4,,1,1,1,0,1,HIlary Clinton,4,4,2,2,2,2,2,2,,35,25,30,10,4,4,3,4,2,19,"2,3,4,5,6,7",3,,5,1,19,1,2,4,5,Clinton,2,1,2
69,33,4,3,3.5,3,3.375,5,5.75,4,3,3.6,2.6,2.8,3.666666667,3,1.75,2.4,42,3.4,4.25,4,1,1,none,5,4,2,2,2,2,2,2,,15,15,45,25,4,10,3,1,2,19,"2,3,4,5",3,,1,1,19,1,2,,4,neither,2,4,2
68,38,3.5,4,3.5,4,3.75,5.75,5.5,5,4.666666667,4.533333333,2.5,2.8,1.333333333,1,1.5,3.3,42,2.6,1.75,3.5,1,1,hilary,4,2,2,2,2,2,2,2,,15,20,45,20,3,11,3,2,1,18,"2,3",3,,4,1,18,1,2,4,4,Clinton,2,3,2
76,45,4,4,4,4,4,5.75,6.75,4.75,4.833333333,5.133333333,3.7,3.8,1,1,1,3.2,,4.4,2.75,2,1,1,Hillary,5,5,2,2,2,2,2,2,,20,30,50,0,3,6,2,1,2,21,"4,5",3,,2,1,21,1,2,2,3,Clinton,2,3,2
73,39,4,3.5,3,3.5,3.5,7,4.75,1.75,6.5,4.266666667,1.9,3.1,3.333333333,3,1,2,42,3,3,4.5,1,1,Hillary Clinton,1,4,2,2,2,2,2,2,,30,30,20,20,3,15,1,1,2,20,3,3,,3,1,20,1,2,4,4,Clinton,1,3,2
54,50,4,3,4,4,3.75,6,6,7,4.833333333,3.866666667,1.3,3.5,5.333333333,10,2,2.6,34,2.2,2.5,4,,1,Hillary,4,5,2,2,2,2,2,2,,10,10,50,30,2,14,1,4,1,25,1,3,,3,1,25,1,2,2,3,Clinton,2,8,2
75,50,4,3,4,3.5,3.625,6,5.25,7,6.166666667,4.866666667,2.4,3.6,1,4,1,2.3,,1,1,1,,1,neither,5,5,2,2,2,2,2,2,,5,30,45,20,2,10,1,2,2,26,"2,3,4,5,6,7",3,,2,1,26,1,2,4,3,neither,2,7,2
58,35,3.5,3,3.5,3,3.25,6.5,5,6,3.166666667,4.866666667,2.9,2.7,1.666666667,0,1.5,2.9,48,3.4,4.75,2,1,1,Bernie Sanders,2,3,2,2,2,2,1,,,30,15,40,10,4,9,2,1,2,19,"2,4,6",3,,7,1,19,1,2,2,2,Sanders,2,2,2
71,43,3,2.5,4,3,3.125,2.75,4,6,4.666666667,5.6,2.7,3.3,1,0,1,2,,1,1,1,1,1,None,4,4,2,2,2,2,2,2,,25,25,25,25,3,9,3,2,2,26,"2,3,7",3,,5,,26,1,2,4,,neither,2,3,2
68,33,4,4,4,4,4,4.25,4,2,2,4.2,2.6,3,4,0,2,3,,1,1.75,1,1,1,None,4,3,2,2,,2,2,2,,30,20,30,20,4,14,3,1,1,20,"2,4,6",3,,4,1,20,1,2,3,3,neither,2,3,2
72,47,3.5,3,4,2,3.125,7,6.25,7,5.833333333,4.466666667,2.1,3.7,1,3,1,2.6,42,2.4,2,4,1,1,Hilary Clinton because she seemed like the better option.,3,3,2,2,2,2,2,2,,100,0,100,80,4,9,2,1,2,27,"2,3,4,5",3,,4,1,19,1,2,4,,Clinton,2,3,2
72,41,4,3.5,4,3.5,3.75,7,6.25,7,3.666666667,3.666666667,3.7,3.6,1.666666667,3,2.75,3.2,,3.4,2.75,2.5,1,1,Hillary Clinton,4,3,2,2,2,2,2,2,,5,5,80,10,3,19,2,1,1,25,"2,3,4,5,6,7",3,,3,1,25,1,2,4,1,Clinton,2,3,2
65,42,4,4,4,4,4,5,4.75,3,2.166666667,4.466666667,3.8,3.1,3,4,2,3.4,50,3.6,4,5,0,1,I voted for HRC.,1,1,,,,1,,,,0,0,50,50,1,14,3,2,2,22,3,3,,4,1,22,1,2,2,1,Clinton,1,1,2
70,44,3.5,4,4,3,3.625,7,5.5,7,4.166666667,2.333333333,2.2,3.6,3.333333333,4,1.5,3.4,,3,4.5,5,1,1,none,4,5,2,2,2,2,2,,,20,10,40,30,3,12,3,2,2,24,3,3,,1,1,24,1,2,4,4,neither,2,3,2
69,51,2.5,2.5,1,1,1.75,7,7,7,5.5,5.733333333,1.7,3.3,1,1,1.5,2.5,,1.8,1,2,1,1,,4,4,2,2,2,2,2,2,,50,30,10,10,2,7,5,1,2,38,4,3,,3,1,28,0,2,7,,,2,3,2
36,38,4,4,4,4,4,2.75,3.5,3.5,7,2.933333333,3.1,2.4,4,6,2.75,3.1,,3.6,2.75,1.5,1,1,hilary clinton,5,5,2,2,2,2,2,2,,5,20,65,10,2,2,5,1,1,24,"3,6,7",3,,2,1,11,1,2,1,1,Clinton,2,2,2
72,41,3.5,4,4,3.5,3.75,7,7,5.5,6,4.866666667,2.8,3.6,1,2,1,2,,3.2,1.75,2,1,1,Hilary,4,5,2,2,2,2,2,2,,30,40,20,10,3,14,2,1,2,20,"2,4,6",3,,4,1,3,1,2,,,Clinton,2,3,2
72,37,3,4,4,3.5,3.625,4,4.25,5,3.166666667,3.133333333,3.9,2.9,2,4,3,3.2,,3.8,3.25,5,0,1,Donald Trump,5,4,2,2,2,2,2,2,,35,10,30,25,5,11,3,2,2,25,1,3,,3,1,25,1,2,6,6,Trump,2,1,2
76,45,4,3.5,4,4,3.875,7,7,4.75,4,5,2.9,3.8,1,4,1.25,2.4,,1.2,2.5,2,,1,Niether of the two front runners,1,2,,,,,,,,30,30,20,20,4,12,1,1,1,23,"3,7",3,,6,1,23,1,2,1,1,neither,2,7,2
69,37,3,4,4,4,3.75,5.25,3,4.5,3.833333333,4.4,3,3.4,1.666666667,6,1.5,3.9,,3.4,4.25,5,1,1,Bernie Sanders,5,4,2,2,2,2,2,2,,70,80,100,100,3,24,1,1,2,19,5,3,,4,1,19,1,2,1,2,Sanders,2,3,2
73,39,3.5,2,3.5,3.5,3.125,1,4.5,4.5,4.333333333,4.666666667,1.5,4,4,4,3,2.5,42,2.2,3.5,3.5,,1,Donald J Trump,5,5,2,2,2,2,2,2,,30,45,20,5,3,7,5,1,1,21,"2,3",3,,3,1,21,1,2,6,6,Trump,2,8,2
65,31,3.5,3,4,4,3.625,3.25,4,2,4.333333333,2.666666667,2,3.2,1.333333333,3,2,3,42,1,1,1,,1, I didn't support either of the main candidates. I could not support some of their beliefs,2,4,2,2,2,2,2,,,10,50,25,15,2,9,1,2,2,20,3,3,,2,1,20,1,2,4,4,neither,2,8,2
69,40,4,3.5,3.5,3.5,3.625,6.25,4.75,5.75,5,4,2.4,3.1,2,5,1.25,2.5,,3.4,2.5,3.5,1,1,Hillary,4,5,2,2,2,2,2,2,,15,15,50,20,3,9,3,1,1,18,"2,3,4,5,6",3,,5,1,18,1,2,,,Clinton,2,3,2
73,36,3,3.5,4,3,3.375,5.75,3.25,6,4,3.133333333,3.7,3.8,1,2,1.75,3.3,42,3,4,3.5,0,1,Hilary Clinton,4,4,2,2,2,2,2,2,,20,20,50,10,3,26,1,2,1,29,3,3,,2,1,29,1,2,2,1,Clinton,2,1,2
52,32,3,3,4,3.5,3.375,5.25,5,5.75,4.833333333,3.466666667,3.3,2.8,4.333333333,4,2.5,2.6,,3.6,3.5,5,,1,"Rand Paul at first,then shifted to Gary Johnson",5,4,2,2,2,2,2,2,,25,30,30,15,4,7,3,4,1,19,"2,3,6",3,,3,1,1.8,1,2,5,5,Johnson,2,7,2
80,39,4,3.5,4,3.5,3.75,7,3.25,3.75,4.166666667,4.6,2.6,3.2,1,4,4,2.7,,4.6,4.75,3,1,1,Bernie Sanders,4,5,2,2,2,2,2,2,,40,30,20,10,4,9,1,1,2,18,"2,6",1,1,3,1,18,1,2,2,4,Sanders,2,3,2
69,34,4,3.5,4,4,3.875,7,7,3,4.166666667,4,4,2.9,1,2,1,2.1,,2,3.75,3.5,,1,,4,4,2,2,2,2,2,,,15,15,30,40,4,10,2,2,2,18,"2,3,4,5,6",3,,1,1,18,1,2,2,3,,2,8,2
60,36,4,4,3.5,4,3.875,5.75,6.75,6.75,4.666666667,3.933333333,3.1,3,1,2,2.5,4.1,,3.4,3.5,3.5,1,1,Hilary Clinton,3,3,2,2,2,2,2,2,,25,25,25,25,5,12,2,1,1,23,"5,7",3,,5,1,23,1,2,3,3,Clinton,2,3,2
69,33,4,3.5,3.5,3.5,3.625,5,4,6.25,3.833333333,3.2,2.4,3.3,1.333333333,4,1.5,3.3,,3.8,4,3,1,1,Hillary Clinton,5,5,2,2,2,2,2,2,,25,30,30,15,4,12,2,1,2,18,"2,4,6",3,,2,2,,1,2,3,5,Clinton,2,3,2
70,34,4,3,4,4,3.75,6,4,5.25,5.5,4.8,3.9,3.5,3.333333333,3,1.75,2.1,45,3.2,3.75,4.5,1,1,Hillary Clinton,5,4,2,2,1,2,2,2,,25,25,25,25,5,12,5,1,1,18,"2,3,4,5",3,,5,1,18,1,2,5,4,Clinton,1,3,2
71,54,4,4,4,4,4,4.75,6,5,2.833333333,5.266666667,2.9,3.7,1,3,1.5,3.2,,2.4,2,4,1,1,neither,4,4,1,2,2,2,2,2,,30,30,30,10,3,19,1,1,2,33,"2,4,6",3,,4,1,33,0,2,,,neither,2,4,2
77,35,4,4,4,3.5,3.875,6,6,5.75,4.5,2.733333333,3.8,2.9,2,2,2,3,40,2.2,2.75,3,1,1,Clinton,4,5,2,2,2,2,2,,,80,100,100,60,3,11,2,1,2,21,"3,5",3,,4,1,21,1,2,4,3,Clinton,2,3,2
71,39,4,4,4,3.5,3.875,3.25,6,7,2.666666667,3.866666667,3.2,3.1,3.666666667,8,2,3.9,35,2.6,1.25,2,,1,Clinton,4,5,2,2,2,1,2,2,,20,50,15,15,4,8,4,1,1,19,"2,4,6",3,,2,1,19,1,2,2,2,Clinton,2,7,2
64,36,4,3.5,3,3.5,3.5,2.25,6.75,6.75,2.5,2.533333333,3.6,3.1,4.333333333,4,2,3.8,58,2,2.5,2.5,,1,Clinton,4,2,2,1,2,2,2,2,,50,25,5,20,4,12,2,1,1,21,"2,4,6",3,,2,1,21,1,2,,,Clinton,2,7,2
56,32,4,3.5,4,4,3.875,4.75,4.75,5.75,3.833333333,2.666666667,2,2.9,5,3,1.5,2.7,,3.4,3.75,4,,1,none,2,3,2,2,2,2,2,,,10,10,50,30,2,9,2,1,2,19,"2,3",3,,1,1,19,1,2,,,neither,2,8,2
77,56,4,4,4,3.5,3.875,7,6,6.75,6,3.066666667,3.2,3.8,1,5,1.75,3,50,2.8,3.75,3,1,1,clinton,5,5,2,2,2,2,2,2,,85,99,99,50,2,11,2,1,2,20,"2,3,4,5,6,7",3,,1,1,20,1,2,3,2,Clinton,2,3,2
68,32,4,4,4,3.5,3.875,5.25,5.75,4.5,4.666666667,3.4,2.9,3,1,3,2,3.3,,4,4,5,1,1,Hillary Clinton,4,4,2,2,2,2,2,,,5,10,75,10,2,12,3,1,1,18,"3,5,7",3,,6,1,18,1,2,1,1,Clinton,2,3,2
56,31,3.5,4,3,2.5,3.25,5.5,3.5,1,1,3.4,1.6,3,3.333333333,0,2,3.7,24,1.2,2,2,1,1,,1,3,,,,,,1,OCD,0,0,80,10,1,,5,1,1,22,"2,3,4,5,7",3,,7,1,22,1,2,4,4,,1,2,2
63,35,4,3.5,3.5,3.5,3.625,4,7,7,6.333333333,4.2,2.1,3.7,1.666666667,7,1.75,2.7,42,3,2.5,4,1,1,Clinton,2,2,2,2,2,2,2,2,,28,28,28,16,2,26,2,1,2,20,"2,3,5,7",3,,7,1,20,1,2,2,1,Clinton,2,3,2
77,45,3.5,4,3,4,3.625,5.75,4.75,6.75,3.333333333,3.4,4,3.6,1.666666667,2,1,3.8,46,3.2,3,4.5,1,1,Donald Trump,5,4,2,2,2,2,2,2,,95,85,100,80,4,8,1,1,2,20,"2,4",3,,2,1,2,1,2,4,,Trump,2,7,2
72,33,4,2.5,3.5,3.5,3.375,1,1,1,1,3.6,4.6,3.5,1,5,2.75,4,,2.8,3.25,3.5,1,1,Clinton,5,3,2,2,1,2,2,2,,30,10,50,10,4,11,3,4,2,19,"3,6,7",3,,2,1,19,1,2,6,1,Clinton,1,2,2
71,53,3,2.5,2,2.5,2.5,5,5.5,7,2,3,3,3.2,2,3,2,3.4,,2.8,2.75,4.5,1,1,Bernie Sanders,4,4,2,2,1,2,2,,,20,20,30,30,3,19,1,2,2,40,"4,5,6,7",3,,4,1,40,0,2,3,3,Sanders,2,2,2
74,39,4,3.5,3.5,3,3.5,6.25,6.75,2.75,3.5,3.466666667,4.7,3.2,3.666666667,5,3,2.8,,3.2,3.25,1,,1,,4,3,2,2,2,2,2,2,,30,25,25,20,5,12,1,1,2,24,"3,5,7",3,,1,2,,1,2,3,2,,2,7,2
70,38,3.5,4,3,2.5,3.25,3.75,4,6.5,3,4.466666667,2.8,2.7,2.333333333,5,1,4.3,,2.4,2.5,3,1,1,Hillary Clinton,4,3,2,2,2,2,2,2,,20,20,50,10,4,8,1,1,2,18,1,3,,1,,17,1,2,2,3,Clinton,2,3,2
62,41,4,2,4,4,3.5,7,7,7,6.5,4.4,3.9,2.7,1,4,1,3.2,,2.6,4,3.5,1,1,cannot vote,1,5,2,2,2,2,2,2,,40,40,10,10,3,9,5,1,2,24,"2,3,4,5",3,,4,1,20,1,2,4,4,CannotVote,2,3,2
53,34,4,4,4,4,4,3.25,3.5,2.75,1.333333333,2.8,2.8,3.3,1,2,4,4.5,22,2.2,2.75,3.5,0,1,Hillary Clinton,1,2,1,2,2,1,2,2,,0,0,60,40,2,16,1,2,2,18,"2,3,6,7",3,,1,1,18,1,2,2,3,Clinton,1,1,2
59,31,4,3,4,4,3.75,6,3.5,5.5,2.5,3.933333333,3.2,3.4,3,2,1,3.4,44,1.8,2.25,5,1,1,Hillary Clinton,3,5,2,2,2,2,2,2,,15,35,30,20,2,14,1,2,2,18,"2,3,4,5,6,7",3,,4,1,8,1,2,4,3,Clinton,2,3,2
49,35,3.5,3,1.5,2,2.5,3,4.75,2.25,3.333333333,3.2,3.4,3.3,4,3,1.25,3.9,42,2.6,3.25,3,1,1,Hilary Clinton,2,3,2,2,2,2,2,2,,20,10,30,40,4,12,2,1,1,18,"2,3,6,7",3,,1,1,18,1,2,,,Clinton,2,2,2
69,41,2.5,1,3,2.5,2.25,6.5,7,7,5.5,5.2,1.8,4,2.666666667,4,1,1.7,56,2.6,2.5,2,1,1,Donald Trump,5,5,1,1,2,2,2,,,20,30,40,10,3,13,5,1,1,26,1,1,8,2,1,26,1,2,5,6,Trump,1,4,2
73,35,3.5,3,4,4,3.625,6.5,6,7,4.666666667,3.333333333,2.9,3.5,2,7,2.75,3.1,,3.4,4.25,4,1,1,I did not support any candidates this year.,2,3,2,2,2,2,2,,,40,25,25,10,4,10,2,1,2,18,"2,3,4,5,6,7",3,,6,1,18,1,2,,,neither,2,3,2
57,42,3.5,3,4,3.5,3.5,5.5,6,4.75,4.333333333,4.266666667,2.4,3.4,3.666666667,4,2.25,2.8,,4,2.5,3,1,1,did not vote,4,4,2,2,2,2,2,2,,5,5,60,30,3,11,4,2,1,19,"2,3,6",3,,2,1,19,1,2,,,didnotvote,2,4,2
58,35,4,3.5,3,4,3.625,6,6.25,7,6.333333333,4.466666667,2.9,3.1,3,5,1.25,2.6,,3.2,3.25,2.5,1,1,Donald Trump,4,5,,,,,,1,Bad vision,10,10,40,40,2,11,2,4,2,20,1,3,,8,1,20,1,2,4,6,Trump,2,6,2
58,34,3.5,2.5,2.5,4,3.125,5.25,5.75,6.75,4,3.8,2.6,3.3,1.333333333,4,1,2.4,42,2.2,1,2,,1,Clinton,1,3,2,2,2,2,2,2,,0,0,50,50,1,9,1,1,2,19,"2,3,4,5",3,,1,1,19,1,2,2,2,Clinton,2,7,2
62,34,4,3,3.5,3,3.375,6.25,6.75,5.5,5.333333333,3.2,3.9,3,3.333333333,5,4.25,3.1,,4.6,3.5,4,1,1,Hilary Clinton,4,4,2,2,2,2,2,,,30,30,20,20,4,7,1,1,2,21,"2,4,6",3,,3,1,21,1,2,,3,Clinton,2,6,2
78,32,3,3.5,3.5,3.5,3.375,4.25,5.75,6,4,3.533333333,3.5,2.9,2.333333333,1,3.75,3.2,42,3.4,3.25,4,1,1,bernie,3,3,2,2,2,2,2,2,,30,30,25,15,4,9,4,1,1,18,"4,5",3,,1,1,18,1,2,,,Sanders,2,6,2
58,33,3.5,3,4,3,3.375,7,6.75,7,6.166666667,5.2,2,3.5,1,6,1.75,2.3,57,4.2,4.75,4,1,1,Hillary Clinton,4,5,1,2,2,2,2,2,,20,20,20,40,3,11,2,1,2,22,"2,4,6",3,,3,1,22,1,2,6,5,Clinton,2,4,2
74,37,3.5,3,4,3.5,3.5,5,3.5,6.25,3.166666667,3.933333333,2.9,2.9,3.333333333,8,2.25,3.1,33,3.2,4.25,4,,1,Stein,4,4,2,2,2,1,,,,20,0,50,30,4,12,2,1,2,21,"3,5,7",3,,5,1,21,1,2,3,3,Stein,2,7,2
59,43,4,4,4,4,4,6.5,6.5,7,5.166666667,2.8,3.3,3.1,1,3,1.25,2.4,,2.4,2.5,2.5,1,1,,5,5,2,2,2,2,2,2,,10,20,60,10,2,9,2,3,2,22,4,3,,2,1,22,1,2,3,3,,2,3,2
52,40,3.5,4,4,4,3.875,7,6.75,6.5,3.333333333,2.733333333,2.3,3.7,3,8,1.5,4.2,34,3.6,2.75,4,1,1,Clinton,4,4,2,2,2,2,2,2,,5,10,60,25,2,16,1,1,2,19,"2,4",3,,2,1,19,1,2,2,1,Clinton,2,3,2
75,28,3.5,3,3.5,3,3.25,4.5,5.25,6,5,3.666666667,4,3.1,2.666666667,7,1.75,2.4,,4.2,3.5,2.5,1,1,Clinton,4,3,2,2,2,2,2,2,,30,40,20,10,3,8,1,1,2,18,"2,3,4,6",3,,7,1,18,1,2,,3,Clinton,2,3,2
58,47,4,4,4,4,4,5.75,6.5,7,4.166666667,3.933333333,3.6,3.3,1,2,1,2.6,,4.4,3.5,3.5,1,1,Clinton,5,5,2,2,2,2,2,2,,25,25,25,25,5,10,2,1,1,21,"2,3,4,5",3,,3,1,21,1,2,2,1,Clinton,2,3,2
63,34,3.5,4,3.5,3,3.5,5,6.5,4,3.333333333,3,3.1,3.7,2.333333333,1,2.25,3.8,42,4,3.5,5,1,1,Bernie Sanders,4,4,2,2,2,2,2,2,,0,5,70,25,1,11,1,4,2,24,1,3,,3,1,24,1,2,2,2,Sanders,2,3,2
71,32,3,4,4,3.5,3.625,4.5,5.75,3.5,4.333333333,3.333333333,1.6,3.3,5,4,1.75,3.4,50,2.4,1,3.5,1,1,None,4,4,2,2,2,2,2,2,,25,25,25,25,3,14,3,1,1,20,1,3,,1,1,20,1,2,4,,neither,2,4,2
68,36,3.5,3.5,4,4,3.75,7,6.5,7,4.5,2.733333333,2.4,3.8,5,1,2.75,3.9,42,2.6,3.75,4,1,1,Bernie Sanders,4,3,2,2,2,2,2,,,90,75,100,100,4,10,1,1,2,19,"2,5",3,,4,1,19,1,2,2,2,Sanders,2,3,2
67,34,4,3.5,3.5,3.5,3.625,5.75,4.75,2.5,2.333333333,4.666666667,2.9,2.5,3,1,2,3.3,,2.6,3,3.5,1,1,Niether,2,3,2,2,2,2,2,,,20,30,30,20,3,12,2,1,2,22,"2,3,4,5,7",3,,1,1,22,1,2,,3,neither,2,3,2
79,42,3.5,3.5,3.5,3.5,3.5,7,7,7,5.333333333,4.266666667,2.5,3.3,3.333333333,4,1,2.3,,3.6,2,3,1,1,Clinton,5,5,2,2,2,2,2,,,40,45,10,5,4,8,2,1,2,18,"2,3,6,7",3,,4,1,5,1,2,4,1,Clinton,2,3,2
59,41,4,4,4,4,4,2.25,5,6,5.666666667,2.2,3,3,2,8,3.5,2.8,50,3.2,4.75,3,0,1,Donald Trump,4,4,2,2,2,1,2,2,,20,20,50,10,3,10,2,2,2,18,"2,3,6,7",3,,2,1,18,1,1,6,7,Trump,2,1,2
64,34,4,4,4,4,4,7,6.5,4,3.333333333,4.733333333,3,3.8,1,7,3.5,2.7,,3.4,5,5,0,1,Donald Trump,4,5,2,2,2,2,2,2,,30,30,30,10,5,7,5,1,2,18,"2,4",3,,7,1,18,1,1,6,7,Trump,2,1,2
61,36,4,2.5,4,3.5,3.5,4.25,4,4.25,4.666666667,3.8,2.9,3.2,4.333333333,7,5.5,2.9,,3.6,4.25,5,1,1,I don't know! Both of them suck!,1,1,2,2,2,2,2,2,,10,10,40,40,3,6,2,1,2,20,"3,5",3,,2,1,1,1,1,,1,neither,2,4,2
53,29,4,3,4,4,3.75,7,7,7,6.666666667,5.666666667,2.3,3.5,1,5,1,1.7,50,1,1,3,,1,Donald Trump,2,4,2,1,2,2,2,,,20,30,25,25,2,11,1,3,2,21,1,3,,6,1,21,1,1,2,3,Trump,2,7,2
71,48,3,3.5,3,2.5,3,5.25,5.5,7,4,2.8,4,2.8,1,1,4.25,3.3,34,4.2,2.75,3,0,1,,5,4,1,2,2,1,1,,,30,30,20,20,5,7,4,1,2,24,"2,6",3,,2,1,24,1,1,4,4,,1,1,2
63,39,4,3,4,4,3.75,6.25,6.5,6.5,6.333333333,3.866666667,2.2,3.1,2.666666667,3,1.5,1.9,,2.2,2,2.5,0,1,Hillary Clinton,5,4,2,2,2,2,2,2,,100,100,100,70,2,8,2,2,2,18,"2,3,6,7",3,,4,1,18,1,1,2,3,Clinton,2,1,2
77,39,4,3.5,3.5,4,3.75,5.25,6.75,7,5,3.2,2.9,3,2.666666667,2,1.5,2.7,44,3.2,3,3.5,0,1,Donald Trump,4,4,2,2,2,2,2,2,,30,25,30,15,5,5,4,1,2,18,"2,6",3,,5,1,18,1,1,,,Trump,2,1,2
63,41,3.5,4,4,3.5,3.75,5.5,7,7,5.5,4.8,2.3,3.7,4,4,1.25,3,45,1,1,4,0,1,"Neither, I haven't kept up with the campaign therefore I will not be voting.",1,1,1,2,2,2,2,2,,10,0,70,20,2,10,1,2,3,19,2,3,,4,1,19,1,1,4,4,dontknow,1,1,2
67,40,4,4,4,3.5,3.875,4.75,7,7,4.5,3.866666667,2.9,3.9,3,9,1.25,3.6,34,3.8,3.75,5,1,1,Hillary Clinton,5,5,2,2,2,2,2,2,,25,25,25,25,3,9,3,4,2,18,"2,3,4,5,6,7",3,,6,1,18,1,1,,1,Clinton,2,2,2
77,34,4,3,4,3.5,3.625,6,4.5,6,4.5,3.4,3.4,2.8,3.666666667,6,4,3.1,42,3,3.25,2,0,1,Donald Trump,5,5,2,2,2,2,2,2,,40,20,15,25,4,7,4,1,1,18,"3,7",3,,1,1,18,1,1,,6,Trump,2,1,2
80,38,3.5,4,4,3.5,3.75,6.25,5.25,6,5.833333333,4.4,3.9,2.6,1,0,1.25,3,,4.4,3.25,3.5,0,1,Trump,4,4,2,2,2,2,2,2,,35,50,10,5,5,8,4,1,2,19,"2,4",3,,1,1,19,1,1,6,7,Trump,2,1,2
68,36,4,2.5,3,3.5,3.25,5.5,5,4.75,5.333333333,4.066666667,3.1,3,3.333333333,9,1.5,3.3,42,2.6,4,4,1,1,None,5,5,2,2,2,2,2,,,10,30,30,30,2,13,3,1,2,19,"2,3,4,5,6",3,,3,1,16,1,1,4,6,neither,2,3,2
78,35,4,4,3.5,4,3.875,4,4,4,5.333333333,4,3.1,3,4,3,5.5,3,42,2.8,3,3,0,1,Gary Johnson,4,3,2,2,2,2,2,2,,40,40,10,10,5,4,4,2,2,18,"4,5,6,7",3,,1,1,18,1,1,5,6,Johnson,2,1,2
67,36,3,2.5,3.5,4,3.25,6.25,6,4,3.666666667,4.2,3.1,2.6,3.333333333,2,1.25,2.6,,2.8,3.5,3.5,0,1,Donald Trump,4,4,2,2,2,2,2,,,40,35,15,10,5,7,5,1,2,18,"2,3,4,5,6,7",3,,5,1,18,1,1,6,7,Trump,2,1,2
75,37,4,4,4,4,4,7,6,7,7,3.4,3.4,3.9,1,3,1.25,2.6,34,4.2,4,3.5,0,1,Donald Trump,4,4,2,2,2,2,2,2,,40,30,25,5,5,5,5,1,2,18,2,3,,7,1,18,1,1,7,7,Trump,2,1,2
60,34,3,2,4,4,3.25,2.75,3.5,5.25,3.5,2.533333333,3.7,2.1,1.666666667,0,2.25,2.7,38,1.2,2.5,2,,1,Donald Trump,3,3,2,2,2,2,2,2,,25,25,25,25,4,9,4,1,1,18,"2,3,4,5,6,7",3,,1,1,18,1,1,,5,Trump,2,7,2
60,39,4,4,3,3.5,3.625,3.75,5.25,7,4.5,2.333333333,3.2,3,2.666666667,2,2.75,3.2,46,3.2,3.5,4,1,1,Donald Trump,4,4,2,2,2,2,2,2,,30,30,30,10,3,8,2,1,2,18,"2,3,5,6,7",3,,4,1,18,1,1,4,6,Trump,2,4,2
48,34,2.5,3,3,2.5,2.75,2.5,3.75,4,2,3.533333333,2.9,2.8,1.666666667,4,3.75,3.4,42,2.6,1.5,2.5,0,1,None,3,3,1,1,2,2,2,2,,15,15,50,20,2,4,2,2,2,18,"3,5,7",3,,1,1,18,1,1,,,neither,2,1,2
62,39,4,3.5,4,3.5,3.75,7,7,7,5.666666667,4.533333333,2.4,3.3,1,2,1.25,2.7,34,3,1.25,4,0,1,Hilary Clinton,3,3,2,2,2,2,2,2,,0,0,50,50,2,18,1,1,2,19,1,3,,5,1,19,1,1,3,1,Clinton,2,1,2
68,38,4,4,4,4,4,4.5,3,7,3.833333333,3.666666667,4.6,2.8,1,0,5,4.6,34,1.2,3.75,4.5,0,1,None,4,2,2,2,2,2,2,2,,70,0,20,10,5,9,5,1,2,21,"2,3,4,5,6,7",3,,7,1,21,1,1,,,neither,2,1,2
68,36,4,4,3.5,4,3.875,6,4.75,7,5.666666667,3.666666667,3.6,3.7,2,1,1,3.1,38,3.8,4,3.5,0,1,Trump,5,5,2,2,2,1,2,2,,29,28,28,15,5,7,4,1,2,19,"2,4,6",3,,5,1,19,1,1,4,5,Trump,2,1,2
61,51,3.5,3.5,4,4,3.75,6,4.5,5.25,4.333333333,4.4,3.1,2.8,2,4,1.5,3.1,44,2,2.75,3,1,1,Neither,4,4,2,2,2,2,2,2,,10,35,45,10,4,8,2,4,2,19,3,3,,4,1,19,1,1,,2,neither,2,2,2
77,40,3.5,4,4,4,3.875,6.5,5.5,6,5.5,2.6,3.5,3,1,2,2.25,3.9,,3.6,3.25,4,0,1,Donald Trump,5,5,2,2,2,2,2,2,,30,25,35,10,5,8,3,1,2,18,"3,5",3,,3,1,18,1,1,6,7,Trump,2,1,2
78,30,4,4,4,4,4,7,7,7,4.5,3.466666667,3.4,3,3,1,1.75,2.7,42,3.4,4,4,0,1,Donald Trump,3,3,2,2,2,2,2,2,,0,0,0,0,5,8,5,2,2,18,6,3,,4,1,18,1,1,4,7,Trump,2,1,2
77,39,3,2,3,3.5,2.875,7,6.5,7,6.166666667,5.2,2.5,4,1,6,1,1.8,,3.2,3,3.5,0,1,DONALD TRUMP,4,4,2,2,2,2,2,2,,15,30,35,20,4,6,3,1,2,18,6,3,,4,1,18,1,1,,7,Trump,2,1,2
63,41,3,3,3,3,3,6,4.75,4.5,4.666666667,3,3.3,3,1,0,1.75,3,,3,3,3,0,1,Trump,5,4,2,2,2,2,2,2,,25,25,25,25,4,7,4,1,2,18,"2,3",3,,5,1,18,1,1,,6,Trump,2,1,2
69,43,4,4,4,4,4,7,7,7,5.666666667,4.133333333,4.2,3.5,1,2,1.25,1.7,,4,3.25,4,0,1,Donald Trump,4,4,2,1,2,2,2,,,30,45,15,10,5,8,4,1,2,18,"2,3,6,7",3,,3,1,18,1,1,6,6,Trump,2,1,2
55,42,4,4,4,1.5,3.375,2,2.75,6.75,2.833333333,4.6,3.2,3.8,2,5,2,2.9,54,1.6,1.75,3.5,1,1,That is choosing between two flavors of dystopia or a candidate that won't get elected.,1,1,2,2,2,2,2,1,Gender Identity,25,25,25,25,4,26,1,2,2,18,"2,3,6,7",3,,2,1,18,1,1,3,4,neither,2,6,2
68,38,3.5,3,3.5,3,3.25,5.75,4.5,7,5.166666667,2.733333333,3,3.2,1,4,1.5,2.8,34,2.8,2.75,3,0,1,Donald Trump,4,4,2,2,2,2,2,2,,28,28,32,12,4,7,1,1,1,18,"3,5,7",3,,1,1,18,1,1,6,7,Trump,2,1,2
63,33,4,4,4,4,4,2,2,1.75,1.5,1.2,4.4,2.7,1,3,4,3.4,42,3,3,3,1,1,Myself,3,1,2,2,2,2,2,2,,10,40,30,20,3,12,1,1,2,18,2,3,,2,1,18,1,1,,,nonsense,2,2,2
68,43,4,3,3,4,3.5,5,6.25,5.25,5.666666667,3.466666667,2.7,3.3,4.333333333,3,1.75,3.1,,3.8,2.5,1,0,1,donald trump,4,3,2,2,2,2,2,2,,75,80,70,65,4,12,2,1,2,19,7,3,,1,1,19,1,1,5,7,Trump,2,1,2
59,52,4,3.5,4,4,3.875,7,7,7,2.666666667,1.466666667,2.8,3.9,5,4,1,2.9,50,4.4,5,5,0,1,Trump,4,4,2,2,2,2,2,2,,20,35,40,5,5,11,3,4,2,19,2,3,,6,1,19,1,1,,3,Trump,2,1,2
56,33,3.5,4,4,4,3.875,7,4.25,6,6,2.933333333,3,3.2,1.333333333,4,2.25,3.2,,3.4,4.5,4.5,0,1,Donald J. Trump,4,5,2,2,2,2,2,,,30,20,40,10,5,8,5,1,2,18,"2,3,7",3,,6,1,18,1,1,7,7,Trump,2,1,2
63,33,4,3.5,3.5,3.5,3.625,5.5,5.5,6.75,3.666666667,3.266666667,3.4,2.2,1.666666667,1,2.75,3.8,34,3.2,3.25,5,0,1,Hillary Clinton,2,3,2,2,2,1,2,,,25,25,30,20,3,7,2,1,2,18,"2,4",3,,4,1,18,1,1,1,2,Clinton,2,1,2
69,31,4,3,4,3.5,3.625,6.75,5.25,5,4.333333333,4.2,3.4,2.8,3,2,2,2.8,,2.6,3.75,2.5,1,1,Clinton,3,3,2,2,2,2,2,2,,15,40,30,15,4,10,3,1,2,18,"2,6",3,,5,1,18,1,1,,,Clinton,2,3,2
41,34,4,3.5,3.5,4,3.75,7,5.75,7,4.333333333,2.266666667,3.7,3.7,4.333333333,4,2.75,3.1,62,4.2,5,5,1,1,Hillary Clinton,4,4,2,2,2,2,2,,,40,30,20,10,5,14,5,4,2,18,"2,4",3,,3,1,18,1,1,7,,Clinton,2,2,2
60,43,3,3,4,3.5,3.375,6,6,6.25,4.833333333,3.6,2.9,3.4,4,2,2,2.7,,4.6,5,3.5,1,1,Trump,4,4,2,2,2,2,2,2,,35,35,20,10,3,8,3,1,1,21,"2,3,4,5",3,,4,1,20,1,1,6,4,Trump,2,3,2
74,32,4,4,4,4,4,6,7,7,5.5,4,3.4,3.4,1,3,2,1.9,,5,4,5,0,1,Donald Trump,2,3,2,2,2,2,2,2,,40,30,20,10,5,9,2,1,1,19,"3,5,7",3,,5,1,19,1,1,5,6,Trump,2,1,2
72,34,4,4,4,4,4,7,6.5,7,2.5,3,3.8,4,6,10,2,3.4,42,4.4,4.25,5,1,1,Hillary Clinton,5,5,2,2,2,2,2,2,,10,30,30,30,4,11,3,2,2,21,"2,3,4",1,1,2,1,21,1,1,1,1,Clinton,2,2,2
77,33,4,4,3.5,4,3.875,6.25,3.5,6.75,4.833333333,3.466666667,3.7,2.7,2.333333333,6,2,2.4,,4,4,4,0,1,Mr. Donald Trump,5,5,2,2,2,2,2,2,,25,25,25,25,4,7,1,1,2,18,"2,5",3,,7,1,18,1,1,6,7,Trump,2,1,2
59,40,4,3.5,3,3,3.375,5,5.25,5.75,5.166666667,4.2,3.2,3,2.333333333,5,2.25,2.9,,3.8,2.25,3,1,1,Hillary Clinton,4,4,2,2,2,2,2,2,,30,20,20,30,4,12,2,1,2,23,"2,3,7",3,,,1,23,1,1,2,2,Clinton,2,2,2
47,44,3.5,4,4,2,3.375,1.75,1.75,1,1.666666667,1.733333333,4.2,1.8,3,2,6,4.1,41,2.6,2.5,1,1,1,Hilary Clinton,2,1,2,2,1,1,1,2,,10,10,30,50,1,14,4,2,1,46,"6,7",3,,2,1,46,0,1,4,1,Clinton,1,2,2
78,36,4,4,3,4,3.75,7,5.75,4.5,4.833333333,3.466666667,4.2,2.6,3.666666667,3,4,4.5,39,4.8,4.25,5,0,1,trump,5,3,1,2,2,2,2,2,,30,30,30,10,5,6,3,1,2,18,2,3,,,,18,1,1,,1,Trump,1,1,2
72,40,4,4,4,3.5,3.875,6,5.75,4.75,5.5,3.4,2.4,3.9,2.666666667,6,3.75,2.5,42,3.4,4,3,0,1,Donald Trump,5,5,2,2,2,2,2,2,,30,30,30,10,3,8,3,1,2,18,3,3,,7,1,18,1,1,6,6,Trump,2,1,2
70,41,3.5,3.5,3,3.5,3.375,7,4.25,7,2.666666667,2.333333333,2.4,2.8,4.333333333,1,3,2.9,36,2.6,3,3,0,1,neither are fit to be president.,4,2,2,2,1,2,2,2,,25,25,25,25,4,14,4,1,2,23,"2,3,4,5,7",3,,2,1,23,1,1,4,5,neither,1,1,2
75,35,4,3.5,4,4,3.875,7,7,7,6.333333333,3.133333333,3.4,3.3,1,2,1,1.6,,2.8,3,3,0,1,Donald Trump,5,5,2,2,2,2,2,2,,35,30,20,15,5,7,3,1,2,18,"3,5,7",3,,6,1,18,1,1,5,5,Trump,2,1,2
52,31,3,3.5,3,3.5,3.25,4.75,3.25,4,2.833333333,3.733333333,2.3,2.9,2.666666667,0,1.5,3.2,,1,1,1,1,1,Hillary Clinton,4,3,2,2,2,2,2,2,,30,20,30,20,3,11,3,1,1,18,"5,6",3,,3,1,18,1,1,2,3,Clinton,2,3,2
80,37,3.5,3,4,3.5,3.5,5.5,4,3,1.5,3.2,3.8,3,1,0,4.5,4.5,42,1,1,1,0,1,Donald Trump,3,3,2,2,2,2,2,2,,25,20,50,5,5,8,5,2,2,18,2,3,,4,1,18,1,1,,6,Trump,2,1,2
74,43,3.5,3,3.5,3.5,3.375,5.5,6,6,6,5.4,2.7,3.4,2.666666667,5,1.5,2.2,,1.6,1.25,3,1,1,Trump,4,4,2,2,2,2,2,2,,100,100,100,50,4,9,5,2,1,19,"2,3,5,6,7",3,,1,1,19,1,1,,6,Trump,2,1,2
73,43,4,4,4,4,4,7,7,7,6.833333333,1.933333333,4.6,4,4,6,1.5,3.1,42,5,3.75,5,0,1,Trump,5,5,2,2,2,2,2,2,,30,30,20,20,5,7,5,1,2,18,1,3,,7,1,18,1,1,,,Trump,2,1,2
71,36,2.5,4,3.5,4,3.5,5.75,5.5,7,4.666666667,3.733333333,3.2,2.6,2,3,1,2.6,38,2.4,2.25,3.5,0,1,Bernie Sanders,4,4,2,2,2,1,2,2,,20,0,50,30,3,11,2,2,2,19,"2,3",3,,5,1,19,1,1,,,Sanders,2,1,2
64,33,3,3,3,3,3,4.5,4.75,5.5,6,3.2,3.1,2.9,2,3,2,3.2,,3,4.25,3.5,0,1,Donald Trump,4,4,2,2,2,2,2,,,25,25,25,25,3,7,3,1,1,18,"3,5,7",3,,7,1,18,1,1,,5,Trump,2,1,2
65,53,3,4,3,2,3,4.25,5.75,6,3.166666667,3.933333333,2.8,2.7,4,4,3.75,3.5,38,4,2,3.5,1,1,Obama but since he isn't a option then I'll just go crawl under a rock and hope for the best.,4,4,2,2,2,2,2,2,,85,75,76,45,3,12,3,4,2,30,"3,5",3,,2,1,30,0,1,4,1,Obama,2,2,2
74,37,3.5,3.5,4,4,3.75,7,7,6.75,5,4.333333333,3.2,2.9,1.666666667,1,1.25,2.9,,3.2,3.5,4,0,1,Donald Trump,4,4,2,2,1,2,2,2,,35,35,30,0,4,8,4,2,2,20,2,3,,2,1,20,1,1,6,7,Trump,2,1,2
52,37,3.5,4,4,3,3.625,6,6,6.25,5.833333333,3.733333333,3.9,3,1.666666667,6,1,2.2,42,2.2,2.75,2,0,1,Trump,4,4,2,2,2,2,2,2,,30,30,35,5,4,8,5,1,2,18,"3,5",3,,7,1,18,1,1,6,6,Trump,2,1,2
58,39,4,3.5,4,3.5,3.75,5,4.75,6,2.5,2.333333333,4.6,2.6,1.333333333,3,1,3.6,42,3,3.25,5,0,1,Hillary Clinton,3,4,2,2,2,2,2,2,,40,10,30,20,4,10,2,1,2,18,"2,3,4,5,6",3,,7,1,18,1,1,2,3,Clinton,2,1,2
76,36,3.5,4,3.5,3.5,3.625,6.75,7,4.75,6,3,3.2,3.5,1,6,2,2.5,,2.8,4,3.5,1,1,Trump,5,5,2,2,2,2,2,2,,25,25,25,25,4,9,3,2,2,18,"2,3,4,5,6,7",3,,7,1,18,1,1,6,7,Trump,2,1,2
78,36,4,4,4,4,4,7,5.75,6.25,6.166666667,3.266666667,3.2,2.7,1,0,1,2.7,,2.2,1,1,0,1,Trump,5,4,2,2,2,2,2,2,,100,100,100,50,4,9,5,1,2,20,"3,5",3,,7,1,20,1,1,6,6,Trump,2,1,2
66,44,4,2.5,4,3.5,3.5,4.5,4,7,6,3.666666667,2.8,3.2,3.333333333,8,1.75,3,34,2.8,4,4,1,1,hillary clinton,5,5,2,2,2,2,2,2,,1,2,1,5,4,9,1,2,1,20,"2,4,5",3,,1,1,20,1,1,,,Clinton,2,2,2
74,42,4,4,4,4,4,7,7,7,5.166666667,3.8,3.8,3.2,1,3,2.25,2.8,,3.6,3.25,4,0,1,Donald Trump,4,4,2,2,2,2,2,2,,25,25,25,25,4,7,3,2,2,18,"2,3,4,5,6,7",3,,3,1,18,1,1,,,Trump,2,1,2
67,42,2.5,3.5,4,4,3.5,7,5.75,7,5.666666667,3.8,2.4,3.7,1,3,1.25,3,51,2.6,1,1,0,1,Neither,3,3,2,2,2,1,2,2,,30,15,50,5,5,6,5,1,1,18,"3,5",3,,1,1,18,1,1,,,neither,1,1,2
74,27,4,3.5,4,4,3.875,7,7,7,5,2.666666667,4.7,2.8,2.666666667,6,2,3.2,,4.2,4.75,5,0,1,Clinton,5,5,2,2,2,2,2,,,30,20,40,10,4,9,2,2,2,18,"2,3,4,6,7",3,,7,1,18,1,1,2,1,Clinton,2,1,2
68,42,3.5,2.5,3,4,3.25,5.75,7,7,3.5,2.266666667,3.6,3,3.666666667,2,1.5,3.7,43,3,4,5,1,1,trump,3,4,1,2,2,1,2,2,,100,100,100,80,4,8,3,1,2,18,"2,4",3,,1,1,,1,1,3,3,Trump,2,2,2
66,32,4,3,4,4,3.75,5.25,5.75,4.25,5.166666667,3.266666667,3.6,3.1,4.333333333,6,2.5,3.4,,2.8,4.75,5,0,1,Donald Trump,5,4,2,2,2,2,2,2,,20,20,40,20,4,10,5,1,2,18,"4,6",3,,3,1,18,1,1,6,3,Trump,2,1,2
64,36,4,4,4,4,4,6.75,6.75,6.25,3,4.066666667,3.1,3.1,3.333333333,8,1,3.3,,4.6,4.75,5,,1,Donald Trump,4,4,2,2,2,2,2,2,,30,20,20,30,5,8,3,1,2,18,"2,4,6",3,,7,1,18,1,1,,,Trump,2,7,2
70,58,4,4,4,4,4,6.75,2.25,7,5.166666667,1.933333333,3.1,2.9,1,3,2.75,3,41,2.8,2.75,2,,1,Trump,4,4,2,2,2,1,2,2,,20,60,15,5,4,8,3,2,2,20,"2,3,5,6,7",3,,2,1,20,1,1,5,5,Trump,2,8,2
70,39,3,4,3.5,3.5,3.5,5.25,6,6,4.333333333,3.266666667,2.8,3,2,3,3,3.3,42,3.4,3.5,2,0,1,Donald Trump,5,5,2,2,2,2,2,2,,20,15,55,10,4,6,2,1,2,18,1,3,,1,1,18,1,1,4,3,Trump,2,1,2
77,35,4,4,3.5,4,3.875,7,7,4.75,4.166666667,3.133333333,4.3,3.3,5,7,7,3.8,34,4.2,4,4,0,1,Donald Trump,4,4,2,2,2,2,2,2,,25,20,50,5,5,7,1,1,2,18,2,3,,6,1,18,1,1,3,7,Trump,2,1,2
80,60,4,4,4,4,4,4,4,4,4,3,3,2.8,4.666666667,5,1.75,2.9,42,3,3,3,0,1,trump,4,5,2,2,2,2,2,2,,25,20,50,5,4,8,4,1,2,19,1,3,,7,1,19,1,1,,7,Trump,2,1,2
70,45,4,4,4,4,4,2.75,6.5,7,3.333333333,3.866666667,3.4,2.9,1.666666667,3,3.25,3.3,,3.4,4.5,3.5,0,1,Hillary Clinton,4,5,2,2,2,2,2,2,,30,25,35,10,3,9,2,2,2,18,"2,3,6,7",3,,2,1,18,1,1,2,3,Clinton,2,1,2
68,33,4,4,3,4,3.75,5.5,6.5,5.25,3.5,3,3.4,3.5,5,5,4.5,3.3,,4.4,4.25,2,1,1,Hilary,4,4,2,2,2,2,2,2,,15,10,25,50,3,11,1,2,1,18,"2,3,6,7",3,,1,1,18,1,1,4,,Clinton,2,2,2
66,39,4,4,4,3.5,3.875,2.25,6.5,6.25,6,3.2,4.1,3.5,1.666666667,1,4.5,2.3,44,3.2,3.5,3.5,0,1,Trump,5,5,2,1,2,2,2,,,23,17,35,25,4,9,3,4,2,18,"2,3",3,,5,1,18,1,2,4,5,Trump,2,1,2
76,38,3.5,4,4,4,3.875,7,7,7,4.5,3.866666667,3.7,2.3,1,0,1.75,3.3,,2.8,2.25,3,0,1,Donald Trump,3,4,2,2,2,2,2,2,,30,30,30,10,5,7,2,1,2,19,"2,3",3,,1,1,19,1,2,6,6,Trump,2,1,2
74,35,4,4,4,4,4,7,7,6,4.833333333,2.733333333,4.5,4,1,5,5,4.4,,4,4,4,0,1,,3,4,2,2,2,2,2,2,,80,65,100,30,3,8,4,1,2,18,"2,3",3,,7,1,18,1,2,,,,2,1,2
76,44,3.5,4,3.5,3.5,3.625,7,7,7,6.5,4.733333333,3,3.3,2.666666667,7,1.5,2.2,54,5,5,5,1,1,Not Trump,4,4,,1,,,,,,80,80,90,100,3,9,3,1,1,18,"2,4",3,,1,1,18,1,2,,,Anti-Trump,2,2,2
69,39,3.5,3,3,3.5,3.25,6.5,5.75,5.75,4.5,4.066666667,3.6,3.1,1,0,1.75,3,,3.4,3.5,3.5,,1,Donald Trump,4,4,2,2,2,2,2,2,,35,35,20,10,4,9,2,1,2,20,"3,7",3,,2,1,20,1,2,6,7,Trump,2,7,2
66,38,4,4,4,4,4,4.5,6.75,7,2.333333333,1.866666667,4.6,2.8,1,6,3.5,4.4,42,4.2,3.75,5,0,1,Donald Trump,4,4,2,2,2,2,2,2,,20,50,25,5,5,4,5,4,2,18,"2,3",3,,1,1,18,1,2,6,7,Trump,2,1,2
58,34,3,3,3,3,3,6,5.5,6,4.833333333,2.866666667,3.6,3,2.333333333,0,2.75,3.2,42,1.8,3,4,1,1,Hillary Clinton,4,4,2,2,2,2,2,,,25,15,55,5,5,9,3,1,2,18,"4,5,6,7",3,,1,1,18,1,2,1,2,Clinton,2,2,2
76,60,3,3,3,3,3,6,6,6,5,2.666666667,4.5,2.8,5,4,1.75,3,34,3.8,3.75,3.5,1,1,Hillary Clinton,3,4,2,2,2,2,2,,,20,20,30,30,2,12,3,1,2,21,7,3,5,1,1,2,1,2,,4,Clinton,2,4,2
79,40,4,3.5,4,3.5,3.75,7,6,7,6,3.933333333,3.1,3.8,1,4,1.5,2.7,42,3.8,3,3,0,1,Donald Trump,5,5,2,2,2,2,2,2,,30,30,30,10,5,6,1,2,2,18,"3,5",3,,2,1,18,1,2,5,3,Trump,2,1,2
51,38,4,3,4,3.5,3.625,6,5.25,4,4,4,3.4,3,1,0,1,2.7,,2.4,1,2,0,1,Sanders,3,3,2,2,2,2,2,2,,30,30,10,30,2,26,3,1,2,18,"2,3,4,5,6,7",3,,3,1,19,1,2,,,Sanders,2,1,2
70,37,4,4,3.5,3.5,3.75,6.25,5.5,7,4.666666667,2.533333333,3.1,2.7,1,0,1,3.4,42,3.2,3.75,4.5,0,1,Donald Trump,3,3,2,2,2,2,2,2,,40,35,15,10,4,6,4,1,2,18,"3,5,7",3,,3,1,18,1,2,7,7,Trump,2,1,2
70,40,3,3,3.5,3.5,3.25,5,5,5.25,4.166666667,3,2.5,2.9,5,3,1.5,3.1,42,3.6,3.5,4,0,1,Trump,4,5,2,1,1,2,2,2,,25,25,25,25,5,2,5,1,2,19,"2,3",3,,7,1,19,1,2,6,6,Trump,2,1,2
77,55,4,3.5,4,4,3.875,6.75,7,7,5.833333333,4.666666667,3.4,3.3,4,2,1.25,2.7,,3.8,3.75,5,0,1,,4,4,2,2,2,2,2,2,,30,30,25,15,5,9,4,1,2,22,"2,4,6",3,,1,1,22,1,2,6,7,,2,1,2
78,37,4,4,4,4,4,5.5,7,7,3.666666667,2.133333333,4,2.7,1,0,1,3.3,42,2.8,3,3,0,1,Cruz,2,2,2,2,2,2,2,2,,100,70,90,100,5,5,5,1,2,19,5,3,,1,1,19,1,2,6,7,Cruz,2,1,2
64,40,3.5,4,3,4,3.625,6.25,5.5,3.25,2.333333333,2.8,4.5,2.5,1,1,4.75,4.4,43,3,3.25,1,0,1,Trump,5,5,2,1,2,2,2,,,30,50,15,5,5,9,5,1,1,18,"2,3,4,5,6",3,,7,1,18,1,2,7,6,Trump,2,1,2
74,34,4,4,3.5,4,3.875,3.5,6.75,5.5,5.166666667,2.866666667,3.9,3.7,2.333333333,2,1.25,2.2,40,3.8,5,4,0,1,Trump,4,4,2,2,2,1,2,2,,45,30,15,10,5,6,4,1,2,19,"2,4,6",3,,2,1,19,1,2,6,6,Trump,2,1,2
71,44,3.5,4,3.5,3.5,3.625,5.5,6.75,7,4.833333333,3.733333333,2.1,3.2,5.666666667,2,1,2.8,42,1.8,1,2.5,0,1,Hillary Clinton,4,4,2,2,2,2,2,2,,35,25,20,20,4,11,2,2,1,18,"3,5,7",3,,3,1,18,1,2,3,4,Clinton,2,1,2
75,36,4,4,4,4,4,4,7,7,4.5,4.933333333,3.8,3,1,3,7,3.4,42,5,5,5,1,1,Neither one.,5,5,2,2,2,2,2,1,Vision,25,25,25,25,5,4,5,2,2,18,2,3,,1,1,18,1,2,,4,neither,2,8,2
60,42,3.5,2,3.5,3.5,3.125,6.5,5.75,4,3.666666667,3.4,2.1,2.7,2,2,1.25,2.3,51,2.6,4.25,3.5,,1,"Clinton; she's more familiar with how things function within the white house. I think with her knowing and having relations with our allies, benefits America more in case of an rebellion of our enemies.",2,3,2,1,1,,1,,,5,30,45,20,3,9,3,4,2,19,"4,5",3,,1,1,19,1,2,4,4,Clinton,2,7,2
71,50,3,3,4,3.5,3.375,4.25,5.5,4,2.666666667,2.866666667,2.9,2.8,2.333333333,2,2.75,3.4,44,2.4,2.75,3,1,1,I supported Hillary even though I didn't want her as president either.,2,3,2,2,2,2,1,,,25,25,25,25,4,9,3,4,2,19,"3,4,5,6,7",3,,2,1,19,1,2,4,3,Clinton,2,2,2
62,27,3,3,3,3.5,3.125,5,5,5,3.833333333,3.333333333,2.7,2.5,2,3,3.25,3,,4,4,4,1,1,DONALD TRUMP- TRUMP TRAIN- TRUMP HILLARY,4,4,2,2,2,2,2,2,,30,40,20,10,3,12,2,2,1,19,3,3,,4,1,19,1,2,7,7,Trump,2,6,2
77,35,3.5,2,4,3,3.125,7,7,7,4,4.4,3.3,3.7,2.666666667,1,1.75,3.4,,4,4,3,0,1,Donald Trump,3,3,2,2,2,2,2,2,,25,25,40,10,3,26,3,2,1,19,"2,6",3,,1,1,19,1,2,4,4,Trump,2,1,2
70,34,4,4,4,4,4,2.5,4,2.75,1.333333333,3.866666667,4.5,2,1.666666667,1,3.75,4.8,21,3.6,3.5,3,0,1,Trump,4,3,1,2,1,1,1,2,,100,100,100,75,5,8,2,2,2,21,"3,7",3,,2,1,21,1,2,5,6,Trump,1,1,2
73,31,3.5,3,3,3.5,3.25,4.25,5.5,4,4.833333333,5.066666667,3.7,2.4,4,0,3.75,2.9,42,3.8,5,3,0,1,Trump,3,3,2,2,2,2,2,2,,40,20,25,15,4,6,2,1,2,18,"2,4",3,,1,1,18,1,2,,,Trump,2,1,2
71,40,3,3,3,3,3,6,6,6,6,4,3.4,3,3,5,3.25,3,44,3,3,3,1,1,trump,4,4,2,2,2,2,2,2,,20,40,20,20,4,11,3,4,1,19,3,3,,4,1,19,1,2,4,4,Trump,2,2,2
76,45,4,3,4,3.5,3.625,7,4.75,6.5,4.166666667,4.733333333,2.2,3.5,3.666666667,4,2.5,3.8,62,2.6,3.25,4,1,1,Hillary Clinton,5,5,2,2,2,2,2,,,25,50,20,5,5,26,5,4,2,18,"2,3,4,7",3,,4,1,18,1,2,,1,Clinton,2,2,2
72,55,3.5,3.5,4,4,3.75,7,6,7,5.166666667,4.8,2.5,3.4,1,4,2.75,2.7,42,3.8,2.25,2.5,1,1,Neither,4,3,2,2,2,2,2,,,100,100,100,75,5,9,2,4,2,19,"2,3,5,6,7",3,,2,1,19,1,2,,,neither,2,2,2
45,35,3.5,3,3,2.5,3,4.25,1,2.5,3,3.333333333,3,2.5,1,5,2.5,3.2,42,1.2,2,1,1,1,Didnt Vote,3,4,2,2,2,2,2,2,,1,1,97,1,1,9,5,1,2,18,"3,5",3,,1,1,18,1,2,,,didnotvote,2,2,2
69,51,4,3.5,3,3,3.375,6,6.5,6,2.333333333,2.466666667,3.4,3,3.666666667,2,5,4.4,42,4,2,1.5,,1,Donald Trump,4,5,2,2,2,2,2,2,,30,10,40,20,5,6,2,1,2,18,"2,4,6",3,,5,1,18,1,2,5,5,Trump,2,7,2
60,34,3,4,4,3.5,3.625,4.75,4.5,2.25,2.333333333,4.533333333,2.8,2.9,4,6,2.75,3.1,42,1,1.25,2,1,1,Not Trump,1,1,2,2,2,2,2,2,,0,0,50,50,3,14,3,2,1,18,"2,4,6",3,,2,1,19,1,2,4,,Anti-Trump,2,2,2
68,44,4,4,3,4,3.75,4,6.75,6,4.166666667,3.866666667,3.8,2.7,3.666666667,1,3.75,3.9,33,3.8,3,3,0,1,Donald Trump,4,4,1,2,2,1,2,2,,10,15,50,25,5,5,4,2,2,18,"2,6",3,,3,1,18,1,2,,5,Trump,1,1,2
73,31,4,3.5,4,4,3.875,6,6.25,5.25,2.833333333,3.533333333,3.7,3.4,1.666666667,1,2.5,3.1,42,3.6,3.25,3.5,0,1,Gary Johnson,4,3,2,2,2,2,2,2,,30,30,30,10,5,9,2,2,2,18,"2,3,4,5",3,,3,1,18,1,2,2,3,Johnson,2,1,2
74,47,4,4,3.5,3,3.625,5.25,6,5.5,3.5,2.666666667,3.4,2.5,3.666666667,4,2.5,3.6,34,4.4,5,5,,1,Hilary Clinton,4,3,2,2,2,2,2,2,,30,40,20,10,4,4,2,4,2,18,"2,3,4,6",3,,3,1,18,1,2,4,3,Clinton,2,7,2
63,38,4,4,4,4,4,7,5.5,7,5.5,3.466666667,3.8,3.7,4.333333333,8,1.5,3.2,60,3.2,4.25,3,0,1,Clinton,5,5,2,2,2,2,2,2,,40,30,20,10,4,9,5,1,1,20,"2,4,6",3,,1,1,20,1,2,5,6,Clinton,2,1,2
80,39,4,3.5,4,4,3.875,6.25,7,7,6.833333333,3.666666667,1.6,3.6,1,4,1.25,2.1,,4,4,3,0,1,Neither if only a third party could actually win!,3,3,2,2,2,2,2,2,,30,30,35,5,5,4,1,1,1,18,3,3,,1,1,18,1,2,6,6,neither,2,1,2
71,33,3,3,3,3,3,7,7,7,5,4.6,3,2.1,1.333333333,5,2,3,42,3.6,3,3,1,1,Hillary Clinton,5,5,2,2,2,2,2,1,Asthma,20,25,45,10,3,9,2,4,2,19,4,3,,2,1,19,1,2,,3,Clinton,2,2,2
79,44,3.5,4,4,4,3.875,7,7,6.5,5.166666667,4.666666667,3.3,3.9,2.333333333,5,2,2.4,,4.4,5,5,0,1,Gary Johnson,4,4,2,2,2,2,2,2,,35,45,10,10,5,8,5,2,1,20,"2,3,6,7",3,,7,1,20,1,2,,,Johnson,2,1,2
68,47,3.5,3.5,3.5,3,3.375,4,5.75,4.5,4,4,1.7,2.7,3,4,3.5,3.6,67,1.6,3,3,1,1,,1,1,2,2,2,2,1,,,25,50,20,5,3,9,1,4,2,20,"2,3,4,5,6,7",3,,2,1,20,1,2,,,,2,2,2
65,34,3,3.5,2.5,3,3,4.25,4.75,4.5,3.833333333,3.666666667,3.5,2.6,3.333333333,0,4,3.4,42,1.8,2.75,2,0,1,I supported Donald Trump only because he was pro-life.,4,3,2,2,2,2,2,2,,20,30,40,10,4,9,2,2,2,18,2,,,3,1,18,1,2,,,Trump,2,1,2
62,41,4,1.5,4,3.5,3.25,6.5,5.5,6,4.5,3.733333333,3.2,3.4,1,4,1.75,2.3,44,2.2,2,1.5,0,1,Donald Trump,4,5,2,2,2,2,2,,,30,15,50,5,4,7,2,1,1,24,"4,5",3,,1,1,24,1,2,,,Trump,2,1,2
75,36,4,3.5,4,3.5,3.75,2,2,2,6,3.6,2.6,3,2.333333333,6,2,3.4,,4.6,3.75,4,,1,Clinton,1,1,2,2,2,2,2,2,,30,30,30,10,4,10,3,4,2,19,3,3,,2,1,19,1,2,,3,Clinton,2,7,2
75,32,4,2.5,4,4,3.625,7,6,5,5.166666667,3.866666667,3.2,2.5,1,4,1.5,3,44,3.4,4.5,5,1,1,Hillary Clinton,3,4,2,2,2,2,2,1,Needing Glasses,35,35,20,10,4,9,3,1,2,18,"2,3,6",3,,4,1,18,1,2,4,3,Clinton,2,2,2
58,52,4,4,3.5,3.5,3.75,6.5,6.25,5.5,3.333333333,3.2,3.9,2.7,2.333333333,1,2.25,3.6,,4.2,2.75,3,,1,None,3,3,2,2,2,2,2,2,,30,25,30,10,4,7,3,2,2,19,"2,4",3,,1,1,19,1,2,,4,neither,2,7,2
71,40,4,4,4,4,4,6,6,6,4.333333333,3.066666667,4.6,3.1,3,0,1,3.9,40,4.2,4,3,0,1,Donald Trump,3,4,2,2,2,2,2,2,,40,25,25,10,5,8,2,1,2,19,"2,3,4,5,6,7",3,,4,1,19,1,2,4,6,Trump,2,1,2
68,32,3.5,4,3.5,3.5,3.625,6.75,7,1,3.166666667,2.866666667,2.8,3.4,1,7,4,3.8,,4.8,5,5,0,1,I did not vote because I did not like either candidate.,3,3,2,2,2,2,2,,,25,25,40,10,4,10,4,,2,18,"3,7",3,,4,1,18,1,2,6,6,notvote,2,1,2
75,59,4,3,3,3.5,3.375,6,6,6,6.333333333,4.333333333,3.5,3.5,5,5,2,2.3,,3.8,4,4,0,1,Donald Trump,5,5,2,2,2,2,2,2,,100,80,100,70,5,7,5,1,1,18,"2,3,4,6",3,,7,1,18,1,2,5,7,Trump,2,1,2
68,32,4,4,4,4,4,7,7,1,4.333333333,2.866666667,3.8,3.1,1,3,4.75,4.3,,4,4,4,0,1,Donald Trump,4,3,2,2,2,2,2,2,,25,25,40,10,4,9,2,1,2,18,"2,4,6",3,,1,1,18,1,2,6,6,Trump,2,1,2
74,59,4,4,3,3.5,3.625,5.25,7,6.75,5.166666667,3.133333333,3.7,3.2,2,0,1,3.3,42,4.6,4.5,4,0,1,Donald Trump,5,5,2,2,2,2,2,2,,100,100,100,90,5,6,4,1,1,18,"2,3,4,5,7",3,,1,1,18,1,2,,7,Trump,2,1,2
78,43,3.5,3,4,3.5,3.5,5,4.75,5,3.5,4.333333333,2.4,3.9,3.333333333,6,3,2.6,42,3,3,3,1,1,hillary clinton,5,5,2,2,2,2,2,,,25,25,25,25,4,9,4,2,1,20,1,3,,5,1,20,1,2,4,3,Clinton,1,2,2
80,32,3.5,4,2.5,4,3.5,5,4,4.75,5.666666667,3.8,2.1,4,1.666666667,11,1,2.6,42,2,2,5,0,1,Donald Trump,5,5,2,2,2,2,2,2,,30,30,25,15,5,26,5,2,1,18,"2,3,6,7",3,,7,1,18,1,2,4,4,Trump,2,1,2
64,42,4,3,3.5,3.5,3.5,7,4,6.5,5,4.133333333,1.8,3.6,4,8,2.75,1.5,45,2.8,3.5,4,1,1,Keon Coleman,4,4,2,2,2,2,2,2,,10,30,50,10,3,10,1,2,1,19,7,3,,1,1,19,1,2,,4,nonsense,2,2,2
57,31,3.5,3.5,3.5,4,3.625,4.75,3.5,2.5,2.333333333,3.133333333,2.8,2.7,1,1,2.25,3.7,,2.6,3,2.5,0,1,Donald Trump,4,3,2,2,2,2,2,2,,10,10,30,50,2,12,3,1,1,23,"2,4",3,,6,1,23,1,2,7,7,Trump,2,1,2
77,36,4,3.5,4,4,3.875,6.25,6.75,6.75,5.666666667,2.333333333,3,3.1,2,1,2.25,3.1,42,2.6,4,2.5,0,1,Donald Trump,4,4,2,2,2,2,2,,,20,40,35,5,4,8,2,1,2,18,"2,4",3,,6,1,18,1,2,6,7,Trump,2,1,2
79,42,4,4,4,3.5,3.875,4.75,6,5,4.666666667,3.6,2.6,3.5,2.666666667,6,1.5,3.1,,3.8,4.5,5,0,1,Donald Trump,4,4,2,2,2,2,2,2,,50,40,5,5,4,14,5,2,2,19,"2,3,6",3,,2,1,19,1,2,4,5,Trump,2,1,2
71,40,3.5,3,4,3.5,3.5,6.25,5.25,7,5.333333333,3.8,3,2.8,4,8,4,2.9,,3.6,3,3,1,1,Trump,5,5,2,2,2,2,2,2,,10,10,40,40,2,14,3,2,1,18,"2,6",3,,1,1,18,1,2,7,3,Trump,2,2,2
51,38,4,4,4,4,4,6.75,7,7,4.666666667,2.733333333,3,3.5,2,2,1,3.1,42,3,2.75,4,0,1,Bernie Sanders,3,4,2,2,2,2,2,2,,5,10,70,15,2,14,2,2,2,,"2,3,4,5,7",3,,4,1,18,0,1,1,1,Sanders,2,1,2
51,38,4,3.5,4,3.5,3.75,2,4.75,2.75,4.5,3.6,2.9,3.4,6,11,1.75,2.8,,2.4,3.5,4.5,,1,Hillary Clinton,1,5,2,2,2,2,2,2,,20,20,45,15,2,12,2,1,2,,"3,7",3,,7,1,17,0,1,6,6,Clinton,2,8,2
49,30,3,4,4,4,3.75,3.75,5.25,4,2.666666667,3.066666667,3.3,2.8,7,10,1,3.9,39,2.4,3.5,3,,1,Bernie Sanders,5,3,2,2,2,1,2,2,,50,0,15,35,5,11,1,2,2,,"2,3,4",3,,1,1,21,0,1,2,1,Sanders,2,7,2
61,41,3,4,2,3.5,3.125,2.5,6.75,5.75,3.5,4.466666667,1.6,3.4,3.666666667,5,2.25,2.3,,2.8,1.75,2.5,1,1,Hillary,4,5,2,2,2,2,2,2,,10,0,50,40,2,14,1,1,2,,4,3,,4,1,20,0,1,,1,Clinton,2,3,2
73,43,3,4,3.5,4,3.625,6,6,6,2.666666667,4.8,3,2.9,1.666666667,4,1.25,2.9,,2.6,2.75,3,1,1,Bernie Sanders,4,4,2,2,2,2,2,2,,100,100,90,100,5,5,4,1,2,,4,3,,5,1,12,0,1,,,Sanders,2,5,2
70,46,4,4,3.5,3,3.625,4.5,1.5,7,3,3.266666667,3.8,3.3,3.333333333,2,4.5,3.6,,2.8,1.5,4,0,1,Hillary,5,4,2,2,2,2,2,,,25,25,50,0,4,9,2,4,2,,3,3,,2,1,22,0,1,,5,Clinton,2,1,2
78,38,4,4,4,4,4,5.75,7,7,5.5,3.8,3.4,3.3,1,2,1,3.8,42,3.2,2.5,4.5,1,1,Bernie Sanders,4,4,2,2,2,2,2,2,,10,20,60,10,4,12,5,1,2,,"2,4,6",3,,1,1,22,0,1,2,3,Sanders,2,4,2
67,34,4,3,4,3,3.5,3.75,4.75,2,3,3.666666667,2.8,3.7,6,6,2.25,3.1,42,3.8,3.25,4,1,1,Bernie Sanders,4,4,2,2,2,2,2,2,,20,25,40,15,3,14,2,1,2,,"2,4,6",3,,3,1,20,0,1,3,3,Sanders,2,3,2
49,39,4,4,4,4,4,5.5,4.75,3.75,4.333333333,4.133333333,3.7,2.5,2,6,3.75,3,38,4,4,4,0,1,Bernie,3,3,2,2,2,2,2,2,,25,25,25,25,3,9,1,2,2,,5,3,,2,1,20,0,1,4,4,Sanders,2,1,2
72,46,4,3.5,4,3,3.625,7,4.75,7,5.5,4.4,3.6,3.6,1,3,1.5,2.5,43,3.8,2,5,0,1,Bernie Sanders,4,4,2,2,2,1,2,2,,25,10,45,20,3,9,3,4,2,,2,3,,2,1,23,0,1,4,3,Sanders,2,1,2
74,37,3.5,2,3,3,2.875,6.25,6.25,6,6,3.933333333,2.2,3.4,2,7,1.25,2.3,66,2.6,4.5,5,,1,Trump,5,5,1,2,2,2,1,,,30,25,20,25,4,9,5,4,2,,"2,3,6,7",3,,6,1,11,0,1,6,6,Trump,2,7,2
59,42,3.5,4,4,3,3.625,4,4.25,7,3,2.866666667,3.8,2.3,1,1,2.25,4.2,22,3.4,3.25,2.5,0,1,Libertarian or will write-in,4,2,2,2,1,1,2,2,,25,50,20,5,4,10,2,1,2,,1,3,,2,1,32,0,1,4,,neither,2,1,2
69,45,4,4,4,4,4,5.75,5.25,6,4.666666667,4,2.6,2.9,1,4,2.5,3.5,42,3.2,3.5,4,,1,Bernie Sanders,4,3,2,2,2,2,2,2,,35,0,35,30,4,8,1,1,2,,"2,3,4,5",3,1,5,1,21,0,1,4,6,Sanders,2,7,2
73,45,4,4,4,3,3.75,4.25,5.25,7,4.5,3.666666667,3.7,3.3,1,5,1.75,2.7,,4.8,4,5,,1,Bernie,5,5,2,2,2,2,2,2,,25,20,30,25,5,9,2,2,2,,"2,3",3,,3,1,21,0,1,2,2,Sanders,2,8,2
77,49,4,3,4,4,3.75,7,7,7,3.5,5.733333333,2.5,3,3,0,1.5,3.4,,2,1.5,1.5,0,1,,4,4,2,2,2,2,2,2,,40,50,5,5,4,14,3,2,2,,2,3,,7,1,39,0,1,4,7,,2,1,2
67,37,4,4,4,4,4,5.25,6,6.25,4,3.333333333,4.1,3.5,1.666666667,7,3,4,42,4.2,4.75,5,0,1,Bernie Sanders,2,2,2,2,2,2,2,2,,30,25,25,20,4,10,2,1,2,,"2,3",3,,2,1,18,0,1,1,1,Sanders,2,1,2
75,38,4,4,3.5,4,3.875,5.75,6,6.5,3.833333333,3.8,3.8,3.8,1,5,3.75,3.3,58,4.6,4.25,3,0,1,Bernie Sanders,4,2,2,2,2,1,1,2,,30,30,20,20,5,9,5,2,2,,"2,3,7",3,,3,1,22,0,1,2,4,Sanders,2,1,2
3,43,2,3,3.5,2.5,2.75,5.75,6.25,6,4.833333333,4.266666667,3.6,3.2,1,5,1,2.7,44,3,2.75,3,1,1,Bernie Sanders,5,5,2,2,2,2,2,2,,25,25,25,25,4,11,3,4,2,,"2,3,6,7",3,,2,1,10,0,1,4,2,Sanders,2,3,2
63,36,4,4,4,4,4,4.25,4.75,3.5,3.166666667,1.866666667,3.7,2.7,1,1,2,3.8,,3.8,4.25,5,0,1,bernie,4,4,2,2,2,2,2,,,30,30,10,30,4,12,2,1,2,,"3,5,7",3,,8,1,20,0,1,2,2,Sanders,2,1,2
80,43,4,3.5,4,4,3.875,3.25,6.5,5.25,6.166666667,4.6,2,4,3,5,1,2.9,,5,5,5,,1,bernie sanders,5,5,2,2,2,2,2,,,30,30,35,5,4,16,3,4,2,,4,3,,3,1,24,0,1,4,4,Sanders,2,7,2
74,36,3.5,3,3.5,3,3.25,5,6.75,5.75,4.166666667,4.2,3.6,2.5,1,0,4.75,3.9,,4,2.75,4,1,1,undecided,4,3,2,2,2,2,2,2,,70,70,50,70,3,14,3,4,2,,"2,3,4,5,7",3,,1,1,1,0,1,,,dontknow,2,4,2
72,59,4,4,4,4,4,7,7,7,6.5,3.2,2.9,3.9,1.666666667,6,2.5,3.4,42,2.2,2,3,,1,Trump,5,5,2,2,2,2,2,2,,25,0,55,20,3,11,2,1,2,,"2,3,5,6,7",3,,7,1,20,0,1,5,6,Trump,2,7,2
75,54,4,3.5,2.5,2,3,7,6.25,7,6.333333333,3,2.3,3.6,1,3,1.5,1.8,,3.4,2.25,3.5,0,1,They All Suck!,5,5,2,2,2,2,2,2,,20,30,40,10,3,12,3,4,2,,"2,3,4,5,6",1,7,1,1,25,0,1,4,5,neither,2,1,2
77,50,3,4,3,3,3.25,6,6,6,5.333333333,2.933333333,2.7,3.7,1.333333333,5,2.5,2.3,41,3,4,3,,1,clinton,5,5,1,2,2,2,2,,,25,40,25,10,5,12,1,1,2,,5,3,,4,1,1,0,1,4,3,Clinton,1,7,2
55,29,4,3.5,4,4,3.875,4.75,5,3.5,3.666666667,3.266666667,3.2,2.5,4,6,2,2.6,,3.6,3.25,4,1,1,Bernie Sanders,3,3,2,2,2,2,2,,,25,0,40,35,3,12,1,1,2,,"2,3,4,5,7",3,,1,1,20,0,1,2,2,Sanders,2,2,2
50,34,4,4,4,4,4,4.25,7,7,3.833333333,5.2,4.5,3.5,3.666666667,8,1,3.1,,2.6,4,5,0,1,Bernie Sanders,2,5,2,2,2,2,2,2,,25,25,30,20,4,9,2,2,2,,"2,3,4,5",3,,3,1,20,0,1,3,3,Sanders,2,1,2
73,47,3.5,3.5,3.5,2,3.125,4.75,2.5,7,4.666666667,3.266666667,3.4,3.3,3,1,2.25,3,,3.6,2.25,4,0,1,Hillary,5,4,2,2,2,2,2,2,,10,25,65,0,4,8,2,4,2,,"3,5",3,,2,1,22,0,1,,5,Clinton,2,1,2
68,40,4,3.5,4,3.5,3.75,6.25,4.5,7,4.666666667,4.333333333,3.1,3,1,5,1,2.2,42,3,1.25,3,0,1,N/A,4,4,2,2,2,2,2,2,,25,25,25,25,4,8,1,1,2,,"2,3,5,6",3,,2,1,20,0,1,4,2,na,2,1,2
74,48,3.5,3.5,4,4,3.75,6.75,5.5,5.25,2.666666667,5.133333333,1.4,3.7,1,3,1.75,3.4,,1,1.5,2,1,1,,4,5,2,2,2,2,2,,,90,95,100,100,3,14,1,2,2,,5,3,,1,1,32,0,1,2,1,,2,6,2
55,32,3.5,3.5,3.5,3.5,3.5,4,3.5,1.5,2.333333333,3.666666667,3,3,2,0,2.75,3.4,,2,3,2.5,0,1,Donald Trump,3,2,2,2,2,2,2,2,,10,40,20,30,2,9,2,1,1,,"2,3,4,5,6,7",3,,5,1,21,0,1,5,,Trump,2,1,2
62,48,3,3,3,3,3,7,7,7,5.833333333,4,2.1,3.8,3,3,1,2.3,34,4.6,1,1,0,1,Trump,4,4,2,2,2,2,2,2,,30,30,20,20,3,9,2,1,2,,3,3,,6,1,33,0,1,,4,Trump,2,1,2
59,46,3,3,3,2.5,2.875,5.25,4.75,5.75,4.833333333,4.533333333,2.7,3.6,2,8,2,2.6,,2.2,2.5,3,1,1,,4,3,2,2,2,2,2,,,25,45,20,10,3,14,3,4,2,,3,3,,3,1,33,0,1,4,3,,2,2,2
74,43,4,2.5,3.5,3.5,3.375,6,6,6.5,5.333333333,4.133333333,3,3.7,4.666666667,5,2,3,34,3.4,3,4,1,1,Unsure at the moment,4,5,2,2,2,2,2,2,,5,5,45,45,2,13,4,2,1,,4,3,,2,1,21,0,1,4,7,dontknow,2,3,2
70,37,4,3.5,4,4,3.875,5.5,6,2,3.166666667,3.4,3.1,3.1,2,2,1.5,3.8,,3.8,4.25,4.5,1,1,Bernie Sanders,5,5,2,2,2,2,2,2,,20,20,45,15,3,9,1,1,1,,"2,3,4,5,6,7",3,,1,1,20,0,1,,3,Sanders,2,3,2
72,47,3,3.5,4,3,3.375,1.25,5.5,6.25,3.333333333,2.666666667,1.9,3.3,3,3,1,3.1,40,1.8,1.5,2,1,1,Bernie Sanders,2,1,2,2,2,2,2,2,,20,40,30,10,2,11,3,2,2,,"2,3,4,5,7",3,,2,1,25,0,1,,3,Sanders,2,2,2
58,33,4,4,3.5,3.5,3.75,5.25,5.75,4.5,2.833333333,2.933333333,2.1,3.1,1.666666667,4,1.25,3.1,42,1,1,1,0,1,Bernie Sanders,4,3,2,2,2,2,2,2,,0,0,50,50,1,10,1,2,2,,"3,5",3,,5,1,20,0,1,2,3,Sanders,2,1,2
73,49,4,2.5,4,3.5,3.5,3.75,5.5,7,4,3.533333333,3.3,3.1,1,3,2.5,3.6,44,3.2,2.5,5,0,1,Bernie Sanders,2,3,2,2,2,1,2,,,20,60,10,10,3,14,1,1,2,,"2,4,6",3,,1,1,24,0,1,1,3,Sanders,2,1,2
57,34,3,4,3,3.5,3.375,3.25,6,6,3.166666667,4.066666667,3.3,2.7,2.666666667,2,1.5,4.1,34,4,4,4,1,1,Hillary Clinton,3,2,2,2,2,2,2,2,,0,0,100,90,1,12,1,1,2,,2,3,,1,1,17,0,1,2,1,Clinton,2,3,2
75,46,4,4,4,3,3.75,6,2.5,7,3.166666667,4,2.2,3.8,2.666666667,6,3,3,38,4,4.5,4,,1,Bernie,5,4,2,1,2,2,2,2,,0,60,40,0,4,19,4,2,2,,"2,4",3,,3,1,25,0,1,4,3,Sanders,2,7,2
69,51,4,2.5,4,2.5,3.25,7,7,7,6.833333333,5.933333333,2.4,4,3,7,1.25,1,42,2.8,1,1,,1,Trump,5,5,2,2,2,2,2,,,100,100,40,60,3,1,5,1,2,,"2,3,7",3,,4,1,36,0,1,7,7,Trump,2,8,2
80,45,4,3,4,3.5,3.625,6.75,7,7,5.833333333,4.466666667,1.7,3.5,1,2,1.25,2.4,,3.2,2,3.5,1,1,Bernie Sanders,5,5,2,2,2,2,2,2,,100,100,100,100,5,10,1,1,2,,"2,6",3,,2,1,24,0,1,,,Sanders,2,8,2
73,52,4,3.5,4,4,3.875,7,7,7,6.833333333,5.533333333,3.2,4,1,2,1,2,,2.8,2.5,3,0,1,Hilary Clinton,5,5,2,2,2,2,2,2,,50,100,75,100,4,26,4,1,2,,1,3,,4,1,36,0,1,1,1,Clinton,2,1,2
68,53,4,3,3.5,4,3.625,5,4.5,4,4.166666667,3.533333333,3.2,3,4.666666667,9,3,3.3,,3.4,4.25,4,1,1,Hilary Clinton,4,5,2,2,2,2,2,2,,25,20,30,25,4,16,3,1,1,,"2,4,6",3,,4,1,4,0,1,2,4,Clinton,2,4,2
69,49,1.5,3,2,1.5,2,4,4,4,6,4.133333333,3,3.9,2.666666667,5,1,2.6,34,3.2,2.5,2,0,1,Unsure at this time.,4,4,2,2,2,2,2,2,,30,30,20,20,3,8,1,2,2,,"2,3,6,7",3,,5,1,25,0,1,5,5,dontknow,2,1,2
67,34,2.5,3,3,3,2.875,6.5,5.5,7,5.5,4.4,3.2,3.3,3,5,1.25,2.6,,3.2,3,4,0,1,Trump,5,5,2,2,2,2,2,2,,55,0,40,5,5,7,3,1,1,19,"2,3,4,5,7",3,,1,1,19,1,1,5,6,Trump,2,1,2
80,33,4,2.5,3.5,4,3.5,6.25,5.25,3.75,5.166666667,3.866666667,3.4,2.5,1.666666667,3,1.25,3.3,,3.8,4,3.5,,1,Donald Trump,5,5,2,2,2,2,2,,,25,25,25,25,5,9,3,1,2,18,"2,3,4,5,6",3,,1,1,18,1,1,6,7,Trump,2,7,2
73,41,4,4,4,3,3.75,2,2,7,3.5,2.466666667,3.3,3.1,1,1,2,3.3,,2.6,4,3,0,1,Clinton,4,4,2,2,2,2,2,2,,30,30,30,10,4,9,2,4,1,20,3,3,,3,1,11,1,2,4,3,Clinton,2,1,2
63,50,3.5,1,2,2,2.125,5.5,7,7,7,5.866666667,1.6,4,1,6,2,1.7,34,2.8,3.25,3,1,1,I wish to not support any of these bigots.,4,3,2,2,2,2,2,2,,40,50,5,5,3,6,3,2,2,23,"5,7",3,,6,1,23,1,2,4,3,neither,2,3,2
71,46,4,4,4,4,4,7,6.5,4.25,2.666666667,3.2,3.7,3.2,3,6,1.5,3.8,,4.2,4.25,5,0,1,trump,5,5,1,2,2,2,2,2,,25,25,25,25,5,14,5,2,1,28,"2,3,5,6",3,,3,1,28,1,2,7,7,Trump,2,1,2
78,29,3.5,2,3,4,3.125,2.25,1.75,1.75,4.166666667,4.266666667,4,3.8,1,6,1.25,1.3,,2.6,4.75,5,1,1,Trump,5,5,2,2,2,2,2,2,,40,10,40,10,5,9,3,4,1,22,"3,7",3,,3,1,3,1,2,,3,Trump,2,3,2
63,38,4,1.5,4,4,3.375,6.75,4.5,4.75,5.333333333,3.6,1.2,3.8,5,7,1,1.5,,1,1,1,1,1,Bernie Sanders,3,4,2,2,2,2,2,,,0,0,70,30,1,14,2,2,2,24,"2,4,6",3,,4,2,,1,2,2,,Sanders,2,3,2
65,43,3.5,3,3.5,3,3.25,7,6,7,4.833333333,4.466666667,3.2,3,3.333333333,2,1,1.9,,3.2,2.25,3,0,1,Trump,5,5,2,2,2,2,2,2,,25,25,25,25,4,9,5,1,1,21,"3,5",3,,2,1,21,1,2,6,6,Trump,2,1,2
71,33,4,4,4,3,3.75,6.5,7,7,3.666666667,2.066666667,4.3,2.4,1,4,3.75,4.3,42,4.4,4,5,1,1,Hillary Clinton,5,2,1,2,2,2,2,2,,0,50,40,10,1,9,5,3,2,21,2,3,,7,1,21,1,2,,3,Clinton,2,5,2
45,39,4,4,4,3.5,3.875,1,4.75,5.25,2.666666667,4.6,3,2.8,1,1,3,3.1,,3.2,3.5,3,,1,none,4,4,2,2,2,2,2,2,,20,35,30,15,3,8,2,4,2,21,"2,3,4,5",3,,3,1,21,1,2,,,neither,2,7,2
61,37,4,3.5,4,4,3.875,1,6,7,4.333333333,3.866666667,2.1,3.4,1,6,1,3.1,60,2.8,3,3,1,1,Clinton,1,1,2,2,2,2,2,,,30,0,40,30,4,9,1,1,2,22,1,3,,3,1,22,1,2,1,2,Clinton,2,2,2
79,49,2.5,4,3,2,2.875,3.25,1.75,4.5,2.166666667,2,3.4,3.2,1,1,6,4.3,42,2.6,2,4,0,1,Trump,4,3,2,2,2,2,2,2,,25,30,25,20,4,10,1,1,2,35,"2,3,6",3,,3,1,35,0,2,6,6,Trump,2,1,2
78,32,4,4,4,4,4,4.75,5,1.5,3.5,3.533333333,3.5,2.5,3.666666667,7,1.75,3.3,,2.4,2.5,3.5,1,1,Hillary,5,5,2,2,2,2,2,2,,10,10,50,30,3,26,3,1,1,24,"2,3,4,5,7",1,3,2,1,4,1,2,4,3,Clinton,2,2,2
73,36,4,4,4,4,4,7,3.25,7,4.166666667,4.4,2,3.8,1,4,2.75,3.4,42,1.8,3.5,1,1,1,Hilary Clinton,5,5,2,2,2,2,2,,,15,25,30,30,3,16,3,1,2,26,"2,3,7",3,,4,1,26,1,2,2,,Clinton,2,3,2
73,38,4,4,4,4,4,1.5,3,6.5,2.666666667,2.533333333,3.8,3.3,1.333333333,8,2,2.8,,2,2,5,1,1,Jill Stein,4,3,2,2,2,2,2,2,,30,0,40,30,2,16,1,2,2,24,"2,3,4,5",3,,2,1,24,1,2,1,1,Stein,2,2,2
78,60,2,4,3,2,2.75,3.75,1,1,2.166666667,3.866666667,1.9,3.5,5.333333333,2,2,3.4,,1.8,1,2,1,1,hillary,2,2,2,2,2,2,2,2,,20,40,20,20,3,9,3,2,1,21,"4,5,6",3,,3,1,5,1,2,4,2,Clinton,2,4,2
42,32,3.5,1.5,3.5,3,2.875,6.25,6.75,2.5,2.666666667,4.266666667,2.6,3.6,5,2,1,3,42,3.4,3.5,2.5,0,1,None,5,4,2,2,2,2,2,2,,0,0,40,60,2,18,1,4,1,22,"2,4,6",3,,1,1,4,1,2,,,neither,2,1,2
65,43,3.5,4,4,3.5,3.75,4,3.5,4,4.333333333,3.466666667,2.5,3.1,1,7,3.75,3.5,43,1.4,1,5,1,1,i voted fo hilary who won the popular vote not racist ass trump,1,5,2,2,2,1,2,,depression,10,20,10,60,3,4,1,2,2,18,1,3,,1,1,18,1,2,1,1,Clinton,2,2,2
73,37,4,3.5,3.5,4,3.75,7,7,7,1.833333333,3.266666667,1.1,3.8,7,5,1.25,2.8,,2.2,2,5,1,1,Hillary Clinton,4,5,2,2,2,2,2,,,25,25,25,25,3,14,1,4,1,20,2,3,,3,1,20,1,2,2,2,Clinton,2,3,2
61,38,3,3,2.5,2.5,2.75,7,6.5,6.75,4,3.933333333,4.8,2.5,3.666666667,2,2.75,3.5,36,3.2,2.5,2.5,1,1,Hillary,3,3,1,2,1,1,1,1,explaining,1,3,5,10,5,10,3,1,2,19,"3,5",3,,1,1,1,1,2,5,5,Clinton,2,4,2
72,45,3.5,4,4,3,3.625,7,6.25,7,4.833333333,4.6,1.5,3.4,1,0,1.25,2.2,42,2.2,1.75,2.5,,1,Bernie Sanders,4,4,2,2,2,2,2,2,,10,10,65,15,4,10,4,1,1,22,"2,3,4,5,7",3,,3,1,22,1,2,4,6,Sanders,2,7,2
78,52,3.5,3,4,3,3.375,4,6,7,4.666666667,3.8,2.5,3.3,2.333333333,7,4.25,3.2,42,3,3,3,1,1,Clinton,5,5,2,2,2,2,2,2,,30,50,15,5,5,9,4,2,2,33,"2,3,4,5,6,7",3,,5,1,33,0,2,4,2,Clinton,2,2,2
79,48,2,4,4,2.5,3.125,2,3.5,3.75,3.666666667,3.066666667,2.5,3.5,1,4,3.25,4.5,38,1,1,3,1,1,Hilary Clinton,5,5,2,1,2,2,2,2,,20,50,15,15,3,14,2,2,2,34,"2,3",3,,3,1,34,0,2,1,1,Clinton,2,2,2
79,50,3.5,4,4,4,3.875,6.75,6.5,5.75,3.166666667,3.133333333,3.6,3.2,1,2,1.75,2.9,,4,3,3,0,1,Donald Trump,3,3,2,2,2,2,2,2,,25,25,25,25,5,9,2,1,2,23,2,3,,5,1,23,1,2,6,7,Trump,2,1,2
68,48,2.5,1.5,3,1.5,2.125,3.5,3.5,7,4.333333333,4.733333333,2,3.8,3.666666667,7,1.5,2.2,,3,1.25,4,,1,Information not for disclosure,4,5,2,2,2,2,2,2,,40,30,25,5,3,26,1,4,2,23,"2,3,4,5",3,,4,1,23,1,2,6,3,Chosenot2answer,2,8,2
73,37,3.5,3.5,4,3.5,3.625,4.75,5.25,7,5.333333333,3.933333333,3.1,3,3,4,2.25,3.3,42,2.6,1.5,3,0,1,Hillary Clinton,4,3,2,2,2,2,2,2,,20,10,50,20,3,14,2,2,1,45,"2,3,4,5,6,7",3,,3,1,45,0,2,4,3,Clinton,2,1,2
76,48,4,3,3.5,2,3.125,6,6.5,7,3.666666667,3.933333333,2.8,3.9,3,4,1.75,3.2,44,3.2,2.5,3,,1,none,4,4,2,2,1,1,1,,,10,50,30,10,3,14,2,1,2,44,"2,3,4,5,7",3,,3,1,44,0,2,,6,neither,1,7,2
67,50,3.5,3.5,4,3.5,3.625,5.5,5.25,6.25,3.333333333,3.8,3,3.1,4,4,3.25,2.9,,3.6,2.25,2.5,1,1,Hillary Clinton,3,4,2,2,2,2,2,,,35,35,20,10,3,14,2,1,1,33,4,3,,4,1,33,0,2,4,1,Clinton,2,2,2
65,48,3.5,4,2.5,4,3.5,3.25,3.75,7,3.833333333,3.866666667,2.1,3.7,3,3,1.75,2.5,42,1,1,1,1,1,Didnt vote,4,4,2,2,1,2,2,2,,30,30,20,20,4,14,4,1,1,28,"4,5,6",3,,6,1,28,1,2,,,didnotvote,2,3,2
68,47,4,4,4,3.5,3.875,3.25,6,6,4.666666667,2.266666667,4.2,3.5,2,1,4.25,3.4,33,2.4,1.5,4,0,1,Voted for Clinton but did't necessarily want either of them. Would rather have Sanders,4,4,2,2,2,1,2,,,30,33,27,10,5,9,4,1,2,24,"2,3",3,,3,1,24,1,2,,,Sanders-Clinton,2,1,2
72,53,4,4,4,3.5,3.875,6.75,7,7,3.166666667,4.266666667,3.5,3.4,3.333333333,4,3,3.3,42,3.6,2.75,1,0,1,"In all honesty, I did not vote.",5,3,2,2,2,2,2,2,,10,65,20,5,3,11,2,1,2,29,"3,5,7",3,,5,1,29,1,2,4,4,notvote,2,1,2
70,47,4,4,4,4,4,2.5,3,6,3.166666667,1.466666667,3.4,2.8,1,0,1.25,3.4,24,2.8,2,3,1,1,None,2,4,1,1,1,1,2,,,65,100,100,100,3,9,1,4,2,23,3,3,,2,1,22,1,2,,,neither,1,3,2
67,51,3,3,3.5,2,2.875,7,7,7,4,4.533333333,2,3.3,3,3,1.25,2,,3.6,3,3,1,1,,5,5,2,2,2,2,2,2,,,50,30,20,2,14,3,2,2,38,"4,5",3,,4,1,38,0,2,4,1,,2,2,2
79,44,4,4,3.5,1.5,3.25,5,4,6.75,2.666666667,3.4,3,3.2,1,4,1.75,3.5,28,3,2,3,1,1,Hillary,5,4,2,2,2,1,2,2,,5,75,15,5,4,19,4,2,2,39,"3,5",3,,3,1,33,0,2,4,1,Clinton,2,3,2
74,39,4,3,4,4,3.75,6.25,6.25,5.5,6.333333333,5.066666667,2.8,3.3,1.333333333,8,1.5,2,,5,4.5,5,0,1,none,4,4,2,2,2,2,2,,,10,0,45,45,3,8,4,2,2,31,3,1,6,2,1,31,0,2,4,3,neither,2,1,2
72,38,4,3,3.5,4,3.625,5,4.75,6.75,4.333333333,3.4,2.4,3.3,1,5,1.75,4,46,1.8,2.25,3.5,1,1,Hilary,2,3,2,2,2,1,2,2,,15,10,45,30,3,14,1,2,2,20,"3,7",3,,4,1,20,1,1,4,,Clinton,2,6,2
61,36,2.5,4,3,3,3.125,6.75,6.75,6,3.666666667,3.333333333,4.3,3.3,3.666666667,10,2.25,3.1,,4.4,4.5,4,1,1,hillary,2,3,2,2,2,2,2,,,100,100,100,90,4,12,4,1,2,25,6,3,,1,2,,1,1,2,2,Clinton,2,4,2
71,39,2.5,4,3.5,4,3.5,6,5.5,6,2,4.066666667,3.5,2.4,1,0,1.75,3.8,,2,1.25,3,1,1,Hillary Clinton,4,3,2,2,2,2,2,2,,5,10,50,35,2,9,1,2,2,21,6,3,,1,2,,1,1,2,,Clinton,2,7,2
61,42,3,3,3.5,3.5,3.25,5.75,3.25,5.25,4.5,4.466666667,2.2,2.7,1.333333333,4,1.75,2.4,53,2,2,1,,1,,1,5,2,2,2,2,2,2,,15,60,20,5,5,9,3,1,2,25,"4,5,7",3,,1,2,,1,1,,4,,2,7,2
74,34,3,4,2.5,2,2.875,5.5,7,7,2.833333333,4.533333333,2.1,3.7,2,5,2.75,3.5,,3.2,2.75,4,1,1,,1,1,2,2,2,2,2,2,,30,30,20,20,5,7,3,1,2,19,"2,4,6",3,,1,2,,1,1,6,4,,2,2,2
73,47,3,4,4,3.5,3.625,3.5,4,5.75,2.666666667,3.533333333,2.4,3,2.666666667,6,2.75,3.6,40,2.8,2.5,3.5,1,1,hillary Clinton,2,2,2,2,1,2,2,,,35,5,40,20,4,14,4,1,2,35,"3,4,6,7",3,,2,2,,0,1,,2,Clinton,2,2,2
67,36,4,4,2.5,4,3.625,5.75,2.75,5.25,3.5,2.733333333,2.7,2.9,4.333333333,3,1,3.9,45,1,1,1,1,1,Neither,1,3,,1,,,,,,30,30,20,20,2,12,2,1,2,18,"2,4,6",3,,1,2,,1,1,,,neither,2,2,2
55,50,4,3.5,4,4,3.875,6.25,4.75,7,5.333333333,5.266666667,1.9,3.1,1,5,1,2.8,,3,2.25,2.5,1,1,Clinton,,,2,2,2,2,2,2,,25,20,35,20,3,12,4,1,2,23,"2,3,6",3,,1,2,,1,1,,,Clinton,2,7,2
69,32,3.5,4,3.5,4,3.75,4.75,2.75,5.5,4,3.533333333,2.9,3,1,8,3,3,,2.8,3,3,1,1,Hillary Clinton,1,3,2,2,2,2,2,2,,10,20,50,20,3,12,2,1,1,19,"3,7",3,,1,2,,1,1,2,,Clinton,2,6,2
70,38,3.5,3,2.5,1.5,2.625,4.75,5.5,6.5,3.833333333,5.2,3.2,3.7,2,5,2.25,2.5,,2.2,2,3.5,1,1,Hillary Clinton,4,5,2,2,2,2,2,2,,20,30,20,30,4,19,5,1,1,32,"2,3,4,5,6,7",3,,3,2,,0,1,2,,Clinton,2,2,2
70,36,3,3,4,3,3.25,6,4.25,4.75,5.833333333,4.933333333,3.4,2.8,3.666666667,3,1.25,2.1,40,2,2.75,2.5,1,1,Hilary Clinton,4,4,2,2,1,2,2,2,,40,10,40,10,3,8,3,1,2,23,"2,4,6",3,,2,2,,1,1,5,,Clinton,2,2,2
69,36,3.5,2.5,3.5,4,3.375,5,6.25,6.5,5.833333333,3.866666667,2.6,3.5,1,3,2.5,2.6,,4,2.75,4,,1,,1,1,2,2,2,2,2,,,26,30,22,22,3,9,3,1,2,22,"2,3,4,5",3,,1,2,,1,1,,,,2,8,2
66,35,3.5,4,3.5,3.5,3.625,5.25,3.25,1.25,1.666666667,4.5,1.5,3.1,1,7,2.5,3.7,38,1.4,1.25,2.5,,1,,1,1,2,1,2,2,1,2,,10,40,30,20,3,12,3,2,2,33,"2,3,6,7",3,,1,2,,0,1,,,,2,7,2
58,27,3,3,3,3,3,4,3.25,4,5.333333333,3.8,2.9,2.6,2.666666667,6,2.5,2.7,42,2.6,2.5,3,1,1,Trump,3,3,2,2,2,2,2,2,,10,30,40,20,4,12,5,2,1,21,"3,5",3,,8,2,,1,1,5,5,Trump,2,2,2
54,39,3,2.5,4,3,3.125,6.25,4.75,7,4.5,4.133333333,2.6,2.7,1,5,4.5,2.9,,4.2,2.5,3,1,1,,4,4,2,2,2,2,2,2,,100,100,100,100,3,10,3,1,2,19,"4,5",3,,1,2,,1,1,,4,,2,2,2
50,39,3,4,2,1,2.5,6.5,4.25,6.75,3.666666667,3.4,2.5,3.1,3.333333333,5,2.5,3.3,,2.2,2.5,4,1,1,hilary clinton,5,5,2,2,2,2,2,2,,15,25,40,20,2,12,3,2,2,26,"2,3,4,5,6,7",,,1,2,,1,1,7,1,Clinton,2,2,2
63,33,3.5,2,3.5,3,3,4.25,4.5,5,4.666666667,4.933333333,1.8,3.1,3,3,1,3,42,2.6,3.75,4,1,1,,5,5,2,2,2,2,2,2,,25,30,25,20,4,17,3,1,1,23,"2,3,4,5",3,,3,1,3,1,1,,,,2,2,2
67,31,4,3,3.5,3,3.375,3.25,3.5,3.5,2.833333333,4.6,3,3.1,7,7,4.25,3.5,42,3.6,4,4.5,1,1,Neither,2,2,2,2,2,2,2,,,10,30,35,25,4,14,3,1,1,22,"2,4",3,,4,2,,1,1,3,,neither,2,2,2
62,32,3,3,4,4,3.5,5,4.5,7,3,3.133333333,2.8,3.8,3,7,4,3.2,27,2.2,3.5,5,1,1,Jill Stien,1,1,2,1,2,2,2,2,,5,35,40,20,2,12,1,1,1,20,"2,4",3,,1,2,,1,1,1,,Stein,2,2,2
67,33,4,3,4,3.5,3.625,5.5,6,6.5,5.166666667,3.733333333,3.7,2.9,1,6,3.25,3.7,,4.2,4.5,5,0,1,,,,2,2,2,2,2,2,,20,35,40,5,5,12,1,1,2,20,1,3,,,2,,1,2,,,,2,1,2
68,38,4,3.5,4,2.5,3.5,6,5.25,6,4.833333333,5,3.1,2.9,2.666666667,9,2,2.8,42,2.4,2,2.5,,1,Hillary clinton,4,4,2,2,2,2,2,2,,20,20,50,10,4,14,4,1,2,24,"2,3,6,7",3,,2,2,,1,2,5,4,Clinton,2,7,2
73,32,4,4,4,3,3.75,6.25,1.25,1,1.5,3.8,3.7,3,2.333333333,7,2.5,3.4,,1.8,3,5,1,1,Hillary Clinton,5,5,,2,2,2,2,2,,50,100,100,100,2,24,1,4,2,21,7,3,,1,2,,1,2,4,3,Clinton,2,2,2
50,41,3.5,3.5,4,3.5,3.625,6.25,5.25,7,5.666666667,4.533333333,4,3.4,1.333333333,4,1.25,2.1,,3.6,2.5,3.5,0,1,Bernie,4,4,2,2,2,2,2,2,,40,15,20,15,4,7,4,1,2,,"2,4",3,,5,1,21,0,1,4,6,Sanders,2,1,2
53,34,3.5,3.5,4,4,3.75,3.25,7,7,1.666666667,3.2,1.9,3.4,1.333333333,1,3.75,3.9,39,1.8,2.75,5,0,1,"None, they all suck.",2,2,2,2,2,1,2,2,,0,0,45,55,1,14,3,1,2,,"2,3,4,5,6,7",3,,6,1,20,0,1,6,7,neither,2,1,2
59,38,3.5,3,3.5,3,3.25,3.75,5.75,3,4.166666667,4.133333333,3.4,3,2.333333333,4,2.75,3.4,,3,3.5,2,0,1,Sanders,2,2,2,2,2,2,,2,,20,10,50,20,2,11,2,1,2,,"3,5,7",3,,1,1,20,0,1,3,3,Sanders,2,1,2
63,38,2.5,4,2.5,3,3,3.75,3.5,6,2.833333333,2.866666667,3.7,3.5,3.333333333,4,4,3.6,51,3.2,2.25,3,,1,None of them,3,2,2,2,1,2,2,,,32,38,18,12,4,6,2,2,2,,"2,3,6,7",3,,4,1,20,0,1,5,,neither,2,7,2
68,35,4,4,4,4,4,7,6,3.5,3.833333333,2.733333333,2.8,3.5,1,5,4.25,4,42,4.6,4.5,5,0,1,Bernie Sanders,1,1,2,2,2,2,2,2,,25,40,20,15,3,12,2,1,2,,"3,5,7",3,,1,2,,0,1,2,1,Sanders,2,1,2
74,44,4,4,4,3.5,3.875,3.5,4,5.25,3.666666667,2.866666667,2.4,2.5,3,5,2.5,3.5,,2.2,3.25,3,1,1,"none, i believe most of the candidates's ethics can be questionable",5,4,2,2,2,2,2,2,,10,10,65,15,3,10,2,1,2,,"2,3,4,5",3,,2,1,19,0,1,2,2,neither,2,3,2
68,37,4,4,3,3.5,3.625,7,5.75,5,4.166666667,3.4,2.2,3,1.333333333,1,2.75,3.4,,2.2,2.25,2.5,0,1,Bernie Sanders,4,4,2,2,2,2,2,2,,30,40,20,10,4,12,4,1,2,,"2,4,6",3,,3,1,21,0,1,3,3,Sanders,2,1,2
67,47,4,3.5,4,4,3.875,6,6.75,7,6.166666667,4.333333333,3.2,3.1,1,2,1,1.8,,2.8,2.5,3,0,1,I don't like the two party system and wrote in a candidate instead of voting for one listed,3,4,2,2,2,2,2,,,42,43,5,10,5,6,5,1,2,21,"3,5",3,,2,1,21,1,1,5,4,neither,2,1,2
76,41,3,4,4,3.5,3.625,4.25,4.75,4,4.833333333,4.533333333,3.4,3.2,1,8,4.75,3.3,30,5,4,3.5,1,1,Gary Johnson,4,4,2,2,2,2,2,1,depression/anxiety,5,35,40,20,3,11,2,4,3,22,1,3,,2,1,22,1,1,2,2,Johnson,2,2,2
71,41,3.5,3.5,4,3.5,3.625,4.75,7,6.25,3.666666667,3.6,4.6,2.4,4.333333333,0,1.25,3.6,,3.2,3,3.5,0,1,Clinton,5,4,2,2,2,2,2,2,,20,50,20,20,4,11,4,1,2,22,"3,5,7",3,,1,1,22,1,2,2,2,Clinton,2,1,2
60,48,3,2,3,2.5,2.625,4,3.5,6,4.166666667,3.6,2.7,3.5,3,5,2.25,2.2,47,2.2,2.5,3,0,1,I did not vote,2,4,1,1,1,1,1,,,30,25,30,15,4,11,4,2,1,25,"2,3,6,7",1,5,3,1,25,1,2,5,4,notvote,1,1,2
78,37,3,3.5,3.5,4,3.5,5.25,4.25,4.5,4.666666667,4.666666667,2.7,3.5,3.666666667,5,1,2.9,70,2.4,2.5,3.5,1,1,Hilary Clinton,4,4,2,2,2,2,2,2,,5,5,65,25,3,11,3,4,2,18,"3,4,5,7",3,,1,1,18,1,2,,4,Clinton,2,4,2
69,39,4,4,4,4,4,1,1,1,6,4.133333333,3.8,3.4,4.666666667,10,1.75,2.3,,3.4,3,4.5,0,1,Donald Trump,4,4,2,2,2,2,2,2,,35,30,15,20,5,8,5,1,2,21,3,3,,7,1,21,1,2,6,7,Trump,2,1,2
58,47,3.5,2.5,3,4,3.25,5.25,5.25,5,5,4,3,3.3,5.666666667,3,2.25,3.3,,3.6,4,5,0,1,Bernie Sanders,2,4,2,2,2,2,2,2,,20,0,60,20,3,26,1,2,2,19,1,3,,2,1,19,1,2,2,3,Sanders,2,1,2
71,35,4,4,3,4,3.75,6,6,4.75,6,3.733333333,2.8,2.9,3,5,3.25,2.7,,3.2,4,3,0,1,,4,5,2,2,2,2,2,,,25,25,30,20,4,9,3,1,1,21,"3,5",3,,1,1,22,1,2,4,6,,2,1,2
70,39,4,3.5,3.5,3.5,3.625,6.25,6,6.25,5,5.133333333,3.9,3.3,3.666666667,5,2,2.5,,3.6,4,3,0,1,Hillary Clinton,4,4,2,2,2,2,2,,,30,30,20,20,3,9,1,1,1,20,"2,3,4,5,7",3,,7,1,20,1,2,2,2,Clinton,2,1,2
79,40,4,4,4,4,4,7,7,7,4.833333333,5.266666667,1.6,4,1,6,1,2.9,,2.8,2.5,2,0,1,Donald J. Trump,5,5,2,2,2,2,2,2,,100,100,100,100,4,4,5,1,2,18,2,3,,8,1,18,1,2,6,6,Trump,2,1,2
57,34,3.5,4,3.5,4,3.75,6,6.25,4.5,3.333333333,3.333333333,4.5,2.1,1.333333333,0,1.25,4.1,,3.8,3.5,4,0,1,Hillary Clinton,2,2,2,2,2,2,2,,,0,0,75,25,2,14,2,1,2,19,2,3,,1,1,19,1,2,2,3,Clinton,2,1,2
64,39,4,4,4,4,4,6,6.25,6.75,5.666666667,3.266666667,3.6,3.1,1,4,1.75,3.6,42,3.8,3.75,4,0,1,Gary Johnson,4,4,2,2,2,2,2,,,35,25,20,20,3,9,1,2,2,20,"2,3",3,,4,1,20,1,2,4,3,Johnson,2,1,2
67,40,4,4,4,4,4,5.75,5.25,6.25,2.833333333,3.266666667,4.9,3.6,1,5,3.25,3.3,,5,4.25,5,0,1,johnson,4,4,2,2,2,2,2,2,,0,0,20,80,2,9,4,1,2,19,1,3,,5,1,19,1,2,5,5,Johnson,2,1,2
51,44,4,4,4,2.5,3.625,6.5,5,5.5,3.833333333,3.8,1.8,3.6,1,4,1.5,2.4,33,2.6,2,2,0,1,None,1,3,2,1,2,1,1,2,,5,50,15,30,2,8,1,2,2,26,"3,5",3,,2,1,26,1,2,,,neither,2,1,2
67,40,3,3.5,4,3,3.375,5.25,6,7,4,3.533333333,3.3,2.8,3,6,2,3,,2,3.25,3,0,1,None of them,4,5,2,2,2,2,2,2,,40,5,45,10,4,26,3,1,2,22,"2,3,4,5",3,,2,1,22,1,2,4,4,neither,2,1,2
74,47,3.5,4,4,3,3.625,5.75,6,5,4.833333333,1.933333333,3,3.8,1.666666667,1,2,3.3,32,3.4,3.25,3,0,1,FEEEEL THE BERN,2,3,2,2,2,1,2,2,,30,25,35,10,3,9,2,1,2,21,"2,3",3,,4,1,21,1,2,4,4,Sanders,2,1,2
43,35,4,3,3.5,3.5,3.5,7,5.5,5.5,3.833333333,2.266666667,4.3,2.7,1.666666667,3,1.5,2.9,,3.2,2,1.5,,1,Donald Trump,5,5,2,2,2,2,2,2,,0,0,75,25,4,10,3,1,1,19,"3,5",3,,6,1,19,1,2,,,Trump,2,7,2
67,43,3,4,3,3.5,3.375,,,,5.833333333,3.733333333,2.5,3,1,3,2,3.2,45,3.4,1.5,2.5,,1,Gary Johnson,4,4,2,1,2,1,2,,,20,20,45,15,4,10,4,1,2,20,"2,3",3,,5,1,20,1,2,5,6,Johnson,1,7,2
68,34,4,3.5,4,4,3.875,6.5,4.25,5.25,6.166666667,3.866666667,3.1,2.7,1.333333333,3,1,2.4,,3.6,1.5,2.5,0,1,"I voted for Donald Trump, but supported Ted Cruz until he dropped out.",4,4,2,2,2,2,2,2,,40,30,20,10,4,8,5,1,2,18,"2,4",3,,1,1,18,1,2,7,5,Cruz-Trump,2,1,2
72,38,4,4,4,4,4,3.75,2,3,6.5,4.066666667,4,3.1,1,11,3.75,3.3,34,4.8,3.75,4.5,,1,A$AP rocky,1,1,2,2,2,2,2,2,,9,1,80,10,4,8,2,1,1,22,3,3,,2,1,22,1,2,1,4,nonsense,2,7,2
73,42,3.5,4,3.5,3,3.5,5.25,6.25,6.5,4.5,4.066666667,3.8,3,2,3,2.5,3.1,42,4,4.5,4,1,1,Hillary Clinton,5,4,2,2,2,2,2,2,,30,25,35,10,2,8,2,3,2,19,"2,3,4,5",3,,2,1,19,1,2,3,2,Clinton,2,3,2
58,41,4,3,4,3.5,3.625,5,5,7,3.833333333,3.8,2.6,3,1,0,2.5,2.9,,3,4,4,0,1,Hillary Clinton,2,4,2,2,2,2,2,2,,40,30,10,20,3,6,2,2,2,18,"2,3,5,7",3,,2,1,18,1,2,4,3,Clinton,2,1,2
71,38,3.5,3,4,3,3.375,6.25,6.5,7,4.166666667,4.866666667,4,3.1,3,1,2,2.7,34,4,3.25,1.5,0,1,Bernie Sanders,4,4,2,2,2,2,2,2,,40,30,20,10,5,10,5,1,2,18,"2,3,6",3,,3,1,18,1,2,4,3,Sanders,2,1,2
70,37,4,4,4,4,4,4.25,5.5,4.25,3.833333333,3.2,2.9,3.7,7,7,2.5,3.1,,2.6,4.5,2.5,1,1,,5,5,2,2,2,2,2,,,25,25,25,25,4,11,1,1,2,20,7,3,,1,1,20,1,2,4,4,,2,3,2
59,41,3,4,4,4,3.75,1.75,1.5,1.25,1.333333333,4.866666667,2.7,2.9,5,5,2.25,3.2,,2,1.5,2,0,1,Hillary Clinton,1,3,2,2,2,2,2,2,,0,0,90,10,2,16,1,2,2,20,"2,6",3,,2,1,10,1,2,2,3,Clinton,2,1,2
58,36,4,4,3.5,4,3.875,4.25,5.25,5.5,4,3.8,3.2,2.7,2.333333333,3,3,3.3,,2.8,2.75,3,0,1,Clinton,1,1,2,2,2,2,2,2,,10,5,50,35,3,10,2,1,2,21,"3,5,7",3,,1,1,21,1,2,3,3,Clinton,2,1,2
77,41,4,3.5,3.5,4,3.75,6.75,6,6.5,5.666666667,4.266666667,3.7,3,1,1,2.5,3.4,42,4.2,4.25,4,1,1,No,5,5,2,2,2,2,2,2,,25,25,25,25,5,10,5,2,2,18,"2,3,6,7",3,,1,1,18,1,2,4,4,neither,2,4,2
70,44,3.5,4,3.5,3.5,3.625,5,6,7,5.833333333,5.333333333,2,3.4,4,1,1.25,2.3,42,3.4,2.25,2.5,,1,Bernie Sanders/Gary Johnson,2,2,2,2,2,2,2,2,,30,0,50,20,3,9,4,2,2,24,"2,3,7",3,,2,1,24,1,2,4,3,Sanders-Johnson,2,7,2
60,36,3.5,3.5,3.5,3,3.375,6.25,4.75,6.5,6.166666667,4.133333333,3.9,2.9,1.666666667,8,2,2.6,42,2.6,3,5,,1,clinton,3,3,2,2,2,2,2,2,,25,25,25,25,5,6,2,1,1,21,"2,4",3,,3,2,,1,2,5,,Clinton,2,7,2
77,41,4,3.5,4,4,3.875,6.25,2.25,7,6,3.8,3.3,2.9,1,4,1.75,3.4,42,3,2,3.5,0,1,Bernie Sanders,5,5,2,2,2,2,2,2,,35,25,20,20,5,5,3,1,2,21,"2,4,6",3,,3,1,21,1,2,2,2,Sanders,2,1,2
71,48,2.5,4,3,2.5,3,4.75,4.5,4.75,2.5,4.4,2.7,2.9,1,3,1.5,3.4,,2.6,2,3,0,1,Gary Johnson,4,5,2,2,2,2,2,2,,25,45,30,0,5,14,4,1,2,40,"2,3,6,7",3,,2,1,40,0,2,6,4,Johnson,2,1,2
53,43,4,4,3.5,2.5,3.5,3.5,4.75,7,3,2.466666667,1.9,3.3,2,3,1,4.1,45,1,1,1,0,1,"I supported Bernie Sanders and Jill Stein, however I voted for Hillary Clinton for fear of Donald Trump's success",1,1,2,2,1,1,2,2,,0,15,45,40,1,26,1,2,3,18,5,3,,2,1,18,1,2,1,3,Sanders-Clinton,1,1,2
63,43,4,4,4,3.5,3.875,1.75,6,5.75,5.666666667,3,3.8,2.8,1,0,1.75,3.4,,3.2,2.5,3,0,1,,3,3,2,2,2,2,2,,,15,15,35,35,3,14,1,2,2,22,"2,3,7",3,,2,1,35,1,2,4,,,2,1,2
72,41,4,4,3.5,4,3.875,7,5.25,4.5,4.166666667,3.133333333,2.8,3.7,2.333333333,7,2.5,3.2,,3.8,4,4,0,1,Hillary Clinton,3,2,2,2,2,2,2,1,,15,40,25,20,3,13,2,1,2,21,"3,5,7",3,,2,2,,1,2,1,1,Clinton,2,1,2
72,39,4,4,4,4,4,7,7,7,5.333333333,3.666666667,3.6,3.5,4.333333333,4,2.5,3.3,,3.4,2.75,4,0,1,Did not vote,4,5,2,2,2,2,2,2,,30,30,20,20,5,7,2,1,2,21,"2,3,4,5,6,7",3,,7,1,21,1,2,4,,didnotvote,2,1,2
57,39,3.5,4,3.5,3.5,3.625,6.25,6,6,4.333333333,3.533333333,2.9,3.5,3,3,1,2.9,42,3,3,4,0,1,"Neither, but I voted for Clinton",2,2,2,2,2,2,2,2,,20,10,40,30,1,14,1,1,2,29,1,3,,2,1,29,1,2,1,2,Clinton,2,1,2
61,35,3,4,4,4,3.75,1.5,3.5,7,2,3.6,3,2.6,4.333333333,0,1,3.7,37,1.4,1,3,1,1,Hillary Clinton,4,3,2,2,2,1,2,2,,30,0,40,30,4,11,1,1,2,19,4,3,,4,1,19,1,2,3,3,Clinton,2,4,2
77,46,2,4,3.5,1.5,2.75,5.5,4,7,5.666666667,4.266666667,3,3.5,1,2,1.5,3,,3.4,2,4,,1,Trump,5,5,2,2,2,2,2,1,maybe a learning disability but unsure,20,40,35,5,4,9,3,1,2,43,"2,3,4,5,6,7",3,,4,1,35,0,2,6,7,Trump,2,8,2
63,41,4,3.5,3.5,4,3.75,4.75,7,7,4.666666667,4.4,4.3,3.8,4,5,1.75,2.2,,3.4,1.5,2,,1,Did not vote,4,5,2,2,2,2,2,2,,10,10,60,20,3,8,1,1,2,20,"3,5",3,,6,1,20,1,2,4,,didnotvote,2,7,2
60,37,2.5,4,2.5,3,3,5,5,3.75,5,2.2,3.5,2.7,1.666666667,2,2,3.7,,2.8,3,4,,1,Hillary Clinton,3,4,2,2,2,2,2,2,,25,40,15,20,4,9,5,1,2,21,3,3,,5,1,21,1,2,3,3,Clinton,2,7,2
63,40,3,4,2.5,3.5,3.25,5.25,5.25,6.5,4.5,3.2,3.7,3.1,4.333333333,5,1.25,3.7,46,2.6,2.25,4,,1,Donald Trump,3,2,2,2,1,2,2,2,,30,35,25,10,5,6,4,2,2,21,"3,7",3,,3,1,21,1,2,5,5,Trump,2,7,2
56,39,4,4,4,4,4,3.5,4.75,4.75,2,3.933333333,3,3,2,3,2,3.4,34,3.6,3.5,4,1,1,Clinton,2,3,2,2,2,2,2,2,,30,40,20,10,4,9,2,2,1,18,"3,5,7",3,,4,1,18,1,2,4,3,Clinton,2,3,2
76,39,4,3.5,3.5,4,3.75,1,1.5,1,6.166666667,5.266666667,3.2,4,1,4,2,2.5,53,3.8,2.5,3.5,0,1,TRUMP!!!,5,5,1,,,,,1,Back problems.. bulging disks and Bertolotti's syndrome,25,25,25,25,5,7,2,1,2,,3,3,,1,1,20,0,1,6,7,Trump,1,1,2
61,40,3.5,3.5,3,4,3.5,5.5,5.5,4.5,4.666666667,3.733333333,3,3.7,1.666666667,2,1.75,2.9,32,3.8,1.5,5,0,1,Clinton,4,5,1,2,2,2,1,2,,0,0,70,30,1,7,1,2,1,,"3,5,7",3,,2,1,20,0,1,2,3,Clinton,1,1,2
63,30,4,4,4,3.5,3.875,1.75,2.75,1,1,3.6,3.2,2.9,1,5,1.5,4,,2.8,2.5,3,1,1,Hillary Clinton,5,3,2,2,2,2,2,2,,0,5,90,5,1,14,1,1,2,,5,3,,1,1,20,0,1,2,1,Clinton,2,4,2
69,32,4,4,4,4,4,7,6.5,7,2.666666667,1.933333333,3.7,2.6,3,4,4.25,3.5,33,3.4,4,4,0,1,Hilary Clinton,4,2,2,2,2,1,2,2,,10,20,70,0,3,11,1,2,2,,"2,4,6,7",3,,7,1,19,0,1,2,5,Clinton,2,1,2
64,36,4,4,4,4,4,7,6.5,7,6.166666667,5.066666667,4.1,4,3,8,1.75,3.2,,5,5,5,,1,Ms. Hillary Clinton,4,4,2,2,2,2,2,2,,25,10,50,15,2,11,5,1,2,,"2,3,4,5,6,7",3,,6,1,19,0,1,1,1,Clinton,2,7,2
74,32,4,3.5,3.5,3.5,3.625,6,6,4.25,6.166666667,3.933333333,3.5,2.8,1.666666667,0,2,2.6,,3.8,3.75,3,0,1,Undecided,4,3,2,2,2,2,2,2,,25,35,20,20,4,11,1,1,2,,"2,3,4,5,6",3,,7,1,19,0,1,5,5,dontknow,2,1,2
72,42,4,4,4,4,4,7,5.5,6.25,5.5,4.4,3.7,3.3,1,7,1,2.5,,3.6,4,4,0,1,Neither,5,5,2,2,2,2,2,2,,25,25,25,25,5,12,5,1,2,,"3,5,7",3,,1,1,20,0,1,4,4,neither,2,1,2
66,40,4,4,4,4,4,7,7,7,3.333333333,5.2,4.1,3,4.333333333,6,2,3,,3.6,4.25,4,0,1,Hillary Clinton,4,4,2,2,2,2,2,,,10,40,25,25,1,14,5,1,2,,4,3,,7,1,19,0,1,2,2,Clinton,2,1,2
59,36,2.5,3.5,4,4,3.5,3,7,7,2.833333333,4.466666667,4.1,3.3,1.333333333,0,1.75,3.5,,3.4,4,5,0,1,Hillary Clinton,4,3,2,2,2,2,2,2,,30,20,30,20,4,10,3,1,2,,"2,3,4,5,6",3,,1,1,19,0,1,4,3,Clinton,2,1,2
56,33,4,3.5,3.5,4,3.75,4.75,7,6.75,4.333333333,3.4,4.3,2.5,2,8,4,3.4,33,3.6,4.25,5,0,1,Clinton,4,4,2,2,2,1,2,2,,10,15,45,30,3,9,1,1,2,,1,3,,1,1,18,0,1,1,1,Clinton,2,1,2
53,41,4,2.5,3.5,4,3.5,6.75,6,7,5.333333333,3.2,3.9,2.9,1,6,3.5,3,,4.4,3.5,5,1,1,none,2,3,2,2,2,2,2,2,,30,25,30,15,5,6,2,1,2,,2,,,3,1,7,0,1,,,neither,2,4,2
76,39,3.5,3,3,3.5,3.25,5.25,5,5.75,4.166666667,4.2,3.9,2.9,2,0,1.25,2.6,50,2.8,2.5,3,0,1,undecided,4,4,2,1,2,2,2,2,,25,25,40,10,5,8,3,1,2,,"2,3",3,,5,1,21,0,1,,,dontknow,2,1,2
65,42,1,2.5,2.5,3,2.25,6.25,5,7,4.833333333,4.466666667,3,2.5,4,4,1,2.2,59,3.4,3.25,4,0,1,Hilary,4,3,2,2,1,2,2,2,,30,45,20,5,5,11,2,1,2,,"3,5",3,,2,1,23,0,1,,,Clinton,2,1,2
72,38,3.5,4,3.5,3.5,3.625,6.75,6.75,7,3.666666667,4,2.9,3,3,6,1,1.9,37,4.2,4,4,0,1,Independent,4,4,1,2,2,2,2,,,20,20,50,10,3,10,2,1,2,,1,3,,5,1,21,0,1,,,thirdparty,2,1,2
69,38,4,3,3.5,3,3.375,6,5.5,7,5.666666667,4.266666667,3.3,3,3.333333333,8,2.25,2.4,55,2.8,4,4,0,1,I am not going to vote,4,4,2,2,2,1,2,2,,35,10,40,15,5,7,3,1,2,,"3,5",3,,2,1,19,0,1,4,3,notvote,2,1,2
70,37,3.5,4,2.5,4,3.5,6,5.75,5,6.333333333,3.866666667,1.9,3.3,3,6,2.5,3,,3,3.5,3.5,,1,Johnson,4,5,2,2,2,2,2,2,,25,40,25,10,3,26,2,1,2,,"2,4",3,,5,1,15,0,1,2,3,Johnson,2,7,2
62,38,4,4,3.5,3.5,3.75,6,7,7,5,3.266666667,4.5,3.2,3.333333333,8,1.5,3.8,39,2.4,3.25,4,0,1,Hilary Clinton,3,3,2,1,2,1,2,2,,30,20,25,25,5,9,1,1,2,,"3,7",3,,1,1,21,0,1,2,2,Clinton,2,1,2
73,38,3.5,3,3.5,4,3.5,6.25,6.25,4.5,5.166666667,5.2,2.4,3.2,1,6,1.75,2.6,48,3.6,3.25,4,1,1,clinton,2,4,2,2,2,2,2,2,,100,100,100,100,5,9,3,1,2,,1,3,,3,1,4.5,0,1,2,2,Clinton,2,4,2
74,38,4,3.5,4,3.5,3.75,6.75,6.75,6.75,4.333333333,2.8,3.4,3.3,1.333333333,0,1.75,2.7,40,2.8,3.75,4,,1,Bernie Sanders,5,5,2,2,2,2,2,1,Migraines but never diagnosed. Can't do anything when I get them.,30,25,30,15,4,11,2,1,1,,"2,3,4,5,6",3,,5,1,21,0,1,2,3,Sanders,2,7,2
67,35,4,4,4,4,4,3.75,5,6.75,2.166666667,1.666666667,4.3,1.9,2,2,1.75,4.8,18,3.8,4,5,0,1,Bernie Sanders or Jill Stein,2,3,2,2,2,1,2,2,,15,25,25,35,2,12,3,2,2,,"2,3,6,7",3,,5,1,20,0,1,,,Sanders-Stein,1,1,2
73,43,4,3,3.5,4,3.625,6,6,4.5,4,4.6,3,3.8,2.666666667,7,1.5,2.4,,3,4.25,4,0,1,niether,4,3,2,2,2,2,2,2,Emotionally,30,30,25,15,5,12,2,2,2,,"2,3",3,,2,1,21,0,1,2,4,neither,2,1,2
75,36,3,4,3,3,3.25,1.75,6,6.5,4,2.266666667,4.1,3.1,1.666666667,6,1.5,2.8,,2.6,1,1,0,1,Hilary Clinton,1,3,2,2,2,2,2,2,,40,15,20,25,4,6,5,1,1,,"3,5",3,,1,1,19,0,1,,,Clinton,2,1,2
54,45,4,3.5,4,4,3.875,4.25,4,7,5.333333333,4.6,2.6,3.8,1,4,1.25,3.3,,3.6,2.75,3,,1,Neither,4,4,2,2,2,2,2,2,,25,35,25,15,3,11,2,2,2,,"3,5",3,,4,1,19,0,1,,2,neither,2,7,2
60,30,3.5,4,3.5,3,3.5,4.5,7,2,2.333333333,3.6,3.4,2,5,0,1,3.8,,4,3,3,0,1,,3,3,2,2,2,2,2,,,0,0,80,20,1,12,2,1,2,,"2,3,4,5,7",3,,1,1,19,0,1,2,2,,2,1,2
76,50,3.5,3.5,2.5,3,3.125,6.75,5.25,5.75,3.5,2.466666667,4.4,2.4,3.666666667,3,2,4,42,2.8,3.75,5,0,1,Trump,3,3,2,2,1,2,2,2,,75,20,4,1,5,7,1,1,2,,"3,5",3,,1,1,19,0,1,,,Trump,2,1,2
76,37,4,4,3.5,3.5,3.75,6.5,6.5,6.25,2.833333333,4.266666667,4,2.6,1.333333333,1,2.5,3.4,,3.6,4.25,4.5,0,1,Neither,5,4,2,2,2,2,2,,,20,20,40,20,5,9,2,1,2,,"3,5,7",3,,3,1,19,0,1,,5,neither,2,1,2
60,44,3,3,3,2.5,2.875,2.25,5,7,4.5,4,3.4,3,5,2,4,3.5,37,3.4,3.25,3,1,1,Trump,4,4,2,2,1,2,2,,,30,30,30,10,3,10,1,1,2,,"2,3",3,,2,1,19,0,1,6,6,Trump,1,4,2
70,38,4,4,4,4,4,7,7,7,6.666666667,4.333333333,3.8,3.4,1,2,2,3.3,42,4.4,5,5,0,1,,4,4,2,2,2,2,2,2,,40,40,15,5,5,11,3,1,2,,"3,5,7",3,,6,1,19,0,1,3,3,,2,1,2
70,35,4,3.5,4,3.5,3.75,7,7,7,4.833333333,4.8,4,3.5,4.666666667,10,3.25,2.2,42,4.4,2.5,4,0,1,Donald Trump,5,4,2,2,2,2,2,2,,0,0,50,50,5,10,3,1,1,,"2,4,5,6,7",3,,4,1,19,0,1,4,2,Trump,2,1,2
80,41,4,4,4,4,4,5.5,6.75,7,5.5,4.133333333,3.2,3,1,3,1.25,2.7,,3.6,3.75,4,1,1,,4,4,2,2,2,2,2,2,,25,35,25,15,4,7,5,1,2,,2,3,,3,1,8,0,1,,2,,2,3,2
80,36,3.5,4,4,3.5,3.75,6.25,5,5.25,4,3.266666667,3.1,3,7,3,1.5,3.3,,2.8,3,3.5,0,1,Trump,4,4,2,2,2,2,2,2,,30,20,30,20,5,10,2,1,2,,"3,7",3,,1,1,20,0,1,6,6,Trump,2,1,2
76,41,4,4,3.5,4,3.875,7,4,4.5,2.166666667,4.066666667,2.8,3.2,1,0,1.75,3.5,,3.8,3.25,4,0,1,Hillary Clinton,5,5,2,2,2,2,2,2,,35,35,20,10,5,9,3,1,2,,"2,4,6",3,,6,1,22,0,1,3,3,Clinton,2,1,2
59,37,4,2,4,3.5,3.375,3.5,5.5,5.75,3,3.6,3.7,3.1,2,4,3.5,3.7,31,3.8,4,4,0,1,Hilary Clinton,1,1,2,2,2,1,1,2,,15,15,35,35,2,14,2,2,2,,"2,6",3,,3,1,21,0,1,2,3,Clinton,2,1,2
71,38,4,4,4,4,4,5,7,6.25,3.5,4.866666667,3.1,3,4,1,1.25,2.4,44,2.8,3.75,4,,1,neither,3,3,1,2,2,2,2,2,,10,10,60,20,3,10,2,4,2,,1,3,,4,1,20,0,1,,,neither,1,7,2
72,37,3.5,3.5,3.5,4,3.625,6.25,6,6.25,5.333333333,3.2,3.4,3,3,2,1,3.2,43,3.4,2.5,2.5,0,1,Hillary I guess,2,2,2,2,2,2,2,2,,22,22,39,17,4,11,2,1,2,,2,3,,6,1,18,0,1,,,Clinton,2,1,2
68,34,4,4,4,4,4,7,6.75,5,4.833333333,2.4,3.3,3,1.666666667,0,1,3.4,42,3.6,4,5,0,1,Hillary Clinton,4,3,2,2,2,2,2,2,,25,10,35,30,3,8,3,1,2,,"2,4,6",3,,1,1,19,0,1,,3,Clinton,2,1,2
70,44,4,4,4,3,3.75,7,7,7,3.666666667,4.866666667,3.6,2.9,1,3,1.5,2.7,,2.2,2.5,3,0,1,Neither,3,3,2,2,2,2,2,2,,100,100,90,80,5,10,1,2,2,,"2,3,4,5,6,7",3,,1,1,24,0,1,,4,neither,2,1,2
77,39,3.5,4,3,4,3.625,6,6.5,6.75,5,4.333333333,3.8,3.3,2,9,2.25,3.1,,2,3.5,3,0,1,Hillary Clinton,1,3,2,2,2,2,2,2,,30,30,20,20,5,11,1,1,2,,3,3,,2,1,20,0,1,3,4,Clinton,2,1,2
63,35,3,3,3.5,3,3.125,4.5,5,5,3.166666667,4.2,3.6,3,2.333333333,6,1.5,2.7,42,2.2,2.75,2.5,0,1,Trump,3,4,,,,1,,,,25,15,40,20,4,14,3,2,2,,"2,3,4,5,6,7",3,,6,1,24,0,1,4,5,Trump,1,1,2
58,31,4,3,4,4,3.75,7,5.5,4.5,6.833333333,4.066666667,3,2.8,2,3,1.5,2.4,,1,1,1,0,1,Trump,4,4,2,2,2,2,2,,,0,5,75,20,1,11,4,1,3,,1,3,,1,1,20,0,1,5,5,Trump,2,1,2
69,41,4,3,3,3.5,3.375,6,6,5,5.666666667,4.6,3.1,3.2,4,9,1,2.8,55,3.8,4.25,4.5,0,1,Garry Johnson,5,4,2,1,2,2,2,2,,80,70,90,100,3,14,2,1,2,,"2,4,6",3,,2,1,25,0,1,4,5,Johnson,2,1,2
71,38,4,3.5,4,3.5,3.75,6.5,6.75,3.25,4.5,4.466666667,2.6,3.9,1,4,1.25,2.1,42,2.6,4,4,0,1,Hillary Clinton,2,4,2,2,1,2,2,2,,25,25,30,20,4,11,2,1,2,,3,3,,7,1,19,0,1,3,3,Clinton,2,1,2
59,36,4,4,3.5,4,3.875,5.75,4.75,4.5,1.666666667,2.933333333,4.1,2.1,3.333333333,4,2,4.5,18,3.8,5,4,0,1,Bernie Sanders,3,2,2,2,1,1,2,2,,30,10,30,30,3,8,3,1,2,,"3,5",3,,1,1,18,0,1,2,,Sanders,2,1,2
75,35,3,3.5,4,4,3.625,6.25,4.25,7,5,4.466666667,2,3,2.333333333,3,1,2.9,,2.6,2,3,1,1,Clinton,2,4,2,2,2,2,2,,,25,25,30,20,5,9,3,2,2,,2,3,,4,1,19,0,1,4,4,Clinton,2,2,2
57,35,4,4,3.5,3.5,3.75,5.25,6.75,7,4.5,2.333333333,3.2,2.8,1.333333333,1,3,3.7,46,2,2.5,4,0,1,Jill Stein,2,3,2,2,2,1,2,2,,5,15,40,40,2,14,1,2,2,,2,3,,6,1,18,0,1,4,3,Stein,2,1,2
74,45,4,4,4,3.5,3.875,4.25,3.5,6,2.333333333,5.466666667,4.6,3.3,1,1,2.75,4.3,42,3.6,3.75,3,0,1,Neither but Hillary Clinton,4,4,2,2,2,2,2,2,,80,40,100,70,3,14,3,2,2,,2,3,,3,1,25,0,1,1,1,Clinton,2,1,2
70,34,3.5,3.5,4,3.5,3.625,5.5,6.5,6.5,6,4.133333333,4,3.4,1.333333333,2,1.75,3.2,52,3.6,3.25,3,0,1,Hillary Clinton,4,4,,,,1,,,,15,35,35,15,3,13,1,1,2,,2,3,,6,1,20,0,1,2,3,Clinton,2,1,2
56,37,3.5,4,4,3.5,3.75,6.25,6.75,6.5,5.666666667,3.333333333,3.3,3.7,2.333333333,3,3.5,2.1,,4.2,3.25,2,0,1,Gary Johnson,3,4,2,2,2,2,2,2,,10,15,45,30,3,10,1,2,2,,1,3,,7,1,20,0,1,2,3,Johnson,2,1,2
73,39,4,3,4,4,3.75,7,7,7,6.333333333,5.133333333,3.6,3.6,1.666666667,5,1.25,2.6,,3.2,3.75,3.5,1,1,Donald Trump,5,5,2,2,2,2,2,,,30,30,30,10,5,14,3,1,2,,1,3,,7,1,19,0,1,6,7,Trump,2,4,2
64,42,4,3.5,4,3.5,3.75,7,7,7,4.666666667,3.733333333,3.5,3,1.666666667,6,1,2.4,42,3.8,3.5,5,0,1,trump,2,4,2,2,2,2,2,2,,10,0,60,30,2,11,3,2,2,,"2,4,6",3,,2,1,22,0,1,,,Trump,2,1,2
73,41,3,3,4,3,3.25,1,7,1,2,2.733333333,4.5,2.8,1,3,2.5,5,42,1.6,3.25,3,1,1,,4,4,2,2,2,2,2,2,,35,35,25,5,5,8,3,2,2,,"3,5,7",3,,1,1,19,0,1,,,,2,6,2
77,34,3.5,4,3,3,3.375,7,7,7,4.833333333,3.933333333,5,2.7,5,6,2.75,3.6,41,3.8,4.75,4,0,1,Trump,5,4,2,2,2,2,2,2,,100,100,100,80,5,12,4,1,2,,1,3,,7,1,18,0,1,6,6,Trump,1,1,2
63,31,3.5,3,3.5,3,3.25,5.75,5,5.75,5,3.733333333,3.2,3.4,3.333333333,4,1.75,2.4,,3.4,3.5,4,1,1,Hilary Clinton,4,3,2,2,2,2,2,2,,0,0,60,40,2,10,1,2,1,,"3,5,7",3,,1,1,18,0,1,4,3,Clinton,2,4,2
65,31,3,3.5,3.5,4,3.5,7,6.75,6.75,6.333333333,3,3.8,2.9,1.666666667,2,1.25,2.7,,3.4,3.75,3.5,0,1,Trump,4,4,2,2,2,2,2,2,,30,40,20,10,4,10,4,1,2,,1,3,,1,1,18,0,1,4,3,Trump,2,1,2
60,42,4,3.5,4,4,3.875,5.25,6.75,6.75,5.333333333,3.733333333,3.2,3.1,1.333333333,0,2,2.6,61,3.8,2.5,2,0,1,Neither,3,4,1,2,2,2,2,2,,80,100,90,70,4,10,4,2,2,,1,3,,4,1,18,0,1,,4,neither,1,1,2
66,33,4,4,3.5,3.5,3.75,6.75,6.75,6.25,3,3.866666667,3.6,2.1,1.666666667,1,2,3.4,42,3.8,3.75,3.5,,1,neither,4,4,2,2,2,2,2,2,,20,20,40,20,4,11,3,1,2,,"2,3,4,5,6",3,,5,1,18,0,1,,4,neither,2,7,2
68,33,3,2,3,3,2.75,6,6,6.5,5.833333333,4.6,3.1,3.1,4,6,1,2.4,42,3.4,3.25,4,1,1,,3,3,2,2,2,2,2,2,,55,15,15,15,4,8,2,1,2,,1,3,,1,1,1,0,1,,4,,2,4,2
70,42,4,3.5,4,3.5,3.75,4,7,7,3.5,4.2,3,3.1,2,0,1.5,3,42,3,2.25,2.5,0,1,Gary Johnson,4,3,2,2,2,2,2,,,25,30,25,20,3,10,3,2,2,,"2,3,6,7",1,4,4,1,21,0,1,3,5,Johnson,2,1,2
64,59,3,3,3,3.5,3.125,7,7,6.5,6.333333333,4.533333333,3,3.2,2,7,1.5,2.2,,4,3,3,,1,Donald Trump,4,5,2,2,2,2,2,2,,25,30,35,10,4,9,2,1,2,,3,3,,8,1,19,0,1,,5,Trump,2,7,2
71,35,4,4,4,4,4,6.25,6,6.5,6,3.933333333,3.9,2.8,1,4,1.75,2.4,,2.8,2.75,3,0,1,Hillary Clinton,3,4,2,2,2,2,2,2,,25,25,25,25,5,9,2,1,2,,"2,4,6",3,,1,1,20,0,1,2,2,Clinton,2,1,2
78,38,4,3.5,4,3,3.625,5.25,6,5,5.166666667,2.133333333,2.1,3.2,1.666666667,0,1.25,3.1,,3.4,3.25,4.5,0,1,Donald Trump,4,5,2,2,2,2,2,2,,30,30,30,10,4,13,2,1,2,,"2,3,4,5,6,7",3,,1,1,22,0,1,5,5,Trump,2,1,2
65,44,2,3.5,3.5,4,3.25,7,7,6,4.333333333,5.333333333,3.2,2.8,2.666666667,1,1.25,2.9,45,2.8,3.5,4,0,1,clinton,4,4,2,2,2,2,1,2,,5,15,70,10,4,9,2,2,2,,"2,3,6,7",3,,1,1,20,0,1,4,2,Clinton,2,1,2
78,42,4,4,4,4,4,4.5,4.25,7,5,2.333333333,3.7,3.9,1,7,1,4.4,,4.6,4.75,5,0,1,Hilary Clinton,5,5,2,2,2,2,2,2,,20,20,45,15,5,8,1,1,2,,"2,4,6",3,,8,1,18,0,1,3,6,Clinton,2,1,2
66,43,4,3.5,4,4,3.875,6.25,6.75,2,4.166666667,3.333333333,2.8,3.3,2,8,2.5,2.9,,4.8,4.75,5,0,1,none,4,4,2,2,2,2,2,,,25,15,30,30,3,9,1,2,2,,1,3,,2,1,20,0,1,,4,neither,2,1,2
73,34,4,4,3,4,3.75,7,6.5,6.25,3.666666667,3.266666667,3.5,3.1,3.333333333,2,1,3,,4.4,4,4,0,1,Donald Trump,3,4,2,2,2,2,2,2,,30,25,40,5,5,11,1,1,2,,1,3,,1,1,18,0,1,,,Trump,2,1,2
75,40,4,4,4,4,4,7,7,7,4.833333333,3.533333333,4.3,3.8,1,1,1,3.5,34,3.8,4,4.5,,1,none,4,4,2,2,2,2,2,2,,30,20,45,5,4,11,1,1,2,,"2,3,4,5",3,,6,1,18,0,1,4,3,neither,2,7,2
69,35,3.5,4,3.5,4,3.75,4.25,5.75,6,4,2.8,3.5,2.9,2,2,3.25,3.5,,4,3.25,3.5,0,1,Niether,2,3,2,2,2,2,2,,,30,30,35,5,4,13,1,1,2,22,"3,5,7",3,,1,1,22,1,1,,,neither,2,1,2
64,33,4,2,4,3.5,3.375,4,4.75,5.25,5,3.4,2.6,3,2,6,2.75,2.2,32,3.4,3,3.5,0,1,clinton,5,5,2,2,2,1,2,2,,25,25,40,10,3,12,1,1,2,18,"2,3,4,5,6",3,,6,1,18,1,1,3,3,Clinton,2,1,2
69,38,3.5,4,3.5,4,3.75,5.25,5.25,7,5.666666667,3.266666667,3.6,3.3,1,3,1.25,3.7,42,2.8,2.25,4.5,1,1,Bernie/Clinton,4,5,2,2,2,2,2,2,,25,5,60,10,4,9,1,2,2,23,3,3,,4,1,17,1,1,1,3,Sanders-Clinton,2,3,2
49,34,4,4,4,4,4,5.5,5.25,5.25,2.333333333,4.6,4.6,3.2,1,3,2.5,4.7,32,3.6,4.75,5,0,1,Neither,3,3,2,2,2,1,2,2,,30,10,35,25,5,11,2,1,2,20,"2,4,6",3,,2,1,20,1,1,,,neither,2,1,2
78,42,4,3.5,3.5,3.5,3.625,3.5,7,7,3,4.866666667,3.6,3,2,0,1.25,3.1,44,3.6,2.5,4,1,1,Donald Trump,3,3,2,2,2,1,1,2,,40,20,30,10,4,9,1,4,2,19,"2,6",3,,2,1,19,1,1,2,2,Trump,2,2,2
65,34,4,4,4,3.5,3.875,3.25,4,7,5,3.333333333,1.9,3.9,1,9,3.25,3.9,,3.8,3.5,3.5,0,1,No one,4,5,2,2,2,2,2,2,,31,32,32,5,5,9,1,2,2,19,"2,3,6,7",3,,1,1,19,1,1,2,2,neither,2,1,2
75,33,4,4,4,4,4,6.25,6,6,2.333333333,2.466666667,3.7,2.9,1,3,2,4.2,42,2,2,2,0,1,Trump,4,4,2,2,2,2,2,2,,0,0,75,25,5,14,2,2,2,25,"3,5",3,,5,1,25,1,1,6,6,Trump,2,1,2
75,39,3.5,4,4,4,3.875,7,6.75,5.5,4.333333333,4.333333333,3.4,3.3,1,2,1.25,2.4,,3.8,3,2,0,1,Clinton,5,5,2,2,2,2,2,2,,25,45,20,10,5,11,3,2,2,19,"2,3,4,5,6,7",3,,5,1,19,1,1,,,Clinton,2,1,2
73,38,3.5,3.5,4,4,3.75,7,7,6,5.166666667,4.733333333,3.6,3.3,1,0,2.5,2.8,44,3.4,2.5,4,0,1,Sanders,4,3,2,1,1,1,2,,,40,0,40,20,4,19,2,1,2,30,"2,4",3,,2,1,30,0,1,2,4,Sanders,1,1,2
66,45,3.5,4,4,2.5,3.5,4.75,6.5,5.5,6,4.133333333,2.5,3.7,1.333333333,3,3.75,2.6,,3.2,4,2,0,1,Trump,4,4,2,2,2,2,2,2,,15,20,30,35,4,9,4,1,2,18,"3,7",3,,7,1,18,1,1,6,5,Trump,2,1,2
49,39,3,4,3,4,3.5,5.5,3,4,2.833333333,3.866666667,3.8,3.4,3,3,2.25,3.3,36,2.2,2.75,3.5,0,1,Literally none of them,3,3,2,2,2,1,1,2,,30,30,25,15,5,10,3,1,2,23,"2,4",3,,8,1,23,1,1,5,5,neither,2,1,2
69,38,4,3.5,4,4,3.875,7,7,7,5.5,3.333333333,3.5,3,2,8,2,2.8,,3.6,3.5,2,0,1,,4,4,2,2,2,2,2,2,,25,25,25,25,5,10,3,1,2,20,"2,4,6",3,,6,1,20,1,1,6,6,,2,1,2
78,37,4,3,4,4,3.75,5,7,7,6.5,4.466666667,2.7,3.2,1.666666667,0,1,3,,3.4,3,4.5,0,1,Hillary Clinton,4,5,2,2,2,2,2,,no disability,25,30,15,30,5,7,1,1,2,19,2,3,,6,1,19,1,1,2,3,Clinton,2,1,2
77,33,4,3.5,4,3.5,3.75,7,5.25,6.5,6,4.266666667,3.9,3,1.666666667,2,1,2.7,,2.8,3,2.5,0,1,Hillary Clinton,4,4,2,2,2,2,2,2,,25,25,25,25,5,9,4,2,2,18,1,3,,1,1,18,1,1,,,Clinton,2,1,2
63,37,3,2,3,3,2.75,6.25,7,7,6.166666667,5.066666667,2.7,3.7,1,5,1,1.8,,1.4,1,2.5,0,1,,2,3,2,2,2,2,2,2,,100,100,30,0,4,9,4,1,2,20,"2,3,4,5,7",3,,1,1,20,1,1,5,5,,2,1,2
76,31,3,4,3,4,3.5,7,6.25,7,5.333333333,3.2,5,2.5,2,5,2.5,3.8,40,4.4,5,5,0,1,Trump,4,4,2,2,2,1,2,2,,40,30,20,10,5,9,4,1,1,18,1,3,,7,1,18,1,1,6,6,Trump,1,1,2
69,41,4,2.5,4,3,3.375,5.75,7,7,7,4.666666667,2.3,3.9,2,8,1.75,1.5,,2.6,3.25,3,0,1,Hillary Clinton,5,5,2,2,2,2,2,2,,30,30,15,25,5,9,5,1,1,18,"2,3,4,5,6",3,,3,1,18,1,1,2,2,Clinton,2,1,2
75,38,3.5,4,3.5,4,3.75,6.75,7,5.5,4.333333333,4.2,3.1,2.9,1.666666667,2,1,2.8,,2,2.75,1.5,0,1,Hillary Clinton,4,4,2,2,2,2,2,,,30,30,30,10,4,10,3,1,2,20,"2,3,4,5,7",3,,6,1,20,1,1,1,1,Clinton,2,1,2
72,35,4,4,3,4,3.75,4.75,6.75,3.25,5.333333333,2.866666667,3.2,3.5,1,1,1.25,4.4,,4.2,4.75,4,,1,Donald Trump,5,5,2,2,2,2,2,2,,20,40,30,10,4,12,2,1,2,19,"3,5,7",3,,8,1,19,1,2,6,5,Trump,2,7,2
78,41,4,4,4,4,4,7,7,7,4.333333333,5.666666667,4,3.6,4,5,2,3,42,3.2,4,4,0,1,none,3,3,2,2,1,2,2,2,,0,0,0,0,4,9,5,2,2,20,6,3,,1,1,20,1,2,,,neither,2,1,2
63,44,4,4,3.5,4,3.875,6.5,6.75,7,5.5,3.466666667,4.2,3.3,2.666666667,8,5,3.3,,3.8,4,4,1,1,Hillary Clinton,3,3,2,2,2,2,2,2,,30,20,30,20,4,6,2,1,2,19,2,3,,3,1,7,1,2,,2,Clinton,2,4,2
51,40,4,4,3,4,3.75,4,4,4,4,3.466666667,2.1,3,3,4,3.5,2.9,45,3,3,3,0,1,None,4,4,2,2,2,2,2,2,,0,0,0,0,2,9,2,1,2,18,"2,4",3,,1,1,18,1,2,4,3,neither,2,1,2
78,39,1,1,1,1,1,7,4,7,2.166666667,2.866666667,4.6,2.9,1,2,3.25,3.5,42,4,3.5,2,0,1,Neither,5,5,2,2,2,2,2,2,,30,30,25,15,1,11,1,1,2,18,"2,4,6",3,,7,1,18,1,2,5,5,neither,2,1,2
70,54,3.5,4,3.5,3,3.5,4.75,4.5,6,4.666666667,2.533333333,3.7,3.8,1,0,2,3.5,41,2.8,3.5,2,0,1,Hillary Clinton,3,3,2,2,2,2,2,2,,15,25,50,10,4,9,1,1,2,19,"2,3,4,5,6",3,,6,1,19,1,2,2,2,Clinton,2,1,2
61,34,3.5,4,3,3.5,3.5,7,5.5,6.5,4.666666667,4.4,3.3,3.2,2.333333333,4,2.5,3.1,,3.8,2.75,3,0,1,,3,3,2,2,2,2,2,2,,25,25,25,25,4,9,2,3,2,18,"3,7",3,,1,1,18,1,2,,,,2,1,2
74,37,3,4,4,4,3.75,5.75,5.5,6,3,3.533333333,3.9,2.9,3,2,2.25,3.5,,3.6,4,4,0,1,Hillary Clinton,2,4,2,2,2,2,2,2,,25,30,30,15,4,9,2,1,2,19,3,3,,7,1,19,1,2,2,3,Clinton,2,1,2
76,37,3,3,3,3,3,6.75,6.75,7,6,2.066666667,3.5,3,2.333333333,6,2.25,3.3,42,4.2,5,5,0,1,Trump,3,3,2,2,2,2,2,2,,100,100,100,100,4,7,3,1,2,18,"2,4,6",3,,3,1,18,1,2,,,Trump,2,1,2
52,50,3.5,4,4,4,3.875,4.75,6.25,5.5,3.833333333,2.133333333,3.5,3.5,1.666666667,7,2.5,2.8,38,3.6,4.75,4.5,,1,trump,4,4,2,2,2,1,2,2,,20,20,50,10,3,10,1,1,2,19,"2,4,6",3,,7,1,19,1,2,5,6,Trump,2,7,2
60,42,4,4,4,4,4,6.75,6,6,5.833333333,4.333333333,3.3,3.5,3.666666667,1,1,2.7,,3.8,2.75,4,0,1,Hillary,4,4,2,2,2,2,2,,,20,20,40,20,4,14,4,1,2,19,"2,4",3,,5,1,19,1,2,3,3,Clinton,2,1,2
76,35,4,4,4,4,4,4.5,4.5,5.25,3.333333333,2.4,4.2,2.9,3.333333333,8,1.75,3.9,,4,4.25,5,0,1,It didnt matter to me I do not like Hillary or Trump,5,2,2,2,2,2,2,2,,25,25,25,25,5,11,2,2,2,18,1,3,,4,1,18,1,2,,,neither,2,1,2
67,33,3,3.5,3,3.5,3.25,6.5,5.5,3,2.833333333,3.533333333,3.2,2.9,1,0,1.25,2.5,50,3.6,3,3,0,1,No one,4,3,2,2,2,1,2,2,,30,30,25,15,4,11,4,1,1,18,"3,5,7",3,,1,1,18,1,2,4,,neither,1,1,2
69,43,2.5,3.5,3,3.5,3.125,4,6,6,3.833333333,3.533333333,2.8,2.9,4,6,2.25,3,34,2.6,2,3.5,0,1,Did not vote,3,3,2,2,2,2,2,2,,10,1,70,19,3,12,2,1,2,19,3,3,,7,1,19,1,2,6,5,didnotvote,2,1,2
62,35,4,4,4,4,4,5.75,6.5,7,5.333333333,3.466666667,3.7,2.8,1,1,1,4.1,,2.4,2.75,5,,1,Evan McMullin,2,5,2,2,2,2,2,2,,30,30,25,15,3,10,5,1,2,19,"2,3",3,,7,1,19,1,2,6,5,McMillan,2,7,2
51,37,3.5,3.5,4,3.5,3.625,6.25,6,7,4.666666667,3.8,3,2.9,1,0,1,2.7,39,1,1,1,0,1,Clinton,2,2,2,2,2,1,2,,,0,0,50,50,5,14,4,2,2,20,1,3,,1,1,20,1,2,2,1,Clinton,2,1,2
68,39,3.5,4,4,4,3.875,5.75,6.75,6.75,4.166666667,4.8,3.7,2.9,2.333333333,0,1.25,3.6,42,4,3.5,4,0,1,Hilary Clinton,2,3,2,2,2,2,2,2,,33,1,33,33,4,9,2,2,2,22,1,3,,4,1,22,1,2,2,2,Clinton,2,1,2
70,0,4,3,3.5,4,3.625,5.25,5.5,6.75,5.166666667,3.133333333,,4,1,3,1.25,3,42,3.2,3.75,4,0,1,Jill Stein,4,4,2,2,2,2,2,2,,60,20,80,40,5,9,2,1,2,20,2,3,,1,1,20,1,2,2,2,Stein,2,1,2
57,38,3.5,4,3.5,4,3.75,5.25,2,3.5,2.666666667,4.4,3.5,2.9,1,1,2,3,38,2.6,3.5,4.5,0,1,Hillary Clinton,4,4,2,1,2,2,2,1,deaf,20,20,40,20,3,10,4,1,1,20,"2,4,6",3,,7,1,20,1,2,2,1,Clinton,1,1,2
68,33,3.5,3,3,3,3.125,6.75,6.75,6,4.833333333,4.666666667,3.9,2.6,2,3,1.5,3,,4.4,4,4,0,1,Trump,4,4,2,2,2,2,2,2,,40,40,15,5,5,9,2,1,2,18,1,3,,7,1,18,1,2,4,5,Trump,2,1,2
75,43,4,3.5,4,3.5,3.75,5.5,5,7,6.666666667,1.4,3,4,4,3,3.5,3.1,50,3.4,4.25,4,0,1,Trump,5,5,2,2,2,2,2,2,,0,0,0,0,3,8,3,1,2,19,"3,5,7",3,,1,1,16,1,2,4,4,Trump,2,1,2
74,34,4,4,4,4,4,4.5,5.25,7,3.166666667,3.533333333,3.7,2.5,1,0,1.75,3.8,,3.6,2.75,3.5,0,1,Clinton,4,4,2,2,2,2,2,2,,25,25,25,25,5,8,3,1,2,21,"2,4",3,,1,1,21,1,2,3,3,Clinton,2,1,2
69,36,4,3.5,4,3.5,3.75,6.75,7,7,4.5,2.733333333,3.1,3.1,2.333333333,11,5.25,3.8,42,4,4,4,1,1,Hilary Clinton,3,3,2,2,2,2,2,2,,20,30,40,10,3,10,2,1,2,20,"2,4",3,,7,1,20,1,2,1,1,Clinton,2,3,2
72,54,2.5,4,3,3.5,3.25,5,3.25,3,4.166666667,3.6,4.3,2.5,3,3,1.75,3.4,34,3.2,4.25,3.5,1,1,Hillary Clinton,4,3,2,2,2,2,2,2,,50,40,6,4,5,6,4,1,2,19,"5,6",3,,6,1,6,1,2,4,4,Clinton,2,4,2
74,37,4,4,4,4,4,7,7,7,6.166666667,5.266666667,3.1,4,1,3,1.75,3,,2.8,3,5,0,1,Donald Trump,5,5,2,2,2,2,2,2,,25,25,25,25,5,11,1,1,2,19,"3,5",3,,7,1,19,1,2,4,5,Trump,2,1,2
37,1,4,4,4,4,4,6,6,6.25,5,2.133333333,3.5,3.7,7,7,2.5,3.8,36,5,4.25,4,0,1,Trump,1,1,,,1,,,,,90,90,100,70,4,11,1,1,2,22,7,1,,7,1,10,1,2,6,6,Trump,2,1,2
77,37,3,4,4,3.5,3.625,7,7,7,5.333333333,4.466666667,3.3,3,1,2,1.25,3.1,,3,2.75,2.5,0,1,Hillary Clinton,5,4,2,2,2,2,2,,,25,25,45,5,3,11,2,1,2,18,"3,5,7",3,,1,1,18,1,2,2,2,Clinton,2,1,2
59,47,3,4,3.5,4,3.625,4.25,6.25,4,3.5,2.333333333,3.1,3,3,8,1.75,3,29,3.8,4,4.5,,1,Trump,4,3,2,2,2,1,2,,,20,10,50,20,3,9,2,1,2,19,"2,4,6",3,,7,1,19,1,2,5,5,Trump,1,7,2
70,40,4,4,4,3.5,3.875,6.75,6.5,7,3.666666667,3.8,3.4,3.9,2,5,1.5,3.4,,4,3,3.5,0,1,Hilary Clinton,3,4,2,2,2,2,2,2,,15,10,45,30,2,10,2,1,2,19,"3,5,7",3,,1,1,19,1,2,4,3,Clinton,2,1,2
57,35,3.5,4,3,4,3.625,6.75,6.75,6.5,6,4.466666667,3.7,3.4,2,5,1.5,2.7,,3.6,3.75,3,0,1,Neither,3,4,2,2,2,2,2,2,,30,30,20,20,4,10,2,1,2,19,"2,3,4,5,6,7",3,,3,1,19,1,2,,,neither,2,1,2
71,53,4,3.5,3.5,3.5,3.625,6.5,5.75,6.75,4.166666667,4.733333333,3.4,2.8,3.333333333,5,3.25,4,42,2.8,2.75,2.5,0,1,Neither,4,3,2,1,2,2,2,2,,10,25,50,15,5,12,3,1,2,19,2,3,,4,1,19,1,2,4,6,neither,2,1,2
54,33,4,4,4,4,4,5.25,3.5,2,3,3.133333333,3.1,2.9,2,3,3.25,4,34,3.2,2.75,2.5,0,1,Hillary Clinton,4,3,2,2,1,1,1,,,10,25,25,40,3,14,2,2,2,18,2,3,,1,1,18,1,2,2,1,Clinton,1,1,2
66,39,4,3.5,3.5,3.5,3.625,4.75,5,6.25,3.166666667,4.466666667,2.8,3.1,2.333333333,2,1.25,2.5,42,4,3,2,1,1,Hilary Clinton,4,4,2,2,2,2,2,1,,70,80,100,85,3,14,3,2,2,21,3,3,,2,1,18,1,2,,1,Clinton,2,3,2
73,40,4,4,4,3.5,3.875,4,6.25,6.5,5.833333333,4.266666667,3.2,3.4,1,4,2.25,3.1,,2.2,3.25,4,0,1,Hillary clinton but believed more in Bernie Sanders,3,3,2,2,2,2,2,2,,30,15,30,25,4,10,1,1,1,21,5,3,,1,1,21,1,2,,3,Sanders-Clinton,2,1,2
52,28,4,4,4,4,4,6.25,4.75,7,3.666666667,3.6,3.9,2.3,2,4,1.75,3.7,,3,3.25,5,,1,Hillary Clinton,4,4,2,2,2,2,2,2,,25,25,25,25,5,11,4,2,2,21,2,3,,3,1,21,1,2,6,2,Clinton,2,7,2
64,43,4,3,4,4,3.75,6.75,7,7,6.166666667,4.6,3,3.5,3,3,2,2.4,42,3.8,3.75,4,0,1,Hillary,4,4,2,2,1,2,2,2,,15,5,45,35,5,12,3,1,2,20,"2,3,4,5,7",3,,1,1,20,1,2,,4,Clinton,2,1,2
77,39,3.5,4,3,4,3.625,6.75,6.5,6.75,7,4.266666667,2.7,4,2.333333333,9,3,3.5,34,2.8,4.5,4,0,1,Hillary Clinton,5,5,2,2,2,2,2,2,,20,45,20,15,5,9,2,1,1,20,1,3,,7,1,20,1,2,3,3,Clinton,2,1,2
65,48,3.5,4,4,3.5,3.75,3.25,5.25,6,4,3.266666667,3.9,2.8,3,3,2.25,3.5,,3.6,3,3,0,1,donald trump,3,4,2,2,2,2,2,,,40,40,10,10,5,9,3,2,2,22,2,1,,3,1,22,1,2,,,Trump,2,1,2
74,32,4,4,4,4,4,6.75,7,4,4,4.266666667,4.8,2.8,1,0,1,3.5,,3.2,3.5,3.5,0,1,did not vote,4,4,2,2,2,2,2,2,,30,35,25,10,4,9,2,1,2,19,"2,4",3,,1,1,19,1,2,5,,didnotvote,2,1,2
52,34,4,4,3.5,3.5,3.75,5,6,2,3.333333333,2.133333333,3.6,3,6,3,1.5,3.1,,4.4,3.25,5,0,1,,3,3,2,2,2,2,2,2,,15,40,35,10,3,10,2,1,2,18,"2,3,4,5",3,,7,1,18,1,2,,,,2,1,2
68,50,4,3,4,3,3.5,6,6,6,4.833333333,3.533333333,3.3,3,2.666666667,0,1.25,3.1,41,3,3,3,0,1,Johnson,4,4,1,2,2,2,2,2,,25,20,50,5,3,10,5,4,2,24,"2,3,6,7",1,4,4,1,22,1,2,4,5,Johnson,2,1,2
61,35,4,4,3.5,3.5,3.75,4,5.5,6,4.833333333,3.266666667,3,3.1,3,2,3,2.3,38,3.2,3.5,4,0,1,Hilary Clinton,3,3,2,2,2,2,2,2,,10,10,30,50,2,12,1,2,2,20,1,3,,7,1,20,1,2,2,3,Clinton,2,1,2
64,36,4,3,4,3.5,3.625,7,6.5,6.5,3.666666667,3.333333333,2.6,3,1,2,1,2.6,44,2.4,3.5,3,0,1,Bernie sanders,1,4,2,2,2,2,2,2,,15,10,25,50,3,14,1,1,2,20,"2,4,6",3,,7,1,20,1,2,2,3,Sanders,2,1,2
74,54,4,4,4,4,4,6.75,2,4.75,,,4.1,3.4,1,3,,4,,5,5,5,0,1,Hillary Clinton,1,1,2,2,2,1,2,2,,0,0,0,0,,,,,2,19,"2,3,6,7",3,,5,1,19,1,2,1,3,Clinton,2,1,2
70,39,3,3.5,3,3.5,3.25,4.75,5,7,2.833333333,3.866666667,2,2.9,1,1,2.25,2.8,,3.2,3,3,0,1,,3,3,2,2,2,2,2,,,25,25,25,25,4,10,3,1,2,19,"2,4,6",3,,7,1,19,1,2,,,,2,1,2
67,43,3,4,3.5,4,3.625,7,3.5,7,4.833333333,3.733333333,3.8,2.1,4,3,1,3.8,48,2.6,3.25,2,0,1,Hilary Clinton,4,5,2,2,1,2,2,2,,20,60,10,10,3,12,3,1,2,23,3,3,,6,1,23,1,2,2,1,Clinton,1,1,2
75,37,4,4,4,4,4,6.25,6.25,6.75,6,3.2,3.3,3.1,1,5,1,2.8,,4.2,3.25,4,0,1,Donald Trump,3,3,2,2,2,2,2,2,,35,35,20,10,5,9,2,1,2,19,"2,3,4,5,6,7",3,,1,1,19,1,2,4,6,Trump,2,1,2
73,44,4,4,4,4,4,6.25,6.25,7,6.833333333,3.4,3.2,3.7,3,7,2.5,4,34,3.8,2.5,5,1,1,Hilary,4,4,2,2,2,2,2,2,,0,50,50,0,5,9,1,2,2,21,3,3,,3,1,21,1,2,,1,Clinton,2,2,2
64,39,4,3.5,2.5,3.5,3.375,7,7,7,6,3.266666667,3,3,1.333333333,3,2.25,3.4,,3.8,3.5,2.5,0,1,Hillary,3,4,2,2,2,2,2,2,,10,40,30,20,5,9,1,1,2,18,2,3,,1,1,18,1,2,4,4,Clinton,2,1,2
63,31,3.5,4,4,4,3.875,5,6,3.25,3.166666667,3.866666667,4.1,2.6,1,1,1.5,3.7,,3,3.5,3.5,1,1,Hillary Clinton,4,4,2,2,2,2,2,2,,25,25,25,25,4,16,2,1,2,18,3,3,,7,1,17,1,2,4,2,Clinton,2,4,2
44,34,3.5,3.5,3.5,4,3.625,3.75,4.5,7,2.5,3,3.4,2.4,1,3,2.25,2.9,,1.6,1.75,2,0,1,None,1,2,2,2,2,2,2,2,,50,0,20,30,4,10,2,1,2,,"2,4,6",3,,7,1,22,0,1,2,1,neither,2,1,2
60,37,4,3.5,4,4,3.875,6.25,7,7,5.166666667,5.533333333,2,3.6,1,3,1,1.7,42,2.2,4.75,5,0,1,Bernie Sanders,1,2,2,2,2,2,2,2,,20,0,60,20,3,10,3,1,2,,3,3,,4,1,18,0,1,2,3,Sanders,2,1,2
78,32,4,3,4,3,3.5,6.25,5.75,4.25,3.833333333,4.333333333,3.8,2.9,1.333333333,3,1.25,3.5,42,3.8,3.5,3,0,1,BERNIE SANDERS,3,3,2,2,2,2,2,2,,40,30,15,15,5,12,3,2,2,,"2,3,4,5,6,7",3,,2,1,21,0,1,2,2,Sanders,2,1,2
71,42,4,3.5,3.5,3.5,3.625,6.75,5,6.25,3.666666667,2.4,2.7,2.9,1,0,1.5,2.5,,2.8,2.5,2,0,1,Bernie Sanders,4,5,2,2,2,2,2,2,,20,20,25,35,3,12,2,1,1,,1,3,,1,1,21,0,1,2,2,Sanders,2,1,2
72,37,4,3.5,4,4,3.875,7,7,7,6.166666667,3.533333333,4.1,3.6,1.666666667,7,2,2.5,,4,4,4,0,1,Donald Trump,5,5,2,2,2,2,2,,,25,25,25,25,4,11,3,1,2,,"2,3,4,5,6,7",3,,6,1,19,0,1,6,6,Trump,2,1,2
76,31,4,4,4,4,4,6.5,6.25,7,4.666666667,3.2,3.1,3,1.666666667,1,3.75,3.4,36,3.2,3.5,4,0,1,Sanders,4,3,2,1,1,2,2,2,,100,100,100,100,5,9,2,2,2,,"2,3,4,5",3,,1,1,19,0,1,4,5,Sanders,2,1,2
77,35,4,4,4,3,3.75,5.5,5.75,6.5,4.666666667,4.533333333,3.4,2.9,3,4,1.75,4,,3.2,3.25,3,1,1,,2,3,2,2,2,2,2,2,,30,40,20,10,5,12,3,4,2,,3,3,,1,1,18,0,1,1,1,,2,3,2
55,32,3.5,4,3.5,3,3.5,5.75,4,4.75,4,3.533333333,3.1,1.8,3.666666667,2,1,3.5,48,3.6,2.75,2.5,1,1,Jeb Bush,3,3,2,2,2,2,1,,,30,10,50,10,3,12,3,1,2,,"2,3,6",3,,1,1,18,0,1,,6,Bush,2,3,2
73,40,3.5,4,4,2.5,3.5,7,7,7,4.5,3.933333333,3.3,3,3.666666667,3,3.5,3.2,42,2.8,3,3.5,,1,none,4,4,2,2,2,2,2,2,,10,0,60,30,3,12,5,2,2,,"2,3,5,7",3,,2,1,25,0,1,4,5,neither,2,7,2
66,36,4,3,3,4,3.5,4.5,7,7,4.666666667,3.933333333,3.5,3.2,3.666666667,3,2,2.5,40,3.6,3.75,5,0,1,Bernie sanders,4,4,1,2,2,2,1,2,,20,20,40,20,3,11,2,1,2,,"2,3,4,5",3,,1,1,21,0,1,2,1,Sanders,2,1,2
72,57,4,4,4,4,4,6.5,5.75,5.25,3,3.866666667,3.8,2.9,1,1,2.25,3.6,,4.2,3,4,,1,Bernie Sanders,2,3,2,2,2,2,2,2,,30,30,25,15,4,14,1,4,2,,"2,3",3,,1,1,19,0,1,3,4,Sanders,2,8,2
72,33,3.5,4,4,4,3.875,6.25,5.25,7,4.666666667,3.6,4,2.7,1,1,2,3.4,,2.8,2.5,4,0,1,Trump,4,4,2,2,2,2,2,2,,80,90,75,80,5,10,3,1,2,,"2,6",3,,7,1,21,0,1,5,5,Trump,2,1,2
74,37,4,4,4,4,4,6.25,7,7,5.666666667,5.333333333,3.2,3.6,3,7,1,2.7,42,2.8,2,3.5,0,1,Trump,5,5,2,2,2,2,2,2,,40,40,15,5,4,12,3,2,1,,"2,3,5,6,7",3,,8,1,21,0,1,6,6,Trump,2,1,2
57,46,4,4,4,3.5,3.875,2.25,5.75,7,5.666666667,4.533333333,2.7,3.6,1.666666667,2,1.5,2.8,31,3.4,2.5,3.5,0,1,Bernie Sanders,4,5,2,2,2,2,2,1,Bad seasonal allergies and asthma,20,0,60,20,3,9,3,4,2,,"3,5,7",3,,2,1,20,0,1,3,3,Sanders,2,1,2
75,35,3.5,3.5,4,4,3.75,5.75,5.25,4.25,4.166666667,3.066666667,3.9,3.1,3.333333333,5,2,3.5,34,3.4,3.5,4,0,1,Bernie Sanders,2,3,2,2,2,2,2,2,,25,25,25,25,5,10,3,4,2,,1,3,,2,1,20,0,1,3,3,Sanders,2,1,2
69,40,4,4,4,4,4,5.5,6.25,7,3.666666667,3.066666667,3.6,3.1,1.666666667,0,3.25,3.7,43,2,2.75,3.5,0,1,n/a,3,3,2,2,2,2,2,2,,35,20,35,10,4,8,2,1,2,,"3,5,7",3,,5,1,21,0,1,,,na,2,1,2
79,42,4,4,4,3.5,3.875,6.75,7,6.25,5.166666667,2.666666667,4.3,3.3,1,7,2.5,3.4,48,4.8,4.5,5,0,1,Trump,5,5,2,1,2,2,2,,,40,30,20,10,5,8,2,1,2,,5,3,,4,1,,0,1,,6,Trump,2,1,2
55,38,3.5,4,3,4,3.625,7,6.75,5.5,5.166666667,3.866666667,4.4,3.1,1,1,2,2.7,,3.6,3.25,4,0,1,bernie sanders,3,2,2,2,2,2,2,2,,10,10,50,30,3,13,2,1,2,,"2,6",3,,7,1,19,0,1,3,3,Sanders,2,1,2
68,33,3,4,3,3.5,3.375,5.75,5.25,6.25,4.666666667,4,4.2,2.9,2.666666667,2,1.75,3.7,,3.2,3.5,5,0,1,Bernie Sanders,4,4,2,2,2,2,2,2,,90,100,100,100,5,8,2,1,2,,3,3,,5,1,18,0,1,,6,Sanders,2,1,2
61,39,4,4,4,4,4,2.25,6,6.75,4.833333333,2,3.6,3.3,2.666666667,3,1.25,4.1,43,4.2,3.5,4,0,1,Bernie Sanders,4,4,2,2,2,1,2,2,,35,15,30,20,4,11,4,1,2,,"2,3",3,,5,1,21,0,1,2,2,Sanders,2,1,2
78,40,4,4,4,4,4,5.75,5.5,7,4.333333333,4.6,3.7,2.7,3,0,3.25,2.3,,2.2,2.25,1,0,1,Clinton,4,5,2,2,2,2,2,,,30,20,15,35,5,11,1,2,2,,"3,5",3,,3,1,19,0,1,,,Clinton,2,1,2
76,30,3,3,3,3,3,7,6.25,6.25,3.666666667,2.866666667,3.7,2.7,3,2,4,3,,3.8,3,3,0,1,,4,4,2,2,1,2,2,,,20,10,40,30,4,9,2,2,2,,"2,6",3,,4,1,18,0,1,6,6,,2,1,2
59,39,3.5,3,3,3.5,3.25,6.5,5.75,1,5.166666667,3.8,2.6,3.4,1,0,1,2.3,,1,1,2,0,1,Bernie,5,4,2,2,2,2,2,2,,0,0,50,50,2,6,1,1,1,,"3,5,7",3,,1,1,13,0,1,3,4,Sanders,2,1,2
63,38,4,4,3,4,3.75,6,6.5,6.5,5.833333333,2.866666667,2.7,3.2,2,3,1.25,4,,3.2,2,3,0,1,None,4,4,2,2,2,2,2,2,,20,50,20,10,4,8,1,1,2,,"2,4",3,,5,1,21,0,1,5,5,neither,2,1,2
73,34,3,3,3,3,3,5,5,4,3.833333333,4.933333333,3.8,2.8,3.333333333,4,1,3,,4,4,4,0,1,Bernie Sanders,4,3,2,2,2,2,2,2,,33,32,23,12,4,14,2,1,2,,1,3,,3,1,25,0,1,2,2,Sanders,2,1,2
60,35,4,4,4,3.5,3.875,1.25,5.75,2.75,5.166666667,3.466666667,1.9,3.4,5.333333333,8,1.25,2.8,51,3,3,3,,1,Bernie Sanders,1,4,,,,1,,,,5,5,40,50,2,19,1,2,2,,2,3,,4,1,20,0,1,1,3,Sanders,1,7,2
71,36,4,4,4,4,4,5.5,6.25,7,3.5,4.8,2.8,2.9,1,2,1,2.6,,3.2,3,4,0,1,Bernie Sanders,3,3,2,2,2,2,2,,,35,35,20,10,4,9,4,1,2,,"3,5,7",3,,1,1,20,0,1,,,Sanders,2,1,2
58,37,3,4,3.5,4,3.625,2.75,5.75,7,2.833333333,4.133333333,3.9,3.1,2.666666667,2,1.5,3.6,,2.4,2.75,2.5,1,1,Bernie Sanders,3,4,2,2,2,2,2,2,,35,40,0,25,4,11,2,1,2,,2,3,,1,2,,0,1,2,1,Sanders,2,4,2
72,37,4,4,4,4,4,5.75,6,6,4,3.4,3.4,2.8,3,2,1,3.2,34,2.8,2.5,2,0,1,bernie,3,3,2,2,2,2,2,,,30,30,40,20,4,8,3,1,2,,4,3,,5,1,21,0,1,4,3,Sanders,2,1,2
66,33,4,3.5,3.5,3,3.5,6.75,7,7,5.833333333,5,3.2,4,2.666666667,4,1,2.4,,2.8,3.75,4,0,1,John Kasich,4,4,2,2,2,2,2,2,,30,30,20,20,4,8,1,1,2,,"2,4,6",3,,7,1,18,0,1,5,5,Kasich,2,1,2
64,37,4,4,4,4,4,2,5,6,2.166666667,3.2,3.8,2.9,2,3,3.25,3.9,28,3.2,3.75,4,0,1,Feel that bern,3,3,,,,1,,,,40,20,20,20,5,9,2,2,2,,3,3,,2,1,20,0,1,1,1,Sanders,1,1,2
63,43,3,4,3,3.5,3.375,5.75,6,6,5,2.666666667,2.9,3,3,4,3.75,3.4,,2.8,3.5,4,0,1,,3,3,2,2,2,2,2,2,,28,29,28,15,4,10,3,2,2,,"2,3,4,5,6,7",3,,4,1,21,0,1,5,6,,2,1,2
63,33,2.5,3.5,3,3.5,3.125,5.5,2.25,2,2.5,3.066666667,4,2.5,1,0,2.25,4.1,25,2.6,2.5,2,0,1,Sanders,4,3,2,2,1,1,2,2,,23,22,40,15,4,7,3,2,2,,"3,5,7",3,,6,1,19,0,1,4,3,Sanders,2,1,2
67,37,4,4,4,4,4,5,5,3.25,5,4.333333333,3.2,3.1,2,0,2,3.4,,2.6,3,2,0,1,Trump,5,3,2,2,2,2,2,2,,50,25,15,10,5,8,5,1,1,,"3,7",3,,1,1,19,0,1,2,6,Trump,2,1,2
48,40,2.5,4,3.5,4,3.5,5.5,5.5,4,4,3.666666667,3.3,2.7,1,1,1.75,4.1,,2,4.5,3.5,0,1,Bernie Sanders,2,3,2,2,2,2,2,2,,27,27,31,15,4,9,3,1,2,,"3,5",3,,6,1,20,0,1,1,1,Sanders,2,1,2
49,51,3.5,4,2.5,1,2.75,4.5,4.5,5.75,4.5,3.133333333,3.7,2.8,1,3,1.25,3.4,,3,2,3,0,1,Sanders,4,4,2,2,2,2,2,,,30,50,10,10,3,14,2,1,2,,"2,3,4,5,6,7",3,,5,1,42,0,1,3,3,Sanders,2,1,2
79,42,2.5,2.5,2.5,3,2.625,7,7,7,4,3.733333333,3.8,4,4,4,1.5,2.9,34,5,5,5,,1,Bernie Sanders,5,5,2,2,2,2,2,2,,20,20,40,20,5,11,3,2,2,,1,3,,1,1,22,0,1,,4,Sanders,2,7,2
78,40,4,4,4,4,4,5,6,7,3.333333333,3.466666667,4.6,3,3.666666667,0,2,3.3,,2.6,3.25,3,0,1,Bernie Sanders,4,3,2,2,2,2,2,2,,30,35,25,10,5,9,3,1,2,,"2,3,4,5,7",3,,7,1,20,0,1,2,2,Sanders,2,1,2
63,37,4,4,4,4,4,6,6,7,6.166666667,3.2,3.1,2.9,2.666666667,8,1.5,2.2,,3.6,3.75,3,0,1,Bernie Sanders,4,4,2,2,2,2,2,2,,25,25,25,25,5,9,4,2,2,,"2,3,5",3,,3,1,19,0,1,5,4,Sanders,2,1,2
54,37,3.5,4,3,3,3.375,1,1,1,4.5,4.133333333,,3.3,4,6,5.25,2.8,,4,2.5,3,0,1,,2,3,2,2,2,2,2,2,,10,20,40,40,2,9,3,2,2,,"2,3",3,,2,1,20,0,1,3,3,,2,1,2
59,36,4,4,4,4,4,5.5,7,4,6.166666667,2.533333333,3.6,3,1,8,2.25,3.2,42,3.4,3.75,4,0,1,Bernie Sanders,1,1,2,2,2,2,2,2,,0,0,50,50,1,25,1,1,2,,"3,5,7",3,,5,1,22,0,1,1,1,Sanders,2,1,2
70,44,3.5,4,4,4,3.875,4.5,6,7,4.166666667,3,4.6,2.6,1,3,2.5,3.8,,3.2,3.5,4,1,1,Bernie Sanders,4,4,2,2,2,2,2,2,,25,50,90,80,2,10,2,1,2,,"2,4,6",3,,7,1,19,0,1,2,3,Sanders,2,3,2
63,50,4,3,3.5,3,3.375,6.25,6.5,6,6.166666667,3.866666667,3.8,3.1,4,8,3.75,3,42,3.2,3.25,4,1,1,Hilary,3,4,2,2,2,2,2,2,,10,10,50,30,4,14,4,1,1,,3,3,,1,1,4,0,1,4,6,Clinton,2,4,2
74,40,4,4,3.5,3,3.625,3.75,1,1.5,5.5,4,2.1,3.3,2,6,1,2.9,58,3.6,3.75,3,1,1,Bernie Sanders,5,5,2,2,2,2,2,1,Thyroid disease,25,25,30,20,5,11,5,1,2,,5,3,,7,1,18,0,1,4,4,Sanders,2,2,2
72,35,4,4,4,4,4,7,7,7,5.833333333,3.466666667,3.4,3.1,4.666666667,5,3.25,3,44,4,4.25,4,0,1,Bernie Sanders,4,4,1,2,2,2,2,,,25,35,30,10,3,11,2,1,2,,"2,3,4,5,6,7",3,,7,1,19,0,1,,4,Sanders,2,1,2
58,36,3,3,3,3,3,6,4.75,4.75,4,4.266666667,2.9,3,2,1,2,3.4,34,3.4,4,4,0,1,Bernie Sanders,4,4,2,2,2,2,2,2,,30,30,25,15,4,9,3,2,2,,3,3,,5,1,19,0,1,2,2,Sanders,2,1,2
60,38,4,4,2.5,3,3.375,2.25,5,3,2.833333333,3.4,2.8,3.1,1.666666667,2,3.25,3.3,34,3.4,4.25,3,0,1,Donald Trump,4,5,2,2,2,2,2,2,,30,30,25,15,5,8,4,1,2,,"3,5",3,,5,1,19,0,1,6,7,Trump,2,1,2
65,51,4,3,3.5,3.5,3.5,6.5,5.75,5.75,6,3.733333333,2.8,3.8,3,8,2.5,2.4,,4.6,5,5,1,1,None I believe they will all be bad either way.,4,5,2,2,2,2,2,2,,15,35,25,25,4,10,3,1,2,,"2,3,6",3,,1,1,21,0,1,,5,neither,2,2,2
70,38,4,4,4,4,4,7,7,4,5.5,4.733333333,3.5,2.9,1,1,1,2.6,,3.8,3.5,5,0,1,Sanders,5,4,2,2,2,2,2,2,,30,30,35,5,3,10,2,1,2,,"3,5,7",3,,8,1,20,0,1,,,Sanders,2,1,2
80,51,4,3.5,4,3.5,3.75,4,5,6.25,4.333333333,3.533333333,3,3.8,4,1,1.5,2.7,42,2.6,2.5,3,0,1,Donald Trump,5,4,2,2,2,2,2,2,,30,50,15,5,4,11,4,4,2,,2,3,,1,1,22,0,1,5,5,Trump,2,1,2
69,39,4,4,3,4,3.75,7,7,3.5,5.666666667,4.133333333,4.6,3.9,1.333333333,1,1.75,2.6,42,3,3,3,0,1,Bernie S.,5,5,2,2,2,2,2,2,,20,20,40,20,4,26,1,1,1,,"3,5,7",3,,6,1,21,0,1,3,3,Sanders,2,1,2
70,35,4,4,4,4,4,7,7,5,5,3.866666667,2.9,3.8,4.666666667,8,1.75,3.3,,4.4,4,5,0,1,Bernie Sanders,3,3,2,2,2,2,2,2,,25,10,50,15,4,8,3,1,2,,"2,4",3,,2,1,21,0,1,2,3,Sanders,2,1,2
68,30,3.5,2.5,4,4,3.5,3.5,4,4,4.166666667,3.8,3,2.9,4,6,4,3,,2.8,4,4,0,1,Bernie Sanders,4,3,2,2,2,1,2,2,,25,20,25,30,4,10,1,2,2,,5,3,,6,1,19,0,1,3,3,Sanders,2,1,2
80,50,3,3.5,3,2.5,3,4,5,7,4.833333333,4.2,3.9,2.8,1,0,1.5,3.1,,3,3,3,0,1,Donald Trump,4,4,2,2,2,2,2,2,,30,50,15,5,4,12,4,4,2,,"2,3,6,7",3,,1,1,22,0,1,6,5,Trump,2,1,2
54,33,4,4,4,4,4,6.75,7,7,6.166666667,4.733333333,4.1,3.9,2,1,1,2.7,,5,5,5,0,1,,5,4,2,2,2,2,2,,,25,25,10,40,5,10,3,1,2,,"2,4",3,,1,1,19,0,1,5,5,,2,1,2
64,44,3.5,3.5,2,3,3,7,5,5.5,4.666666667,4.866666667,2.9,3.7,2.333333333,4,1.75,2.9,42,2.4,4,4,0,1,I dont know,4,5,2,2,2,2,2,,,30,35,20,15,4,9,2,1,2,,3,3,,3,1,25,0,1,4,3,dontknow,2,1,2
79,42,3.5,4,4,3.5,3.75,7,7,7,6.166666667,4.533333333,3.6,2.8,3.333333333,2,1,3.7,,3,3.75,3.5,0,1,None,4,3,2,2,2,2,2,2,,25,25,25,25,4,11,3,1,2,,5,3,,3,1,20,0,1,4,4,neither,2,1,2
79,37,3.5,3,3.5,4,3.5,7,7,6.75,7,5.133333333,3.5,4,5,6,1,2,34,5,5,5,0,1,Trump,5,5,2,2,2,2,2,2,,25,45,20,10,4,10,2,1,1,,2,3,,7,1,21,0,1,6,6,Trump,2,1,2
69,32,4,3.5,4,4,3.875,7,7,7,5.666666667,3.466666667,2.2,3.2,2.333333333,4,1.75,2.3,,1.8,3,4,0,1,Donald Trump,4,5,2,2,2,2,2,2,,35,25,25,15,4,8,2,1,1,,"2,3,4,5,6",3,,7,1,20,0,1,4,4,Trump,2,1,2
68,39,4,3.5,4,3,3.625,5.5,6.75,7,4.333333333,2.933333333,2.9,3.2,2.666666667,3,2,3,,4,3,2,1,1,Bernie Sanders,4,3,2,2,2,2,2,2,,20,10,50,20,4,11,2,1,2,,"2,4",3,,4,1,18,0,1,2,2,Sanders,2,3,2
64,34,3,4,3.5,4,3.625,4.75,5.25,6.5,3.833333333,3.8,4,3.6,5,6,2.75,2.5,47,2.8,3,4,0,1,"I don't know enough about the candidates, but Bernie sounds pretty good. Which was probably his goal all along, to appeal to young people.",4,4,1,2,2,2,2,2,,10,50,20,20,4,12,1,1,1,,1,3,,4,1,20,0,1,3,3,sanders,2,1,2
74,34,4,3.5,4,3,3.625,4.5,6,1,2.333333333,3.666666667,3.6,3,1,2,2.5,4,,2.4,3,3,,1,Bernie Sanders,4,4,2,2,2,2,2,2,,100,100,100,80,4,14,2,4,2,,3,3,,2,1,23,0,1,2,2,Sanders,2,7,2
68,37,4,3.5,4,3.5,3.75,3.5,5,5,2.833333333,3.2,3.4,3.1,2,1,2.75,4,39,1.8,2,3,0,1,None,3,3,1,1,1,1,,,,37,38,20,5,5,26,1,1,2,,"2,4",3,,3,1,22,0,1,,,neither,1,1,2
66,28,3,3,3,4,3.25,6,5,4.75,4.833333333,3.066666667,3.7,3.2,2.666666667,8,2.25,3.4,44,3.8,3.75,4,1,1,Bernie Sanders,4,5,2,2,1,2,2,2,,7,9,9,9,3,17,2,2,1,,6,3,,1,1,20,0,1,4,3,Sanders,2,2,2
61,40,4,3,4,2.5,3.375,5.25,4.5,5,4.666666667,3.666666667,2.9,3.6,4.666666667,4,1.75,2.6,42,2.6,2.75,3,,1,Bernie Sanders,4,5,2,2,2,2,2,2,,25,25,25,25,3,6,2,4,1,,2,1,1,1,2,,0,1,4,3,Sanders,2,7,2
77,42,4,4,4,4,4,5.75,6,6.75,4.333333333,5.533333333,3.8,3,1,2,2.25,3.1,42,4,3,3.5,0,1,Clinton,5,5,2,2,2,2,2,2,,25,25,25,25,5,10,1,2,2,20,"3,7",3,,2,1,20,1,1,,,Clinton,2,1,2
54,30,4,2.5,4,4,3.625,5.5,6.5,4.5,6.333333333,4.4,1.5,3.5,2,6,1.25,1.3,,3.2,2.25,2,0,1,Hillary Clinton,3,4,2,2,2,2,2,2,,20,15,15,50,3,8,1,1,2,18,"2,3,6,7",3,,1,1,18,1,1,2,3,Clinton,2,1,2
66,46,3,4,3,3,3.25,6,5,5.5,4.5,4.8,3.2,2.6,2.333333333,2,2,3.5,46,2.6,3.5,2.5,0,1,None,5,3,2,2,1,2,2,,,20,20,30,30,3,11,3,1,1,19,"3,5",3,,5,1,19,1,1,4,4,neither,2,1,2
61,49,3.5,4,3.5,3.5,3.625,5,6.5,5.5,4.833333333,3.133333333,4,2.9,4.333333333,1,2.25,2.8,49,4.4,4,4,0,1,Clinton,4,4,2,2,2,1,2,2,,20,5,60,15,3,14,4,3,1,20,1,3,,2,1,20,1,1,4,3,Clinton,2,1,2
47,34,3,4,4,3.5,3.625,4.75,4.25,3.5,4,2.8,3.4,2.9,2.333333333,1,1.25,3.4,35,3.4,4.75,4.5,0,1,Hillary Clinton,2,3,2,2,2,1,1,,,15,5,45,35,2,10,1,2,3,18,"2,3,6,7",3,,1,1,18,1,1,2,2,Clinton,2,1,2
76,37,3.5,3.5,4,3,3.5,5.5,7,7,4.166666667,4.6,3.2,3.3,1,0,1,2.4,61,3.2,3.75,3,0,1,Hillary Clinton,3,4,2,2,2,2,1,,,30,20,25,25,4,9,2,1,1,18,"3,5,7",3,,4,1,18,1,1,2,2,Clinton,1,1,2
68,33,4,4,3.5,3.5,3.75,7,6.5,7,6,5.266666667,3.2,3,1.666666667,3,1.25,2.6,,3,3.75,4,0,1,Trump,4,4,2,2,2,2,2,,,25,50,15,10,5,10,2,1,2,20,"2,3,4,5",3,,6,1,20,1,1,,6,Trump,2,1,2
63,38,4,3,4,4,3.75,6,6,6,5.166666667,2.466666667,2.9,2.8,1,2,1.75,3.9,,2.4,2.5,3,0,1,hillary to avoid trump,2,4,2,2,2,2,2,2,,30,35,25,10,4,8,2,1,2,19,2,3,,5,1,19,1,1,2,2,Clinton,2,1,2
54,41,3,4,3.5,3,3.375,6.25,6.75,7,4.5,4.133333333,3,3,1,2,1,3.8,42,3.4,2,5,0,1,Hillary Clinton,3,4,2,2,2,2,2,,,35,35,20,10,4,10,3,2,2,21,"2,3,4,5,6,7",3,,3,1,21,1,1,2,2,Clinton,2,1,2
77,37,4,4,4,4,4,7,6.75,7,6.166666667,4.4,4.4,3.7,1.333333333,5,2.25,2.8,42,3.6,4.75,4,1,1,Donald Trump,4,4,2,2,2,2,2,2,,25,25,25,25,5,10,1,2,2,18,2,3,,4,1,18,1,1,4,5,Trump,2,3,2
53,33,4,4,4,3.5,3.875,2.25,2.75,4.75,2.666666667,2.133333333,3.2,3.1,1.666666667,6,1,2.8,22,1.8,1,2.5,1,1,Mimi Soltysik,1,3,,,1,,,,,10,10,50,30,2,11,1,1,2,21,3,3,,4,1,21,1,1,1,1,nonsense,1,3,2
58,34,4,4,4,4,4,7,6.75,4,5.5,4.133333333,3.9,3.4,2.333333333,7,1.25,1.4,,1.6,4,4.5,0,1,Hillary Clinton,5,5,2,2,2,2,2,2,,20,35,25,20,4,9,2,1,2,19,"3,5",3,,1,1,19,1,1,,2,Clinton,2,1,2
67,29,3.5,3.5,3.5,3.5,3.5,4.75,5.75,5.25,3.666666667,3.733333333,3.2,3,3.333333333,4,1.75,2.8,37,3.6,3.25,4,0,1,Hillary Clinton,3,3,2,2,1,1,2,2,,10,10,50,30,1,14,1,2,1,19,"3,7",3,,1,1,19,1,1,2,2,Clinton,2,1,2
65,35,3.5,3.5,3,3.5,3.375,4.75,6,6,4.333333333,2.666666667,2.2,3,2,0,1.5,2.5,,3.4,3,3.5,0,1,Gary Johnson,3,3,2,2,2,2,2,2,,10,30,30,30,2,17,1,2,1,18,2,3,,6,1,18,1,1,3,4,Johnson,2,1,2
58,38,4,4,4,3,3.75,3.75,5.75,4,4.333333333,4.133333333,2.3,3.3,1,4,2.5,2.9,38,2.8,2.25,2.5,,1,Hilary Clinton,1,1,2,2,2,2,1,2,,0,0,70,30,1,11,1,2,2,18,"2,3,6",3,,6,1,18,1,1,1,1,Clinton,2,7,2
73,33,3.5,3.5,3,4,3.5,6,6.75,6,4.5,3.333333333,4,2.8,3.333333333,2,1.75,3.7,,4.6,4.5,4,0,1,Hillary Clinton,3,3,2,2,2,2,2,2,,5,5,70,20,5,12,3,4,2,18,"2,6",3,,1,1,18,1,1,,,Clinton,2,1,2
69,43,4,4,3,4,3.75,7,5,7,5.5,4.066666667,4,2.8,1.333333333,5,1.5,3.1,44,3.8,3.75,4,0,1,,4,4,1,2,2,1,1,,,15,10,50,25,3,11,1,1,2,20,"2,5",3,,1,1,20,1,1,,,,1,1,2
64,30,3.5,4,4,4,3.875,1.75,1.75,2,4.833333333,3.066666667,2.9,3.4,3.666666667,8,1,2.6,40,3,2.5,3.5,0,1,none,4,5,2,2,2,2,2,2,,25,30,25,20,4,9,3,1,2,19,5,3,,1,1,19,1,1,5,5,neither,2,1,2
72,56,2.5,2.5,1.5,2.5,2.25,6.75,6.5,6.75,4,4.666666667,3,3,5.666666667,12,3.25,3.3,34,3,3,3,1,1,Neither,3,4,2,2,2,2,2,2,,30,35,25,10,5,9,5,1,2,18,"2,3",3,,1,1,10,1,1,4,4,neither,2,3,2
78,35,4,4,4,4,4,7,7,7,6,2.6,4.2,3,1,8,1,2.8,,1,1,1,0,1,Clinton but really neither,5,5,2,2,2,2,2,2,"No disability, i checked the wrong one by accident",15,15,55,15,5,9,1,1,2,19,"2,3,6,7",3,,5,1,19,1,1,2,2,Clinton,2,1,2
72,40,3.5,3.5,4,3.5,3.625,7,7,7,6,4.066666667,3.3,3,4,4,2.5,3.2,46,4,3.75,4,0,1,,5,5,2,2,1,2,2,,,30,40,20,10,5,7,2,1,2,20,"3,7",3,,1,1,20,1,1,4,4,,1,1,2
73,36,4,4,3,3.5,3.625,6.5,5.5,4,5.666666667,2.4,4.2,3,2,8,4.5,3.7,36,4.4,4.75,5,0,1,Donald Trump,5,3,2,2,2,2,1,,,25,25,25,25,5,9,2,1,1,18,1,3,,8,1,18,1,1,5,6,Trump,2,1,2
68,47,4,2.5,3,3.5,3.25,7,7,7,5.5,3.2,3.4,4,3,7,2.5,2.5,,4.6,4.75,4,1,1,Bernie Sanders,4,4,2,2,2,2,2,2,,20,20,40,20,2,14,5,3,2,18,3,3,,4,1,18,1,1,4,2,Sanders,2,3,2
73,35,4,4,4,4,4,5.25,7,7,5.166666667,3.2,5,2.7,1,1,2.5,3.7,,4,4,4,0,1,Hillary Clinton,5,5,2,2,2,2,2,2,,30,30,20,20,5,8,3,1,2,18,"2,3,4,5",3,,4,1,18,1,1,2,1,Clinton,2,1,2
73,38,3.5,4,3.5,3.5,3.625,6,6,6,5.833333333,1.933333333,3.4,2.8,2.666666667,4,2.5,3.4,,3.4,3.75,4,,1,,4,4,2,2,2,2,2,2,,25,40,25,10,4,7,2,1,2,18,"3,5",3,,4,1,18,1,1,4,6,,2,7,2
68,36,4,4,3.5,3.5,3.75,7,6.75,6.5,6.166666667,2.733333333,3.5,3.2,1.333333333,7,1.25,2.1,,4.2,5,5,0,1,none,4,4,2,2,2,2,2,2,,25,25,33,17,4,11,3,1,1,19,"2,3,6,7",3,,7,1,19,1,1,,,neither,2,1,2
64,38,3,3.5,3.5,4,3.5,6.75,6,4,5.833333333,4.866666667,2.2,3,3.333333333,4,1.5,1.9,,3.2,2,3,0,1,Hillary Clinton,3,3,2,2,2,2,2,,,30,25,30,15,3,9,2,2,1,18,"2,3,4,5,6,7",3,,4,1,18,1,1,4,4,Clinton,2,1,2
76,37,3.5,4,4,4,3.875,5.5,6.25,7,6.166666667,3.333333333,3.9,3.5,1,3,1,3.3,,4,4,4,0,1,Hillary R Clinton,5,5,2,2,2,2,2,,,35,30,25,10,5,8,3,1,2,18,"2,4,6",3,,1,1,18,1,1,,4,Clinton,2,1,2
70,36,4,3.5,4,4,3.875,5.75,6,6,5.333333333,4.533333333,3.1,3.1,1,2,1,2.6,42,4,4,4,0,1,Hillary Clinton,4,4,2,2,2,2,2,2,,25,25,25,25,4,11,2,1,2,20,"3,5,7",3,,1,1,20,1,1,,,Clinton,2,1,2
72,38,3,4,3,4,3.5,6.25,4.75,4.5,3.5,4.066666667,3.6,2.8,3,1,2.25,3.6,34,3.6,3.75,3,0,1,Donald Trump,3,4,2,2,2,2,2,2,,30,35,25,10,5,9,2,1,2,18,"3,5",3,,8,1,18,1,1,6,5,Trump,2,1,2
66,34,4,4,3,4,3.75,7,6.75,7,4.666666667,4.066666667,4.4,2.7,2,2,2,2.9,,4.2,2.75,1,0,1,Hillary Clinton,3,2,2,2,2,2,2,2,,5,5,60,30,3,14,1,1,2,20,"2,6",3,,7,1,20,1,1,3,1,Clinton,2,1,2
70,37,4,4,4,4,4,6.25,5.5,6,5.666666667,4.533333333,3.7,3.4,4.666666667,2,1,2.4,34,3.4,3.5,3.5,0,1,N/A,4,4,2,2,2,2,2,,,25,25,25,25,5,10,2,1,2,21,"3,5",3,,7,1,21,1,1,,,na,2,1,2
69,35,4,4,3.5,3.5,3.75,6.75,6,6.5,5.5,4.2,3.1,3.2,2.666666667,6,1.25,3,40,3.8,2,3,0,1,Gary Johnson,5,4,2,2,2,2,2,2,,25,32,30,13,4,11,1,1,2,19,"2,4",3,,1,1,19,1,1,,,Johnson,2,1,2
67,38,4,4,3.5,3,3.625,3.5,5.75,5.75,1.833333333,3.133333333,4.6,2,5,4,2.25,4.7,34,5,4,4,1,1,Bernie Sanders,1,1,2,2,2,2,2,2,,30,20,40,10,5,9,2,2,2,18,2,3,,3,1,18,1,1,1,4,Sanders,2,4,2
58,33,4,4,3.5,3.5,3.75,7,5.25,5.75,4.333333333,4.8,2.2,3.7,4,5,1.75,2.5,,1.6,2.25,2.5,,1,Hillary Clinton,2,5,2,2,2,2,2,,,20,20,50,10,4,26,3,4,2,19,"3,5",3,,5,1,19,1,1,2,2,Clinton,2,7,2
69,33,4,4,4,3,3.75,4.75,5.25,5.25,2.833333333,2.666666667,3.5,3.4,2,2,1.5,3.8,,4,4.5,5,0,1,unsure,3,4,2,2,2,2,2,2,,25,25,40,10,3,12,2,1,2,20,"3,5,7",3,,1,1,20,1,1,3,,dontknow,2,1,2
57,45,4,3.5,4,4,3.875,7,7,7,1.5,3,3.7,3.5,2,4,3.5,2.8,35,3.8,3.5,4,0,1,Hillary Clinten,5,5,2,2,1,2,2,2,,30,40,20,10,4,10,3,1,2,18,3,3,,7,1,18,1,1,3,5,Clinton,2,1,2
74,32,3.5,4,3,3.5,3.5,6,6,6.5,4.833333333,3.4,3.2,2.5,4.333333333,7,2,3.3,,3.8,3.5,4,0,1,Gary Johnson,4,4,2,2,2,2,2,2,,2,3,1,4,4,10,2,1,2,18,"3,5",3,,7,1,18,1,1,4,5,Johnson,2,1,2
71,36,4,3,4,3.5,3.625,6.5,6.5,6,5.833333333,3.533333333,3.5,3.2,3.666666667,5,2.75,2.3,,3.4,3.25,3,0,1,Trump,4,5,2,2,2,2,2,2,,10,30,50,10,4,8,1,1,2,19,"2,4,6",3,,5,1,19,1,1,5,3,Trump,2,1,2
58,39,4,3,4,3.5,3.625,6.25,5.75,7,6.166666667,5.266666667,1.9,2.9,1,0,1.5,2.7,,2.4,3.25,2,0,1,Clinton,4,4,2,2,2,2,2,2,,25,35,25,15,3,12,1,4,2,20,"2,3",3,,4,1,20,1,1,,,Clinton,2,1,2
68,39,3.5,4,4,3.5,3.75,7,5.75,7,6,3.4,3.9,3.2,1.333333333,3,2.5,3.7,42,2.4,3.25,4,0,1,Donald Trump,5,5,2,2,2,2,2,,,10,20,50,20,4,9,1,1,2,20,3,1,,4,1,20,1,1,4,5,Trump,2,1,2
68,32,4,4,3,3.5,3.625,6.25,5.5,2,3.5,3.733333333,3.8,3.4,2,6,3.5,3.5,42,4.4,4.5,3,0,1,Hillary Clinton,3,4,2,2,2,2,2,2,,15,25,50,10,4,12,2,4,2,18,"2,3,6,7",3,,4,1,18,1,1,,3,Clinton,2,1,2
70,33,4,4,4,4,4,7,7,4,3.833333333,3.866666667,4.3,3.3,1,0,1.5,3.4,,2.6,3.75,5,0,1,hilary clinton,4,4,2,2,2,2,2,2,,30,35,25,10,5,11,2,1,2,18,"2,3,4,5,6,7",3,,6,1,18,1,1,,,Clinton,2,1,2
47,32,4,3.5,3.5,4,3.75,4,1.5,7,4.166666667,2.133333333,2.6,2.7,2.666666667,4,1.5,2.8,,2,2.75,1.5,0,1,I feel like I'm being held at gunpoint right now honestly.,3,3,2,2,2,2,2,2,,35,25,20,20,4,14,4,1,2,18,1,3,,4,1,18,1,1,4,3,nonsense,2,1,2
60,40,4,3,3.5,3,3.375,6,6,6,4.833333333,4.266666667,3,3.7,4,8,1.75,2.1,,2.8,3.5,3,0,1,Trump,4,4,2,2,2,2,2,2,,30,25,40,5,3,11,1,2,2,20,5,3,,1,1,20,1,1,4,6,Trump,2,1,2
51,32,3.5,3.5,3.5,4,3.625,6.25,5.75,4.75,5,4.8,2.5,3.4,4.333333333,4,3.75,2.1,42,2.4,2.5,3.5,0,1,Bernie Sanders,4,4,2,2,2,2,2,2,,0,0,40,60,2,10,3,2,1,18,"3,5,7",3,,1,1,18,1,1,,,Sanders,2,1,2
65,47,4,4,4,4,4,7,6,6.25,4.833333333,3.133333333,3.4,2.9,2.333333333,2,1,2.9,,3.6,4,2,1,1,Hillary Clinton,3,3,2,2,2,2,2,2,,30,40,20,10,4,12,1,2,1,20,"2,6",3,,5,1,20,1,1,2,3,Clinton,2,3,2
76,33,4,4,4,4,4,6.5,6,6,4.5,3.066666667,4,3.1,2,9,4.75,4,,2.8,3.25,3.5,0,1,Clinton,5,5,2,2,2,2,2,2,,100,100,100,100,5,11,2,1,2,18,"6,7",3,,1,1,18,1,1,,2,Clinton,2,1,2
66,35,4,3.5,4,4,3.875,4.75,4.5,2.25,5,3.866666667,2.3,3.4,3.333333333,4,2,3.5,,3.8,4.5,4,0,1,Donald Trump,5,5,2,2,2,2,2,,,15,15,45,25,4,10,2,2,2,21,6,3,,2,1,21,1,1,3,2,Trump,2,1,2
63,32,4,4,4,3.5,3.875,4.75,6.75,7,2.333333333,3.466666667,3.5,2.4,2,2,5,4.2,42,3.8,3.75,4,0,1,Hilary Clinton,3,4,2,2,2,2,2,2,,20,35,30,15,5,11,2,2,2,19,6,3,,5,1,18,1,1,2,2,Clinton,2,1,2
66,36,3,4,3.5,3.5,3.5,4.25,4.75,3.5,1.5,3,3.8,3.3,3.333333333,3,1.75,3.2,,2.6,3.25,4,0,1,"I did support Bernie Sanders almost 100%, but I support Hillary Clinton since she became the Democratic nominee.",2,2,2,2,2,2,2,2,,20,20,50,10,3,12,3,1,1,24,"2,4",3,,2,1,24,1,1,3,3,Sanders-Clinton,2,1,2
79,27,3.5,3.5,3,4,3.5,6.5,4.25,5.25,5.666666667,4.666666667,3.5,2.9,3,8,2,2.8,34,3,2.5,3.5,1,1,Hillary Clinton,4,5,2,2,2,2,2,2,,25,25,25,25,5,10,2,1,2,18,"2,4,6",3,,3,1,12,1,1,4,3,Clinton,2,2,2
69,51,3.5,3.5,3,3,3.25,6.25,5,4.5,5,3.933333333,3,3.4,1.333333333,2,1.25,2.9,42,4,3.5,3.5,0,1,Hillary Clinton,3,3,2,2,2,2,2,2,,5,5,45,45,3,9,3,1,1,21,3,3,,1,1,21,1,1,5,3,Clinton,2,1,2
49,38,4,4,4,4,4,7,7,7,4.833333333,3.533333333,2,3,1,8,1.5,3.4,,3.2,4,4,0,1,Hilary Clinton,2,3,2,2,2,2,2,2,,20,20,50,10,3,12,5,4,1,22,1,3,,4,1,22,1,1,2,2,Clinton,2,1,2
67,29,4,3.5,4,3.5,3.75,5.75,6.75,4.75,5.666666667,3.333333333,3.5,3.2,2.333333333,7,2.75,3.3,,4.8,4.25,4.5,0,1,Not sure,3,3,2,2,2,2,2,,,75,70,100,100,4,9,2,2,2,18,2,3,,5,1,18,1,1,,4,dontknow,2,1,2
58,39,4,4,3.5,3.5,3.75,6.25,5.25,6,3,2.933333333,3.7,2.8,1,0,3.75,3.6,40,2.4,4.25,5,0,1,Clinton,2,3,2,2,2,2,2,1,Mental Health,0,0,70,30,3,14,1,1,2,20,3,3,,1,1,20,1,1,1,1,Clinton,2,1,2
63,32,4,4,4,4,4,7,7,7,6,3.666666667,4.4,4,1.666666667,6,1.5,1.5,42,2.8,5,3,0,1,Trump,3,3,2,2,2,2,2,2,"Epilepsy, disabled from driving for a while.",15,50,15,20,3,8,3,1,2,18,"2,4,6",3,,3,1,18,1,1,2,3,Trump,2,1,2
67,38,2,3,4,2,2.75,6,6,5.75,5.666666667,3.533333333,3.2,3.5,2.333333333,5,1.75,3.2,,3.2,2.25,3.5,0,1,Hillary Clinton,2,1,2,2,2,2,2,2,,38,22,25,15,4,8,2,1,2,19,"4,6",3,,6,1,19,1,1,2,1,Clinton,2,1,2
69,27,3.5,4,3.5,4,3.75,7,6.5,5.75,4.666666667,3.8,3.2,2.8,1,4,2.25,3.8,42,1.2,2.25,3,0,1,Hillary Clinton,2,3,2,2,2,2,2,,,95,100,95,95,4,11,1,1,2,21,"3,5,7",3,,1,1,21,1,1,,5,Clinton,2,1,2
57,37,4,3.5,3.5,3.5,3.625,2.25,6.5,7,2.833333333,3.266666667,3.4,3.1,2.666666667,2,1.5,3.6,,3.2,4.25,3.5,,1,Hillary Clinton,4,4,2,2,2,2,2,2,,0,0,48,52,1,10,1,2,2,18,"3,5,7",3,,6,1,18,1,1,,,Clinton,2,7,2
59,43,4,4,4,4,4,1.75,6.25,7,2,4.8,3.4,3.7,4,4,3,3.6,42,2.6,3,1,0,1,hillary,2,3,2,2,2,2,2,2,,25,25,30,20,3,10,3,3,2,18,"2,3",3,,2,1,18,1,1,4,3,Clinton,2,1,2
54,42,4,3,4,3.5,3.625,6.25,6,6.5,5.666666667,2.6,3.6,3.7,1,9,2,3.2,35,3.8,3.25,2,0,1,Hillary clinton,3,4,2,2,1,2,2,2,,30,45,20,5,3,10,5,1,2,21,2,3,,6,1,21,1,1,2,2,Clinton,2,1,2
62,33,4,4,3.5,4,3.875,7,7,6.75,3.5,4.466666667,4.1,2.9,4,4,1,3.3,,3.4,4.5,4,0,1,Gary Johnson,1,4,2,2,2,2,2,2,,25,30,20,25,4,9,3,1,2,19,"2,4,6",3,,6,1,19,1,1,4,4,Johnson,2,1,2
61,37,3,3,3.5,3.5,3.25,1.5,6.75,7,4,3.6,3,3.4,2,3,1,3,41,2.2,2.75,4,0,1,Trump,2,3,2,2,2,1,2,2,,10,20,40,30,2,7,1,1,2,18,"2,3,4,5,6",3,,5,1,18,1,1,4,4,Trump,2,1,2
75,53,4,4,3,2.5,3.375,5.5,6.75,6.5,5.666666667,3.733333333,3,3.5,3.333333333,1,1,3.2,43,2.4,3.75,2.5,1,1,Hillary Clinton,5,5,2,2,2,2,2,2,,30,25,30,15,3,9,4,1,1,18,"2,3,6,7",3,,1,1,18,1,1,,,Clinton,2,3,2
68,33,4,4,3.5,3,3.625,2,4,6.75,4.833333333,4.466666667,3.6,2.5,1.333333333,5,2.5,3.7,,1.6,2,3,0,1,Hillary Clinton,3,3,2,2,2,2,2,1,Anxiety,30,25,30,15,4,26,3,1,2,18,2,3,,1,1,18,1,1,2,,Clinton,2,1,2
66,45,3,3,3,3,3,4,4,4,5.166666667,3.333333333,2.6,3,3,9,1.25,2.9,42,2.8,3,3,1,1,I am not voting,3,4,2,2,2,2,2,2,,0,0,70,100,1,26,1,2,2,20,1,3,,1,2,,1,1,,6,notvote,2,4,2
73,33,4,4,4,3.5,3.875,6.75,6.75,7,5,2.866666667,3.6,3.6,1,8,2.5,2.7,42,4.4,3,5,0,1,Hilary Clinton,5,3,2,2,2,2,2,2,,25,25,45,5,5,14,3,1,2,18,"3,5,7",3,,1,1,18,1,1,4,6,Clinton,2,1,2
64,48,4,4,4,4,4,5.25,6,7,6.333333333,4.2,3.3,3.3,2,3,1,2.3,33,2.6,3.25,3,0,1,Cliton( Best of 2 Evils ),4,4,2,2,2,2,2,2,,10,10,50,30,3,9,1,2,1,19,"2,4,6",3,,1,1,19,1,1,3,3,Clinton,2,1,2
50,31,3.5,4,3.5,3.5,3.625,3.25,6,4.25,1.333333333,3.4,4.3,3.2,4.333333333,6,4,4.7,38,3.8,3.75,3,0,1,Hillary Clinton,4,3,1,2,2,2,2,2,,10,10,60,20,2,19,2,4,1,21,"2,3,6,7",3,,3,1,21,1,1,,3,Clinton,2,1,2
66,38,4,4,4,4,4,6,6.75,6.75,5.333333333,3.933333333,3.9,3,2,2,1.5,2.7,40,4.2,4.25,3,0,1,Hillary Clinton,4,4,2,2,2,1,2,,,20,35,30,15,5,9,2,1,2,18,"2,4,6",3,,6,1,18,1,1,3,3,Clinton,2,1,2
52,35,3,3,2.5,3.5,3,5.5,4.75,6.5,4.666666667,3.866666667,3.1,2.8,3.333333333,1,1,2.2,42,2,2.5,2.5,0,1,Bernie Sanders. (Hillary Clinton if necessary),2,3,2,2,2,2,2,2,,30,40,20,10,3,11,2,4,1,20,2,3,,4,1,20,1,1,2,2,Sanders-Clinton,2,1,2
58,35,2.5,4,2.5,3,3,5.75,5,4.25,3.166666667,3.733333333,2.9,2.6,3,1,1,3.3,46,2.8,2.75,3.5,0,1,Johnson,3,2,1,2,2,2,2,2,,40,20,30,10,4,11,3,1,1,18,"2,4,6",3,,1,1,18,1,1,4,3,Johnson,2,1,2
60,43,4,2.5,4,4,3.625,6.25,6.75,7,4.833333333,5.266666667,3.6,3.7,1,2,1.75,3.1,,2,2.5,4.5,0,1,Clinton,3,3,2,2,2,2,2,2,,0,10,40,50,2,26,1,2,2,20,"2,3,5,6",3,,5,1,20,1,1,3,4,Clinton,2,1,2
80,40,4,2.5,4,3.5,3.5,6,5.5,5,6.333333333,5.333333333,3.2,2.9,2,2,1.25,2.2,42,3.2,3,2,0,1,hillary clinton,4,5,2,2,2,2,2,2,,18,17,40,25,4,11,4,2,2,18,"2,3,4,5,7",3,,5,1,18,1,2,3,2,Clinton,2,1,2
66,39,3,3,3,3,3,7,6,6,5.833333333,4.533333333,3.3,3.3,2.333333333,6,2.75,3.1,34,2.4,4,4,0,1,Jill Stein/ Hillary Clinton,4,4,2,2,2,2,2,,,30,40,20,10,5,10,5,1,2,20,"2,4,7",3,,2,1,20,1,2,,2,Stein-Clinton,2,1,2
57,40,4,4,4,3,3.75,1.5,1,3,1.833333333,2.333333333,3.8,2.9,1,7,3,3.8,20,2.6,1.25,3.5,1,1,Mimi Soltysik,1,1,,,1,,,,,5,5,80,10,2,11,1,1,2,21,3,3,,3,1,21,1,2,1,3,nonsense,1,3,2
73,37,3.5,4,4,3.5,3.75,2,2.75,6,1.666666667,2.6,3.4,2.6,2,1,4.75,3.8,16,3,3.25,3,0,1,Clinton,2,2,,,,1,,,,50,10,25,15,5,11,1,2,2,20,3,3,,2,1,20,1,2,2,2,Clinton,1,1,2
78,35,4,4,4,3.5,3.875,6.25,4.25,3.5,5.333333333,3.533333333,3,3.2,5,8,2.5,3.5,,3.8,3,4,0,1,Trump,5,5,2,2,2,2,2,2,,30,30,30,10,5,10,4,1,1,21,"2,4",3,,8,1,21,1,2,7,7,Trump,2,1,2
60,32,3,4,4,4,3.75,5.5,6.25,6.75,3.666666667,3.933333333,3.6,2.3,1.333333333,7,1.5,3.7,,2.4,3,4.5,0,1,Gary Johnson,2,4,2,2,2,2,2,2,,10,0,75,15,3,12,1,1,2,18,"2,4,7",3,,6,1,18,1,2,2,3,Johnson,2,1,2
60,37,4,3.5,4,3.5,3.75,5,5.5,6.75,5,4.533333333,2.6,3.1,4,4,2.25,2.4,42,1.4,1.5,3.5,1,1,Donald J. Trump,2,3,2,2,2,2,2,,,25,25,25,25,4,8,1,1,1,20,"2,3,4,5,6,7",3,,1,1,20,1,2,5,5,Trump,2,6,2
66,36,3.5,4,3.5,4,3.75,4,3.25,5.25,3.166666667,2.4,4,2.4,2.666666667,0,2.75,3.9,42,2.8,3.5,4,0,1,Gary johnson,2,4,2,2,2,2,2,2,,20,0,40,40,1,14,2,1,2,18,"3,5,7",3,,4,1,18,1,2,6,6,Johnson,2,1,2
69,35,4,4,4,4,4,6.5,6.5,7,4.833333333,3.333333333,4,3.2,3,3,1,3.7,44,2.6,2.5,5,,1,Trump,4,3,2,1,2,2,2,,,25,25,25,25,5,9,2,2,1,20,"2,3",3,,1,1,20,1,2,4,5,Trump,2,7,2
64,38,4,4,4,4,4,6.75,5.5,6.5,6.5,3.8,3,3,2.333333333,5,1.5,2.4,42,3,2.75,4,0,1,Donald Trump,4,4,2,2,2,2,2,2,,20,30,30,20,4,11,2,1,2,18,"2,6",3,,7,1,18,1,2,,,Trump,2,1,2
55,42,4,2.5,4,4,3.625,6,5.25,7,5.833333333,3.4,3,3.5,2,6,1.5,3.3,,3,3.75,4.5,0,1,Hillary Clinton,4,4,2,2,2,2,2,2,,5,45,20,30,2,12,2,4,2,,"2,4",3,,2,2,,0,1,2,3,Clinton,2,1,2
66,42,4,3.5,3.5,3.5,3.625,5.75,5.75,5.5,6,2.066666667,4.2,2.9,3,9,4.75,3.1,,3.4,4,2.5,1,1,Clinton,1,1,2,2,2,2,2,2,,40,10,25,25,4,12,1,1,1,,"3,5,7",3,,1,2,,0,1,,,Clinton,2,6,2
76,37,4,3,4,4,3.75,5.75,5.25,3,4.833333333,3,3.8,3.2,1,0,2.75,3,39,3.6,3,3,0,1,,3,4,2,2,2,2,1,2,,30,30,25,15,4,14,2,1,2,,"3,5,7",3,,5,2,,0,1,3,6,,2,1,2
68,50,4,4,3.5,3,3.625,6,5.75,2,4.833333333,1.733333333,4.2,3.5,2,3,5,3.5,,4,4.5,5,0,1,Hillary Clinton,5,3,2,2,2,2,2,2,,30,30,30,10,5,11,2,1,2,,"3,5",3,,7,2,,0,1,3,6,Clinton,2,1,2
68,36,4,2,4,4,3.5,6.5,7,6.5,6.833333333,4.066666667,3.2,3,1.666666667,6,1.25,2,,3.6,3.25,2,0,1,,2,2,2,2,2,2,2,2,,40,40,10,10,3,10,2,1,2,,"3,5,7",3,,6,2,,0,1,4,2,,2,1,2
69,37,3.5,3,2,3,2.875,6.5,6.75,3,4.5,3.2,4.2,3.1,1.666666667,2,2.25,3.1,,3,4,4,0,1,Hilary Clinton,3,3,2,2,2,2,2,2,,15,15,45,25,4,11,3,1,2,,"2,3,4,5,6",3,,1,2,,0,1,4,2,Clinton,2,1,2
59,45,3.5,4,4,4,3.875,4,7,7,3,2.8,4.9,3.1,3,5,1,3,,4.2,3.75,1.5,0,1,,4,3,2,2,2,2,2,2,,10,0,40,50,2,26,2,1,2,,2,3,,1,2,,0,1,2,7,,2,1,2
62,36,3.5,3,3.5,3,3.25,5,4,5.5,4.5,3.266666667,3.4,2.8,4.333333333,2,2.5,2.9,,3,3.75,2,0,1,,3,3,2,2,2,2,2,2,,20,15,40,25,3,14,2,1,1,,"2,3,4,5,6,7",3,,3,2,,0,1,4,,,2,1,2
63,33,3.5,3,3.5,3.5,3.375,6.75,6,6.75,6,2.933333333,2.8,3.1,2,5,2,2.3,,4.2,2.5,2.5,0,1,,4,3,2,2,2,2,2,2,,30,30,30,10,4,12,2,1,2,,"4,7",3,,7,2,,0,1,2,2,,2,1,2
56,38,4,3.5,3.5,3.5,3.625,5.5,5,5.25,5.5,3.333333333,3.3,2.8,2.333333333,1,1,2.5,,2.4,4.5,3,0,1,trump,4,4,2,2,2,2,2,2,,25,25,30,20,3,14,2,1,1,,3,3,,3,2,,0,1,6,6,Trump,2,1,2
55,36,3,2,3,3,2.75,6,6,5.5,4.666666667,3.6,3.5,2.6,3,6,3,2.5,,3.8,3.75,4,0,1,Hilary Clinton,5,5,2,2,2,2,2,2,,15,25,25,35,4,14,2,1,1,,"2,4,6",3,,6,2,,0,1,3,3,Clinton,2,1,2
62,35,3,3.5,3.5,3.5,3.375,6,5,4,4.666666667,4.2,1.8,3,4,5,1,2.4,,1.8,1.5,2,1,1,Hilary Clinton,3,3,2,2,2,2,2,,,25,25,25,25,3,10,4,1,2,,"2,4,6",3,,1,2,,0,1,2,2,Clinton,2,2,2
64,39,3.5,3,3,3,3.125,5.75,6,5,3.333333333,3.733333333,3.5,2.8,2.333333333,1,2.25,3.1,,3.2,3.25,3,0,1,Hilary Clinton,3,3,2,2,2,2,2,2,,10,20,50,20,3,26,3,2,2,,"3,7",3,,1,2,,0,1,,,Clinton,2,1,2
77,40,4,3,3.5,4,3.625,7,7,7,3.833333333,4.2,3.6,3,3,1,2.5,2.7,,3.4,3.75,4,0,1,,3,3,2,2,2,2,2,2,,30,40,20,10,5,9,1,1,2,,"2,4",3,,2,2,,0,1,,,,2,1,2
68,29,4,3,4,4,3.75,6.75,7,4.75,6.166666667,3.2,3.7,2.7,1,2,1.5,3.3,34,3.2,2.5,3,0,1,Hillary Clinton,3,3,2,2,2,2,2,2,,20,10,40,30,4,11,1,1,2,,2,3,,3,2,,0,1,3,3,Clinton,2,1,2
42,36,3.5,4,3.5,4,3.75,5.75,5,3.5,4.5,4.533333333,2.3,3.7,4,4,2.5,2.4,,3.4,3.5,4,0,1,hilary clinton,3,4,2,2,2,2,2,2,,10,10,40,40,3,11,3,1,1,,"2,3",3,,4,2,,0,1,,4,Clinton,2,1,2
61,31,3.5,2,3.5,3.5,3.125,1.25,1.5,2,4.833333333,3.133333333,3.9,2.7,1.333333333,2,2.25,2.4,,2.8,2.5,2,0,1,Not Donald Trump,2,3,2,2,2,2,2,2,,10,10,50,30,2,10,4,1,2,,"2,6",3,,1,2,,0,1,1,,Anti-Trump,2,1,2
72,31,4,3,4,3.5,3.625,3.75,3.25,2.25,3.333333333,4.066666667,3.1,3.2,1.666666667,3,5.5,3.2,44,3,2.75,3,0,1,Hilary Clinton,5,4,2,2,1,1,2,2,,25,25,25,25,3,11,1,2,2,,"3,6",3,,5,2,,0,1,1,4,Clinton,2,1,2
67,44,3.5,3,3,3,3.125,6.25,5.25,7,5,3.133333333,4.9,2.5,2,4,2.75,3.2,,3.4,3.75,4,0,1,Hillary Clinton,4,4,2,2,2,2,2,2,,25,25,25,25,4,9,4,1,2,,"2,3,4,5,6",3,,6,2,,0,1,6,6,Clinton,2,1,2
61,38,4,3,4,4,3.75,7,7,7,5.666666667,5.133333333,4.2,3.8,2,8,1.5,2.5,,2.8,3.5,4,0,1,Clinton,1,3,2,2,2,2,2,2,,30,40,20,10,5,9,3,1,2,,1,3,,1,2,,0,1,5,3,Clinton,2,1,2
70,35,3.5,2.5,3.5,4,3.375,6.5,5.5,6,5.666666667,3.333333333,3.5,2.8,1,1,1.75,2.7,42,2.6,2.5,3,0,1,Hilary Clinton,2,3,2,2,2,2,2,2,,30,30,30,10,4,12,1,1,2,,"2,4",3,,1,2,,0,1,4,2,Clinton,2,1,2
61,32,4,3.5,4,4,3.875,4.75,6,5.25,4.833333333,3.6,4.2,3,2.666666667,3,1,3.1,,3.2,3.75,3.5,0,1,clinton,4,4,2,2,2,2,2,,,10,50,30,10,1,10,1,1,2,,"4,5",3,,2,2,,0,1,4,5,Clinton,2,1,2
65,41,3,4,3.5,4,3.625,5.25,6.5,6.25,3.166666667,4,3.9,3,2,1,1,3.2,,3.8,2.5,3,0,1,Hilary Clinton,3,3,2,2,2,2,2,2,,25,25,25,25,4,11,2,4,2,,2,3,,1,2,,0,1,4,3,Clinton,2,1,2
41,35,4,4,4,4,4,7,7,6.25,4.333333333,5.2,4.2,2.9,1,1,2,2.6,,4,2.5,4.5,1,1,Hilary Clinton,4,4,2,2,2,2,2,2,,20,50,20,10,4,11,1,1,2,,7,3,,1,2,,0,1,5,2,Clinton,2,6,2
65,36,3.5,4,3,3.5,3.5,6.25,6.75,7,3.666666667,3.6,3.5,3,1,2,1.75,3.8,52,3,3,4.5,0,1,Hillary Clinton,2,2,2,2,2,1,1,2,,25,25,25,25,4,13,2,1,2,,"3,5,7",3,,1,2,,0,1,,,Clinton,2,1,2
49,38,2.5,4,3,2.5,3,7,5.75,7,4,5.533333333,3.7,2.9,2,8,1,3.2,,2.4,2,4.5,0,1,Hillary Clinton,5,5,2,2,2,2,2,2,,40,0,40,20,3,14,5,1,2,,1,3,,1,2,,0,1,1,1,Clinton,2,1,2
69,41,4,4,3.5,3.5,3.75,1,7,6,2.666666667,2,3.7,2.4,2.666666667,3,4.75,4.1,34,2.6,3,3.5,0,1,Hillary Clinton,3,3,2,2,2,2,2,1,depression,30,30,25,15,3,11,5,4,2,,3,3,,2,2,,0,1,,,Clinton,2,1,2
47,40,4,2.5,3,3.5,3.25,5.75,6.5,3.5,5,4.533333333,3.4,2.6,1,1,2.5,2.8,,4.2,3.25,2,0,1,Hillary Clinton,1,1,2,2,2,2,2,2,,,0,0,0,4,26,3,1,2,,"2,4,6",3,,1,2,,0,1,,,Clinton,2,1,2
52,37,3.5,4,3,4,3.625,6,5.75,2.5,4.5,3.933333333,3,3.2,2.333333333,0,2,3.1,,1.6,1.5,3,0,1,Hillary Clinton,2,1,2,2,2,2,2,2,,25,25,30,20,2,11,2,1,2,,"3,7",3,,2,2,,0,1,2,2,Clinton,2,1,2
72,40,4,3.5,4,4,3.875,4.75,6,6,3,2.266666667,4,3.9,4,5,2,2.5,44,4.4,5,5,0,1,,5,5,2,1,1,1,2,2,,25,30,30,15,4,14,5,2,1,,1,3,,5,2,,0,1,6,3,,1,1,2
64,34,4,3.5,3,3.5,3.5,6,6,6,5.5,3.733333333,3.4,2.8,2.666666667,1,1.25,1.7,,4,4.25,3,0,1,,3,3,2,2,2,2,2,2,,25,20,30,25,4,10,2,1,2,,1,3,,5,2,,0,1,,3,,2,1,2
74,58,4,4,3.5,3,3.625,7,5.75,7,5.166666667,4.333333333,3,4,3.333333333,4,1.25,2.2,,3.6,3,4.5,0,1,N/A,3,3,2,2,2,2,2,2,,30,30,30,10,5,9,4,2,1,21,3,3,,3,2,,1,1,6,5,na,2,1,2
71,44,4,4,4,4,4,7,7,7,5,2.4,3.6,3.8,4,2,2,2.4,,4,3,5,0,1,I dont know,3,3,2,2,2,2,2,2,,80,100,100,70,4,9,3,4,2,21,"3,4",3,,1,2,,1,1,,,dontknow,2,1,2
67,38,3,2.5,3,3,2.875,6.75,2,1.5,4.666666667,5.2,2.5,3.2,3,3,1,2.8,34,1.6,1.75,2,0,1,,2,2,2,2,2,,2,,,0,100,0,0,1,14,1,1,2,19,2,3,,1,2,,1,1,2,3,,2,1,2
46,38,4,3.5,3,3.5,3.5,6.25,6.75,6.25,4.5,4.533333333,3.1,3.9,4.666666667,7,2,3.6,,2.6,3.5,4,0,1,Hillary clinton,4,5,2,2,2,2,2,2,,5,20,40,35,4,16,1,2,1,19,1,3,,4,2,,1,1,1,7,Clinton,2,1,2
62,41,4,4,2,4,3.5,7,2.5,7,3.166666667,2.666666667,3.7,2.7,3.333333333,3,2.25,4.1,26,2.8,2.25,4,0,1,Clinton,2,2,2,2,2,1,2,2,,20,20,30,30,3,8,2,1,2,19,2,3,,2,2,,1,1,2,2,Clinton,1,1,2
66,31,4,3,4,4,3.75,7,7,7,5.5,3.2,4,3.3,2,4,1.25,2.6,,4,3.75,5,1,1,Hillary Clinton,2,3,2,2,2,2,2,,,10,50,20,20,2,9,2,1,2,19,1,3,,1,2,,1,1,2,3,Clinton,2,7,2
54,33,4,3.5,4,3.5,3.75,4,7,7,4.333333333,1.933333333,4.5,3.2,1,5,1.25,2.4,67,4,4,4.5,0,1,Clinton,3,4,,,1,1,,,,10,20,50,20,4,9,3,1,2,19,"3,5",3,,1,2,,1,1,,,Clinton,1,1,2
58,52,4,4,4,4,4,6.5,5.75,6.5,4.666666667,3.866666667,3.5,3,2,2,1,2.3,,3.8,1.75,3.5,0,1,Hilary Clinton,4,5,2,2,2,2,2,,,15,10,25,50,2,14,4,1,2,21,"2,3,6,7",3,,2,2,,1,1,,,Clinton,2,1,2
71,58,4,4,4,3.5,3.875,7,7,7,7,2.8,3,4,2.333333333,3,3,2.6,,4.4,4.5,5,0,1,Clinton - Democrat,4,4,2,2,2,2,2,2,,25,30,25,20,4,12,3,1,1,19,"2,4,6",3,,1,2,,1,1,4,2,Clinton,2,1,2
70,33,3,3.5,2.5,3,3,6.5,6.25,7,5.166666667,3.866666667,3.3,3.1,3.333333333,6,2.5,2.9,,2.6,3,2.5,0,1,,4,4,2,2,2,2,2,2,,20,20,40,20,4,14,2,2,1,19,1,3,,3,2,,1,1,5,,,2,1,2
66,33,3,2.5,3,3.5,3,4.75,5,4,5.666666667,3.933333333,2.9,2.8,2.333333333,1,1.75,2.3,,2.6,1.75,1,0,1,,4,4,2,2,2,2,2,,,25,30,25,20,4,14,2,1,1,19,3,3,,6,2,,1,1,5,4,,2,1,2
69,51,4,4,4,4,4,7,6.75,6.5,5.166666667,4.066666667,3.7,2.8,3.333333333,2,1.5,3.5,,2.8,3,2.5,1,1,Hilary Clinton,4,4,2,2,2,2,2,2,,30,0,50,20,4,9,2,1,2,20,"2,3,6,7",3,,5,2,,1,1,,,Clinton,2,4,2
58,39,3.5,4,3,3,3.375,1.5,2.75,4.25,2,2.066666667,3.7,1.6,2.333333333,1,5,4.9,21,2.8,4,5,0,1,,1,1,2,2,2,1,2,2,,70,90,80,50,4,14,2,4,2,20,"2,4,6",3,,1,2,,1,1,,,,1,1,2
76,37,3.5,4,3.5,3,3.5,3.75,4.5,7,4.666666667,3.733333333,3.6,3.5,2.666666667,5,1,2.8,,4,2.5,2.5,0,1,Hillary Clinton,4,4,2,2,2,2,2,2,,40,25,30,5,4,11,3,2,2,21,"2,3,4,5",3,,6,2,,1,1,5,2,Clinton,2,1,2
69,35,4,4,2.5,3.5,3.5,7,7,7,4.333333333,3.6,3.1,3.3,3,3,2.75,3.2,,3.4,3,3.5,0,1,Hillary Clinton,2,3,2,2,2,2,2,2,,10,30,50,10,3,12,2,1,2,19,2,3,,4,2,,1,1,,,Clinton,2,1,2
68,35,4,4,4,4,4,6,7,6.75,3.833333333,4.066666667,2.6,2.9,5.666666667,10,1.5,3.1,34,3.2,3.75,4,0,1,Hilary Clinton,1,2,2,2,2,2,2,2,,30,20,40,10,3,12,1,1,2,20,1,3,,1,2,,1,1,2,2,Clinton,2,1,2
61,36,4,4,3,4,3.75,5.25,4.75,6.5,2.833333333,3.466666667,4.6,2.7,3.333333333,5,4,3.6,,3.8,3,3,0,1,Hillary Clinton,3,2,2,2,2,2,2,2,,20,35,25,20,5,14,3,1,2,19,"3,5",3,,1,2,,1,1,2,3,Clinton,2,1,2
53,33,4,3.5,4,4,3.875,7,7,7,3.5,4.133333333,4.4,2.5,5,9,5.25,4.5,,4,3.5,4,0,1,bernie saunders (im not amerian though),1,1,2,2,2,2,2,2,,0,0,40,60,2,12,2,1,2,20,"2,4",3,,4,2,,1,1,2,4,Sanders,2,1,2
63,38,3,4,2,3.5,3.125,4.75,6.5,7,5.166666667,4.333333333,3.3,2.9,2,0,1.25,2.9,42,2.8,2.75,3,0,1,None,5,1,2,2,2,2,,2,,1,50,35,14,2,10,1,3,1,20,"2,6",3,,2,2,,1,1,2,6,neither,2,1,2
66,31,4,3.5,4,4,3.875,6.75,7,4,3.5,3.6,3.6,3,2,0,2.25,3.3,,4.2,3.5,3,0,1,Hilary Clinton,4,3,2,2,2,2,2,,,25,25,25,25,3,13,2,2,2,20,"2,3,6,7",3,,1,2,,1,1,2,3,Clinton,2,1,2
71,37,3,3,3.5,3.5,3.25,6,5.5,5.75,4.166666667,4.266666667,3.1,2.7,3,2,1,2.5,,2.6,3,4,0,1,,2,4,2,2,2,2,2,2,,25,25,25,25,4,10,1,2,2,21,"6,7",3,,1,2,,1,1,,,,2,1,2
52,27,3.5,4,3,3.5,3.5,5.75,2.75,6,2,3.8,4,1.7,5,4,1,3.6,,2.4,3,2.5,0,1,,3,1,2,2,2,1,2,2,,30,35,25,10,1,11,1,2,2,20,2,3,,2,2,,1,1,2,,,2,1,2
73,43,3,4,3.5,3,3.375,5.75,4.25,6.75,2.666666667,2.866666667,2.6,2.4,1,1,1.75,2.7,,3.6,3.25,4,1,1,Hilary Clinton,4,3,2,2,2,2,2,2,,50,30,15,5,4,12,2,1,2,20,"4,5",3,,1,2,,1,1,2,1,Clinton,2,4,2
71,30,4,3.5,4,4,3.875,4.5,5.5,7,6,4.333333333,3.1,2.8,1,10,2.5,3.6,42,3.6,5,3,0,1,Hilary Clinton,1,5,2,2,2,2,2,2,,40,30,20,10,5,14,1,1,2,19,"3,5",3,,1,2,,1,1,2,2,Clinton,2,1,2
72,32,4,3.5,3.5,4,3.75,6.25,5.5,7,6,4.066666667,3.1,3,4,3,4,2.7,,3.6,3.5,3,0,1,Hillary,4,2,2,2,2,2,2,2,,25,25,20,30,5,12,1,1,2,19,"3,5,7",3,,4,2,,1,1,4,2,Clinton,2,1,2
50,31,2.5,2,3,3,2.625,4,4,4,4,1.733333333,3.4,2.7,2,3,4.25,3,42,2.4,2,3,0,1,Hilary Clinton,4,3,2,2,2,2,2,2,,10,15,50,25,2,26,3,1,1,18,"2,4,6",1,1,5,2,,1,1,5,5,Clinton,2,1,2
67,40,4,3,4,3.5,3.625,6.5,5.25,6,6.5,5.266666667,3.1,3.3,1,7,1.25,2.4,42,3.4,3.5,3.5,0,1,Clinton,5,4,2,2,2,2,2,2,,5,15,40,40,3,17,2,2,1,20,6,3,,3,2,,1,1,2,3,Clinton,2,1,2
70,37,4,3.5,4,3.5,3.75,6.25,6.5,6,5,4.333333333,4.3,3.4,2.666666667,6,4.333333333,3.1,34,4.4,3.75,4,0,1,Hilary Clinton,4,4,2,2,2,2,2,2,,15,20,50,15,4,12,3,1,2,20,"2,3,4,5",3,,1,2,,1,1,4,3,Clinton,2,1,2
71,33,4,3,4,4,3.75,6,6,5,3.166666667,4.133333333,4.1,3,2,1,2.75,2.9,,3.8,3.5,4,0,1,Anyone except Donald Trump,4,4,2,2,2,2,2,2,,25,25,25,25,4,14,3,1,2,20,"4,6",3,,1,2,,1,1,6,6,Anti-Trump,2,1,2
70,42,3.5,4,4,3.5,3.75,5.25,5,5.5,3.333333333,2.466666667,4,2.9,2.666666667,0,1.5,4.5,,3.4,4.75,4,0,1,Hilary Clinton,4,4,2,2,2,2,2,2,,10,40,30,20,4,14,5,1,2,19,"2,4,6",3,,2,2,,1,1,,5,Clinton,2,1,2
72,32,4,4,4,3.5,3.875,6,6.25,3.75,5.333333333,3.333333333,4,3.2,3.333333333,3,3.5,3.3,,3.8,4.25,4,0,1,clinton,3,3,2,2,2,2,2,2,,30,20,35,15,5,10,3,1,2,20,"3,5,7",3,,1,2,,1,1,,,Clinton,2,1,2
66,34,3,4,3.5,3.5,3.5,4.5,5.75,5.75,4.166666667,4.2,3.1,3.1,5,6,2.75,2,,3,3,2,0,1,Hilary Clinton,4,4,2,2,2,2,2,,,20,15,35,30,2,16,1,2,2,20,"2,3,4,5,6,7",3,,1,2,,1,1,,,Clinton,2,1,2
59,32,3.5,4,3,2.5,3.25,5.5,4.5,2.75,3.833333333,3.666666667,3,2.1,3.333333333,1,1.25,3.4,,2.2,2.5,1,0,1,Hillary Clinton,1,3,2,2,2,2,2,2,,5,15,55,25,1,14,1,4,2,19,"3,5",3,,1,2,,1,1,2,2,Clinton,2,1,2
64,34,4,2.5,3,3,3.125,5.5,4.5,2,4,4.133333333,3,3.2,2,4,2.25,3.5,70,3.4,4,4,1,1,Hilary Clinton,4,5,2,1,2,2,2,2,,20,20,40,20,4,14,2,1,2,20,"2,3,4,5,7",3,,2,2,,1,1,4,,Clinton,2,6,2
47,39,3.5,3.5,3.5,4,3.625,3.25,3,5.75,1.333333333,3.133333333,3.7,2.1,3,1,3.5,4.2,34,3.4,3.75,4,0,1,Hillary Clinton,3,3,,,,1,,,,10,20,40,30,3,12,1,4,2,19,"2,3",3,,2,2,,1,1,,,Clinton,2,1,2
72,36,4,3.5,3,3.5,3.5,5.5,5.75,7,5.166666667,2.866666667,4,3,2,7,1.25,2.1,42,3.4,3.25,4,0,1,We want Obama back,5,2,2,2,2,2,2,2,,30,30,20,20,5,9,2,1,2,19,"3,5,7",3,,6,2,,1,1,2,1,Obama,2,1,2
58,30,3.5,2,3,3.5,3,7,6.25,4,4.666666667,2.4,4,3.3,4.333333333,2,6,3.8,39,4.2,3.25,5,1,1,Clinton,3,3,,,,1,,,,10,10,50,30,4,7,1,1,2,19,"2,3,4,5,7",3,,2,2,,1,1,5,5,Clinton,1,1,2
65,38,4,3.5,3.5,3.5,3.625,6.5,5.25,5.75,5,4.133333333,3.3,3.2,1,1,1,2.4,34,3.6,2.75,2.5,0,1,Hilary Clinton,3,4,2,2,2,2,2,2,,10,20,40,30,2,14,3,1,2,19,1,3,,1,2,,1,1,2,1,Clinton,2,1,2
58,37,3,3.5,3.5,4,3.5,7,6.75,7,3.666666667,3.8,4.4,3,2,1,3.75,3.1,,3.8,3,2.5,0,1,Anyone but Trump,4,4,2,2,2,2,2,2,,30,40,20,10,4,7,2,1,2,19,1,3,,2,2,,1,1,2,3,Anti-Trump,2,1,2
47,32,4,4,4,4,4,5.5,5.25,2,4.666666667,4.066666667,4.1,3.4,2,5,2,2.3,,3,4.5,4.5,0,1,Bernie4lyf,1,5,2,2,2,2,2,2,,0,30,30,40,1,19,1,1,1,18,"2,3,4,5",3,,2,2,,1,1,2,1,Sanders,2,1,2
60,32,4,3.5,3.5,3.5,3.625,7,7,5.5,6,2.066666667,1.9,3.3,5.333333333,4,5.75,1.8,,2,3,3,0,1,bernie4lyf,1,1,2,2,1,2,2,2,,20,20,20,40,3,26,2,1,1,20,2,3,,4,2,,1,1,2,4,Sanders,2,1,2
52,35,4,2,4,3.5,3.375,7,7,5.25,6,2.466666667,4,3.2,3.333333333,4,3.5,3.9,,3.2,2.75,4,0,1,Hillary Clinton,2,4,2,2,2,2,2,2,,20,20,30,30,4,13,1,1,2,20,"2,4",3,,3,2,,1,1,,,Clinton,2,1,2
59,28,4,3.5,4,3.5,3.75,6.5,6.5,6.5,5.333333333,4.266666667,4.1,2.8,3.666666667,5,2.25,3.1,,3.2,3,1,0,1,Hillary Clinton,4,3,2,2,2,2,2,2,,5,30,25,40,2,14,1,3,2,20,"2,4",3,,2,2,,1,1,2,2,Clinton,2,1,2
53,46,3,4,3,3,3.25,6.75,3,7,4,3.933333333,1.6,2.7,1,7,2,3.4,31,4.6,2.75,3,0,1,Neither,1,1,2,2,2,2,1,,,80,90,100,100,4,8,2,1,1,19,"3,5,7",3,,5,2,,1,1,2,1,neither,2,1,2
57,38,4,3.5,3.5,3,3.5,6.25,6.25,7,5.333333333,4.2,3.8,2.7,1.333333333,1,1.25,2.7,,4,2.5,4,0,1,Hillary Clinton,3,3,2,2,2,2,2,2,,30,35,20,15,3,14,1,1,2,20,"2,3,4,5,6,7",3,,1,2,,1,1,2,2,Clinton,2,1,2
69,39,4,4,2.5,3,3.375,3.5,2.75,6,1.666666667,2.266666667,3.7,2.8,1,4,4.75,4.2,42,2.2,3.25,2,0,1,,3,3,2,2,2,2,2,,,5,5,70,20,2,19,1,1,1,18,3,3,,4,2,,1,1,,,,2,1,2
48,36,3.5,3,3,3,3.125,6.75,6.25,7,3.666666667,3.533333333,3.9,2.9,3,0,1.25,3.6,32,3.8,2,3,0,1,Hilary,1,,1,1,1,1,1,,,30,30,15,25,5,7,4,1,2,20,"2,3,4,5,6",3,,1,2,,1,1,5,,Clinton,1,1,2
59,35,3.5,4,4,4,3.875,3,6,6.75,3.833333333,3.666666667,4.2,2.1,1,0,1,3.4,42,2,2.5,3,0,1,,1,1,2,2,2,2,2,2,,30,0,45,25,2,11,1,4,2,19,"2,3",3,,1,2,,1,1,,,,2,1,2
56,35,4,3.5,3.5,3.5,3.625,7,6.5,5.75,5.666666667,2.933333333,3,3,2,2,1.5,2.6,,3,2.75,4,0,1,Hillary Clinton,3,3,2,2,2,2,2,2,,75,60,85,50,4,10,2,1,2,19,"3,5,7",3,,1,2,,1,1,3,4,Clinton,2,1,2
58,32,4,3.5,3.5,4,3.75,6,6.25,3.5,3.166666667,5.2,2.9,2.7,2.5,1,3,3.2,,3.8,3.25,3.5,1,1,Hilary clinton,3,4,2,2,2,2,2,2,,25,25,25,25,4,10,3,1,2,19,"5,7",3,,1,2,,1,1,4,4,Clinton,2,7,2
69,39,4,4,3.5,3.5,3.75,7,6,4.5,4.5,3.4,3.5,2.9,1,1,3.25,4,34,3.8,3.5,4,0,1,Hilary Clinton,3,3,2,2,2,1,2,2,,25,25,25,25,4,10,1,2,2,19,"2,3,4,5",3,,2,2,,1,1,,,Clinton,1,1,2
52,41,2.5,4,3.5,3.5,3.375,7,5.75,7,4.666666667,3,3.8,3.1,2,2,3,3.9,,2.4,2.5,4.5,0,1,Hillary Clinton,4,4,2,2,2,2,2,2,,15,20,40,25,3,12,1,2,2,19,2,3,,1,2,,1,1,2,1,Clinton,2,1,2
68,49,4,3,4,3.5,3.625,6.75,7,5.25,5.333333333,3.733333333,3.6,2.9,3.666666667,2,1,2.4,,3.4,3.75,2.5,0,1,Hilary Clinton,3,3,2,2,2,2,2,,,20,35,35,10,3,11,2,1,2,19,2,3,,2,2,,1,1,2,3,Clinton,2,1,2
68,36,4,3.5,4,4,3.875,7,7,6,4.5,3.2,4.5,2.5,1,1,1,2.7,,4.4,3,3,0,1,Hilary clinton,3,3,2,2,2,2,2,,,20,20,40,20,4,14,1,1,2,19,3,3,,1,2,,1,1,2,3,Clinton,2,1,2
72,38,4,4,4,4,4,6.75,6.75,7,5.666666667,5.2,2.7,3.5,1.666666667,10,3.5,2.5,,3,3.25,4,1,1,not trump,5,5,2,2,2,2,2,2,,80,100,85,90,5,11,1,1,2,20,"2,3,4,6,7",3,,2,2,,1,1,4,,Anti-Trump,2,7,2
68,31,4,4,3.5,3.5,3.75,6,5.25,6,3.833333333,3.6,4,3,1.333333333,3,2.75,3,33,3.8,3.5,4,0,1,not trump,1,1,1,,,1,,,,5,40,30,25,2,26,1,2,2,19,"2,3,4,6",3,,2,2,,1,1,2,2,Anti-Trump,1,1,2
62,43,3,2.5,3,3,2.875,6.25,4,7,5.166666667,3.8,2.8,3.6,1,5,3.5,3.5,34,1.2,3.5,3,1,1,,3,3,2,2,2,2,2,,,0,0,100,100,1,18,1,1,2,20,2,3,,1,2,,1,1,,,,2,7,2
70,28,3.5,4,4,3.5,3.75,5.25,5,6,2.166666667,2.533333333,4.9,1.6,1,1,1.75,4,42,2.4,2,3,0,1,Hilary Clinton,2,2,2,2,2,2,2,2,,30,20,40,10,4,11,2,1,2,19,"6,7",3,,1,2,,1,1,3,3,Clinton,2,1,2
64,33,3.5,3.5,4,4,3.75,7,7,6.75,5.5,3.4,3.1,2.9,4,6,1.75,2.8,42,4.2,4.5,4.5,0,1,,4,4,2,2,2,2,2,2,,10,10,60,20,3,14,4,4,2,22,2,3,,1,2,,1,1,4,4,,2,1,2
71,36,3.5,4,3,4,3.625,6.25,5.5,7,3,3.4,2,2.9,3,0,2.25,3.7,,4,2,2.5,0,1,Hilary Clinton,3,3,2,2,2,2,2,2,,20,10,40,30,2,13,2,4,2,19,"2,3,7",3,,1,2,,1,1,,,Clinton,2,1,2
58,33,4,2.5,4,4,3.625,7,7,6.5,6.166666667,3.666666667,3.3,3.7,4,5,1,1.3,,3,3.75,4.5,1,1,,3,3,2,2,2,2,2,2,,3,2,55,40,2,12,1,1,2,20,"2,4",3,,1,2,,1,1,5,6,,2,7,2
69,37,3.5,3.5,3,4,3.5,5.75,4.25,7,5.833333333,4.733333333,3.1,2.6,2,1,1.25,2.3,,3.2,1.5,3.5,0,1,Neither,2,3,2,2,2,2,2,2,,0,0,8,6,4,9,2,1,1,19,"2,3,4,7",3,,5,2,,1,1,2,2,neither,2,1,2
59,32,4,3,2,4,3.25,6.25,6.75,7,5.666666667,3.866666667,2.7,3.2,3,3,3,2.6,,2.4,2.5,3,0,1,hilary clinton,1,5,2,2,2,2,2,2,,10,10,50,30,4,12,1,4,1,20,2,3,,1,2,,1,1,,,Clinton,2,1,2
69,40,3.5,4,3,4,3.625,5,7,3,4.833333333,2.6,3.2,2.4,1.666666667,3,2.75,4.2,,3.6,3.5,4,0,1,hilary clinton,3,3,2,2,2,2,2,2,,20,30,25,25,2,12,1,3,2,20,"2,3,6,7",3,,1,2,,1,1,,,Clinton,2,1,2
56,30,4,4,3,3,3.5,3.75,5.25,1.75,3.166666667,3.466666667,3.7,2.8,3.666666667,2,2,3.1,42,3,2,5,0,1,Donald Trump,4,4,2,2,2,2,2,2,,0,0,30,70,1,26,1,2,1,20,"2,3,4,5,6,7",3,,5,2,,1,1,,,Trump,2,1,2
59,37,4,2.5,3.5,4,3.5,6,5.75,6.5,5.5,4,3.6,2.9,1.666666667,3,1.5,2.1,,3,2.75,3,0,1,Clinton,2,4,2,2,2,2,2,2,,25,30,25,20,4,8,3,1,2,20,"3,5,7",3,,6,2,,1,1,,,Clinton,2,1,2
65,30,4,3.5,4,3.5,3.75,5.75,6.25,6.25,5,4,2.8,3,3,5,1,3,60,3,2.5,2.5,1,1,Hilary Clinton,3,3,2,2,2,2,2,1,Diabetes,5,20,70,5,2,12,3,1,1,21,7,3,,1,2,,1,1,2,1,Clinton,2,4,2
64,31,4,4,4,3.5,3.875,5.5,5.25,6.5,1.833333333,1.733333333,4.7,1.5,1,2,1,4.5,24,2.8,3,3,0,1,Hilary Clinton,3,3,2,2,2,1,2,2,,25,30,20,25,3,14,2,4,2,19,1,3,,1,2,,1,1,2,2,Clinton,2,1,2
53,37,3,4,3,3.5,3.375,5,5.5,6,3.833333333,2.333333333,2,2.8,1,2,1.5,4.4,52,2.6,1.25,2.5,0,1,"Neither of the candidates have policies which I support, but I suppose Clinton is the lesser of two evils",4,1,2,2,2,2,2,1,Arthritis,25,30,20,25,2,12,2,1,2,21,"2,3,5,6",3,,1,2,,1,1,2,,Clinton,2,1,2
73,30,3,4,3.5,3.5,3.5,5.5,4,4,2.5,3.666666667,3.3,2.3,3.666666667,6,2,4.2,,2.8,3.25,3.5,0,1,Hilarry Clinton,4,3,2,2,2,2,2,2,,30,30,30,10,2,10,1,1,2,19,3,3,,6,2,,1,1,,4,Clinton,2,1,2
71,35,3.5,4,3.5,3.5,3.625,5.75,6,5.75,3.666666667,4.933333333,3.8,2.6,1.666666667,0,1.5,3.3,,4,2.5,4.5,0,1,,4,4,2,2,2,2,2,2,,10,30,40,20,3,12,1,3,2,19,"2,4,6",3,,1,2,,1,1,2,2,,2,1,2
79,60,4,4,4,4,4,7,7,7,6,4.666666667,3.1,4,1.666666667,0,1,3,37,1,1,1,0,1,Hillary Clinton,4,4,1,2,2,2,2,2,,40,30,20,10,5,7,2,2,2,,"2,6",3,,7,1,18,0,1,2,2,Clinton,2,1,2
67,35,3.5,3.5,4,4,3.75,7,7,5,5.833333333,2.866666667,3.5,3.3,2,4,3.25,3,42,3.6,4.25,4,0,1,gary johnson,4,4,2,2,2,2,2,2,,30,35,20,15,4,10,2,1,1,,"3,5,7",3,,5,1,18,0,1,4,4,Johnson,2,1,2
65,36,4,3.5,3.5,4,3.75,5.75,5.5,4.75,4.333333333,3.066666667,2.8,3.5,3.333333333,1,1.25,2.8,44,3.8,3.25,2.5,,1,Unsure,4,3,1,2,2,1,1,2,,40,40,15,5,4,10,4,1,2,,"3,5,7",3,,4,1,18,0,1,4,5,dontknow,2,7,2
74,40,4,2.5,3.5,3,3.25,6,6.25,6,4.5,4.6,2.8,3.4,3.666666667,6,1.75,3,43,3.4,3.25,4,1,1,Hilary Clinton,5,4,2,2,2,2,2,2,,40,5,50,5,4,7,4,1,2,,2,3,,3,1,15,0,1,3,1,Clinton,2,4,2
75,33,4,4,4,4,4,5.5,7,1,7,2.333333333,3.8,3.4,7,5,4,3.8,34,1,1,1,1,1,Clinton,5,5,2,2,2,2,2,2,,0,0,50,50,1,25,1,1,1,,"2,4",3,,4,1,14,0,1,4,3,Clinton,2,4,2
78,41,4,4,4,3.5,3.875,7,3.5,2.5,4.166666667,3.666666667,3.2,3,2.666666667,4,1,2.3,42,2.4,3,3,0,1,Neither,4,4,2,2,2,2,2,2,,20,20,50,10,4,9,3,1,1,22,2,3,,3,1,22,1,1,5,6,neither,2,1,2
53,33,4,3,3,4,3.5,7,7,7,6.5,3.2,4.1,4,1,7,3,2.6,,4,4.25,5,0,1,Trump,5,5,2,2,2,2,2,2,,25,25,25,25,5,9,5,1,2,,"2,4",3,,7,1,19,0,1,6,6,Trump,2,1,2
78,32,4,4,4,4,4,5,3,3.25,3.166666667,3.266666667,3.1,2.9,3,3,1.5,3.7,66,3,1,3,1,1,Hillary,4,4,2,2,2,2,1,,,45,35,15,5,5,9,1,1,2,,"2,3,4,5,6,7",3,,1,1,21,0,1,4,3,Clinton,2,6,2
76,37,4,4,4,4,4,7,7,7,6,3.4,3.7,3.6,3,4,1.25,2.2,,3.2,3.75,3,0,1,Donald Trump,5,5,2,2,2,2,2,2,,35,35,25,5,5,7,2,1,2,,"2,3,6,7",3,,8,1,18,0,1,7,7,Trump,2,1,2
66,40,4,3,4,3.5,3.625,6,5.75,6.25,2.5,3.266666667,3.4,3.7,1,3,1.5,1.9,42,1.8,2.75,1,0,1,Hillary Clinton,4,5,2,2,2,2,2,2,,25,25,30,20,4,10,1,2,1,,"2,3,6,7",3,,3,1,19,0,1,4,3,Clinton,2,1,2
70,37,4,4,4,4,4,5.5,6,7,6.166666667,5.133333333,4.4,3.5,3,7,1,2.6,42,3,3.25,2,0,1,Trump,5,5,2,2,2,2,2,2,,50,20,10,20,5,7,2,1,2,,"2,3,4,5,6,7",3,,5,1,21,0,1,6,6,Trump,2,1,2
57,29,4,4,4,4,4,5.5,5.25,5,5,2.666666667,4.2,2.4,1,3,1.75,3.3,42,4,4,4,0,1,Trump,5,5,2,2,2,2,2,2,,30,30,25,15,5,10,5,1,2,,"2,3,4,5,7",3,,2,1,18,0,1,5,6,Trump,2,1,2
72,40,4,4,3.5,3.5,3.75,6.25,5.25,4.75,6,3.4,3.5,3.8,1,4,2.5,2.9,,3.4,4,3,0,1,Hillary Clinton,4,4,2,2,2,2,2,,,25,25,25,25,3,10,3,1,2,,"3,5,7",3,,1,1,20,0,1,4,4,Clinton,2,1,2
76,44,3,4,3.5,2,3.125,7,7,7,5.166666667,1.466666667,4.1,2.9,1.333333333,5,1.5,3.8,,3.6,2.5,4,1,1,I'm not registered to vote,3,3,2,2,2,2,2,2,,30,50,15,5,4,8,3,1,2,,2,1,4,3,1,6,0,1,,,CannotVote,2,3,2
55,36,4,4,4,4,4,3.75,7,3.75,4.333333333,2.866666667,2.8,4,6,5,2.25,2.6,,2.8,3.25,4,0,1,Gary Johnson,4,4,2,2,2,2,2,2,,25,25,30,20,3,11,4,1,2,,"2,3,4,5",3,,7,1,21,0,1,5,4,Johnson,2,1,2
76,40,4,4,4,4,4,6,6,6,4,3.066666667,4.2,2.5,1,7,2.25,3.8,42,4,4.5,5,0,1,Donald Trump,4,3,2,2,1,2,2,,,30,50,15,5,5,8,4,2,2,,1,3,,1,1,19,0,1,6,7,Trump,1,1,2
74,42,4,4,3.5,4,3.875,4.5,7,5.25,6,5.466666667,2.5,3.9,5,5,1.75,2.1,,3.8,3.5,3,,1,Hilary Clinton,4,4,2,2,2,2,2,2,,40,40,10,10,4,8,5,2,2,,2,3,,3,1,19,0,1,4,4,Clinton,2,7,2
63,35,3,3.5,4,3.5,3.5,2,2,2,1,3.933333333,3,2.7,1,1,3,4,42,1.4,1,1,0,1,None,3,2,2,2,2,2,2,2,,50,15,25,10,5,10,5,1,1,,"2,3,7",3,,7,1,19,0,1,,4,neither,2,1,2
80,37,3.5,4,3,3,3.375,4.75,2.75,6.25,4.5,2.933333333,2.6,2.5,1,1,1.5,3.4,43,2.6,2.5,2,0,1,Donald Trump,5,5,2,2,2,2,2,2,,30,30,25,15,5,8,5,1,1,,"2,4",3,,4,1,19,0,1,7,7,Trump,2,1,2
66,49,4,4,4,4,4,1.25,7,7,3.833333333,2.066666667,2.2,3.8,5.333333333,9,1.25,3.7,32,3.6,2.75,5,0,1,Odin,4,5,2,2,2,1,2,2,,35,0,50,15,4,5,2,2,1,,"2,3,4,5,6",3,,7,1,19,0,1,6,5,nonsense,1,1,2
69,35,4,2.5,4,4,3.625,4,4,4,3.166666667,4.666666667,3,3.1,3,8,1,3,34,2,2.5,2,0,1,Hilary Clinton,3,3,2,2,2,2,2,2,,25,25,25,25,3,10,2,2,1,,"2,3,7",3,,4,1,19,0,1,4,3,Clinton,2,1,2
70,35,4,3.5,4,3,3.625,7,6.5,6.5,3.666666667,4.266666667,4.1,3,3,1,2.25,2.4,34,4,4.5,5,0,1,None.,4,3,2,2,2,2,2,2,,35,25,25,15,5,10,2,4,1,,1,3,,1,1,21,0,1,5,5,neither,2,1,2
66,43,4,4,4,4,4,2.5,6.5,6,4.5,3.733333333,4.7,3.6,1,9,3.75,2.4,,1,1,3,0,1,Ted Cruz,2,5,2,2,2,2,2,,,35,30,20,15,5,7,5,1,1,,"2,3,4,5",3,,7,1,22,0,1,7,6,Cruz,2,1,2
74,34,4,4,4,4,4,6,6,6,5.333333333,2.066666667,4.1,3.4,1,4,3,3.7,,3.6,3.5,3,0,1,,4,4,2,2,2,2,2,2,,30,30,25,15,5,8,3,1,2,,2,3,,6,1,18,0,1,,,,2,1,2
67,37,3.5,3,3.5,3,3.25,6.75,5,7,6,4.533333333,4,3,2,4,1,2.3,,3.4,3.5,3.5,0,1,whoever is republican,4,4,2,2,2,2,2,2,,25,25,25,25,5,8,3,1,2,,"2,3,4,5",3,,8,1,19,0,1,6,7,Trump,2,1,2
57,38,4,4,3.5,3.5,3.75,6.25,6,6,5.333333333,4.4,3.9,3.8,3,5,2.5,3.4,,3.8,3.75,4,,1,Bernie Sanders,4,4,2,2,2,2,2,2,,30,10,40,20,3,9,2,1,2,,5,3,,7,1,19,0,1,4,3,Sanders,2,7,2
74,38,4,4,4,4,4,6.25,5.75,7,5.833333333,4.4,2.9,3.4,1,2,1,2.7,,2.4,1.5,4.5,0,1,Bernie Sanders,3,3,2,2,2,2,2,2,,35,10,35,20,4,9,2,4,2,,1,3,,4,1,18,0,1,3,3,Sanders,2,1,2
63,36,3,3,2.5,3.5,3,7,5.75,7,6.166666667,4.2,3.5,3.2,1.666666667,4,1.5,2,,2.8,2.5,4,0,1,Ted Cruz,4,5,2,2,2,2,2,2,"I must have accidentally clicked yes on the previous page, I meant to click no. My mistake",60,0,30,10,5,6,5,1,1,,"3,5",3,,2,1,20,0,1,5,4,Cruz,2,1,2
63,32,4,4,4,4,4,5.75,5,5,2.333333333,3.866666667,3.7,2.6,3.666666667,4,1,3.7,26,1.6,1.25,1,0,1,Bernie Sanders,4,3,2,2,2,1,2,,,20,0,30,50,3,11,2,1,1,,"2,4",3,,7,1,19,0,1,1,2,Sanders,2,1,2
68,34,4,3.5,3,3.5,3.5,6,6.25,5.5,5.5,3.4,3.3,3.8,1.333333333,3,1.5,2.5,50,4.2,4.25,4,0,1,Mark Rubio,4,5,2,1,2,2,2,2,,30,10,50,10,3,14,2,1,2,,"2,4,6",3,,7,1,18,0,1,5,5,Rubio,2,1,2
75,36,3.5,4,3.5,3,3.5,5.75,4.5,7,6.333333333,4.266666667,4.4,3.1,2.333333333,2,3,2.8,,2.4,2.75,3,0,1,Trump,5,5,2,2,2,2,2,2,,50,20,20,10,5,7,5,1,1,,"3,5,7",3,,5,1,21.5,0,1,6,5,Trump,2,1,2
62,32,4,3.5,3.5,3.5,3.625,5.25,6.75,7,5.833333333,4.466666667,2.2,3.3,1.666666667,4,2,2.3,53,3.2,4.75,2,0,1,Bernie Sanders,2,3,2,1,2,2,2,2,,35,0,40,25,2,20,1,3,1,,"2,3,4,5,6",3,,7,1,19,0,1,3,3,Sanders,2,1,2
60,33,4,3,4,4,3.75,6,7,7,6.666666667,4.266666667,1.9,3.4,1,4,1.5,1.6,42,2.6,4,2,0,1,Bernie Sanders,1,1,2,2,2,2,2,2,,20,0,40,40,2,21,1,3,1,,"2,3,4,5,6",3,,7,1,19,0,1,4,2,Sanders,2,1,2
67,42,4,4,4,4,4,6.5,6.75,7,7,2.933333333,1.5,3.6,1,3,1,2.2,,2.8,2,5,1,1,Bernie Sanders,1,5,2,2,2,2,2,2,,25,25,25,25,4,8,2,1,2,,"2,4",1,2,1,1,20,0,1,2,3,Sanders,2,2,2
49,36,2.5,2.5,2.5,2.5,2.5,4.25,4,4.25,1.833333333,3.2,3.1,2.4,3.333333333,9,3.5,2.5,42,2.4,3.5,3,0,1,Thomas Jefferson,4,4,2,2,2,2,2,2,,20,15,40,25,3,12,3,1,1,,"6,7",3,,1,1,19,0,1,4,3,nonsense,2,1,2
63,36,4,3.5,4,3,3.625,7,2.75,1,3.166666667,2.2,4.2,3.4,5.333333333,10,1,3.9,45,4,2.5,5,0,1,Bernie Sanders,3,3,2,2,1,2,2,2,,20,10,34,36,4,13,1,1,1,,1,3,,2,1,21,0,1,1,3,Sanders,2,1,2
78,37,4,4,4,3.5,3.875,6,3.5,4,4.5,3.666666667,3.8,2.7,1.666666667,3,2,2.6,,2.6,3,2,0,1,none,5,5,2,2,2,2,2,2,,30,30,20,20,5,9,3,1,2,,"2,3,4,5,6,7",3,,3,1,19,0,1,6,6,neither,2,1,2
68,34,4,4,4,4,4,6.5,6.75,5.5,5.166666667,2.666666667,3.9,3.3,1,1,1.75,4.1,42,3.2,4.5,4.5,0,1,Bernie Sanders,2,3,2,2,2,2,2,2,,20,10,30,40,2,14,1,2,2,,"2,3,6,7",3,,8,1,21,0,1,2,2,Sanders,2,1,2
59,37,4,4,4,4,4,4.5,1.5,1,1.166666667,3.266666667,3.7,2,2,5,3,3.7,26,2.2,4,3,1,1,Bernie Sanders,1,1,1,2,1,2,1,,,25,25,25,25,4,10,4,1,2,,"2,3,4,5,6,7",3,,6,1,18,0,1,4,3,Sanders,1,2,2
75,35,4,4,3.5,4,3.875,3.75,3.75,2.75,2.833333333,2.8,3.1,3.7,1.333333333,0,1.25,4.2,,2.2,2.5,3,0,1,bernie sanders,4,4,2,2,2,2,2,2,,20,40,20,20,4,13,3,1,1,,2,3,,1,1,19,0,1,3,3,Sanders,2,1,2
67,30,4,4,4,4,4,7,6.25,4,3.666666667,3.333333333,3.7,3.2,4.333333333,6,2.25,3.5,,3.4,3.75,3.5,0,1,John Kasich,4,3,2,2,2,2,2,2,,25,25,35,15,4,7,1,1,2,,"2,4,6",3,,1,1,19,0,1,4,5,Kasich,2,1,2
49,28,4,3.5,4,3.5,3.75,6,7,5,5.333333333,3.933333333,4.1,2.9,2.333333333,3,1.25,3.4,34,4,2.25,3.5,0,1,none,4,5,2,2,2,2,2,2,,50,25,15,10,5,9,3,1,2,,"2,3,4,5,6",3,,1,1,19,0,1,4,5,neither,2,1,2
43,39,4,4,3.5,4,3.875,5.75,6.5,5.75,4.333333333,2.266666667,3.6,3.2,2,7,3.75,3.2,39,4.2,4.25,4,0,1,n/a,5,5,2,2,2,2,1,2,,30,35,20,15,3,16,4,1,1,,"2,3,4,5,6",3,,2,1,21,0,1,4,5,na,1,1,2
63,37,4,4,4,4,4,5.5,6.25,6.5,4.833333333,3.466666667,3.4,3.4,5.666666667,5,2.5,3.7,40,4,4,3.5,0,1,Sanders,4,4,1,2,1,2,2,2,,25,30,30,15,1,14,2,1,2,,2,3,,5,1,19,0,1,3,4,Sanders,2,1,2
70,42,3.5,4,4,3,3.625,6,6,6,4.833333333,3.2,4,2.9,3.333333333,2,1,3.2,42,4,3.5,4,0,1,No one,4,4,2,2,2,2,2,2,,40,10,20,30,4,7,4,2,2,,"2,3,4,6",3,,1,1,22,0,1,4,5,neither,2,1,2
69,37,3.5,4,3,4,3.625,7,7,7,6,3.066666667,3.6,3.9,3.333333333,6,1.75,2.3,34,3.8,3.75,4,,1,Cruz,5,5,2,2,2,2,2,,,30,40,20,10,4,10,2,4,1,,1,3,,3,1,18,0,1,5,7,Cruz,2,7,2
65,35,2.5,2.5,3,4,3,4.75,5.75,6,5,4.133333333,3,3.2,1,4,3.25,2.8,34,4.2,3.75,3,0,1,Bernie Sanders,4,4,2,2,2,2,2,2,,32.5,32.5,20,15,4,8,3,1,2,,"2,4",3,,6,1,19,0,1,5,5,Sanders,2,1,2
69,32,3,3,3.5,4,3.375,5.75,4,7,4.833333333,3.666666667,3.3,3,1,2,1,1.8,42,2.6,3,3,0,1,Hillary Clinton,4,4,2,2,2,2,2,,,30,35,25,10,5,7,3,1,1,,"3,5,7",3,,7,1,19,0,1,5,6,Clinton,2,1,2
70,42,4,4,4,4,4,3.5,6.5,7,3.666666667,3.533333333,3.4,3.9,5.666666667,4,2,3.4,35,3.4,3.5,5,0,1,Bernie Sanders,5,3,2,2,1,2,2,2,,40,10,30,20,5,8,2,1,2,,"2,3,6,7",3,,7,1,20,0,1,2,1,Sanders,2,1,2
64,40,2.5,4,3.5,3.5,3.375,4.25,6,6.75,4.666666667,3.666666667,3,3.2,2,4,2,2.9,47,1.6,1.25,2.5,0,1,Trump,4,3,2,1,2,2,2,2,,30,10,50,10,4,9,2,4,1,,2,3,,8,1,20,0,1,5,5,Trump,2,1,2
65,34,4,3.5,4,4,3.875,4.75,4.25,4.75,3.166666667,4.466666667,1.8,3.9,2,3,4,2.7,33,3.4,1.75,2.5,0,1,Bernie Sanders,4,4,2,2,2,2,1,,,10,0,80,10,2,9,4,2,2,,"2,4,6",3,,3,1,21,0,1,5,3,Sanders,2,1,2
43,36,3,3,3.5,3,3.125,5,5,2,3.166666667,3.4,3,3,1,3,1.5,3,34,3.2,3,3.5,1,1,Bernie Sanders,4,3,2,2,2,2,2,,,0,0,50,50,2,14,2,2,2,,"2,7",3,,2,1,18,0,1,2,2,Sanders,2,3,2
66,35,3,4,3.5,4,3.625,4.5,3.5,6.5,2.333333333,3.133333333,4.2,2.9,4.333333333,4,1.25,4.4,,3.4,2.75,3,0,1,Sanders,4,3,2,2,2,2,2,2,,27,27,27,19,4,10,3,2,2,,"3,7",3,,2,1,18,0,1,3,3,Sanders,2,1,2
59,45,4,4,3.5,3.5,3.75,1.25,5.75,7,3.5,1.666666667,2.5,3.4,5.666666667,3,2.25,2.6,42,2.2,3.75,1,0,1,none,1,4,2,2,2,2,2,2,,15,0,60,25,3,11,5,2,2,,"2,3,4,5,6,7",3,,2,1,18,0,1,4,4,neither,2,1,2
77,37,3.5,4,3.5,4,3.75,5.5,6,6,6,3.533333333,3.1,3.9,4,4,1,2.4,52,2.2,2.75,2,0,1,not sure yet,4,3,2,1,2,1,1,2,,25,35,25,15,4,7,4,1,2,,"3,5,7",3,,7,1,19,0,1,6,6,dontknow,1,1,2
49,34,3,3,3,3,3,2.5,3.25,5,1.5,2.066666667,4.3,2.5,6,5,2,4.1,,2.6,1,1,0,1,Jill Stein,3,2,2,2,2,2,2,2,,15,15,30,40,2,8,2,2,1,,"2,4",3,,1,1,20,0,1,4,4,Stein,2,1,2
75,38,4,3.5,4,3,3.625,5.5,6.5,7,3,2.733333333,4.2,2.2,3,1,3,4,34,3,3.5,3.5,0,1,Trump,4,3,2,2,1,1,2,2,,50,25,20,5,4,8,5,2,1,,"2,3",3,,1,1,21,0,1,6,6,Trump,2,1,2
63,27,4,4,4,3.5,3.875,4.25,2.75,3.5,3.166666667,3.2,3.8,2.6,4,6,2,2.9,,2,1.5,1,0,1,Trump,1,2,2,2,2,2,2,2,,30,30,25,15,4,2,4,2,1,,2,3,,1,1,21,0,1,6,6,Trump,2,1,2
47,35,2.5,4,1.5,3,2.75,5.5,5.75,4.25,4.5,4.4,2,3.2,2,2,2,2.6,42,1.4,1,2,0,1,No good choice to be honest,1,3,2,2,2,2,2,2,,10,10,40,40,3,10,1,1,1,,"2,3,4,5,7",3,,1,1,19,0,1,4,4,neither,2,1,2
68,35,4,3.5,4,4,3.875,5.5,5.25,4,5,3.4,3.3,3.2,4.333333333,1,2,3.2,42,3.2,2.5,3.5,0,1,Clinton,5,5,2,2,1,2,2,2,,20,20,30,30,4,7,4,2,1,,"2,3,4,6",3,,1,1,20,0,1,3,3,Clinton,1,1,2
77,40,4,3,4,4,3.75,6.25,6,7,5.666666667,3.533333333,3,3.4,3.333333333,5,2.5,2,34,3.4,2,4,0,1,Sanders,4,5,2,2,2,2,2,2,,40,5,50,5,4,12,3,1,2,,"3,7",3,,2,1,18,0,1,2,4,Sanders,2,1,2
73,33,4,4,4,4,4,7,6.25,7,3,4.266666667,4.4,2.8,3,7,1.75,2.4,38,2.2,3.25,3,1,1,Neither,5,5,2,2,2,2,2,2,,22,28,30,20,4,11,3,1,1,,"3,5,7",3,,7,1,17,0,1,2,,neither,2,4,2
58,38,3,3,2.5,3,2.875,3.75,4,3.75,3.833333333,3.866666667,1.4,3.2,4,2,1.25,2,,2.2,1,1,0,1,Bernie Sanders,4,3,2,2,2,2,2,2,,0,0,60,40,1,25,1,1,1,,2,3,,5,1,18,0,1,2,3,Sanders,2,1,2
75,35,4,2.5,3,3,3.125,5.25,4.5,5.5,5.333333333,4,2.2,3.7,7,7,2.75,2.7,,1,1,1,0,1,Bernie,3,4,2,2,2,2,2,2,,35,25,20,20,4,9,1,1,1,,"2,4,6",3,,4,1,18,0,1,2,4,Sanders,2,1,2
66,33,4,4,3.5,4,3.875,7,7,7,4.666666667,2.933333333,3.8,3.3,1.666666667,5,2.5,3,70,3.4,2.5,1,1,1,Hillary,4,4,1,2,2,2,2,2,,25,25,25,25,3,9,2,2,2,,"3,7",3,,2,1,18,0,1,,2,Clinton,2,2,2
61,43,2.5,3.5,3,3.5,3.125,5.75,5.5,5.75,5,4.066666667,3,2.8,3,6,3,3.5,,4.2,2.75,2.5,1,1,clinton,4,4,2,2,2,2,2,,,10,10,50,30,4,7,3,2,2,,4,3,,2,1,20,0,1,6,1,Clinton,2,2,2
61,46,4,3.5,4,3.5,3.75,5.75,6.25,6.25,4.833333333,3.466666667,2.3,2.9,2,0,3.5,3,50,3.6,4,3.5,1,1,Hillary Clinton,3,3,1,1,2,2,2,,,35,50,10,5,4,12,4,1,1,,"2,3",3,,7,1,17,0,1,4,3,Clinton,1,2,2
65,28,3,3,3,3.5,3.125,5.25,5,4.25,4.666666667,3.333333333,3.5,3,4,10,2.5,3.1,42,3.2,4,4,0,1,Donald Trump,4,3,2,2,2,2,2,2,,40,25,20,15,4,11,4,1,1,,"2,3",3,,7,1,21,0,1,6,6,Trump,2,1,2
63,43,3.5,4,3,3.5,3.5,4.5,4,6,3.333333333,3.466666667,3.2,3.3,3.666666667,2,1.5,3.2,,1.8,2.25,2.5,1,1,Hillary,2,3,2,2,2,2,2,2,,30,0,40,30,4,9,4,1,1,,"2,4",3,,2,1,19,0,1,2,2,Clinton,2,6,2
70,36,3,4,3.5,4,3.625,2.75,6.25,6.25,1.666666667,2.066666667,4.5,2.7,1,3,5.5,4.6,34,2.4,3.25,3,0,1,None,2,4,1,2,2,1,2,2,,30,30,30,10,4,10,4,1,2,,"2,4,6",3,,7,1,21,0,1,3,2,neither,1,1,2
76,35,4,3,4,4,3.75,7,7,7,6,5.666666667,3.1,3.9,1,5,1.75,2.1,53,3.8,3.25,4,0,1,Johnston,4,5,,,1,,,,,27,27,27,19,4,9,2,1,2,,"2,3,4,5",3,,2,1,18,0,1,4,5,Johnson,2,1,2
75,38,4,3.5,4,3.5,3.75,4.5,7,7,4.5,3.4,4.8,3.1,3.666666667,3,3.5,3.5,42,5,3.5,4.5,1,1,Bernie Sanders,5,5,2,2,2,2,2,,,15,30,30,25,3,5,3,2,2,,2,3,,1,1,18,0,1,,2,Sanders,2,2,2
78,35,3.5,4,4,3,3.625,4.25,2.25,2.75,4,4,3,2.9,1.666666667,4,2.75,3.6,46,2.6,3.5,4.5,1,1,Clinton,4,4,2,2,2,2,2,,,20,30,40,10,5,9,2,2,2,,1,3,,7,1,18,0,1,2,2,Clinton,2,2,2
71,37,4,3,4,3,3.5,4.75,4.5,4.5,3.833333333,4.2,3.2,2.4,3.333333333,8,4,3,42,3.8,3.5,3,1,1,,4,4,2,2,2,2,2,2,,30,10,50,10,4,11,3,2,2,,"2,3,4,5",3,,5,1,18,0,1,4,,,2,2,2
80,36,4,3,4,3.5,3.625,7,7,7,4.833333333,3.4,2.3,3,3.333333333,0,3,3.1,42,3.6,4.5,4.5,1,1,Hilary Clinton,5,5,1,2,2,2,1,,,22,23,40,15,4,9,2,3,2,,"2,4,6",1,,2,1,18,0,1,,2,Clinton,2,2,2
50,30,3.5,4,3,4,3.625,5,5.5,5.25,5.166666667,4.266666667,4.1,2.7,4.666666667,9,1.5,3.7,,3.2,4.25,3.5,0,1,Donald Trump,4,5,2,2,2,2,2,2,,35,27,24,14,4,11,4,1,1,,1,3,,6,1,18,0,1,7,7,Trump,2,1,2
68,48,4,3,4,3.5,3.625,4.75,3.5,6,4.166666667,3.733333333,2.6,3.9,3,8,2,2.4,34,2.6,2.25,2.5,1,1,The People!,1,2,2,2,2,2,2,,,35,35,30,0,4,11,5,4,1,,1,3,,3,1,19,0,1,,,nonsense,2,2,2
74,48,4,3.5,4,4,3.875,1.25,1,1,6,4.066666667,3.7,3.3,1,4,1.25,1.5,,2,2.75,3,0,1,Bernie Sanders,4,4,2,2,2,2,2,2,,28,28,28,16,5,11,1,1,1,,"2,4",3,,7,1,18,0,1,3,3,Sanders,2,1,2
70,41,4,4,3,4,3.75,4.25,6.25,7,3.5,4.533333333,2.6,3.6,1,3,1,2.6,41,3,2.75,5,0,1,Sanders,3,4,2,2,2,1,2,2,,50,0,25,25,3,12,1,1,1,,2,3,,2,1,24,0,1,1,1,Sanders,1,1,2
59,38,4,3.5,3.5,3,3.5,4.25,2.25,3.5,2.333333333,3.266666667,3.7,2.9,5.333333333,3,2,2.4,34,3,2.25,2.5,0,1,Trump,4,3,2,2,1,1,2,2,,10,15,50,25,4,19,3,2,1,,"3,4",3,,8,1,18,0,1,4,4,Trump,1,1,2
71,37,4,4,4,4,4,6,6,6.75,3.166666667,2.866666667,4.1,2.8,2,2,1.5,3.5,54,4.4,3.5,5,1,1,Hillary Clinton,5,4,2,1,2,2,2,2,,20,15,50,15,4,12,2,1,2,,2,3,,7,1,19,0,1,2,3,Clinton,2,2,2
76,35,3,4,3,3.5,3.375,6,6.75,6.75,5,4.2,4.8,3.4,1.333333333,0,1.5,3.3,22,3,2,1.5,0,1,Trump,4,4,2,2,2,2,1,2,,30,30,30,10,5,7,2,1,2,,"3,5,7",3,,1,1,20,0,1,6,6,Trump,2,1,2
47,40,3.5,3,3,3,3.125,4.25,4.25,5,4,3.8,2.2,3.8,7,12,2.5,2.9,,1.6,2,2,1,1,,5,5,2,2,2,2,2,2,,30,30,35,5,4,11,2,2,1,,"2,3,4,5,6",3,,5,1,20,0,1,,4,,2,2,2
67,41,4,4,4,4,4,6.5,7,7,6.666666667,5.2,3.8,3.5,2.666666667,9,1.5,3.1,,4.8,5,5,0,1,Hillary Clinton,4,4,2,2,2,2,2,2,,25,25,25,25,4,10,4,2,2,,"2,4",3,,5,1,21,0,1,3,2,Clinton,2,1,2
70,34,4,4,4,4,4,7,7,7,4,5,3.5,3.6,4.666666667,6,1,1.6,,4,3.5,4,,1,Hillary Clinton,5,5,2,2,2,2,2,,,15,10,35,40,4,14,4,4,2,21,"2,3,4,5",3,,3,1,21,1,2,2,1,Clinton,2,7,2
71,34,4,3.5,3.5,3.5,3.625,5.25,4.25,6,3.833333333,3.733333333,2.3,3.5,1,1,1.5,2.6,,3,3.25,3,1,1,Hillary Clinton,5,5,2,2,2,2,2,,,0,0,50,50,3,12,2,1,2,25,"3,5,7",3,,1,1,25,1,2,4,2,Clinton,2,3,2
53,52,2,4,3,2.5,2.875,7,5.75,7,5.666666667,4.533333333,3.6,3.2,2,2,1.25,3.7,34,3,2.75,3,0,1,Clinton,3,5,2,2,2,2,1,,,20,20,40,20,4,14,1,1,1,35,1,3,,1,1,33,0,2,1,1,Clinton,2,1,2
74,43,4,4,4,4,4,5.75,4.75,6,5.333333333,2.933333333,4.5,2.8,2.666666667,2,1,3.3,40,3.2,3.25,4,0,1,Clinton,4,3,2,2,2,2,2,2,,25,15,50,10,4,10,2,1,2,21,"2,3,4,5,6,7",3,,6,1,21,1,2,2,3,Clinton,2,1,2
52,27,2.5,4,4,4,3.625,7,4.75,4.5,2.5,3.8,4.5,2.5,1,5,2,5,21,1.6,3,3,0,1,Clinton,4,2,2,2,2,1,,,,30,10,50,10,5,12,1,1,2,19,7,3,,4,1,19,1,2,1,3,Clinton,2,1,2
47,32,3.5,3,3,3,3.125,5.5,4.75,4.5,3,3.333333333,3.1,3.1,3,4,1,2.7,,2.8,2.75,3,1,1,Clinton,2,3,2,2,2,2,2,2,,30,20,30,20,4,11,5,1,2,19,"2,3,4,7",3,,1,1,1,1,2,6,6,Clinton,2,3,2
48,34,3.5,4,3.5,3.5,3.625,7,3.5,1,6.666666667,3.066666667,1.9,3.9,2,6,1,2.5,42,1.4,2.5,2,0,1,Hillary Clinton,5,5,2,2,2,2,2,2,,30,40,20,10,5,8,3,1,1,18,"2,4,6",3,,5,1,18,1,2,5,4,Clinton,2,1,2
59,35,3.5,4,3.5,4,3.75,5.25,5.75,4.5,3.666666667,2.6,4.6,2.2,2,0,1,3.4,,2.8,3.5,4,0,1,Gary Johnson,3,3,2,2,2,2,2,2,,20,10,40,30,2,19,1,1,1,18,"2,3,4,5,6,7",3,,2,1,18,1,2,5,5,Johnson,2,1,2
76,32,4,2.5,3.5,4,3.5,6.75,6.5,5.75,5.333333333,4.333333333,2.8,3,1,3,1.5,2.9,,2.6,2.75,3,0,1,Donald Trump,4,5,2,2,2,2,2,2,,33,33,22,12,4,8,1,1,2,20,"2,4,6",3,,5,1,20,1,2,6,6,Trump,2,1,2
61,39,4,2.5,4,4,3.625,7,7,4,5.5,3.333333333,3.1,3.7,2,3,1,1.9,,3,2.25,3,0,1,"Clinton, because third party votes are sometimes referred to as throwaway votes and I did not want to risk that",3,4,2,2,2,2,2,1,"Recovering from ACL surgery, so restricted from certain physical activities",25,30,15,30,3,13,3,1,2,18,"3,5",3,,1,1,18,1,2,2,3,Clinton,2,1,2
62,30,3.5,4,3,4,3.625,6,6.25,6.5,3.666666667,4.4,2.6,3,4,3,3.25,2.4,,3,4.25,2,1,1,Hillary Clinton,4,3,2,2,2,2,2,2,,25,33,33,9,4,12,2,1,1,20,"2,4,6",3,,8,1,20,1,2,4,,Clinton,2,4,2
61,39,4,4,4,4,4,7,7,6.75,5.833333333,4.133333333,3.3,3.2,1,1,1.75,2.2,,3.2,2.75,3.5,0,1,Clinton,1,3,2,2,2,2,2,2,,0,0,50,50,1,14,1,2,2,20,3,3,,7,1,20,1,2,1,1,Clinton,2,1,2
70,34,3,4,4,3.5,3.625,7,4.75,7,7,4,3.3,2.6,2.666666667,7,1.75,3.7,32,3.8,3.25,3,0,1,Neither,5,5,2,2,2,1,2,2,,10,0,60,30,4,10,2,1,2,18,1,3,,5,1,18,1,2,,,neither,2,1,2
62,40,2.5,4,4,4,3.625,3.25,1.75,1.25,3.166666667,3.6,3,2.9,1,2,1.75,3.8,22,3.4,3.75,2.5,,1,Hillary Clinton,4,1,2,2,2,1,2,2,,37,30,10,23,4,12,1,1,2,18,"3,5",3,,1,1,18,1,2,2,3,Clinton,2,7,2
66,33,4,2,3.5,3.5,3.25,6.75,6.75,7,6.333333333,2.333333333,3.2,3.5,4.666666667,3,2.25,3.3,,3.8,4,4.5,0,1,trump,4,5,2,2,2,2,2,2,,20,50,20,10,4,10,3,1,2,18,"3,4,5",1,,1,1,18,1,2,6,7,Trump,2,1,2
63,41,4,4,4,3.5,3.875,5.75,6.75,7,5.666666667,3.4,3.2,3.5,2,3,1.5,3.1,,4.4,3,4.5,1,1,Gary Johnson,2,4,2,2,2,2,2,,,20,20,30,30,4,9,1,1,1,21,"2,3,6",3,,7,1,21,1,2,3,,Johnson,2,6,2
59,37,4,3.5,4,4,3.875,6.25,6.25,6.25,4.833333333,3.733333333,4.3,2.6,4.333333333,3,1.25,3.8,42,3.8,3.75,4.5,,1,Hillary Clinton,4,3,2,2,2,1,1,,,20,25,25,30,5,16,2,1,2,19,1,3,,6,1,19,1,2,2,3,Clinton,1,7,2
76,41,4,4,4,4,4,6,5.25,6,4.333333333,4.266666667,3.6,3.5,2,1,1.5,2.7,42,2,3.25,4,1,1,,1,1,2,2,2,2,2,2,,15,40,25,20,4,11,2,2,2,18,"3,5,7",3,,2,1,18,1,2,2,2,,2,6,2
46,33,4,4,4,3,3.75,5,7,7,4.833333333,3.666666667,3.6,3.1,2,4,2,3.1,42,2.8,3.25,3,,1,Hillary Clinton,2,3,2,2,2,2,2,2,,40,0,20,40,5,10,2,2,2,20,1,3,,1,1,20,1,2,2,2,Clinton,2,7,2
51,37,4,3.5,3,3.5,3.5,6,6.25,4,5.833333333,3.666666667,3.2,2.9,1.666666667,3,1.75,2.7,,4.2,2.5,4,0,1,Hillary Clinton,4,4,2,2,2,2,2,2,,25,30,30,15,4,10,2,2,2,18,"2,4,6",3,,8,1,18,1,2,2,1,Clinton,2,1,2
53,34,4,3,4,3.5,3.625,5.75,5.75,5.75,4.333333333,4.533333333,3.4,3,2,3,1.75,2.4,,3.6,3,3,0,1,Clinton,2,3,2,2,2,2,2,2,,40,30,15,15,4,9,2,1,1,18,1,3,,8,1,18,1,2,4,4,Clinton,2,1,2
73,35,3.5,3,3.5,3.5,3.375,6.75,6.25,6.25,4.833333333,4.666666667,3,3,3.333333333,3,1,3,,2.8,1.75,2,1,1,Hillary Clinton,2,3,2,2,2,2,2,2,,5,0,75,20,2,16,3,1,2,19,1,3,,3,1,11,1,2,2,3,Clinton,2,4,2
52,33,3.5,3,4,4,3.625,4.5,6.25,6.75,4,3.733333333,3.9,3,3,8,1.5,2.5,,2.6,2.75,2,,1,Hillary Clinton,2,3,2,2,2,2,2,2,,15,0,45,40,3,14,2,1,1,19,3,3,,1,1,19,1,2,2,2,Clinton,2,7,2
57,35,4,4,4,4,4,5.5,5.5,5.75,5.166666667,3.4,3.6,2.9,2.333333333,1,1,3.2,,3.4,3,3,0,1,Hillary Clinton,4,4,2,2,2,2,2,2,,30,35,25,10,3,12,3,4,2,18,1,3,,2,1,18,1,2,3,3,Clinton,2,1,2
73,37,4,4,3,4,3.75,6.5,5.75,5.75,4.166666667,2.866666667,4.5,3.1,1.333333333,7,1.5,3.7,31,2.2,2,3.5,,1,Hillary Clinton,4,5,,,,1,,,,30,25,30,15,4,14,2,1,2,18,1,3,,7,1,18,1,2,2,2,Clinton,1,8,2
67,34,4,4,3.5,3.5,3.75,5.5,4.5,5.75,4.166666667,3.066666667,3.9,2.7,3.666666667,6,2,3.2,,3,3,3.5,1,1,Bernie Sanders,2,2,2,2,2,2,2,2,,25,30,30,15,4,14,2,1,2,18,"2,3,7",3,,8,1,18,1,2,2,2,Sanders,2,3,2
76,37,4,4,3.5,3.5,3.75,6.5,7,6,3.166666667,3.266666667,4.4,3.6,1,0,1,2.7,43,2.8,2.75,2.5,1,1,Hillary Clinton,5,5,2,2,1,2,2,2,,100,100,100,65,5,8,1,1,2,19,"2,3,4,5",3,,3,1,16,1,2,2,1,Clinton,2,3,2
65,37,4,4,4,4,4,6,6,5.75,5.333333333,2.333333333,4.3,3,2.333333333,5,1.75,3,,3.4,2.25,2,0,1,Hillary Clinton,2,2,2,2,2,2,2,2,,20,25,30,25,3,12,2,1,2,19,"3,5,7",3,,4,1,19,1,2,1,1,Clinton,2,1,2
61,39,3.5,3.5,2.5,3.5,3.25,6.5,5.75,5,4.833333333,4.2,3.6,3.5,3,4,1.75,2.8,44,2.2,2.75,3.5,,1,Hillary Clinton,4,4,2,2,2,2,2,1,developmental (Asperser's Syndrome),25,30,25,20,4,14,2,2,1,20,"2,4",3,,1,1,20,1,2,2,2,Clinton,1,7,2
38,28,4,4,4,4,4,6.25,4.75,5,5.666666667,3.333333333,2.6,3,2,0,2.5,2.9,,2,2.5,3,0,1,,2,3,2,2,2,2,2,2,,25,25,25,25,4,12,3,1,1,21,"3,7",3,,1,1,21,1,2,,,,2,1,2
42,32,4,4,4,4,4,5.5,6.75,5.5,5,4,3.1,3,2,4,2.75,3.6,,2,3,4,,1,Hillary Clinton,1,4,2,2,2,2,2,2,,30,35,20,15,4,11,1,2,2,19,"2,3,4,5",3,,7,1,19,1,2,2,1,Clinton,2,7,2
66,29,3,2.5,3,3,2.875,5.5,7,7,5.333333333,3.066666667,3.8,2.6,1,3,2.5,2.2,,3.4,4,4.5,,1,clinton,5,5,2,2,2,2,2,2,,30,30,30,10,4,12,2,1,1,20,2,3,,8,1,20,1,2,4,3,Clinton,2,7,2
57,35,2.5,4,2,3,2.875,6.25,5,2.75,4.333333333,1.866666667,2.6,2.8,4.333333333,2,1,3.1,47,1.4,1,1,1,1,Hillary,3,3,2,2,1,1,2,,,0,0,40,60,2,10,1,1,1,22,"2,4",3,,1,1,22,1,2,3,2,Clinton,1,4,2
71,35,4,2.5,4,4,3.625,7,4.75,6.75,6.666666667,3.533333333,3.7,3,1,4,1.25,2.1,,1.8,2.75,3,0,1,Bernie Sanders,4,5,2,2,2,2,2,,,25,25,25,25,3,11,1,2,1,18,"3,5",3,,7,1,18,1,2,3,3,Sanders,2,1,2
67,36,4,3.5,4,4,3.875,3,7,7,5.166666667,3.2,3.6,2.8,4.666666667,6,2.5,3.3,,2.4,2.25,3.5,1,1,Hillary Clinton,4,3,2,2,2,2,2,2,,25,10,50,15,2,12,2,1,2,18,"2,3,4,5,6,7",3,,6,1,18,1,2,3,2,Clinton,2,3,2
44,33,4,3,3.5,4,3.625,5.5,5.75,4.5,3.5,2.6,3.6,2.5,2.333333333,3,1.5,3.3,38,2.8,2.25,3,1,1,Hillary Clinton,3,2,2,1,2,2,2,,,20,10,40,30,3,15,1,2,2,18,"2,3,4,5,6",3,,8,1,17,1,2,3,,Clinton,2,4,2
57,33,3.5,3,2.5,3.5,3.125,4.75,6.25,6.5,4.166666667,3.4,2.8,2.7,1.666666667,1,2.25,2.8,47,3.8,3.25,3.5,0,1,Clinton,1,4,1,1,2,1,2,,,10,15,40,35,3,14,4,1,2,18,1,3,,5,1,18,1,2,1,2,Clinton,2,1,2
68,37,4,2.5,3.5,3.5,3.375,6,5.75,5.75,4.666666667,4.066666667,3.4,3.2,1.333333333,4,1.75,2.6,42,3.8,3.25,2.5,0,1,Hillary Clinton,2,3,2,2,2,2,2,2,,40,15,40,5,3,10,2,1,2,18,"2,3,4,5,6",3,,6,1,18,1,2,2,2,Clinton,2,1,2
65,37,3.5,4,3,2.5,3.25,4.5,5,5.25,3,3.866666667,3.1,3.2,4,8,1.5,3.4,41,4,2.25,4.5,1,1,I don't have the riht to vote.,3,3,,1,,,,,,30,12,20,38,2,12,3,1,1,20,3,3,,4,1,1,1,2,,,CannotVote,2,4,2
66,35,3.5,4,3,3,3.375,5.25,6,6,4.666666667,3.8,4,3.1,2.666666667,5,5.75,3.5,42,3.6,3.75,5,,1,Clinton,3,2,,1,1,,,,,25,25,30,20,3,8,1,1,2,18,5,3,,3,1,18,1,2,2,1,Clinton,1,7,2
65,32,3,4,3,3.5,3.375,4.75,5.25,2.5,3.333333333,2.333333333,2.5,2.7,1.666666667,1,2.75,2.8,58,3.4,2.5,4,0,1,Bernie Sanders all the way. Bernie Sanders 2020.,2,3,2,2,2,2,1,2,,30,20,20,30,5,8,2,1,1,18,"2,3",3,,3,1,18,1,2,2,2,Sanders,2,1,2
56,32,4,4,4,4,4,2.25,6.5,4.75,2.166666667,4.266666667,3.2,3.1,1,3,2.25,3.5,,3.8,3.25,3,,1,Hillary Clinton,2,3,2,2,2,2,2,2,,30,30,30,10,5,15,1,2,2,18,"2,4,6",3,,4,1,18,1,2,2,1,Clinton,2,7,2
47,34,4,3.5,4,4,3.875,2.5,5.5,4.5,2.833333333,3.866666667,3.6,3.2,1,5,3.25,3.2,27,3.2,3.5,2.5,,1,"None of them, I'm an anarchist.",1,2,2,2,2,1,2,2,,20,20,20,40,3,19,1,1,2,18,"2,4",3,,8,1,18,1,2,1,,neither,1,7,2
70,38,3,3,3.5,4,3.375,2.75,4.75,2.5,3.333333333,4.266666667,3.5,2.9,1.333333333,2,1,2.7,,3,2.75,2,1,1,Clinton,4,4,2,2,2,2,2,2,,35,25,25,15,5,12,3,2,2,19,"2,4,6",3,,5,1,19,1,2,3,3,Clinton,2,4,2
70,39,4,3,4,4,3.75,7,5.75,6.5,6,4.6,2.5,3.5,2.333333333,3,3,2.8,49,3.2,4,4,0,1,Donald J. Trump,5,5,2,1,2,2,2,,,15,20,45,20,4,11,4,1,1,22,1,3,,2,1,22,1,2,6,5,Trump,2,1,2
65,33,3.5,3,3,3.5,3.25,7,5.25,2.25,4.5,4.133333333,1.8,3.5,4,4,5.5,3.6,,2.8,3.25,3,0,1,Trump,5,5,2,2,2,2,2,,,50,10,20,20,4,9,4,1,2,18,"3,5",3,,4,1,18,1,2,6,6,Trump,2,1,2
65,34,4,3.5,3,4,3.625,5.5,5.25,1,5,4.333333333,3.8,2.7,1,1,1,2.1,46,2.6,2.75,4,1,1,Clinton,3,5,,,1,1,,,,3,75,20,2,2,14,1,1,2,18,"2,4,6",3,,7,1,18,1,2,2,1,Clinton,2,2,2
77,38,4,3.5,3.5,4,3.75,6.25,6.75,6.75,5.5,4.2,3.2,3.1,1,2,2,3,47,3.4,4.5,5,0,1,Jill Stein,2,3,2,2,2,1,2,2,,25,25,30,20,4,10,1,2,1,18,"2,4,6",3,,2,1,18,1,2,1,3,Stein,2,1,2
54,40,4,4,4,4,4,5,5.5,2,5.666666667,2.933333333,2.8,4,1.666666667,2,1.75,2.3,,3.8,4,4,0,1,Secretary Clinton,1,1,2,2,2,2,2,2,,0,0,50,50,1,16,1,1,2,21,"2,3,4,5,6",3,,6,1,21,1,2,1,1,Clinton,2,1,2
69,34,3,3.5,2.5,3,3,6.5,5.75,6,5,4.533333333,3.4,2.9,1,1,1,2.6,,3.4,2.75,3.5,1,1,Hillary Clinton,1,1,2,2,2,2,2,2,,5,40,40,15,3,26,3,1,2,19,"3,5,7",3,,1,1,19,1,2,3,2,Clinton,2,4,2
45,32,4,4,4,3.5,3.875,5.5,4.25,5,3.333333333,3.6,4.1,2.4,2.333333333,4,1.25,3.8,27,1.6,2.5,2.5,0,1,Hillary Clinton,4,3,2,2,2,1,2,,,20,25,25,30,3,10,2,1,2,18,"3,5,7",3,,7,1,18,1,2,2,3,Clinton,2,1,2
59,33,3.5,3,3.5,4,3.5,4.25,5.25,4.75,5.166666667,3.333333333,3.9,2.9,1,3,1,2.9,,4,3,3,0,1,Hillary Clinton,3,3,2,2,2,2,2,,,10,10,35,45,3,14,1,1,2,19,1,3,,8,1,19,1,2,2,1,Clinton,2,1,2
64,34,4,3.5,3.5,4,3.75,5.5,7,7,4.5,3.933333333,3.1,3.1,3,3,1,2.9,,3.4,4,4,,1,Hilary Clinton,2,2,2,2,2,2,2,2,,15,40,30,15,2,14,2,4,2,21,"2,3",3,,4,1,21,1,2,3,3,Clinton,2,8,2
43,35,3.5,3.5,3.5,4,3.625,5.25,3.75,4.75,2.5,4.4,2.9,2.4,2,3,2.25,3.6,32,2,2.25,3,0,1,Clinton but preferred Sanders,1,1,2,2,2,1,2,,,0,0,50,50,2,26,1,1,2,18,"3,5",3,,1,1,10,1,2,2,2,Sanders-Clinton,2,1,2
66,29,3.5,4,4,4,3.875,6.5,7,7,3.333333333,3.466666667,4.3,2.8,2,6,1.25,3.8,,3.6,3,3,0,1,Clinton,2,3,2,2,2,2,2,2,,30,40,20,10,4,13,1,1,2,18,3,3,,7,1,18,1,2,1,1,Clinton,2,1,2
59,40,3,3.5,3.5,4,3.5,4,6,7,5.5,3.466666667,2.9,3.2,1.333333333,2,1.5,2.9,47,3,2.25,2,,1,Hillary Clinton,3,4,1,1,2,2,2,2,,35,25,25,15,4,16,1,1,2,18,"2,3,4,5",3,,1,1,18,1,2,2,2,Clinton,2,7,2
51,30,4,4,3,4,3.75,3.25,6.5,5.5,3.333333333,2.933333333,3.8,3,3.666666667,1,1.5,3.8,42,2.4,5,5,0,1,"Bernie Sanders, then Hillary Clinton",1,1,2,2,2,2,2,2,,30,0,40,30,3,14,2,2,2,19,"3,5,7",3,,7,1,19,1,2,2,2,Sanders-Clinton,2,1,2
78,40,4,3,4,4,3.75,7,7,7,5.5,4.6,3.3,3.9,1,1,2.25,2.5,42,3,3,3,,1,Hillary Clinton,4,4,2,2,2,2,2,2,,25,25,25,25,5,10,2,1,3,18,"3,5,7",3,,1,1,18,1,2,2,3,Clinton,2,7,2
47,38,3.5,3.5,4,3.5,3.625,4.75,6.25,7,3,3.533333333,3.8,2.8,3.333333333,2,1.75,3.6,27,1.8,2.75,2.5,0,1,Hillary,3,3,2,2,2,1,2,2,,30,5,30,35,4,8,1,2,2,18,"2,4,6",3,,1,1,18,1,2,2,1,Clinton,2,1,2
71,38,3,4,4,3.5,3.625,4.25,5.5,5,2.833333333,2.8,3.8,3.2,1,5,1,3.3,,2.8,2.75,4,0,1,Hillary Clinton,1,3,2,2,2,2,2,,,25,25,40,10,4,14,1,2,2,20,"2,3,5",3,,3,1,20,1,2,2,1,Clinton,2,1,2
72,36,4,3,4,4,3.75,7,6.25,5,6.166666667,4,2.8,3.6,1,2,1,2.4,,3.4,3.25,2.5,0,1,Neither,4,5,2,2,2,2,2,2,,30,30,25,15,4,11,2,1,2,21,"3,5,7",3,,6,1,21,1,2,5,5,neither,2,1,2
68,40,3,3.5,3,3,3.125,6,7,7,4.333333333,3.733333333,3.5,3.1,1,2,1.25,3.1,42,3.6,2.75,3,0,1,Hillary Clinton,2,3,2,2,2,2,2,,,2,18,50,30,2,14,1,1,2,20,"3,5,7",3,,7,1,20,1,2,1,1,Clinton,2,1,2
69,36,4,3,4,4,3.75,6.75,7,5.75,5.833333333,4.066666667,3.4,3.9,2,7,2,2.4,48,3.6,4.5,3.5,0,1,Clinton,4,4,2,2,1,2,2,2,,90,100,100,100,4,11,2,1,2,19,"3,5",3,,1,1,19,1,2,2,2,Clinton,2,1,2
69,40,4,4,4,4,4,5.25,4.75,6,7,3.4,3,3.3,1,4,1.25,3,43,3,1.75,3,1,1,Hillary Clinton,4,5,2,2,2,2,2,2,,30,40,25,5,4,9,2,1,2,20,"3,5",3,,2,1,20,1,2,2,2,Clinton,2,3,2
63,51,4,4,3,4,3.75,7,7,7,4,3.666666667,3.2,3,4.666666667,6,1.75,2.8,42,3.4,4,3.5,,1,Hillary Clinton,4,4,2,2,1,2,2,2,,40,30,20,10,4,9,3,1,1,21,"3,5,7",3,,2,1,21,1,2,4,5,Clinton,2,7,2
66,39,4,4,4,4,4,7,5.75,7,6,3.6,4,3.1,1,2,2,2.9,49,3.2,3.75,4,0,1,Donald Trump,4,5,1,1,2,2,2,2,,30,30,30,10,5,10,3,3,2,18,"2,4,6",3,,1,1,18,1,2,6,7,Trump,1,1,2
58,35,4,4,3.5,3.5,3.75,2.25,6,6,1.833333333,3.8,4.7,2.3,1,3,2,4.5,19,3.2,3.25,3.5,0,1,Clinton,2,3,,,,1,,,,30,0,50,20,4,9,3,2,2,18,1,3,,8,1,18,1,2,2,1,Clinton,1,1,2
62,34,4,3.5,3,2.5,3.25,7,3.75,7,4.666666667,4,4.4,2.5,1,3,1,3.2,33,2.2,3,4,0,1,Gary Johnson,3,4,,,,1,,,,15,30,40,15,4,15,2,1,2,19,"2,3,4,5",3,,1,1,19,1,2,4,4,Johnson,1,1,2
60,39,3,4,3.5,4,3.625,5.75,4,7,4,4.2,3.4,2.4,1,1,1.5,3.6,43,3.4,2.75,3,0,1,Evan McMullin,3,3,2,2,2,1,2,2,,35,35,10,20,5,5,4,1,2,18,"2,3,4,5,6,7",3,,6,1,18,1,2,4,5,McMillan,2,1,2
59,36,4,4,4,4,4,6,6.5,7,6.5,3.266666667,3.8,3.8,1,7,1.75,2.8,,3.8,4.5,5,0,1,Hillary Clinton,2,5,2,2,2,2,2,2,,0,0,60,40,1,11,1,1,2,18,"2,3,4,5",3,,8,1,18,1,2,2,2,Clinton,2,1,2
42,25,4,3,2.5,3.5,3.25,7,6,7,4.5,2.933333333,3.9,3,1.666666667,4,1.25,3.5,,1,1,1,0,1,Hillary Clinton,4,4,2,2,2,2,2,2,,35,35,20,10,5,7,4,1,1,18,"3,5",3,,7,1,18,1,2,4,2,Clinton,2,1,2
46,30,4,3,4,4,3.75,6,6,6.5,4.166666667,3.8,3.7,2.9,2,1,1.25,2.7,42,3.6,3,4,0,1,Hillary Clinton,2,3,2,2,2,2,2,2,,10,40,30,20,2,17,1,1,2,21,"2,4,6",3,,3,1,21,1,2,1,1,Clinton,2,1,2
51,32,3.5,3.5,4,3.5,3.625,6.25,5.75,6.25,5,4.066666667,4.3,3.1,1.333333333,3,1.75,2.7,,2.6,3,5,0,1,Hillary Clinton!,2,3,2,2,2,2,2,2,,30,40,20,10,4,11,2,1,2,20,1,3,,1,1,20,1,2,1,1,Clinton,2,1,2
68,39,3.5,2.5,3.5,3.5,3.25,5.5,6,6.5,4.666666667,4.866666667,2.6,3.3,1,5,1.25,2.2,44,2,2,2,0,1,Neither,4,5,2,2,2,2,2,2,,35,35,10,20,5,8,3,1,2,19,"2,4",3,,7,1,19,1,2,6,5,neither,2,1,2
78,35,4,4,4,4,4,7,7,4,3.166666667,2.066666667,4.4,3.4,1,4,2,3.3,34,4.4,5,5,0,1,Clinton,5,4,2,2,2,2,2,2,,30,30,20,20,4,8,2,1,2,19,1,3,,6,1,19,1,2,2,2,Clinton,2,1,2
66,26,3,3,3,3,3,3.25,3,3,3.166666667,3.2,3.4,2.1,2,4,2,4.2,32,2,2,2,1,1,hillary,3,3,2,2,2,1,2,,,30,20,20,30,3,9,1,1,2,19,5,3,,1,1,19,1,2,,,Clinton,2,4,2
68,36,4,4,4,4,4,7,7,7,5.666666667,4.066666667,3.8,2.9,1.666666667,0,1,2.7,,2,1.25,4,0,1,Hillary Clinton,1,1,2,2,2,2,2,2,,25,25,25,25,4,11,1,1,2,19,"3,5",3,,1,1,19,1,2,1,1,Clinton,2,1,2
58,31,3.5,3,3,3.5,3.25,5.75,6,2.75,5,3.933333333,4,3,3.333333333,1,1,3,45,2.4,1.25,2.5,,1,I didn't support any candidate.,4,3,,1,,,,,,27,30,28,15,3,12,3,1,1,18,"2,3,6,7",3,,5,1,18,1,2,4,,neither,2,7,2
72,35,3.5,3.5,4,3.5,3.625,5.75,6.5,1,4.833333333,3.866666667,4,3.3,3.666666667,8,1.25,3.7,,4.4,4.5,3,1,1,Hilary Clinton,4,3,2,2,2,2,2,,,5,5,60,30,3,10,4,1,2,18,"2,4",3,,1,1,18,1,2,,,Clinton,2,4,2
66,37,4,4,4,4,4,7,7,7,6.166666667,4.466666667,3.2,3.9,1,3,2,2.7,,2.4,2,2,0,1,Clinton,1,2,2,2,2,2,2,2,,0,0,50,50,1,14,1,1,2,20,3,3,,7,1,20,1,2,1,1,Clinton,2,1,2
75,38,3.5,4,4,4,3.875,4.5,7,7,3.833333333,3.666666667,2.8,2.6,1,1,1.25,3.2,42,2.6,3,3,0,1,Hillary Clinton,4,3,2,2,2,2,2,2,,25,25,30,20,4,10,2,2,2,18,"2,3,4,5",3,,3,1,18,1,2,2,3,Clinton,2,1,2
54,34,4,4,3,4,3.75,6.25,6.5,6.5,6.833333333,4.533333333,3,3.7,4,9,1,3.5,,1.8,3.75,3.5,0,1,I didn't vote,5,4,2,2,2,2,2,2,,40,20,20,20,4,11,4,1,1,22,"2,4",3,,2,1,22,1,2,6,7,notvote,2,1,2
65,36,4,4,4,3.5,3.875,3.75,6.75,7,3.666666667,2.666666667,4,3,2.333333333,1,2,3.9,47,2.8,3.5,4,0,1,Hillary Clinton,4,3,2,2,2,1,2,2,,30,30,20,20,4,9,3,2,2,20,"2,3,4,5",3,,7,1,20,1,2,2,2,Clinton,2,1,2
69,38,4,4,4,4,4,5.75,7,6,4.333333333,3.4,3.4,2.9,1,2,1,2.8,,2,2.75,2.5,1,1,Hillary Clinton,4,5,2,2,2,2,2,2,,20,30,30,20,3,9,1,1,2,19,"2,4,5,6,7",3,,4,1,16,1,2,2,3,Clinton,2,3,2
77,56,3.5,4,3.5,4,3.75,5,5.5,3,2.833333333,3.133333333,2.8,3.4,1,1,1,3.3,,2.8,3.5,3,1,1,Hilary Clinton,4,4,2,2,2,2,2,2,,40,30,20,10,5,8,2,1,1,18,2,3,,1,1,18,1,2,4,2,Clinton,2,4,2
72,35,3,4,3,3.5,3.375,5,3.75,2.5,3.166666667,2.4,3.7,3,1,2,2,3.1,,3.8,2,3.5,,1,Hillary Clinton,3,3,2,2,2,2,2,2,,30,20,30,20,4,9,3,1,2,18,"2,4",3,,1,1,18,1,2,2,1,Clinton,2,7,2
48,33,4,3.5,3.5,3.5,3.625,7,7,7,5,4.533333333,2.9,2.7,1,3,1.5,2.7,,3.6,2.25,2.5,0,1,Hillary Clinton,4,3,2,2,2,2,2,2,,40,40,10,10,4,12,4,1,1,18,"3,5,7",3,,1,1,18,1,2,3,2,Clinton,2,1,2
60,32,3.5,4,3,4,3.625,6,6,6.75,3.166666667,2.733333333,3.8,2.8,4,3,1.25,4.3,30,3.8,2,4,,1,No one,3,3,2,2,1,2,2,2,,100,100,100,100,5,26,1,1,2,19,"2,3,4,5,6,7",3,,8,1,19,1,2,4,5,neither,1,7,2
52,34,3,3.5,3.5,4,3.5,6.5,4.75,5.5,5.166666667,3.8,2.6,2.9,3.666666667,8,1.75,1.9,34,2.8,4,4.5,0,1,Donald Trump,4,4,2,2,2,2,2,2,,20,10,60,10,4,8,5,1,1,19,4,3,,1,1,19,1,2,6,7,Trump,2,1,2
57,30,3,4,4,4,3.75,6.5,5,4,4.5,3.733333333,2.3,2.5,3,2,1.25,2.7,42,2.2,1.25,3.5,1,1,Hillary Clinton,2,2,2,2,2,2,2,,,10,30,30,30,3,10,2,1,2,18,"5,7",3,,1,1,18,1,2,2,2,Clinton,2,2,2
59,40,4,4,4,4,4,4.25,5.25,7,5.166666667,4.8,3.1,3.1,2,4,1.5,3.6,64,3.6,3,5,1,1,Hillary Clinton,2,4,2,2,2,1,2,2,,30,20,20,30,4,13,2,1,2,19,"2,3,4,5,6,7",3,,4,1,19,1,2,1,3,Clinton,2,6,2
72,36,3.5,4,3.5,3,3.5,6.25,6.25,7,5.166666667,3.866666667,4.7,2.7,1,1,1.25,3.3,53,3,2,4.5,,1,Hillary,4,4,2,2,1,1,2,2,,36,36,14,14,5,11,1,2,1,21,"1,2",3,,6,1,21,1,2,1,1,Clinton,1,7,2
64,38,4,4,4,4,4,6.25,6.75,7,5.166666667,4.2,3.1,3.3,2.333333333,6,1.25,2.8,,3.6,2.5,4,0,1,"not trump, thats for sure",1,4,2,2,2,2,2,2,,30,25,25,20,4,10,3,3,2,18,2,3,,4,1,18,1,2,4,3,Anti-Trump,2,1,2
57,36,4,4,4,3.5,3.875,6.75,5.5,7,5.833333333,2.266666667,3.7,3.1,1,1,1,2.7,,3.8,3.25,3,0,1,Clinton,1,3,2,2,2,2,2,2,,5,5,50,40,2,11,1,2,2,19,2,3,,1,1,19,1,2,2,2,Clinton,2,1,2
63,40,4,4,4,4,4,7,7,7,3.333333333,1.733333333,4.4,3.5,1,4,3,4,34,4.8,4.5,5,0,1,Gary Johnson,5,5,2,2,2,2,2,2,,30,0,40,30,5,26,1,2,1,18,1,3,,6,1,19,1,2,4,5,Johnson,2,1,2
57,36,3,3.5,4,4,3.625,7,5.75,6.25,2.833333333,3.6,4.2,2.8,1,2,1.25,3.8,,3.6,2.25,3.5,0,1,"Bernie Sanders in primary, Hillary Clinton in general",3,3,2,2,2,2,2,2,,20,25,35,20,4,7,3,1,2,19,1,3,,5,1,19,1,2,3,2,Sanders-Clinton,2,1,2
68,36,4,3.5,4,4,3.875,5,6,2.75,5.833333333,4.933333333,4.2,3.6,1.333333333,6,2.25,3.1,,4,4.25,4,0,1,Hillary Clinton,4,4,2,2,2,2,2,2,,50,25,15,10,4,12,2,1,2,18,"2,4,6",3,,7,1,18,1,2,2,2,Clinton,2,1,2
56,32,4,4,4,3.5,3.875,5.75,5.5,6,4.666666667,3.866666667,3.8,2.4,2.333333333,6,1.5,4,43,3.4,3,3,0,1,Hillary Clinton,4,4,2,2,1,1,2,1,Slow Processing Speed,22,18,35,25,4,13,2,2,1,18,"2,3,6,7",3,,1,1,18,1,2,2,2,Clinton,1,1,2
72,46,3.5,4,3.5,4,3.75,6,4,6.75,3.5,4.333333333,3.6,3,1,0,2,3.2,,3.8,4.5,4,,1,Hillary Clinton,3,3,2,2,2,2,2,2,,25,30,25,20,3,9,2,4,2,19,"1,3",3,,1,1,19,1,2,2,2,Clinton,2,7,2
74,38,4,4,3.5,4,3.875,7,5.75,6.75,6.166666667,4.066666667,3.5,2.9,3,8,3.25,2.9,,2.8,2,3,1,1,Clinton,2,3,2,2,2,2,2,,,20,20,40,20,4,4,1,2,2,20,1,3,,2,2,,1,2,3,,Clinton,2,3,2
73,36,4,4,3.5,3.5,3.75,5.5,5.75,6.75,4.333333333,2,4.3,3.2,4.666666667,10,4.5,3.6,38,4.2,4.5,5,1,1,Trump,4,3,2,2,2,2,2,,,30,30,20,20,5,8,4,1,2,18,1,3,,8,1,18,1,2,4,5,Trump,2,4,2
70,36,4,4,4,4,4,6,7,7,6.333333333,4.6,3.8,3.4,2,5,1,2.6,34,2.8,3,3,0,1,,5,5,2,2,2,2,2,2,,10,10,50,30,4,12,1,1,2,18,3,3,,1,1,18,1,2,5,5,,2,1,2
60,34,4,3,4,3.5,3.625,6.75,6.25,5,3,4.133333333,3.7,2.9,1.666666667,2,1,3.5,,2.8,3,2,0,1,Hillary Clinton,3,4,2,2,2,2,2,2,,20,10,40,30,3,10,1,1,2,19,1,3,,1,1,19,1,2,4,,Clinton,2,1,2
73,30,4,4,4,4,4,5,6,5.75,4.5,2.666666667,3.2,3,1.666666667,1,2.5,3.6,,3.8,3.75,4,0,1,Hillary Clinton,4,4,2,2,2,2,2,2,,10,40,30,20,3,11,2,1,2,18,2,3,,8,1,18,1,2,3,2,Clinton,2,1,2
61,38,4,3.5,3.5,4,3.75,7,7,3.75,5.666666667,4.866666667,3.2,3.7,3.666666667,4,1.5,2.3,,2.6,4.25,4,1,1,Bernie Sanders,2,3,2,2,2,2,2,2,,30,30,30,10,4,9,1,4,1,21,"3,5",3,,4,1,21,1,2,3,2,Sanders,2,3,2
76,52,3.5,3,3,4,3.375,6.25,6,7,4.833333333,5.666666667,2.9,3.7,2,6,1,2.9,,2.8,2.75,4.5,,1,Clinton,1,2,2,2,2,2,2,2,,35,40,15,10,4,12,1,2,1,18,1,3,,2,1,18,1,2,2,1,Clinton,2,7,2
51,36,4,4,4,4,4,6,5.75,6,6.666666667,3.733333333,3.5,3.6,2.333333333,6,1.75,2.6,34,3,4.25,2.5,,1,Hillary Clinton,3,3,2,2,2,2,2,2,,0,0,20,80,5,9,1,1,1,19,"2,4,6",3,,7,1,19,1,2,2,2,Clinton,2,7,2
62,31,4,3.5,3.5,4,3.75,6.5,4.75,5.25,3,3.733333333,4.2,2.1,1.666666667,1,1,3,27,2,2.5,3,0,1,Hillary Clinton,4,4,2,2,2,1,2,2,,35,25,25,15,4,14,3,1,1,19,"2,4",3,,6,1,19,1,2,2,2,Clinton,2,1,2
73,36,4,4,4,4,4,6.25,6.25,4.75,5.333333333,3.2,4.2,3.3,4.333333333,8,1.25,3.5,44,3.4,3.5,3.5,,1,Hillary Clinton,4,4,2,2,2,2,2,,,20,35,40,5,4,12,3,2,2,19,"3,5,7",3,,4,1,19,1,2,2,3,Clinton,2,7,2
50,34,4,3,2,3.5,3.125,4.25,7,5.5,4.166666667,3.8,2.3,3.1,2,2,2.75,2.8,54,1,1,1,0,1,Bernie Sanders,4,3,2,2,1,2,2,2,,25,20,40,15,3,11,1,1,1,18,"2,4",3,,1,1,18,1,2,,,Sanders,1,1,2
32,44,3,3,3,3,3,6.75,5.25,4.75,4.333333333,3,3.8,3,4.333333333,3,2.25,3.6,,3.2,2.75,3,0,1,Clinton,2,2,2,2,2,2,2,2,,20,20,40,20,4,13,1,1,2,18,"2,3,4,5,6,7",3,,7,1,18,1,2,2,1,Clinton,2,1,2
79,47,3.5,4,3,3.5,3.5,6,6,7,1.833333333,5.133333333,2.1,3.9,4,5,5.5,3.7,32,3.6,3.25,2.5,,1,None,5,4,2,2,1,2,2,2,,30,30,30,10,5,9,4,1,1,20,3,3,,2,1,20,1,2,4,4,neither,1,7,2
56,37,3.5,3,3,3,3.125,6.5,6,5,5.5,4.8,3,3.2,2.333333333,7,2.5,2.5,,3.4,4.25,3,0,1,Donald Trump,5,5,2,2,2,2,2,2,,25,25,30,20,4,9,3,2,1,18,"3,5",3,,5,1,18,1,2,4,2,Trump,2,1,2
49,37,4,4,4,4,4,6,6.25,7,4.333333333,4.066666667,3.7,2.5,1.333333333,0,1,2.8,34,2.8,1.5,2.5,,1,Bernie Sanders,3,4,,,1,,,,,25,30,30,15,4,9,2,1,2,18,"2,4,6",3,,6,1,18,1,2,2,2,Sanders,2,7,2
62,34,4,4,4,4,4,6.25,6.5,4,3.166666667,3.733333333,4.1,2.9,1.333333333,0,1.75,2.9,,3.6,3.75,3.5,0,1,Hillary Clinton,4,3,2,2,2,2,2,2,,26,18,30,26,4,12,1,2,1,19,2,3,,1,1,19,1,2,2,1,Clinton,2,1,2
52,30,3.5,4,3.5,4,3.75,3.5,5.5,2.5,3.833333333,3.133333333,4,2.7,1,1,1,3.2,,2.8,2.5,3.5,0,1,"Sanders, but then Clinton",1,3,2,2,2,2,2,2,,0,0,50,50,1,14,2,1,3,18,"3,7",3,,1,1,18,1,2,1,1,Sanders-Clinton,2,1,2
69,38,3.5,3.5,3,3,3.25,6,5.75,6,3.833333333,3.866666667,3.4,2.8,3,3,2,2.7,,2.8,3.25,3.5,1,1,,3,3,2,2,2,2,2,2,,30,30,30,10,4,12,3,1,1,21,2,1,2,1,1,1,1,2,,,,2,4,2
69,38,3,3.5,2.5,4,3.25,6.5,5.5,7,6,4.8,3.9,2.8,2,7,3,2.8,,3.4,3.5,2,0,1,Darrell Castle,4,4,2,2,2,2,2,,,35,30,15,20,4,10,5,1,2,19,"2,3,4,5,7",3,,4,1,19,1,2,5,6,nonsense,2,1,2
72,32,4,4,4,4,4,5,6.25,5.75,3.666666667,2.666666667,5,2.9,3.666666667,4,5.5,3.6,40,3.6,4,4,,1,Hillary Clinton,4,4,2,2,2,2,2,2,,20,20,40,20,5,11,5,2,2,18,"2,3,6,7",3,,1,1,18,1,2,3,3,Clinton,2,7,2
61,31,4,3.5,4,3.5,3.75,1,7,6.25,3.333333333,3.2,4.5,3,4,5,3,3.5,,2.8,2.75,4,0,1,I did not vote,3,3,2,2,2,2,2,2,,0,0,50,50,1,14,3,1,1,18,"2,6",3,,4,1,18,1,2,4,4,notvote,2,1,2
70,41,3.5,3,4,3.5,3.5,7,7,5.25,5.5,3.6,2.8,3.5,4.666666667,2,1,2.3,42,2.6,3.5,4,1,1,Hillary Clinton,3,3,2,2,2,2,2,2,,20,30,30,20,3,14,2,2,2,18,"2,4,6",3,,1,1,18,1,2,4,4,Clinton,2,5,2
47,35,4,4,3,4,3.75,6.5,6.75,7,5.333333333,3.933333333,3.8,3.5,3.666666667,6,2,3.2,42,2.8,2.5,3,0,1,Neither,3,4,2,2,2,2,2,2,,0,0,40,60,1,10,1,1,1,18,1,3,,1,1,18,1,2,4,4,neither,2,1,2
43,32,4,4,4,4,4,6.5,6.5,6.75,5.333333333,3.666666667,4,3,1,5,1.25,3.3,53,2.6,3.5,5,0,1,Hillary Clinton,2,3,2,2,2,1,2,,,20,10,50,20,4,16,2,1,2,18,"3,5,7",3,,7,1,18,1,2,2,2,Clinton,1,1,2
70,35,4,4,3,4,3.75,4.75,5.25,6.75,4.666666667,3.533333333,3.4,3,4,8,1.25,3.7,,4.2,2.5,5,1,1,Hillary Clinton,1,3,2,2,2,2,2,2,,25,20,25,30,5,19,3,4,1,18,"2,3,6,7",3,,7,1,18,1,2,3,2,Clinton,2,2,2
45,34,4,3.5,3.5,3,3.5,6.75,6,6.25,3.666666667,3.666666667,3.1,2.9,3.333333333,6,1,2.9,,2.4,2.25,2.5,1,1,Hillary Clinton,2,3,2,2,2,2,2,2,,20,20,40,20,4,12,3,2,1,19,3,3,,1,1,19,1,2,3,3,Clinton,2,4,2
70,38,4,4,4,4,4,7,7,7,4.5,4.466666667,3.2,4,6.333333333,8,2.25,3.5,42,2.6,2.5,2.5,1,1,"Did not vote, didn't believe in either candidate",5,5,2,2,2,2,2,2,,25,25,25,25,5,9,4,1,1,20,"2,4",3,,7,1,20,1,2,4,3,didnotvote,2,3,2
49,37,3.5,3,3.5,3.5,3.375,6,5.75,7,5.166666667,3.6,3.2,2.9,1,1,1,2.3,,2,2.25,5,0,1,Hillary Clinton,1,3,2,2,2,2,2,2,,40,0,40,20,2,14,2,4,2,,2,3,,2,1,23,0,1,2,2,Clinton,2,1,3
65,39,3.5,3,3.5,3,3.25,6,6.25,6.75,5.333333333,4.333333333,3.6,3.5,6.666666667,3,2,2.9,,3.8,2.75,3,0,1,Clinton,4,4,2,2,1,2,1,2,,20,30,45,5,4,14,2,1,2,,2,3,,7,1,23,0,1,2,1,Clinton,2,1,3
74,37,4,4,4,3.5,3.875,4,5.25,4.5,4.5,3.733333333,3.6,3.5,1.666666667,1,1.25,3.6,34,4.6,3.75,3.5,0,1,Clinton,3,3,2,2,2,2,2,2,,30,20,20,30,5,12,4,1,1,,"2,4",3,,6,1,25,0,1,4,3,Clinton,2,1,3
61,60,3.5,3.5,4,3,3.5,6.75,6.75,7,6,4.266666667,2.7,2.8,1,1,1.25,2.5,40,2.8,2.5,4,0,1,Sanders,3,5,2,2,2,2,2,2,,40,5,25,30,4,6,3,1,2,,2,3,,4,1,23,0,1,2,3,Sanders,2,1,3
62,39,4,3,2.5,4,3.375,6.25,5.75,5.75,4.833333333,3.666666667,2.6,3,2,0,2,2.9,,3.2,4.25,2.5,0,1,Clinton,4,1,2,2,2,2,2,,,25,30,10,35,3,12,4,1,2,,"3,5,7",3,,3,1,25,0,1,2,2,Clinton,2,1,3
55,50,3,2.5,3,3.5,3,4.75,5,7,6.5,3.666666667,3.9,3.6,4.666666667,9,1.25,1.5,42,3.4,2.5,5,0,1,Kasich,3,4,2,2,2,2,2,2,,35,30,20,15,5,9,4,2,2,,"2,4",3,,6,1,25,0,1,5,6,Kasich,2,1,3
65,43,3,3.5,3.5,4,3.5,6.25,6.25,5.25,3.166666667,4.733333333,3.6,2.8,4,6,2.75,4,,3.4,3.25,3.5,1,1,Bernie Sanders,4,3,2,2,2,2,2,2,,50,30,15,5,5,9,4,1,2,,"2,3,4,5,6",3,,7,1,22,0,1,4,2,Sanders,2,3,3
73,52,3,4,3.5,4,3.625,5,4.25,6,3,2.6,4.9,2.5,4,0,5.25,4.1,42,4.8,3.5,5,0,1,Bernie Sanders,4,3,2,2,2,2,2,2,,35,40,20,5,5,8,3,2,2,,"2,3,6,7",3,,3,1,26,0,1,3,2,Sanders,2,1,3
69,53,4,4,4,3.5,3.875,6.75,5,7,5.333333333,3.733333333,3.1,3.1,2,2,1,2.8,,3.4,2.5,4.5,0,1,,4,4,2,2,2,2,2,2,,40,40,20,0,5,11,2,1,2,,3,3,,7,1,26,0,1,5,6,,2,1,3
77,42,3,4,3.5,3.5,3.5,5.75,5.5,6.25,4,3.933333333,3,3.3,1,0,3,3.1,46,2.2,3.25,3.5,0,1,Not sure,4,2,2,2,2,2,2,2,,25,25,40,10,4,12,4,1,2,,"4,5,6",3,,3,1,24,0,1,5,5,dontknow,2,1,3
62,36,4,2,3.5,2.5,3,6,6.75,5.25,4.666666667,4.466666667,3.2,2.4,4,1,1.5,2.9,,3.8,3.75,3,0,1,None,1,1,,,,,,,,2,28,40,30,2,16,1,2,1,23,"2,3,5",3,,1,2,,1,1,,,neither,2,1,3
61,44,4,4,4,3.5,3.875,3,5.25,7,2.166666667,2.533333333,3.5,3,3,0,1.5,4.2,31,3.8,1.75,4,0,1,Sanders,1,3,2,2,2,1,2,2,,5,5,70,20,3,9,1,1,2,,"2,3,6,7",3,,2,1,23,0,1,2,,Sanders,2,1,3
64,35,4,4,3,3.5,3.625,5.75,1,3.75,2.833333333,3.2,3.6,2.9,4,7,1,4.1,42,1.2,3.25,4,0,1,None of them,3,3,2,2,2,2,2,,,10,0,45,45,2,12,1,1,2,,"2,3,4,5,6,7",3,,8,1,18,0,1,,,neither,2,1,3
64,44,3.5,3.5,4,2.5,3.375,1,5.25,2.75,3.833333333,4.666666667,2.3,3.8,1,6,3.5,1.9,46,3.4,2.5,5,0,1,"Was Bernie Sanders, Now more than likely Hillary Clinton",1,5,2,2,2,1,2,,,20,15,30,35,4,10,3,4,2,,"2,3,4,5",3,,2,1,20,0,1,2,3,Sanders-Clinton,2,1,3
71,44,4,4,4,4,4,4.5,4,3.5,6,4.066666667,2.6,3,1,5,1.25,2.5,42,3.2,2.25,4,1,1,N/A,3,3,2,2,2,2,2,2,,30,30,20,20,3,9,2,4,2,,"2,6",3,,2,1,20,0,1,,,na,2,3,3
53,29,3,4,2.5,4,3.375,3,4.75,3.25,1.166666667,3.266666667,3.6,2.3,1,4,2.5,4.7,28,2.4,2.75,4,0,1,Jill Stein,1,4,2,2,2,1,2,2,,6,4,35,55,1,25,1,1,2,,"2,3,4",3,,2,1,22,0,1,,4,Stein,2,1,3
60,33,4,3,3,3,3.25,5.5,6,2.25,4,3.866666667,2.3,2.9,3,0,1.25,2.7,42,1.8,2,4,1,1,Clinton,3,4,2,2,2,2,2,2,,0,0,50,50,1,12,2,1,2,22,2,3,,3,1,22,1,1,2,3,Clinton,2,3,3
56,42,4,3,4,2.5,3.375,3.75,4.75,6,5.5,5.133333333,3.6,3.4,3,1,1,2.6,,2,3.25,3,0,1,,4,4,2,2,2,2,2,2,,70,80,95,85,3,10,2,2,2,21,"2,3,6",3,,2,1,22,1,1,5,6,,2,1,3
62,52,2.5,4,3,1,2.625,5,3.5,6.75,5,2.933333333,1.9,3.5,1,0,2.75,2.6,38,3.8,1.75,4.5,0,1,Jill Stein,4,4,2,2,2,1,2,2,,20,50,20,10,2,14,2,2,2,33,"2,3,6",3,,4,1,33,0,1,3,4,Stein,2,1,3
70,54,3.5,4,3,2,3.125,6.75,5.75,6.75,5.833333333,2.333333333,3.9,3.1,4.666666667,8,3.5,3.2,42,4,3.75,4,0,1,"Non of the Above, Gary Johnson if I had to choose one",5,5,2,2,2,2,2,2,,30,25,20,25,5,10,5,1,1,21,"3,5,7",3,,3,1,21,1,1,5,5,Johnson,2,1,3
74,37,3.5,3.5,3,4,3.5,6,5.5,7,3.833333333,3,3.3,3.2,3,3,2.25,3.4,42,2.6,3.75,5,0,1,"I honestly don't know, terrified of both candidates.",4,4,2,2,2,2,2,2,,30,30,30,10,5,10,2,1,2,20,"2,3,4,5,6,7",3,,5,1,20,1,1,,,neither,2,1,3
80,58,3.5,3.5,3,1,2.75,5.5,4,7,6.5,5,3.3,3.6,1,5,3.75,3.2,,2.2,4,4,1,1,Hillary Clinton,5,5,2,2,2,2,2,2,,70,15,12,3,3,4,5,1,2,22,"3,7",3,,3,1,22,1,1,,1,Clinton,2,3,3
69,45,3.5,4,4,4,3.875,3,3.25,1,5.666666667,4.533333333,2.6,3.9,3.666666667,10,1.5,3,,3.6,4.25,5,1,1,Hillary Clinton,4,4,2,2,2,2,2,2,,45,45,10,0,4,6,2,1,2,21,2,3,,5,1,21,1,1,3,2,Clinton,2,3,3
76,55,2,4,3.5,3,3.125,5.5,5.75,6,5.166666667,3.466666667,2.6,3.7,1,2,2,3,,2.8,2.25,3,1,1,No,5,5,2,2,2,2,2,2,,20,50,20,10,4,9,1,1,1,24,"2,4,6",3,,3,1,14,1,2,3,,neither,2,3,3
72,37,4,4,4,3.5,3.875,5.75,5,4.25,5,3.733333333,3.6,3.5,4.666666667,8,2,3,35,4.4,4.5,3,1,1,Clinton,5,5,1,2,2,2,2,2,,100,100,100,70,5,9,3,3,2,23,"2,6",,,1,1,23,1,2,,2,Clinton,2,3,3
50,36,3.5,4,4,4,3.875,4.75,4,5,3.5,2.933333333,3.2,2.8,2.666666667,4,3.75,3.3,,3.2,3,4.5,,1,Bernie Sanders / Hillary Clinton,1,2,2,2,2,2,2,2,,5,5,50,40,1,14,3,1,2,21,"3,5,7",3,,1,1,17,1,2,3,3,Sanders-Clinton,2,8,3
64,39,4,4,4,3.5,3.875,7,5.25,7,5.166666667,4,2.4,3.6,4.333333333,9,2,3,34,2.6,3.25,1,0,1,Trump,5,5,2,2,2,2,2,2,,25,40,30,5,4,10,2,1,1,23,"2,3,4,5",3,,7,1,23,1,2,6,6,Trump,2,1,3
66,36,3.5,3.5,3,3.5,3.375,7,2.25,1,4.333333333,2.933333333,4.2,3.2,3,1,1.25,3.2,42,4,3.5,4,,1,Donald Trump,4,5,2,2,2,2,2,,,20,30,30,20,3,12,4,1,2,20,"3,7",3,,2,1,20,1,2,6,6,Trump,2,8,3
60,46,3.5,4,4,3,3.625,2.75,7,7,5.666666667,4.333333333,4.4,3.7,1.333333333,5,2.75,3.3,,2.2,2.25,4,0,1,Hillary Clinton,1,2,2,2,2,2,2,2,,35,15,25,25,3,26,1,1,2,24,"3,5",3,,2,1,24,1,2,1,4,Clinton,2,1,3
80,58,4,4,4,2.5,3.625,6.75,6.25,7,5,4.933333333,2.5,3.9,1,1,1.75,3.1,42,3.4,4,4,0,1,Hillary Clinton,3,3,2,2,2,2,2,2,,30,30,35,5,,14,1,1,2,54,"4,5,6,7",3,,5,1,54,0,2,4,2,Clinton,2,1,3
68,31,4,4,4,4,4,7,6,7,6.166666667,5.4,2.8,3.4,1.666666667,5,1,2.4,,4.8,3.75,5,1,1,Bernie Sanders,2,1,2,2,2,2,2,2,,20,30,30,20,4,10,1,2,2,,"2,3,6",3,,6,1,21,0,1,2,1,Sanders,2,2,3
67,35,4,3,3,4,3.5,1,1.5,1.25,6,4.466666667,3.6,3.3,2.333333333,5,1.75,2.1,50,3.4,3.75,3.5,0,1,I am not sure,4,4,1,2,1,2,2,,,30,30,20,20,5,8,3,1,2,,2,3,,7,1,20,0,1,,,dontknow,1,1,3
75,48,4,3,4,3.5,3.625,6.25,6.25,7,6.333333333,5,3.4,3.8,1,6,1.75,2,,3.8,2.5,4,1,1,None,4,5,2,2,2,2,2,2,,30,35,25,10,4,26,1,4,2,31,"2,3,4,5,6,7",3,,4,1,31,0,1,3,4,neither,2,2,3
74,50,3,3.5,3.5,4,3.5,4,4.75,7,4.5,4.733333333,2,3.2,1,1,1.25,2.6,36,2.4,1,3.5,1,1,Hilary Clinton,2,2,2,2,1,2,2,,,40,30,25,5,5,14,3,2,2,32,"3,5",3,,5,1,25,0,1,1,1,Clinton,2,2,3
54,54,3,4,2.5,2.5,3,6.75,5.5,7,6,3.466666667,3.4,2.9,1.333333333,7,1,2.7,,2.6,1.5,3.5,1,1,Neither one,5,5,2,2,2,2,2,2,,50,30,15,5,3,26,4,1,2,31,"2,3,4,5,7",3,,4,1,16,0,1,,4,neither,2,3,3
76,39,4,3.5,4,4,3.875,5.25,5.75,5.75,5.666666667,4.8,3.3,3.9,1,7,1,1.9,,3,2.75,3,0,1,gary johnson,3,5,2,2,2,2,2,2,,10,30,45,25,3,12,4,1,1,23,5,3,,7,2,,1,1,4,4,Johnson,2,1,3
74,48,3.5,3.5,1.5,3,2.875,3.5,5.25,3.75,4.666666667,3.466666667,2.8,3,2,1,4.5,2.9,42,3.4,3.5,3,1,1,Donald Trump,4,4,2,2,2,2,2,2,,100,100,100,90,2,19,2,1,1,30,"5,7",3,,3,1,30,0,1,5,6,Trump,2,3,3
58,49,3,3.5,3,2,2.875,3,5.75,5.75,3.5,3.666666667,3.5,3.2,1,6,1.75,3.3,42,4.2,4.75,4.5,0,1,BERNIE SANDERS!!!!!!,2,4,2,2,2,2,2,2,,25,35,30,10,2,14,2,2,2,38,"3,5",3,,7,1,38,0,1,2,2,Sanders,2,1,3
72,36,3,4,4,4,3.75,3.75,4.75,5,4.5,4.266666667,2.8,2.8,2,3,2.75,3.1,42,2.8,2.25,3,1,1,Too personal,4,3,2,2,2,2,2,,,30,35,30,5,5,26,3,2,2,22,2,3,,5,1,16,1,1,,1,Chosenot2answer,2,2,3
68,36,3.5,2,4,4,3.375,4.25,7,5.25,1.833333333,3.8,4.5,2.7,1.333333333,2,2.5,4,42,4,4.75,3.5,1,1,,1,1,2,2,2,2,2,2,,100,100,30,70,5,11,5,,2,23,"2,3,6,7",3,,3,1,23,1,1,,,,2,2,3
68,33,4,4,2.5,4,3.625,6,5.75,6.75,6.166666667,2.533333333,4.2,3.5,2.333333333,5,2.5,3.5,,2.8,3.75,4,1,1,Hilary,5,5,2,2,2,2,2,,,15,0,55,30,4,14,3,2,2,21,5,1,3,5,1,21,1,2,5,3,Clinton,2,3,3
66,49,4,4,4,3.5,3.875,7,6,7,4.5,4.8,3.2,3.9,1,9,5.75,3.7,34,2,4.5,5,1,1,Hillary Clinton,5,5,2,2,2,2,2,,,25,25,25,25,4,12,5,1,1,24,"2,5",3,,2,1,24,1,2,2,2,Clinton,2,2,3
48,43,4,1.5,4,4,3.375,4.75,4.75,6.75,4,2.933333333,3.7,3.2,4.666666667,10,3.25,2,50,4,5,5,0,1,N/A,3,3,2,2,2,2,2,2,,0,0,40,60,1,26,3,2,1,,"2,3,4,5",3,,3,2,,0,1,4,4,na,2,1,3
53,32,3.5,4,3,3,3.375,6.25,6.5,7,3,4.666666667,4.2,2.5,2.333333333,1,1.5,4.4,30,3.2,3.25,4,0,1,,3,3,2,2,2,1,2,2,,5,15,40,40,1,14,1,1,3,,"2,3,4,5,6,7",3,,1,2,,0,1,2,3,,1,1,3
77,38,4,3.5,4,3.5,3.75,6.25,7,7,5.833333333,5.266666667,2.7,3.7,1.666666667,4,1.75,2.1,,3.6,2.5,3,1,1,Hilary Clinton,4,4,2,2,2,2,2,2,,15,30,30,25,4,12,2,1,2,23,2,3,,1,1,4.5,1,1,2,2,Clinton,2,4,3
63,43,4,3,3,3,3.25,6,5.75,6,4.5,3.933333333,3.8,3.7,2.333333333,4,2,3.1,38,3.4,2.5,3,0,1,Hilary,2,3,2,2,1,1,2,,,15,15,35,35,3,19,2,1,2,,2,3,,3,2,,0,1,3,3,Clinton,2,1,3
73,40,4,3.5,3,4,3.625,6.75,5,7,5,3.4,1.9,2.8,3,6,1.25,3.8,,3.4,2.5,2.5,,1,Not sure yet,4,4,2,2,2,2,2,2,,25,25,30,20,5,7,4,1,2,21,"2,3",3,,2,1,21,1,1,4,7,dontknow,2,7,3
73,31,4,4,4,4,4,6,7,4,4.833333333,3.8,4.1,2.9,5,0,3,3.9,42,4,4.25,4,1,1,Hilary Clinton,1,3,2,2,2,2,2,2,,20,30,20,30,3,9,2,1,1,19,"4,6",3,,4,1,19,1,1,2,1,Clinton,2,3,3
79,36,3,4,3,3.5,3.375,5.75,5.25,4.75,4.5,4,3.8,3.1,1.666666667,0,2.5,3,,3.8,4,4,0,1,,4,4,2,2,2,2,2,,,30,40,20,10,5,14,3,1,2,20,"3,5",3,,8,1,20,1,1,4,6,,2,1,3
64,41,4,4,4,3.5,3.875,6,4.25,5,3.833333333,4.133333333,1.7,3.1,2,4,1.25,2.6,42,2,2,2,1,1,Bernie Sanders,1,1,2,2,2,2,2,2,,20,20,30,30,2,14,2,3,1,23,"2,3,4,5,6,7",3,,3,1,23,1,2,4,3,Sanders,2,2,3
78,37,3,4,3,4,3.5,6,5.25,4.25,4,3.866666667,3.8,2.9,1,1,2,3.3,,3.2,3.5,3.5,0,1,"Could not decide, did not vote",4,4,1,1,1,1,1,,,25,40,25,10,5,14,3,1,2,20,5,3,,8,1,20,1,2,4,5,CannotVote,2,1,3
61,41,3,3,3.5,3,3.125,4,7,7,6.5,3.8,2.6,3,1,2,1,4.3,,3.6,4,1.5,1,1,clinton,3,3,2,2,2,2,2,2,,30,25,30,15,5,12,1,1,2,22,2,3,,5,1,22,1,1,2,2,Clinton,2,3,3
69,45,4,2,3.5,2.5,3,5.25,6.5,6.5,5.833333333,4.733333333,2.3,3,1.333333333,5,1.25,2.6,,2,2.5,1.5,1,1,,4,5,2,2,2,2,2,,,40,30,20,10,3,11,5,1,2,22,"4,5,6,7",3,,8,1,22,1,1,5,2,,2,5,3
44,42,3,4,3.5,3.5,3.5,7,6.75,7,5.5,5.6,2.4,3.4,3.333333333,9,1.25,1.4,,5,2,5,0,1,None,4,5,2,2,,2,,2,,15,20,50,15,3,14,1,1,1,24,1,3,,4,1,24,1,1,2,4,neither,2,1,3
58,41,3.5,4,3,3.5,3.5,7,6.75,7,6.5,4.466666667,2.4,3.7,1,9,1.75,1.6,,1,1,1,0,1,None,1,3,2,2,2,2,2,2,,70,0,20,10,4,11,5,1,1,22,"2,3,6,7",3,,2,1,22,1,1,6,5,neither,2,1,3
66,41,3.5,4,3,3.5,3.5,4,5.5,6.5,4.5,3.666666667,2.7,3.2,3,3,3,4.6,57,1.4,1,2.5,1,1,Hiliary Clinton,3,3,2,1,2,2,2,2,,0,0,70,30,5,9,4,4,2,21,3,3,,4,1,21,1,1,4,3,Clinton,2,3,3
70,44,4,4,4,3,3.75,5,6.25,7,3.333333333,3.333333333,3.9,3.3,4.333333333,4,1.75,2.9,41,3,2.25,5,0,1,Neither,3,3,2,1,2,2,2,2,,20,20,40,20,3,9,2,1,2,21,"3,7",3,,1,1,21,1,1,4,3,neither,2,1,3
59,32,2.5,4,4,3.5,3.5,5,5.75,6,1.333333333,4.2,4.2,2.7,2,8,4,5,18,2.6,4.5,5,1,1,Hilary Clinton,1,1,2,2,2,1,2,2,,20,0,5,75,5,26,4,1,2,23,"2,3",3,,5,1,23,1,1,1,1,Clinton,1,3,3
67,50,3,4,2.5,2.5,3,7,4,6.75,4.166666667,4.2,3.4,3.1,2,1,1.5,3.6,,2.6,1.5,3,1,1,Clinton,4,2,2,2,2,2,2,2,,35,35,20,10,5,7,4,1,2,23,5,3,,3,1,20,1,1,4,1,Clinton,2,3,3
66,39,3.5,2,3,3,2.875,7,5.5,6.75,5.5,3.133333333,2.2,2.9,2,1,1.25,2.7,42,1.2,1.5,1,0,1,Trump,4,3,2,2,2,2,2,2,,20,20,35,25,3,13,2,1,1,21,"3,5",3,,7,1,21,1,1,5,5,Trump,2,1,3
72,37,4,3,3.5,3.5,3.5,6.75,6,5,5.833333333,4.533333333,2.4,3.1,1,2,1.75,2.1,42,3.2,3.5,3,0,1,Hilary clinton,4,4,2,2,2,2,2,2,,20,20,45,15,3,10,2,1,2,22,"2,3,4,5,6,7",3,,6,1,22,1,1,2,3,Clinton,2,1,3
41,5,4,1.5,3,3,2.875,4.75,5.5,5.5,4.333333333,3.666666667,3.5,2.8,2.666666667,3,4.25,3,34,2.2,2,4,1,1,Hilary,2,3,2,2,2,2,2,2,,70,80,60,40,4,8,3,1,1,22,"4,5",3,,5,1,22,1,1,3,2,Clinton,2,4,3
57,37,3.5,4,4,4,3.875,5.5,6.75,7,4,3.266666667,3.8,3.1,1.333333333,3,1.25,3.2,,1.6,3.5,4.5,,1,neither,3,3,2,2,2,2,2,2,,50,30,15,5,4,10,5,2,2,21,"2,4,6",3,,4,1,21,1,1,5,4,neither,2,7,3
59,45,4,3,3.5,4,3.625,6.75,7,7,5.833333333,4.266666667,2.5,2.4,5,3,3.25,3,43,2.2,2.5,2,0,1,,4,4,2,2,1,2,2,2,,25,20,30,25,3,26,2,4,2,22,3,3,,3,1,22,1,1,,,na,1,1,3
74,54,3.5,4,3.5,2.5,3.375,6,3.25,7,5.166666667,3.466666667,2.8,3.8,5,3,6.25,3.2,54,1.8,2.25,1.5,1,1,Trump but if I have a better choice I want a good person.,5,4,2,2,2,2,2,2,,100,100,100,80,4,12,5,4,2,44,3,3,4,4,1,16,0,2,7,7,Trump,2,4,3
79,52,3,4,3.5,2,3.125,4.25,5.25,5.25,4.166666667,5,3.1,3.5,1,3,1.75,3,34,3.8,4,4,0,1,Donald Trump,4,4,2,2,1,2,1,2,,35,25,30,10,4,12,2,1,1,61,"2,3,5,6,7",1,3,2,1,61,0,2,5,5,Trump,2,1,3
80,41,3.5,4,4,3.5,3.75,6.75,6.25,5,2.5,3.666666667,4.7,3.5,2.666666667,1,2.25,3.1,,3,3.5,3,,1,Trump,3,3,2,2,2,2,2,2,,50,40,0,10,5,4,5,1,2,19,"2,6",3,,8,1,19,1,2,6,7,Trump,2,7,3
70,51,3,3,2.5,3.5,3,7,6.75,6,4.5,5.466666667,2.5,3.1,4,1,3.75,2.7,,3.8,4,1.5,1,1,Clinton,5,5,2,2,2,2,2,,,35,35,20,10,4,26,5,1,1,21,"2,3,4,5,7",3,,3,1,21,1,2,2,2,Clinton,2,3,3
56,37,4,3.5,3,4,3.625,4.75,7,5.25,2.666666667,2.133333333,4.4,2.7,3.333333333,1,5,4,42,3.8,4.5,5,0,1,"Would have been Sanders, now it's Clinton",2,1,2,2,2,2,2,2,,10,10,40,40,2,12,1,1,2,25,"2,4",3,,2,1,1,1,1,6,1,Sanders-Clinton,2,1,3
61,36,4,3.5,4,4,3.875,5.25,6,5,3.833333333,2.8,3.8,2.7,3,1,1.5,3.8,,4.2,3.75,3.5,0,1,,4,3,2,2,2,2,2,2,,40,20,25,15,5,9,2,2,2,,"2,4,6",3,,2,1,22,0,1,,5,,2,1,3
59,41,4,3,4,4,3.75,4.25,5.75,4.5,4,3.866666667,2.2,3.6,2.333333333,6,1.75,2.2,42,2.2,4,4,1,1,Bernie Sanders,2,4,2,2,2,2,2,2,,0,0,70,30,3,10,2,4,2,,"3,5",3,,2,1,20,0,1,,2,Sanders,2,2,3
48,43,4,2.5,4,4,3.625,4.75,5,5.75,3,3.2,4.2,3,1,1,1.5,3.7,,2,2.25,1.5,1,1,Bernie Sanders,2,3,2,2,1,1,2,2,,40,50,8,2,3,8,1,1,2,,"2,4,6",3,,2,1,20,0,1,2,3,Sanders,2,3,3
63,42,4,3.5,3.5,2.5,3.375,1,1.75,4.75,2.666666667,4.533333333,3.7,3.6,1,2,3.5,3.5,,3.6,2.5,3.5,0,1,Neither. Didn't vote.,2,4,2,2,2,2,2,2,,20,20,35,25,4,15,5,4,1,25,1,3,,2,1,25,1,2,5,,notvote,2,1,3
68,49,3,3,3.5,3,3.125,6,5.5,6,3.666666667,3.333333333,3,3,1,3,3.25,3.2,42,3,3,3,0,1,trump,4,4,2,2,2,2,2,2,,25,15,40,20,3,14,3,1,1,32,"2,3,4,5,6",1,3,5,1,32,0,2,4,4,Trump,2,1,3
71,55,4,3,3.5,2,3.125,5.5,5,7,4.333333333,3.8,2.4,3.2,1,0,1,1.9,,3,2,3,0,1,trump,4,4,2,2,2,2,2,2,,50,30,20,0,,12,2,1,2,50,6,3,,5,1,50,0,2,4,5,Trump,2,1,3
71,42,4,4,3.5,3.5,3.75,3.5,4,7,3.666666667,4,3.6,3.2,5,7,2,3.6,42,2.8,3.5,3,0,1,Trump,4,4,2,2,2,2,2,2,,20,10,30,40,4,10,2,1,2,21,"3,7",,,1,1,21,1,2,3,5,Trump,2,1,3
76,45,3,3.5,3.5,3,3.25,2.5,5,4.75,2.666666667,2.866666667,3.8,2.9,2.333333333,1,3,2.7,44,1.8,2.75,3.5,,1,none,4,4,2,2,2,2,2,2,,45,40,5,10,5,14,1,2,2,28,"2,3,6",3,,3,1,28,1,2,2,,neither,2,7,3
73,38,3.5,4,3.5,3.5,3.625,6.75,7,1,4,4,3.5,3.4,1.333333333,1,1,3.9,,1,1,1,0,1,Donald Trump,5,5,2,2,2,2,2,2,,80,90,100,100,4,9,5,1,2,18,"4,5",3,,7,1,18,1,2,6,5,Trump,2,1,3
67,38,4,3.5,4,4,3.875,5.25,6.5,7,6.5,3.933333333,2.7,3,2,1,1,2.2,,3.4,2.75,2.5,0,1,I did not like either of them however I did choose Trump over Clinton.,5,5,2,2,2,2,2,2,,30,35,20,15,4,12,2,2,1,18,1,3,,2,1,18,1,2,5,6,Trump,2,1,3
58,35,4,3.5,3.5,3,3.5,5.75,6,6,5.666666667,4.133333333,3.3,2.9,5.333333333,9,2.5,3.1,42,2.4,2,4,0,1,Hillary Clinton,1,1,2,2,2,2,2,2,,25,10,30,35,4,9,1,1,2,19,"2,4",3,,6,1,19,1,2,2,2,Clinton,2,1,3
72,38,4,4,4,3.5,3.875,7,3.5,5.75,4.833333333,5.133333333,2.1,3.7,2,6,1.25,1.9,,2,3.75,4,0,1,Hilary Clinton,5,5,2,2,2,2,2,2,,30,35,20,15,3,16,1,1,1,21,1,3,,7,1,21,1,2,1,1,Clinton,2,1,3
51,45,4,4,3,2.5,3.375,1.75,3.75,7,5.833333333,4,1.9,3.6,3.666666667,5,3,2.5,34,3.2,2.25,3.5,1,1,Hillary Clinton,4,4,2,2,2,2,2,2,,20,40,25,15,2,14,5,2,2,20,"2,3,4,5,6,7",3,,2,1,20,1,2,5,5,Clinton,2,3,3
64,44,2,4,3.5,3.5,3.25,5.75,3.5,6.5,5.333333333,3.933333333,3.1,3.4,1,6,1,2.5,,2.4,1.75,2,1,1,"I did not vote, however I did not want either candidates to win for presidency. Although, I did want Clinton to be president less than I did Trump.",4,4,2,2,2,2,2,2,,30,40,20,10,3,12,2,2,2,25,"3,7",3,,5,1,25,1,2,4,4,notvote,2,3,3
67,45,4,4,4,3.5,3.875,6.25,6.5,6.75,4.666666667,3.133333333,3.9,3.6,3,5,1.25,3.4,,3.2,2.25,4.5,,1,Hillary Clinton,4,2,2,2,2,2,2,2,,20,20,30,30,4,12,2,2,3,22,"2,3",3,,2,1,22,1,2,2,2,Clinton,2,7,3
60,35,4,4,3,4,3.75,2.5,6.5,7,5.166666667,2.466666667,3.5,3.3,1,2,2.75,3.3,48,1.2,2.75,5,,1,,1,3,2,2,2,1,2,,,20,10,30,40,3,10,1,1,2,22,"2,3,4,5",3,,4,1,22,1,2,3,4,,1,7,3
58,48,3.5,2,2.5,2.5,2.625,1.75,1.25,1,5.166666667,3.533333333,3.6,3.3,1,1,1.25,1.9,34,1.8,1,3,0,1,Trump,5,4,2,2,2,2,2,2,somewhat dyslexic,60,30,10,0,4,6,5,1,2,22,"2,3,5,6,7",3,,5,1,22,1,2,6,7,Trump,2,1,3
70,48,4,2,3,3.5,3.125,3.25,4,7,6.5,5.266666667,2.9,3.2,3.333333333,1,1.75,2.2,,2.6,2.5,2.5,,1,,4,4,2,2,2,2,2,,,30,10,30,30,4,9,1,1,2,20,"2,3,4,7",3,,5,1,20,1,2,2,3,,2,7,3
68,32,4,3.5,3.5,3,3.5,6.25,3,5.5,1.166666667,3.333333333,4.8,2.5,3.666666667,1,3.25,3.5,42,2.8,4.25,3.5,1,1,Hilary,5,5,2,2,2,2,2,2,,20,50,15,15,5,9,5,4,2,23,"6,7",1,,2,1,23,1,2,3,2,Clinton,2,2,3
72,51,4,3,3.5,3.5,3.5,5.5,6,7,5.333333333,4.2,2.6,3,2.333333333,1,1.333333333,3.3,43,3.4,2.25,2.5,1,1,None,4,4,1,2,2,2,2,2,,20,20,20,40,3,26,2,1,2,23,"2,6,7",3,,3,1,3,1,2,4,,neither,2,3,3
53,33,3,3,3.5,4,3.375,4,2.75,3.25,1.833333333,3.333333333,2.6,2.8,2,2,4.75,3.5,32,2.4,2.75,4,0,1,Hillary Clinton,2,3,2,2,2,1,1,,,10,50,40,0,3,14,2,4,2,22,"3,7",3,,1,1,22,1,2,3,3,Clinton,2,1,3
75,57,4,1.5,4,2.5,3,7,6.5,7,7,5.333333333,1.7,3.9,5,3,3.25,2.8,42,1.6,1.5,3,1,1,Hilary Clinton,5,5,2,2,2,2,2,2,,25,50,25,2,5,26,5,1,2,21,"3,4,5",3,,1,1,21,1,2,2,1,Clinton,2,3,3
74,41,4,3.5,3.5,3.5,3.625,5.25,6,4.25,4,3.266666667,3,3.4,3,3,2.25,3.6,,4,4.25,3,0,1,Hillary Clinton,5,5,2,2,2,2,,2,,40,20,30,10,3,9,3,1,1,21,"2,3,6",3,,3,1,21,1,2,3,3,Clinton,2,1,3
58,48,3,3.5,3.5,3,3.25,6.5,6,5.5,4.5,3.266666667,3.4,3.9,1,2,1.25,3.1,67,3.8,3.25,3,0,1,Donald Trump,5,5,2,2,2,1,2,2,,25,25,25,25,5,7,5,2,2,,4,3,,4,1,19,0,1,6,6,Trump,2,1,3
73,49,4,4,4,2.5,3.625,5.25,5.5,5.5,4.833333333,4.133333333,3.9,3.7,1.666666667,8,1.5,3.3,,3.4,1.5,5,1,1,bernie,5,5,2,2,2,2,2,2,,8,70,20,2,2,18,1,4,2,,"2,3,4,5,7",3,,7,1,27,0,1,4,1,Sanders,2,3,3
71,56,3.5,3,2.5,3.5,3.125,4,4,5.25,5.666666667,5.133333333,3.3,2.6,1,2,1.75,3.1,46,4,2.25,3.5,1,1,Clinton,5,5,2,2,1,2,2,,,10,70,15,5,5,9,1,1,2,,"4,5",3,,2,1,10,0,1,3,4,Clinton,2,3,3
59,38,4,3.5,3.5,3,3.5,6.25,6.5,4.25,5.5,3.666666667,1.6,3.3,1.666666667,2,2.25,2.7,58,2,3,3.5,0,1,None,5,5,2,2,2,2,2,1,ADD and OCD,30,40,10,20,3,9,2,1,1,,"2,4",3,,7,1,22,0,1,5,5,neither,2,1,3
72,48,3.5,3,2,3,2.875,6.75,6.25,7,6,5.533333333,2.7,3.9,1,5,2.5,2,34,2.8,3,4,0,1,Ted Cruz,4,4,2,2,2,2,2,2,,100,50,100,100,3,14,3,1,2,,"2,3,4,5,6,7",1,6,7,1,28,0,1,6,5,Cruz,2,1,3
73,39,3.5,4,4,3.5,3.75,4.75,4,3.25,2.833333333,4.133333333,4.1,2.6,4,5,4.75,3.1,,2.4,1.75,4,1,1,Hillary *Slightly*,5,5,2,2,2,2,2,,,5,5,70,20,2,10,3,1,1,24,"2,4,5,7",1,3,1,1,5,1,1,3,4,Clinton,2,2,3
79,48,4,2,4,3.5,3.375,6.5,7,7,6.833333333,3.933333333,2,3.7,3,5,1,1.1,,2.8,4.75,5,1,1,I didnt agree with this election.,4,5,2,2,2,2,2,2,,24,50,25,1,5,12,5,1,2,24,"2,3,4,5",3,,3,1,25,1,2,3,3,neither,2,3,3
77,39,4,4,4,4,4,6.75,6.25,7,3.666666667,5,2.7,2.9,2,2,1.25,2.1,42,4.6,3,3.5,1,1,Hillary Clinton,4,5,2,2,2,2,2,2,,35,0,40,25,4,12,4,1,1,25,"2,3",3,,4,1,25,1,2,4,6,Clinton,2,3,3
57,42,3.5,4,4,4,3.875,5.25,6,6.75,5.5,4.4,2.6,3.6,1,5,1.25,2.8,42,4.2,3,5,1,1,Hillary Clinton given the option. My choice would have been Bernie Sanders.,4,4,2,2,2,2,2,,,20,15,55,10,3,7,2,4,2,24,"2,4,6",3,,2,2,,1,1,4,2,Sanders-Clinton,2,2,3
59,34,3.5,2.5,3.5,4,3.375,6.5,5.75,7,5,4.533333333,2.7,3.4,2.666666667,6,1,2.2,42,2.4,3.25,4.5,1,1,Bernie Sanders,2,3,2,2,2,2,2,2,,20,20,28,32,3,9,2,4,2,25,"2,3",3,,1,2,,1,1,,,Sanders,2,6,3
73,34,4,2.5,4,3.5,3.5,2.5,4.75,2.25,2.333333333,3.6,1.5,3.4,1,5,1,3.7,,1,1.5,2.5,1,1,Neither,4,5,2,2,2,2,2,2,,25,30,30,15,3,12,1,4,2,23,1,3,,2,2,,1,1,,3,neither,2,2,3
79,35,3,4,4,3.5,3.625,6.25,3.75,7,2.833333333,4.6,2.2,3.1,1,3,1.75,3.3,34,1.8,1.25,2,1,1,Hilary Clinton,1,1,2,2,2,2,2,2,,25,25,25,25,4,14,5,1,2,26,"3,5,7",3,,1,2,,1,1,4,3,Clinton,2,2,3
76,33,3.5,4,3.5,3.5,3.625,4,5.75,5.5,2.833333333,3.8,3,2.6,2.666666667,1,1.25,3.7,,2.4,2.5,3.5,1,1,Hilary,3,4,2,2,2,2,2,,,70,100,100,90,2,12,4,4,2,21,"2,3,4,5,6,7",3,,1,2,,1,1,3,2,Clinton,2,2,3
74,43,2.5,3.5,3,2.5,2.875,1.25,5.75,5.5,4.333333333,3.8,2.5,3.4,1,4,2.75,2.1,42,2.8,2.75,5,1,1,Independent,1,2,2,2,2,2,1,,,15,45,30,10,2,26,1,4,2,39,"2,4,5",3,,2,2,,0,1,2,4,thirdparty,2,6,3
69,39,4,4,4,3.5,3.875,2.5,5.25,5.5,6,3.466666667,3.4,3.2,5,6,5.25,3.6,42,3.4,2.5,4.5,1,1,,3,3,2,2,2,2,2,2,,50,0,40,10,3,19,5,1,2,20,6,3,,1,2,,1,1,3,2,,2,2,3
64,40,3,4,3,4,3.5,4,1,7,4.166666667,4.533333333,2.7,2.9,1,3,1.75,3.2,,1.8,1.5,5,1,1,,,,2,2,2,2,2,,,10,10,50,30,3,9,4,4,2,22,"2,6",3,,1,2,,1,1,,4,,2,2,3
74,33,4,4,4,4,4,4.25,3.25,2.5,3,3.666666667,3.1,2.6,2.666666667,6,2,3.4,38,2.8,3.25,3,1,1,Hilary Clinton,5,4,2,2,2,2,2,2,,20,30,35,15,4,12,4,4,1,21,"3,6,7",3,,2,2,,1,1,2,2,Clinton,1,2,3
79,46,3,4,4,2.5,3.375,5,6.25,6.75,5,3.866666667,4.1,3,1,7,1,3.5,,4,2.5,3.5,1,1,,2,2,2,2,2,2,2,2,,30,40,20,10,5,19,5,4,2,22,"4,5,7",3,,2,2,,1,1,4,,,2,6,3
79,39,4,3,4,3.5,3.625,4,1.75,7,5.166666667,4.266666667,2.6,4,1,3,1.5,3,44,2.6,2.25,3.5,1,1,Hilary Clinton,3,3,2,2,2,2,2,2,,10,10,60,20,3,9,2,4,3,21,"3,4,5,6,7",3,,1,2,,1,1,4,1,Clinton,2,2,3
76,47,4,4,4,4,4,4,4,7,4.166666667,1.866666667,1.7,3.5,1,2,1,4.6,,1.4,2,3,1,1,,3,3,2,2,2,2,2,2,,30,30,30,10,5,2,1,4,1,24,"3,5,7",3,,4,2,,1,1,,,,2,2,3
74,49,3.5,4,3,3.5,3.5,5.5,5.25,7,4.333333333,5.333333333,2.6,3.4,2,3,3.25,3.1,,2,1.75,3.5,1,1,,5,5,2,2,2,2,2,2,,100,100,100,100,3,11,2,2,2,27,5,3,,1,2,,1,1,4,2,,2,2,3
79,38,3.5,2,3.5,2.5,2.875,4.25,5.5,6,6.333333333,4.866666667,1.4,3.3,1.666666667,5,1,2.4,,2.6,1.25,4,1,1,Hilary Clinton,5,5,2,2,2,2,2,2,,20,30,30,20,3,4,1,3,2,24,3,3,,,2,,1,1,7,1,Clinton,2,2,3
65,36,3,3.5,4,4,3.625,4.5,5,4.75,3.5,4,2.7,2.5,2,3,2,3.1,,2.4,2.75,4,1,1,Hillary Clinton,4,3,2,2,2,2,2,2,,35,25,30,10,5,7,5,4,2,20,"2,3,4,5,6,7",3,,1,2,,1,1,,,Clinton,2,6,3
70,44,3.5,4,4,3,3.625,4.25,4,3.5,3.333333333,2.6,2.2,3.6,4.666666667,7,2.25,3.3,42,3.6,3.75,5,1,1,Hilary Clinton,5,5,2,2,2,2,2,2,,10,0,70,20,4,16,1,1,2,30,6,3,,3,2,,0,1,,,Clinton,2,2,3
74,38,4,3,4,3.5,3.625,4,5.75,5.5,2.5,4.266666667,2.6,3.1,1,3,1.25,2.9,42,4.2,4,3.5,1,1,Hilary Clinton,3,4,2,2,2,2,2,,,25,25,30,20,4,11,4,1,2,22,"3,4,5,6",3,,3,2,,1,1,2,1,Clinton,2,2,3
53,43,4,3,4,3,3.5,7,5.75,5.5,5.333333333,5.466666667,2.6,3.6,3,5,1.5,2.7,65,2,4,5,1,1,Clinton,5,5,2,2,2,2,2,2,,20,30,30,20,3,9,4,3,2,23,"2,3,4,5,6,7",3,,2,2,,1,1,4,2,Clinton,2,2,3
71,54,4,2,4,3.5,3.375,6.5,4.25,7,3.666666667,4,3.1,2.8,5,6,1.25,4.3,32,3.2,4.25,3.5,1,1,Uncertain,5,3,2,2,2,2,2,2,,35,0,45,20,5,9,5,4,2,23,1,3,,2,2,,1,1,2,1,dontknow,2,6,3
54,37,3.5,3,4,3.5,3.5,6.5,6.5,6.75,6.166666667,4.6,3.1,3.8,2.333333333,3,1,2.3,,3.6,5,5,1,1,,4,4,2,2,2,2,2,2,,20,20,40,20,3,12,5,1,2,21,"4,5",3,,1,2,,1,1,4,,,2,2,3
69,35,4,2.5,4,4,3.625,7,5.75,5.25,6.166666667,4.133333333,1.7,3.2,1,5,1.5,2,42,3.2,1,4.5,1,1,Hilary Cliton,5,4,2,2,2,2,2,2,,20,50,15,15,3,18,1,1,1,23,1,3,,6,2,,1,1,4,,Clinton,2,6,3
57,36,4,4,4,4,4,2,2.5,2,2.666666667,2.933333333,1.8,3.9,7,3,2,4,,2.2,4,4,1,1,hilary clinton,5,3,2,2,2,2,2,2,,0,0,70,30,2,19,2,4,1,26,4,3,,,2,,1,1,,,Clinton,2,2,3
63,48,3,3,3.5,3,3.125,6.25,4.75,6.25,2.666666667,4.133333333,4.4,2.5,1.333333333,5,2.25,3.8,,3,2,2,1,1,Clinton,3,3,2,2,2,2,2,,,15,30,40,15,4,8,2,1,2,21,"2,4,6",3,,2,2,,1,1,4,5,Clinton,2,4,3
68,38,3.5,4,3,4,3.625,6.25,5.25,6.75,4.166666667,4.2,2.3,3.3,3,6,1,3.1,,2.4,2.75,4,1,1,Hilary Clinton,4,4,,,,,,1,Skin disorder,15,10,50,25,3,10,3,3,2,25,"3,5,7",3,,1,2,,1,1,4,3,Clinton,2,6,3
75,35,3.5,3,4,3.5,3.5,5.25,5.25,6.75,5.333333333,5.466666667,2.3,3.1,1,9,1.5,2.8,41,2,3,3,1,1,Hilary Clinton,5,5,2,1,2,2,2,2,,32.5,32.5,25,10,4,12,4,1,1,25,"2,4",3,,1,2,,1,2,2,,Clinton,2,2,3
71,57,4,4,4,1.5,3.375,6.5,6.25,6.5,2.833333333,4.6,1.7,2.8,1,3,1,2.8,,2.8,1,5,1,1,,3,4,2,2,2,2,2,2,,20,40,20,20,2,14,1,4,2,39,1,3,,2,2,,0,2,2,4,,2,2,3
61,46,3,3,3,3.5,3.125,4.5,1.75,4,4,3.8,2,3.3,3,4,3,2.6,,2,3.25,3,1,1,Bernie sanders,3,4,2,2,2,2,2,2,,90,80,90,80,4,12,3,4,2,30,"6,7",3,,1,2,,0,2,7,,Sanders,2,2,3
77,33,4,1,4,3,3,2.5,7,7,4.666666667,4.6,3.3,3.4,1,3,2.5,2.3,,2.8,1.5,2.5,1,1,Trump,5,5,2,2,2,2,2,,,100,1000,100,100,5,19,1,3,2,28,3,3,,1,2,,1,2,7,1,Trump,2,6,3
78,58,3,4,4,3.5,3.625,3.5,4.5,4.25,2.5,4.266666667,3.7,2.8,5.333333333,1,2.5,3.2,,3.4,3.75,4,1,1,Nil,3,3,2,2,2,2,2,2,,25,25,25,25,4,26,3,2,2,25,6,3,,1,2,,1,2,4,,neither,2,2,3
48,34,3,2.5,3,4,3.125,6.25,6,5,5.333333333,3.866666667,4.1,2.6,2.333333333,2,1.25,3,42,4,3,3,0,1,Sanders,2,3,2,2,2,2,2,2,,40,40,5,15,4,10,4,1,2,,"2,4,6",3,,2,1,22,0,1,4,3,Sanders,2,1,3
73,53,2.5,4,3,1,2.625,6.25,4.5,7,6.666666667,2.466666667,2.6,3.8,2.666666667,4,2.25,3.2,,3.2,1.5,3,0,1,"Trump, he's not scared to say what people think!",4,4,2,2,2,2,2,,,40,40,10,10,5,10,1,2,1,,"2,4,6",1,19,5,1,37,0,1,6,6,Trump,2,1,3
65,57,4,2,3,2,2.75,5.75,5.75,6.5,6.166666667,4.866666667,1.6,3.2,1.333333333,1,1.5,2,42,3.4,3.5,4,0,1,Bernie Sanders but voted for Clinton.,3,4,2,2,2,2,2,2,,33,33,25,9,4,10,1,2,1,38,3,1,17,4,1,38,0,2,3,3,Clinton,2,1,3
60,34,4,4,4,4,4,4,5.5,5.25,2.833333333,3.466666667,3.6,2.2,3,9,2.25,4.1,41,3.4,2.5,4.5,,1,Bernie Sanders,4,2,2,2,2,2,1,2,,40,0,35,25,3,19,2,2,2,22,"2,3",3,,2,1,22,1,2,3,3,Sanders,2,7,3
35,38,3,4,2,3,3,5.25,2.5,5,2.5,4.2,3.5,3.6,2,1,1.25,2.8,,2.6,2.75,2,0,1,Trump,4,4,2,2,2,2,2,2,,35,15,35,15,4,9,5,2,1,21,"2,4",3,,2,1,21,1,2,6,6,Trump,2,1,3
56,35,4,4,4,4,4,7,5,6.25,5.833333333,4.533333333,2.7,3.8,5,0,1.5,2.5,,1,1.25,1.5,0,1,,4,3,2,2,2,2,2,2,,25,35,20,20,2,7,5,1,2,18,"2,3,4,5",3,,1,1,18,1,2,4,,,2,1,3
68,41,4,3.5,3.5,3,3.5,6,3.25,6,4.333333333,4.066666667,4,4,2.333333333,4,,2.8,,4,3.25,4.5,0,1,Donald Trump,4,5,2,2,2,2,2,2,,20,25,25,30,5,10,3,1,2,18,"2,3,5,6,7",3,,5,1,18,1,2,5,5,Trump,2,1,3
72,55,2.5,4,2,1.5,2.5,5,5,5.5,5,3.6,3.3,3.6,3,5,1,3,42,2,2,2,0,1,Hillary Clinton,2,3,2,2,2,2,2,2,,30,55,10,5,5,10,4,2,1,32,6,3,,2,1,32,0,2,2,1,Clinton,2,1,3
73,57,3,4,4,2.5,3.375,6,5.25,6.25,5.333333333,3.8,2.1,3.5,1.333333333,3,1,2.4,41,2.6,1,3,,1,Neither,5,5,2,2,2,2,1,1,Chronic headaches,40,40,15,5,2,26,2,3,2,37,"4,5",1,4,5,1,28,0,2,4,4,neither,2,7,3
53,29,4,3.5,3,3,3.375,6.5,5.25,6,4.833333333,3.6,2.7,4,4.333333333,5,1.25,2,38,2.6,3,3.5,0,1,Trump,5,5,,,,1,,,,10,50,100,100,3,13,2,1,1,19,"2,3,4,5",3,,7,1,19,1,2,6,6,Trump,1,1,3
78,57,4,3.5,4,1,3.125,7,7,7,7,2.8,3,3.9,2,4,1.5,1.5,50,5,4.25,5,0,1,Trump,5,5,1,2,1,1,,,,25,25,25,25,5,19,1,1,1,48,"2,3,6",1,30,5,1,48,0,2,5,5,Trump,1,1,3
56,42,3.5,4,3.5,3,3.5,6,6.25,7,4.666666667,2.866666667,3.9,3.8,1,1,1.75,3.2,,2.6,2.75,4.5,,1,Clinton,5,5,2,2,2,2,2,2,,30,10,40,20,5,9,4,2,2,20,"2,3,7",3,,2,1,20,1,2,3,2,Clinton,2,7,3
74,34,4,4,4,4,4,4.25,7,6.5,3,3,4.3,3,3,3,1,3.4,,2,3,2,0,1,Hillary Clinton,4,3,2,2,2,2,2,,,30,30,30,10,4,10,1,2,2,18,2,3,,3,1,18,1,2,2,3,Clinton,2,1,3
65,43,3,3.5,3,3,3.125,5,4.75,6,2.333333333,3.266666667,3.6,2.8,2.666666667,6,2.25,3.3,39,2.6,2.5,4,,1,Hillary Clinton,4,4,,,,,,1,Back Problems,20,10,55,15,4,9,1,2,2,20,3,3,,1,1,20,1,2,2,2,Clinton,2,8,3
77,51,2,2,1.5,2,1.875,5.75,2.25,6,4,3.266666667,3.5,2.8,1,1,2,3.5,,4,3.5,3.5,1,1,Hillary,2,4,2,2,2,2,2,2,,30,40,25,5,5,9,1,2,2,25,"2,3,5",3,,3,1,25,1,2,3,3,Clinton,2,3,3
57,31,3,3,4,3.5,3.375,2.75,4.75,6,3.5,3.2,3.9,2.5,3.666666667,4,1.5,3.3,,3,3.5,5,,1,Hillary Clinton,3,3,2,2,2,2,2,,,5,0,45,50,5,10,2,1,2,20,"3,5",3,,6,1,20,1,2,3,2,Clinton,2,7,3
51,46,4,4,4,3.5,3.875,4,6.75,7,6.333333333,4.466666667,3.4,3.7,1,5,1,2.4,,3,3.75,5,0,1,Clinton,4,4,2,2,2,2,2,2,,26,26,23,25,4,10,3,4,2,,"3,7",3,,7,1,25,0,1,5,5,Clinton,2,1,3
68,44,4,3,4,4,3.75,3.25,6,4,6,4.2,2.6,4,1,5,1.25,2.4,42,4,4.5,2.5,1,1,Deadpool,5,2,2,2,2,2,2,2,emotional,0,10,65,25,3,13,5,4,1,,3,1,1,1,1,15,0,1,4,4,nonsense,2,3,3
68,30,3.5,4,3,3.5,3.5,6.25,5.75,5.5,3.166666667,3.4,3.5,3,4,4,1.25,3.4,42,3.8,4,4,0,1,Hilary Clinton,4,4,2,2,2,2,2,2,,10,10,10,10,5,10,2,1,2,,"2,4",3,,7,1,20,0,1,2,2,Clinton,2,1,3
76,39,3.5,4,4,3.5,3.75,5.25,5.25,6.5,3.666666667,3.666666667,2.4,3,1.333333333,2,3,3.3,34,2.2,3,3,0,1,trump,3,3,2,2,2,2,2,2,,0,0,70,30,5,8,3,1,2,,"3,5",3,,2,1,20,0,1,4,4,Trump,2,1,3
74,44,4,4,4,3.5,3.875,7,7,7,4.666666667,3.933333333,3.7,3.8,1,3,3.25,2.9,,3.8,4.75,5,0,1,,4,5,2,2,2,2,2,2,,25,30,30,15,4,11,2,1,2,,"3,5",3,,7,1,21,0,1,,,,2,1,3
64,42,4,4,3.5,4,3.875,7,7,7,4.833333333,4.066666667,3.6,3.5,1,4,2,1.7,51,2.6,3.75,4.5,0,1,Clinton,1,2,1,2,2,2,2,2,,35,15,30,20,5,11,1,1,2,20,3,3,,7,1,20,1,1,1,1,Clinton,1,1,3
74,43,3.5,4,4,3.5,3.75,5.5,6.25,6.25,3.333333333,4.266666667,3,3.1,3.666666667,7,1.75,2.8,42,2.8,3,4,1,1,Clinton,4,4,2,2,2,2,2,2,,15,50,25,10,3,14,2,4,2,23,"2,3,6,7",1,,2,1,23,1,2,2,2,Clinton,2,2,3
77,34,2,2,3,3,2.571428571,4.75,3.5,4,3.833333333,3.533333333,2.8,2.7,1,1,1,2.7,42,3.2,2.5,2.5,0,1,Bernie Sanders,4,4,2,2,2,2,2,2,,25,25,25,25,3,9,2,1,2,,3,3,,4,1,22,0,1,2,1,Sanders,2,1,3
78,57,3.5,3.5,4,2,3.25,5.75,3.75,7,6.5,5,3.6,3.7,1,5,1,2.7,42,3.4,1.5,3,1,1,Bernie Sanders,3,3,2,2,2,2,2,2,,50,30,10,10,5,5,5,1,1,,"3,5",3,,4,1,27,0,1,6,2,Sanders,2,5,3
58,42,3,3,3.5,3.5,3.25,6,6.25,7,6.833333333,4.4,1.3,3.7,5.333333333,4,1,1.9,,2,1.25,4,0,1,Not Trump,2,5,2,2,2,2,2,2,,0,0,80,20,1,25,1,3,1,,3,3,,1,1,21,0,1,,,Anti-Trump,2,1,3
78,36,3.5,4,3.5,4,3.75,5.75,5.75,7,3.666666667,3.133333333,4.4,2.4,2,2,4.5,4.4,,2.2,1.25,5,0,1,Bernie Sanders,4,3,2,2,2,2,2,,,30,40,20,10,5,8,1,1,2,,"6,7",3,,3,1,22,0,1,2,2,Sanders,2,1,3
58,36,3.5,2,2.5,3,2.75,4,5.75,5,4,3.6,3.6,3.1,3,1,1,2.6,42,2.6,2.75,3,1,1,HxCx.,3,4,2,2,2,2,2,2,,27.5,27.5,22,23,3,16,3,4,1,25,1,3,,3,1,25,1,1,2,2,Clinton,2,6,3
74,39,2.5,4,2.5,3,3,3.75,6.75,7,5.5,2.4,4.4,2.9,3,0,2.5,3.9,,3,2.25,5,0,1,Hillary Clinton,5,5,2,2,2,1,2,2,,40,30,20,10,5,10,1,1,2,22,"2,3",3,,2,1,22,1,1,2,1,Clinton,2,1,3
46,34,3.5,3.5,4,4,3.75,5.5,6.25,6.5,4.333333333,2.933333333,4.1,3.3,1,1,1,3,42,2.4,1.5,4.5,0,1,Donald Trump,1,1,2,2,2,2,2,2,,5,0,65,30,2,9,5,1,1,20,"3,5",3,,3,1,20,1,1,5,5,Trump,2,1,3
63,43,4,1.5,2.5,3,2.75,6.5,5.75,7,7,4.533333333,1.5,3.8,5.666666667,4,1,1.5,,2.2,1.5,4.5,0,1,Clinton,4,5,2,2,2,2,2,2,,0,25,50,25,1,25,2,3,1,21,3,3,,1,1,21,1,1,,,Clinton,2,1,3
78,37,2.5,4,4,2,3.125,7,7,7,2.333333333,1.666666667,4.8,2,1,3,5.25,4.3,,3.8,4,5,0,1,Neither. I refuse to vote in this election.,5,3,2,2,2,2,2,,,30,25,25,20,5,12,5,1,2,23,"3,5,7",3,,1,1,23,1,1,7,7,notvote,2,1,3
63,49,3.5,4,3.5,3.5,3.625,7,5.5,7,5.833333333,2.933333333,4.4,3.1,2.333333333,0,1.25,3,,3,3.25,3.5,0,1,Trump but I feel neither of the candidates should become president.,4,4,2,2,2,2,2,,,20,30,35,15,5,6,4,1,2,21,"2,3,4,5,6",3,,2,1,21,1,1,4,5,Trump,2,1,3
60,37,3.5,3.5,3.5,4,3.625,7,6.25,6.75,5.333333333,3.866666667,2.8,2.4,1,1,1.5,2.8,,3.2,3,3,0,1,Donald Trump,4,3,2,2,2,2,2,2,,20,30,30,20,4,11,4,1,1,20,"3,5,7",3,,2,1,20,1,1,5,6,Trump,2,1,3
40,32,3,2.5,2,2,2.375,4.75,5,5.25,5.666666667,4.133333333,1.6,3,1,1,1.75,2,42,1,1,3,0,1,Clinton,4,4,2,2,2,2,2,2,,10,50,20,20,2,14,1,1,2,,3,3,,1,2,,0,1,4,3,Clinton,2,1,3
72,35,4,4,4,4,4,4,6,6.75,2.5,3.6,3.6,2.6,3.333333333,2,3.5,4.1,26,4,4,5,0,1,Clinton,4,3,2,2,2,1,2,2,,20,30,45,5,4,26,1,2,2,,2,3,,2,2,,0,1,4,4,Clinton,2,1,3
68,36,3,4,2.5,3.5,3.25,7,6.75,7,6,4,3,3,2,1,3.75,2.1,,4,3.25,4,0,1,Clinton,4,3,2,2,2,2,2,2,,25,25,25,25,4,11,5,1,2,,2,3,,1,2,,0,1,,,Clinton,2,1,3
69,43,4,3.5,3,3.5,3.5,7,5,6,3.833333333,3.4,2.8,3.3,3.333333333,4,1.75,3,,4.6,4.5,4,0,1,I dont know,3,3,1,2,2,2,1,,,20,40,30,10,4,10,5,1,2,,"2,6",3,,4,2,,0,1,1,1,dontknow,1,1,3
72,42,4,4,4,4,4,5.5,4,7,3.666666667,3.733333333,4.1,3,3,4,3.5,3,,4,3,4,0,1,Hillary Clinton,3,3,2,2,2,2,2,2,,25,25,25,25,5,14,1,1,2,,"2,4",3,,1,2,,0,1,4,3,Clinton,2,1,3
44,39,3.5,4,4,4,3.875,3.75,4.75,6.5,4.333333333,2.6,2.4,3.1,1,8,1.25,3.4,,2.8,3.5,3,0,1,Bernie Sanders,1,1,2,2,2,2,2,2,,50,100,100,100,3,11,1,4,2,,"2,3",3,,2,2,,0,1,2,4,Sanders,2,1,3
70,42,4,4,3.5,4,3.875,7,7,7,6.166666667,4.933333333,3.5,2.9,2,5,1,2.2,,3.8,3.75,5,0,1,Hilary Clinton,4,4,2,2,2,2,2,2,,30,15,50,5,5,12,1,1,2,,6,3,,1,2,,0,1,3,4,Clinton,2,1,3
71,44,4,4,3,4,3.75,7,7,7,2.833333333,3.866666667,2.5,3.9,3,2,3.5,4.4,34,3.8,4,5,0,1,Neither. i feel sorry for America,1,1,2,2,2,2,2,,,,,,,2,9,1,1,2,,"2,3,4,5,6,7",3,,2,2,,0,1,5,4,neither,2,1,3
77,37,4,4,4,4,4,6.75,6.5,7,3.666666667,4.066666667,4.1,2.9,7,4,1.25,3.1,,4.2,4.25,4,1,1,hilary clinton,3,3,2,2,2,2,2,2,,15,30,30,25,4,10,2,4,2,22,1,3,,2,2,,1,1,2,4,Clinton,2,6,3
66,49,4,4,4,3.5,3.875,7,6,7,3.333333333,3.733333333,4,2.9,3,1,1.75,2.9,49,3,1.5,2.5,0,1,Hillary clinton,3,3,1,2,1,2,2,,,20,10,60,10,2,12,2,2,2,21,"2,3,4,5",3,,2,2,,1,1,5,4,Clinton,1,1,3
65,32,4,3,3,3.5,3.375,4.5,6.75,6.75,4.833333333,3,2.9,3,1,2,1.75,2.8,42,2,3.25,2.5,0,1,Hillary Clinton,3,3,2,2,2,2,2,2,None,0,0,50,50,4,12,2,1,2,20,3,3,,5,2,,1,1,5,,Clinton,2,1,3
64,36,4,4,4,4,4,3,2.25,3.25,5.833333333,2.866666667,3,4,4,1,1.5,,,4.4,5,5,0,1,,3,3,,,,,,,,0,0,0,0,,,,,2,20,"2,3,6,7",3,,1,2,,1,1,4,5,,2,1,3
64,50,2.5,4,2.5,3.5,3.125,6.75,6.5,5,4.166666667,2.666666667,4,2.3,3,4,4.5,2.9,34,3.8,3.5,3.5,1,1,,4,3,2,2,2,2,2,2,,20,20,40,20,4,12,4,1,2,19,"3,5,7",3,,1,2,,1,1,,,,2,4,3
74,36,3.5,3,3,2.5,3,3.75,4.5,7,5.5,4.4,3,3.6,3.333333333,1,2.25,2.6,,3.2,2.5,2.5,0,1,Clinton lesser of two evils,4,5,2,2,2,2,2,2,,30,30,20,20,5,11,2,1,1,20,"3,5",3,,7,2,,1,1,6,4,Clinton,2,1,3
70,35,4,4,4,4,4,3.25,6.5,5.25,4.833333333,4.4,3.2,3.5,4.333333333,3,1.5,2.8,36,4.2,3.75,5,,1,Trump,5,5,2,2,2,1,2,2,,25,50,15,10,5,10,5,2,1,,2,1,5,2,1,18,0,1,3,3,Trump,1,7,3
65,39,3.5,3,3.5,2.5,3.125,5.75,6,5.75,5.5,4.533333333,3.5,3.5,2.333333333,3,3.75,3,42,4.2,4.5,4,,1,Hillary Clinton,4,4,2,2,2,2,2,2,,99,89,85,75,4,11,2,1,1,20,2,3,,5,1,20,1,2,3,3,Clinton,2,7,3
66,33,2.5,3,4,3.5,3.25,5,5.75,2.25,4.166666667,2.733333333,3.5,3.4,1,1,1.5,2.4,,2.2,2.25,3,1,1,Bernie Sanders,2,3,2,2,2,2,2,2,,25,25,30,20,3,14,3,1,1,,3,3,,2,1,24,0,1,2,3,Sanders,2,4,4
66,49,3,4,2.5,4,3.375,6,5,3,5.666666667,4.266666667,3.5,3.6,2,7,2.25,2.8,,3,2.75,3,0,1,Clinton or Cruz,4,5,2,2,2,2,2,2,,30,40,20,10,5,11,4,1,2,,"2,3,4,5,6",3,,7,1,25,0,1,4,3,Clinton-Cruz,2,1,4
70,45,3,4,3,3,3.25,6,6,2,3.833333333,3.333333333,4.2,2.9,2.333333333,0,2.5,3.7,42,4,3.75,4,0,1,Bernie Sanders,4,4,2,2,2,2,2,2,,30,30,15,25,5,10,2,1,2,,1,3,,4,1,29,0,1,3,3,Sanders,2,1,4
59,49,4,3.5,3.5,2,3.25,7,6,7,5.666666667,5.466666667,2.9,3.7,1,9,1.75,2.1,42,2.2,2.5,3,0,1,Kasich,4,4,2,2,2,2,2,2,,20,10,40,30,4,12,3,1,2,,"2,4",3,,4,1,25,0,1,,6,Kasich,2,1,4
59,46,3,2,3,2.5,2.625,5.75,5.25,6.75,4,4.8,3.7,3.1,1,7,1,3,40,3.4,3.25,2.5,0,1,TBD- they are both pretty bad choice atm,3,3,2,2,2,1,2,2,,40,10,20,20,5,9,3,1,2,,"3,5",3,,3,1,28,0,1,4,4,neithr,2,1,4
61,38,4,3,4,4,3.75,5,5.25,4,5,4.133333333,3.4,3,4,7,1.25,2.7,42,2.8,2,2,1,1,Bernie Sanders,4,4,2,2,2,2,2,,,17,25,30,28,3,10,2,4,2,,2,3,,2,1,10,0,1,3,2,Sanders,2,3,4
46,35,3,4,3,4,3.5,4.5,5,2.75,3.333333333,2.866666667,4.2,2.2,4,1,1.25,4.1,,3,3.25,1.5,0,1,Not sure,2,3,2,1,2,2,2,2,,25,25,25,25,4,26,2,1,1,,"3,5",3,,4,1,26,0,1,3,4,dontknow,2,1,4
48,40,4,4,4,3.5,3.875,5.5,6.75,7,3.666666667,3.133333333,2.5,3.4,3.333333333,5,1.75,3.3,,3.4,3.5,4,0,1,Bernie!!!!!!!!!!,2,1,2,2,2,2,2,2,,0,5,45,50,1,12,1,1,1,,"3,5,7",3,,3,1,26,0,1,2,3,Sanders,2,1,4
60,43,4,4,4,4,4,7,6,7,5.5,4.2,4,3.3,1.666666667,6,1,2.9,,2.8,3.25,5,0,1,none,4,4,2,2,2,2,2,2,,40,15,10,35,4,9,1,2,2,,1,3,,3,1,24,0,1,,,neither,2,1,4
52,23,4,4,4,4,4,5.75,2.25,4,2.833333333,5.266666667,4.3,1.6,5,1,2.75,3.4,50,2.6,3.25,2,0,1,John Kasich,3,2,2,2,1,2,2,2,,10,0,45,45,2,11,3,1,2,,5,3,,1,1,23,0,1,,,Kasich,2,1,4
74,48,3.5,3.5,4,3.5,3.625,4.75,4.75,7,5.5,4.733333333,3.1,3.4,1,1,1.5,1.8,42,3.6,3.25,3,0,1,Bernie Sanders,5,5,2,2,2,2,2,2,,60,13,13,14,4,11,2,4,1,,"2,3",3,,5,1,23,0,1,1,7,Sanders,2,1,4
48,35,3,3,4,3,3.25,5.25,4.75,3.25,3.333333333,3.8,2.3,3.3,4.333333333,5,1.75,2.9,66,3.6,3,3.5,0,1,No one,2,4,2,2,2,2,2,2,,0,0,85,15,2,14,1,1,2,22,"2,3,4,5,6,7",3,1,1,2,,1,1,2,3,neither,2,1,4
70,38,4,4,4,4,4,6,5.75,5,4.333333333,2.666666667,4.4,3.8,2,7,1.5,2.8,42,4,3.75,3.5,0,1,Hilary Clinton,3,1,2,2,2,2,2,,,10,0,70,20,4,10,2,1,2,23,"6,7",3,,2,2,,1,1,3,6,Clinton,2,1,4
64,37,3,4,4,3.5,3.625,1,5.5,7,5.333333333,1.8,3,2.9,1.666666667,1,4.5,4.6,42,2.2,2.25,3,0,1,I dont know,3,4,2,2,1,2,2,2,,0,0,50,50,1,25,3,1,2,25,1,3,,2,2,,1,1,,,dontknow,2,1,4
42,40,2.5,3,1,1,1.875,4.5,6,7,5.666666667,4.333333333,1.1,3.1,5.333333333,5,2.25,1.7,,2.4,1,1,0,1,none,1,1,2,2,2,2,2,2,,1,1,49,49,1,26,1,2,1,25,"3,5",3,,2,2,,1,2,,4,neither,2,1,4
59,40,4,4,4,4,4,2.25,2.75,7,3.333333333,3.6,4.1,2.9,1,4,2.5,4.2,,2.6,1,3,0,1,"I am not a US citizen, so I do not have the right to vote. If this was the case, between Trump and Clinton, I would vote for Clinton",3,3,2,2,2,2,2,,,5,40,40,15,3,13,1,1,2,23,"3,5,7",3,,6,2,,1,2,2,3,Clinton,2,1,4
70,41,3.5,4,4,3.5,3.75,5.25,6.25,7,3.666666667,4.266666667,4.2,3,1,6,1.5,4.2,,3.6,3.5,5,0,1,None,1,1,2,2,2,2,2,2,,25,15,30,30,3,12,1,1,2,23,"3,5",3,,5,2,,1,2,3,,neither,2,1,4
62,33,4,4,3.5,4,3.875,6.75,6.5,7,4.166666667,1.8,4.2,3.4,3.666666667,7,2.5,3.8,,2.4,1.25,3,0,1,"None, but I was a US Citizen and had a gun next to my head, I would vote for Trump",4,4,2,2,2,2,2,,,10,25,35,30,3,19,1,1,1,23,2,3,,3,2,,1,2,1,4,Trump,2,1,4
70,39,3.5,3,3,3.5,3.25,7,6.75,6.75,4.666666667,3.866666667,3.3,2.7,1.333333333,3,3,2.7,,2.2,2.75,3,0,1,Klinton,4,3,2,2,2,2,2,2,,30,10,40,20,3,16,1,1,2,25,1,3,,5,2,,1,2,,2,Clinton,2,1,4
73,34,3.5,4,3.5,3,3.5,3.5,4.5,7,3.666666667,4.133333333,4.3,2.3,5.333333333,7,1,3.4,,2.8,3.25,5,0,1,,4,3,2,2,2,2,2,,,70,70,90,90,4,17,1,1,2,25,3,3,,2,2,,1,2,4,4,,2,1,4
72,42,4,3.5,4,4,3.875,5.75,5.75,4.75,4.5,4.066666667,4.2,3.4,1.666666667,6,1.75,3.1,42,2.4,3,3.5,0,1,Hilary Clinton but I hate her,4,5,2,2,2,2,2,2,,10,30,50,10,4,9,2,2,2,25,"2,3,4,5,6,7",3,,1,1,25,1,1,3,,Clinton,2,1,4
61,56,2.5,3.5,2,3,2.75,5.75,5,5.25,4.5,4.2,3.4,3.6,1,4,1,3.1,41,3.4,2.25,4,0,1,Evan McMullin,3,4,2,2,2,1,2,,,45,35,15,5,4,11,2,2,2,40,"2,3,4,5,6,7",3,,4,1,38.5,0,1,6,5,McMillan,2,1,4
64,37,3,4,4,3.5,3.625,3.75,3.5,2.25,2.5,3.2,2.9,2.7,3,4,1,3.8,33,3.2,2,3,0,1,Evan McMullin,4,3,2,2,2,1,2,,,40,35,20,5,4,14,4,1,2,25,"3,5,7",3,,1,1,25,1,1,5,6,McMillan,2,1,4
63,46,4,2.5,3.5,2.5,3.125,5.5,6,7,3.5,4.066666667,2.5,3.3,1.666666667,3,2.25,2.9,38,2,2,1.5,0,1,Trump,4,4,2,2,2,2,2,2,,45,45,0,10,4,9,5,1,2,25,"4,5,6,7",3,,2,1,25,1,2,6,6,Trump,2,1,4
63,38,3.5,4,3,3.5,3.5,7,7,5.5,5.333333333,5.333333333,3.3,3.4,1,3,1.5,3,,3.8,3,4,0,1,Hillary Clinton,5,4,2,2,2,2,2,2,,30,15,35,20,5,12,1,1,2,,"2,4,6",3,,1,1,22,0,1,2,2,Clinton,2,1,4
59,44,4,4,3,4,3.75,4,7,7,6.666666667,3.466666667,3.4,3.4,2,3,1.25,2,,2.2,2.75,3,0,1,Bernie Sanders,3,3,2,2,2,2,2,2,,25,45,15,15,4,10,4,1,1,,"2,3,7",3,,4,1,22,0,1,2,3,Sanders,2,1,4
61,37,3.5,4,3.5,3.5,3.625,6.5,5.25,5.5,4.666666667,3.6,3.7,3.1,2,5,2,3.7,,3.2,2.75,4,0,1,I am not voting because I don't know enough about it.,4,3,2,2,2,2,2,2,,15,60,20,5,5,9,4,1,2,,"2,3,5",3,,7,1,22,0,1,,,notvote,2,1,4
71,37,4,4,3.5,4,3.875,4.5,5.5,3,3,2.133333333,4.5,2.7,1,3,2.75,3.7,23,4.4,2.75,4,0,1,Bernie Sanders- ANYONE BUT TRUMP!,4,3,2,2,2,2,2,1,Mental Illness,30,35,30,5,4,6,3,1,2,,"3,5",3,,5,1,22,0,1,4,,Anti-Trump,1,1,4
78,44,4,3.5,4,3.5,3.75,6,6.75,7,4.833333333,2.866666667,2.6,3.6,4,9,2.75,3.6,44,2.6,2.25,4,1,1,Clinton,1,1,1,2,2,2,2,2,,35,35,20,10,5,10,5,1,2,,"2,6,7",3,,3,1,22,0,1,1,1,Clinton,2,2,4
75,57,4,3,3.5,4,3.625,6.25,6.75,2.25,6.333333333,3.666666667,2.6,3.3,1,5,1,2.3,42,3.2,2.5,4,1,1,None,1,2,2,2,2,2,2,2,,20,20,40,20,2,19,1,2,2,,"2,3,6",3,,3,1,21,0,1,2,3,neither,2,2,4
58,35,3.5,3.5,4,3.5,3.625,6.25,6,5.75,2.833333333,3.4,4,3,1.333333333,3,1.25,3.2,,2.6,3.75,3.5,0,1,Hillary Clinton,3,2,2,2,2,2,2,2,,10,20,40,30,4,12,1,1,1,,"2,3,4,5",3,,1,1,22,0,1,2,2,Clinton,2,1,4
74,40,3,4,3,3,3.25,4.5,5,3,4.666666667,3.266666667,3,2.9,3,1,1,2.6,,3,2.5,3,0,1,Literally None,4,4,2,2,2,2,2,,,25,25,25,25,5,8,4,1,2,,"2,4",3,,4,1,22,0,1,6,7,neither,2,1,4
52,44,3,2,3.5,3.5,3,5.75,5.666666667,,5.666666667,3.4,2.7,3.1,4,4,2,2.2,,2.6,2.25,2,0,1,Hilary,3,3,2,2,2,2,2,,,20,0,40,40,3,9,2,1,2,23,"2,4,6",3,,5,1,23,1,2,2,2,Clinton,2,1,4
66,37,4,3.5,4,4,3.875,7,6.75,5.5,5.5,3.333333333,4.4,3,3.333333333,6,2,3.4,,3,3.75,2.5,0,1,Hillary Clinton,4,4,2,2,2,2,2,2,,20,30,10,40,3,13,4,1,2,22,2,3,,3,1,22,1,2,2,2,Clinton,2,1,4
62,53,3,3.5,1,2.5,2.5,7,6,7,5.666666667,3.933333333,3.5,2.9,1.333333333,3,1.75,2.9,55,2,1.5,3,0,1,Donald Trump,4,4,2,2,1,2,2,2,,40,30,20,10,5,6,5,1,1,30,"3,5",3,,3,1,30,0,1,7,7,Trump,2,1,4
77,40,4,3,3,4,3.5,6.25,7,7,3.166666667,5.066666667,2.3,3.9,1,5,1.5,1.8,51,2.2,1.5,3,0,1,Hillary Clinton,5,4,2,2,2,2,2,1,Asthma,25,25,25,25,4,12,1,1,1,30,"2,3,5,7",3,,5,1,30,0,1,2,2,Clinton,2,1,4
77,51,4,4,2.5,1,2.875,6.25,6.5,6.75,5,4.066666667,2,3,1,1,2.25,3.1,,1.8,3,3.5,1,1,Difficult to say but i pick Hillary Clinton over Trump,4,5,2,2,2,2,2,,,30,40,20,10,5,9,3,4,2,54,"3,4",3,,4,1,26,0,1,,3,Clinton,2,2,4
69,34,3.5,3.5,3.5,3,3.375,4.75,7,1,2.333333333,3,2.7,2.8,2.333333333,1,3.75,3.7,62,1.2,1.75,3,0,1,,5,1,2,2,2,1,1,,,25,25,25,25,5,9,1,2,1,,1,3,,2,1,24.5,0,1,2,3,,1,1,4
56,41,4,4,3.5,4,3.875,4.75,6.25,6.75,3.833333333,2.733333333,3,3.4,3.333333333,3,3,3.7,31,3.2,3.25,4,0,1,Hillary Clinton,4,3,,1,1,1,,,,20,20,30,30,3,9,2,1,3,,2,3,,1,1,22,0,1,2,1,Clinton,1,1,4
58,42,3.5,3,3.5,4,3.5,6.75,6,7,4.333333333,4.333333333,4,3.1,2,5,3.75,3,23,2.6,3.5,5,0,1,Clinton by default because Trump is terrible,3,3,2,2,2,1,2,2,,10,20,30,40,3,14,2,2,2,,"2,6",3,,2,1,23,0,1,3,3,Clinton,1,1,4
18,19,3.5,4,3.5,4,3.75,2,7,7,4,3.466666667,4.2,3.2,1,5,1,3.6,36,3.4,4.75,5,0,1,"Clinton, but previously Sanders",1,1,2,2,2,1,2,2,,20,0,10,70,3,11,1,1,2,,"3,5,7",3,,3,1,24,0,1,1,1,Sanders-Clinton,1,1,4
50,44,4,3.5,2.5,2.5,3.125,5.75,5.5,1,3.5,3.4,2.9,3,4.333333333,5,2.5,2.6,41,2.4,1.25,3,1,1,,2,4,2,2,2,1,2,,,10,0,45,45,2,12,2,1,2,,"3,5,7",3,,1,1,22,0,1,2,2,,2,4,4
45,28,4,4,4,3.5,3.875,5,1.75,1.5,2.333333333,3.066666667,2.6,2.8,3,0,1,3.7,,2.2,1.25,3,0,1,Clinton,2,1,2,2,2,1,2,2,,0,0,60,40,1,12,2,1,2,,1,3,,1,1,15,0,1,2,3,Clinton,2,1,4
51,42,4,3,4,3.5,3.625,7,7,7,6.833333333,3.133333333,3.2,3,1,1,1,2.8,52,2.6,1.25,3,1,1,Hillary Clinton,2,3,1,1,1,1,2,,,50,0,25,25,3,9,1,1,1,,2,3,,3,2,,0,1,2,3,Clinton,1,1,4
64,41,3.5,4,3.5,4,3.75,4,6.75,6.75,3.166666667,3.4,3.3,3.3,2.333333333,5,2,2.9,41,2.8,2.25,1.5,0,1,trump,2,2,2,2,2,1,2,2,,15,0,65,20,3,9,3,1,2,,"2,3,4,5,6",3,,1,2,,0,1,6,6,Trump,2,1,4
72,48,4,3,4,4,3.75,6.5,6.75,7,5.333333333,4.8,4.2,3.4,1.666666667,4,1,2.4,58,3.8,4.5,5,0,1,Hillary Clinton,4,5,2,2,2,1,2,2,,40,10,90,20,3,14,1,1,2,,1,3,,1,1,23,0,1,2,2,Clinton,1,1,4
65,42,4,4,3.5,4,3.875,5.75,5.25,6,3.666666667,2.6,3.3,3.1,2,2,1.25,3.7,,3,1.5,2,0,1,Clinton,3,3,2,2,2,2,2,2,,15,5,40,40,2,19,1,1,2,,3,3,,3,1,23,0,1,2,3,Clinton,2,1,4
70,48,3,4,2.5,4,3.375,6.25,6,6.75,4.833333333,3.866666667,3.5,2.9,3.333333333,1,2.5,3.4,39,3.2,3.25,3,0,1,Gary Johnson,4,4,1,1,2,2,2,,,45,30,20,5,3,8,3,1,2,,"2,3,4,5",1,2,7,1,17,0,1,4,5,Johnson,1,1,4
72,46,4,4,4,3,3.75,7,7,7,3.666666667,3.2,3.1,2.7,2,5,2,3.5,,3.2,2,2.5,0,1,Clinton,2,3,2,2,2,2,2,2,,20,10,30,40,4,12,3,1,2,,"3,5,7",3,,6,1,23,0,1,5,6,Clinton,2,1,4
68,35,4,3,3,4,3.5,5.25,6.75,6.5,6.333333333,3,4.2,3.1,2,6,2.5,3.5,42,2.8,2.75,3,0,1,Gary Johnson,4,4,2,1,2,1,2,2,,25,20,25,30,5,9,3,1,2,,5,3,,3,1,22,0,1,2,2,Johnson,2,1,4
76,47,4,3.5,4,3.5,3.75,4.5,6.75,6.75,6,3.6,3.2,3.8,2,6,2.25,2.2,41,4,4,5,1,1,Anyone but Trump,5,2,2,1,2,2,2,2,,10,70,10,10,2,9,5,1,1,,"2,3,6,7",3,,4,1,26,0,1,3,3,Anti-Trump,2,3,4
65,48,4,3,3.5,3.5,3.5,6.25,7,7,6,4,2.7,3.6,2.333333333,1,1,2.3,65,3.6,3.25,3.5,1,1,Jill Stein,3,2,2,2,2,2,2,1,Cancer (remission),20,10,25,45,3,16,2,1,1,,"2,3,4,5,6,7",3,,7,1,25,0,1,1,3,Stein,2,4,4
54,40,4,3,3.5,4,3.625,5.75,6,6,3.833333333,3.533333333,2.4,3.3,2,3,2.25,2.8,,3.2,2.75,2,,1,Hiliary,1,2,2,2,2,2,2,2,,15,10,50,25,2,9,2,1,2,,3,3,,3,1,22,0,1,2,2,Clinton,2,7,4
61,48,2.5,4,2.5,4,3.25,4.75,3.25,4.75,4.5,3.333333333,4.4,2.9,1,1,5.25,4,42,2.2,2,2,,1,None,1,1,2,2,2,2,2,2,,0,20,50,30,2,14,2,2,2,,"2,3,4,5,7",1,3,4,1,25,0,1,4,5,neither,2,7,4
61,47,4,3.5,4,3.5,3.75,4.5,5.25,7,4.333333333,3.266666667,1.7,3.7,1,1,1.25,2.2,37,2.4,1.25,4,0,1,none.,1,2,1,2,2,2,1,2,,5,0,60,35,2,9,2,2,2,,2,3,,2,1,24,0,1,,,neither,1,1,4
57,36,2.5,4,3,3,3.125,4.5,5,5,2.166666667,2.6,4,2.2,2,1,3.333333333,3.7,42,3.6,2.75,3,0,1,Bernie Sanders,4,2,2,2,2,2,2,2,,45,0,40,15,4,10,4,2,2,,"2,3,4,6,7",3,,2,1,24,0,1,3,,Sanders,2,1,4
65,36,3,4,4,4,3.75,3.5,5.5,6.5,2.333333333,3.933333333,3.6,2.8,2.333333333,9,2.75,3.9,33,2,2.5,3.5,0,1,N/A,4,2,2,2,1,1,2,2,,30,10,50,10,5,11,5,1,2,,2,3,,3,1,26,0,1,,,na,2,1,4
52,28,3,4,3,3.5,3.375,1,4.25,1.75,2,3.666666667,2.9,2.8,3.333333333,3,1,3.8,,1.8,3,2,1,1,Clinton,3,4,2,2,2,2,2,2,,10,30,50,10,3,12,3,4,1,,1,3,,2,1,21,0,1,4,2,Clinton,2,2,4
58,46,2.5,4,2.5,3,3,7,4,7,5.833333333,4.533333333,1.9,4,2,4,1.25,1.9,,1,1,2,0,1,"Neither! I Will suport who ever wins , but will not contribute in putting either in office.",4,5,2,2,2,2,2,2,,30,30,35,5,4,26,3,2,1,26,"2,3,4,6",1,8,9,1,26,1,1,5,5,neither,2,1,4
77,41,3.5,3,3.5,3.5,3.375,2.5,5.75,6,3.833333333,3.866666667,3.2,2.9,1,6,1,3.3,,2.8,2.5,3,1,1,None,3,3,2,2,2,2,2,2,,30,30,25,15,5,9,2,1,2,,3,3,,3,1,7,0,1,,,neither,2,4,4
63,51,2.5,3.5,3,3,3,6.75,7,7,6.333333333,3.733333333,4.1,2.9,1.333333333,4,1,2.3,,3,2.25,4,0,1,Bernie Sanders,4,5,2,2,2,2,2,2,,30,30,20,20,4,10,3,1,2,,"2,3,4,5",3,,6,1,26,0,1,3,2,Sanders,2,1,4
64,39,3.5,4,3.5,4,3.75,4.5,5.75,4.75,4,4.266666667,3.5,3.5,3,2,3.25,2.9,,3.2,3.25,3.5,0,1,None,4,4,2,2,2,2,2,2,,28,32,30,10,5,8,4,1,2,,"3,5",3,,1,1,21,0,1,5,6,neither,2,1,4
63,42,4,3.5,4,3.5,3.75,7,7,6.75,4.333333333,5.666666667,3.7,3.1,3.666666667,8,1.25,3.3,29,2.6,4,2,0,1,Bernie Sanders,2,4,2,1,2,1,2,2,,0,40,40,20,2,9,2,1,2,,"2,4",3,,8,1,22,0,1,1,1,Sanders,1,1,4
63,41,4,4,4,2.5,3.625,5.5,4,6.5,3.5,2.866666667,4.2,3,3.333333333,4,3.75,3.4,29,2.4,3,4,0,1,Bernie Sanders,1,3,2,2,2,1,1,2,,25,40,20,15,4,8,2,1,2,,"2,3,4,5",3,,2,1,21,0,1,2,3,Sanders,1,1,4
60,39,3,3,3,3.5,3.125,6.25,6.75,5.5,5,4.933333333,4,2.8,2.666666667,1,2.5,2.5,,3.6,3.75,3,,1,Cruz,4,4,2,2,2,2,2,2,,35,35,20,10,4,12,4,1,2,,2,3,,1,1,21,0,1,6,7,Cruz,2,7,4
56,38,2.5,3,3,3,2.875,6.25,4.25,4,5,4.933333333,3.1,2.8,1,2,1,2.3,46,2.8,1.75,3.5,0,1,,5,5,1,,,,,,,25,25,25,25,3,9,5,1,1,,"2,3,4,5,6,7",3,,7,1,23,0,1,6,6,,1,1,4
73,37,3.5,3.5,4,3.5,3.625,5.5,7,7,5,3.8,2.7,3.1,1,4,1.5,3.3,,3.2,3.75,5,1,1,Bernie Sanders,4,4,2,2,2,2,2,2,,25,25,25,25,4,11,3,4,2,,"2,3,4,5",3,,1,1,22,0,1,,3,Sanders,2,2,4
66,31,3.5,3.5,4,4,3.75,6,6.5,6,7,3.333333333,4.3,3.1,3,2,1.25,3,,3.4,2,1,0,1,none of them,4,5,2,2,2,2,2,2,,30,30,25,15,4,10,5,1,2,,"3,7",3,,7,1,21,0,1,5,5,neither,2,1,4
58,41,4,4,4,3.5,3.875,1.5,6,7,2.5,4.066666667,3.8,3.7,1,4,1,3.4,,4.2,2,4,0,1,Hillary Clinton,1,2,2,2,2,2,2,2,,0,0,50,50,1,14,1,4,3,25,1,3,,1,1,25,1,1,1,3,Clinton,2,1,4
68,37,3,4,3.5,4,3.625,5.25,5,7,4.5,3.133333333,3.2,3.2,1,6,2.25,4.1,,4.8,4,4.5,0,1,Clinton,5,4,2,2,2,2,2,2,,35,35,20,10,5,10,2,2,2,22,3,3,,3,1,22,1,1,1,1,Clinton,2,1,4
68,38,4,3.5,3.5,3.5,3.625,7,6,5.25,4.666666667,4.933333333,2.7,3.5,3.666666667,1,1.25,2.9,,2.4,1.5,4,1,1,Jill Stein,5,5,2,2,2,2,2,2,,35,35,20,10,4,9,2,1,2,22,3,3,,3,1,22,1,1,3,3,Stein,2,3,4
65,55,2.5,3,2,3.5,2.75,5.75,5.75,6,6.166666667,5.2,2.3,4,1,5,1.5,2,,1,1,1.5,1,1,Clinton,4,4,2,2,2,2,2,2,,0,60,30,10,2,19,2,2,2,38,"2,3,7",3,,8,1,38,0,1,4,3,Clinton,2,3,4
70,56,3,2.5,2.5,3,2.75,6.75,6.75,7,6.333333333,5,4,3.4,1,2,2.25,2.6,42,3.2,2.5,3.5,0,1,Trump,5,4,2,2,2,2,2,2,,100,50,0,50,4,9,5,1,2,61,"2,3,4,5,6",3,,1,1,61,0,1,6,6,Trump,2,1,4
69,51,3,4,3,3,3.25,4.75,5.5,6,3,3.533333333,3.1,2.9,3,1,2.25,3.4,42,3.2,2.25,3,0,1,trump,4,4,2,2,2,2,2,2,,50,10,25,15,3,14,3,2,2,55,"2,3,4,5,6,7",3,,5,1,55,0,1,4,6,Trump,2,1,4
63,59,2,1.5,3,2.5,2.25,6.25,5,7,4.833333333,5.533333333,2.6,3.1,2,0,4.333333333,2.6,,2,2,2,0,1,Hilary Clinton,3,2,2,2,2,2,2,2,,33,33,22,12,5,8,5,1,2,43,"3,5,7",3,,6,1,43,0,1,6,2,Clinton,2,1,4
70,58,4,3.5,4,2.5,3.5,7,6,7,7,5.733333333,2.4,4,5,9,1.75,1.5,,4,4.25,5,0,1,No One,5,5,2,2,2,2,2,2,,50,0,40,10,4,19,3,2,1,43,1,1,4,8,1,43,0,1,2,4,neither,2,1,4
55,38,4,4,4,3.5,3.875,5.75,7,5.75,2,2.466666667,4.5,3.5,5,4,2.75,4.6,,4,4.25,5,0,1,Hillary Clinton,2,2,2,2,2,2,2,2,,5,20,50,25,1,9,1,2,1,23,"2,3,4,5,6,7",3,,3,1,23,1,1,1,2,Clinton,2,1,4
53,37,4,3,3.5,4,3.625,6.25,5.75,4.75,3.833333333,4.333333333,3.1,2.9,1,3,1.25,2.7,,2.8,2.25,2,,1,"Jill Stein, probably.",2,3,2,2,2,2,2,2,,0,60,30,10,1,11,1,2,2,20,"2,4",3,,1,1,20,1,1,2,3,Stein,2,7,4
57,31,2.5,4,3,3,3.125,2.75,4.25,1,2.166666667,4.066666667,3.9,3.2,2,4,2,3.7,42,2.6,3.5,5,0,1,Clinton,2,1,2,2,2,2,2,2,,15,15,30,40,4,4,3,2,2,24,2,3,,3,1,24,1,1,1,3,Clinton,2,1,4
66,49,4,2.5,3.5,3.5,3.375,5,6,7,3.833333333,2.933333333,3.6,3.4,2,6,2.75,2.7,,4.4,3,3,1,1,Hilary Clinton,5,4,2,2,2,2,2,2,,30,30,30,10,5,10,1,1,2,24,2,3,,4,1,21,1,1,2,2,Clinton,2,4,4
59,41,4,3.5,3,4,3.625,6.25,6.75,5.25,2.333333333,3.666666667,3.7,3.1,2.666666667,5,1.25,3.5,,2.6,3,2.5,0,1,Hillary Clinton,3,3,2,2,2,2,2,2,,10,0,80,10,2,14,2,1,2,22,"2,3,4,5,6",3,,3,1,22,1,1,3,3,Clinton,2,1,4
45,40,3,4,3.5,3.5,3.5,6,6,6.25,3.333333333,3.666666667,3.9,2.9,4.333333333,2,2,3.7,,3.2,3,1,0,1,Hillary Clinton,3,4,2,2,2,2,2,2,,10,10,30,50,3,13,2,2,1,26,"2,4",3,,3,1,26,1,1,2,3,Clinton,2,1,4
63,39,2.5,3,3.5,3,3,4.25,4.5,4.75,6.333333333,3.2,3.2,3.3,1.333333333,3,2.5,2.7,,2.8,2,1,0,1,Hilary Clinton,2,4,2,2,2,2,2,,,50,10,15,25,5,6,3,1,2,22,"4,6",3,,6,1,22,1,1,2,3,Clinton,2,1,4
57,39,2,4,3,3,3,2,3,5.25,3.5,3.666666667,1.7,3.7,3,5,1.25,1.9,,1.4,1.25,1.5,0,1,Undecided,4,4,2,2,2,2,2,,,15,5,35,45,3,12,4,4,1,,2,3,,4,1,23,0,1,5,6,dontknow,2,1,4
67,47,4,2.5,3.5,3,3.25,7,7,7,6.166666667,5.333333333,4.2,4,1,3,2,2,42,4.6,3.5,4,0,1,Bernie Sanders,3,4,2,2,2,2,2,2,,35,30,25,15,4,8,1,1,1,,5,3,,2,1,22,0,1,3,3,Sanders,2,1,4
63,46,3.5,4,4,2,3.375,3.5,5.75,5.5,5.666666667,3,3.3,3.2,1,6,1,2.5,,4.4,4,5,0,1,Bernie sanders!!ðŸ‘´ðŸ»,4,4,2,2,2,2,2,,,30,20,40,10,3,11,1,1,2,,"2,4,6",3,,2,1,22,0,1,2,1,Sanders,2,1,4
62,39,4,2.5,3,2.5,3,6.25,6,6.25,5.833333333,4.466666667,2.4,3.4,1.666666667,3,1.5,2.3,42,4,2.5,2.5,0,1,Hillary,4,4,2,2,2,2,2,2,,15,10,65,10,4,11,4,1,2,,2,3,,4,1,21,0,1,3,3,Clinton,2,1,4
80,50,4,1,4,2,2.75,5.25,6.25,4,6.333333333,4.733333333,1.8,4,1,5,1,2,,3.6,3.25,3,0,1,Ben Carson,5,5,2,2,2,2,2,2,,35,30,25,10,4,11,5,1,1,,"2,3,6,7",3,,3,1,23,0,1,6,6,BenCarson,2,1,4
67,39,4,3,3,4,3.5,6.75,6.5,7,5.166666667,3.2,3,3.2,1.666666667,2,1,2.1,44,3.4,2.75,2,0,1,Sanders,2,4,2,2,2,1,2,2,,30,25,25,20,4,8,3,1,2,,1,3,,7,1,22,0,1,2,2,Sanders,2,1,4
55,43,4,3,3,4,3.5,6.75,7,7,6,5.2,2.5,3.8,1,6,1.25,1.9,,2,2,3,0,1,Canada,3,4,2,2,2,2,2,2,,20,20,30,30,2,14,2,1,1,,"2,3,4,5,6,7",3,,3,1,25,0,1,3,3,nonsense,2,1,4
68,45,3,3.5,3,3,3.125,6,6,6.75,3.5,3.4,2.9,3.2,3.666666667,1,1.25,3,,2.8,3.75,3,0,1,Donald Trump,4,4,2,2,2,2,2,2,,50,25,15,10,4,12,3,1,1,24,"2,3,4,5,6,7",3,,4,1,24,1,2,6,6,Trump,2,1,4
69,38,4,4,4,3.5,3.875,3,7,7,3.5,4.133333333,3.7,3.1,1,1,1.5,3.2,40,4,3.25,3,0,1,Hilary,5,3,2,2,2,2,2,2,,30,10,40,20,4,6,2,2,2,25,"3,7",3,,3,1,25,1,2,4,2,Clinton,2,1,4
63,50,4,4,4,4,4,7,7,7,3.666666667,5.466666667,3.2,3.4,1,5,1,2.6,33,3.4,3,4,1,1,Trump,2,3,2,2,2,1,2,2,,25,25,25,25,3,14,4,2,1,26,3,3,,4,1,26,1,2,,4,Trump,1,2,4
57,40,3,4,3.5,3.5,3.5,7,6,7,3.833333333,4.333333333,4,3,1,3,1.25,3.2,37,2.8,3.25,2,0,1,Hilary Clinton,2,3,2,2,2,1,2,,,50,1,30,19,4,10,4,1,2,31,"2,3,4,5,6",3,,2,1,31,0,2,5,3,Clinton,2,1,4
64,42,4,4,4,2,3.5,5.5,7,3.5,4.333333333,5.266666667,3.1,3.4,1,1,2.5,2.5,42,2.6,2.25,2.5,0,1,Trump,5,5,2,2,2,2,2,,,35,30,25,10,3,11,4,2,2,58,"2,5,7",3,,7,1,58,0,2,6,5,Trump,2,1,4
76,40,3.5,4,3,3,3.375,6,6,6,5.833333333,4.266666667,2.6,3,1,2,1.5,2.5,,3.2,3,4,1,1,None,3,3,2,2,2,2,2,2,,30,30,25,15,4,11,3,1,2,24,"2,4,6",3,,4,1,24,1,2,6,,neither,2,3,4
80,59,3,2.5,2,1,2.125,6,6,7,5,5,3.1,4,1,5,1,1.6,42,2.8,1.5,1,0,1,Trump,4,5,2,2,2,2,2,2,,0,0,0,0,5,9,1,2,2,39,"4,5",3,,7,1,39,0,2,6,7,Trump,2,1,4
62,42,3,4,4,4,3.75,4.75,6.75,3.25,2.166666667,3.533333333,2.7,2.8,1,2,4,3.4,,3.8,2.25,3,,1,Clinton,3,3,2,2,2,2,2,2,,0,0,80,20,2,26,1,1,1,28,1,3,,3,1,28,1,2,6,6,Clinton,2,8,4
80,54,2.5,4,3.5,1,2.75,7,7,7,6.333333333,6,2.3,3.7,3,3,1,1.4,,2.4,1,2.5,1,1,Hilary Clinton,5,5,2,2,2,2,2,2,,40,30,20,10,4,9,1,1,2,32,"2,3,4,5,6",3,,6,1,5,0,2,,3,Clinton,2,2,4
68,40,3.5,3,4,3,3.375,4.5,4.75,6,3.5,2.666666667,3.9,2.9,4.666666667,2,2.5,3.4,,2.8,3.75,3.5,,1,Johnson,4,4,,,,,,,,20,20,30,30,3,14,3,1,2,30,"2,3,4,5,7",3,,4,1,30,0,2,4,2,Johnson,2,8,4
73,45,2.5,4,4,2.5,3.25,6.5,6.5,7,4.666666667,4,3,3.8,2.333333333,6,1.5,2.7,,3.4,2.5,5,0,1,Hillary Clinton,4,4,2,2,2,2,2,,,75,100,100,80,3,13,2,2,2,24,"2,4",3,,3,1,24,1,2,2,3,Clinton,2,1,4
78,54,3.5,3,3.5,3,3.25,7,6.5,7,6.666666667,4.666666667,3.3,3.6,1,1,1,2,48,3.6,2.75,4,0,1,"Bernie Sanders first, then Hillary Clinton in the general election.",5,5,2,2,1,2,2,1,"ADHD (clinical diagnosis, not self)",40,40,10,10,4,9,2,1,1,28,"2,4,6",3,,7,1,28,1,2,2,2,Sanders-Clinton,2,1,4
71,33,3.5,2.5,3.5,3,3.125,6.25,6.25,6,5.166666667,2.8,4,3.3,3.666666667,8,3.25,2.7,44,3.8,4.25,3.5,0,1,Trump,3,3,2,2,2,2,2,2,,30,35,20,15,4,9,1,1,2,18,"2,3,6,7",3,,5,1,18,1,1,4,5,Trump,2,1,4
69,48,2.5,4,2.5,3.5,3.125,7,7,6.75,5.833333333,4.2,2.5,3.6,1.333333333,5,1,1.9,,4,1.5,4.5,0,1,General Mathis (Write Him in !!) or Ben Carson (but he's out),5,5,2,2,2,2,2,2,,50,25,100,100,2,14,3,1,2,,"3,5,7",3,,,1,24,0,1,6,7,Mathis,2,1,4
47,36,3,3,3,3,3,4.75,5,6,2.833333333,3.933333333,3.2,2.6,1.666666667,1,2,3.5,,2.2,2.5,3,0,1,bernie sanders,3,2,2,2,2,2,2,2,,20,0,40,40,3,11,2,1,2,,3,3,,1,1,22,0,1,2,,Sanders,2,1,4
56,52,4,3,3.5,2.5,3.25,5.5,6.25,3.25,4.833333333,3.666666667,3.4,3.2,7,2,1.75,2.3,42,3,3,4,0,1,refuse to state,3,4,2,2,2,2,2,,,10,30,30,30,2,12,2,1,1,44,1,3,,5,1,44,0,2,4,3,Chosenot2answer,2,1,4
69,47,3,4,4,3.5,3.625,2.75,5,6.25,3.833333333,5.133333333,2.6,3.3,1,4,2,2.8,,2.4,2.75,4,1,1,Hilary Clinton,2,4,2,2,2,2,2,,,20,30,30,20,2,12,2,2,2,22,"2,3,4,5,7",3,,2,2,,1,1,4,3,Clinton,2,6,4
56,50,3.5,4,2.5,3.5,3.375,4.5,3,3.5,4,4.2,2.6,3.4,1,6,3.25,2.7,45,2.6,3.5,5,1,1,clinton,5,3,2,2,2,2,2,2,,10,35,35,20,4,19,5,4,1,28,2,1,9,2,2,,1,1,1,2,Clinton,2,2,4
71,38,3.5,3.5,3.5,4,3.625,4.5,5,3,4,3.133333333,2.6,3.1,1.333333333,1,1.25,3.1,,2,4,3.5,1,1,Hilary Clinton,2,1,2,2,2,2,2,,,20,10,50,20,2,9,4,1,2,21,"2,3,4,5,7",3,,2,2,,1,1,,3,Clinton,2,6,4
71,37,3.5,2.5,2.5,2.5,2.75,6.5,5.5,5.5,5.833333333,5.4,2.5,3.4,1,5,2,2.3,42,4,2.25,4,1,1,Hillary Clinton,4,3,2,2,2,2,2,,,20,40,30,10,3,10,4,4,2,21,"3,4,7",3,,2,2,,1,1,,,Clinton,2,2,4
67,49,3.5,4,4,2.5,3.5,1.5,5.5,2.75,3.666666667,4.933333333,2.1,3.4,1,3,3.5,2.7,,2.6,1.5,1,1,1,Hillary Clinton,4,4,2,2,2,2,2,,,20,10,50,20,3,14,5,4,2,28,"2,3,4",3,,,2,,1,1,4,,Clinton,2,2,4
60,48,3.5,3,3.5,3.5,3.375,5.75,4.75,5.5,5.5,4,2.1,3.4,1.666666667,8,3,2.5,42,4.4,4.25,5,,1,"Hilary, but oh how I wished Bernie sanders had maked it",4,4,2,2,2,2,2,2,,15,35,35,15,3,13,4,2,1,23,"2,3,4,5,6,7",3,,7,2,,1,1,,4,Sanders-Clinton,2,7,4
69,52,4,4,4,4,4,5,4.5,5,3.333333333,5.466666667,2.6,3.4,3.666666667,3,5,3.6,60,1.8,2.25,2,,1,Hilary Clinton,3,3,2,2,2,2,2,,,20,35,30,15,3,19,5,4,2,34,"3,6,7",3,,1,2,,0,1,4,2,Clinton,2,7,4
56,44,4,2.5,4,3.5,3.5,7,6.75,7,5.166666667,4.266666667,2.2,3.1,1,6,5,2.1,,3.2,2.25,3.5,1,1,Hilary Clinton,4,3,2,2,2,2,2,2,,20,15,50,15,4,11,3,1,2,22,"2,3,6,7",3,,2,2,,1,1,4,1,Clinton,1,2,4
69,34,4,2,3.5,4,3.375,5.5,5.75,5,4.5,3.2,3.3,2.8,2.333333333,5,2.25,3.3,,3,3,3.5,1,1,Hillery,3,3,2,2,2,2,2,2,,25,30,20,25,2,13,1,4,2,23,1,3,,,2,,1,1,6,,Clinton,2,6,4
53,44,3.5,4,4,3.5,3.75,3.25,3,4.75,2.666666667,4.4,2.4,2.9,1,6,2.25,3.6,,2.2,3,3,1,1,Hillary Clinton,4,5,2,2,2,2,2,2,,5,2,70,23,2,11,5,4,1,21,"2,3,4,5,6,7",3,,1,2,,1,1,,,Clinton,2,2,4
56,40,3,2.5,3,3.5,3,3.5,4.25,3.75,3.833333333,4.066666667,3,3,2.333333333,5,3.75,3.5,32,2.6,2.5,4,1,1,Hillary clinton,5,4,2,2,2,2,2,2,,20,30,40,10,2,14,4,4,2,29,"2,4,6,7",3,,1,2,,1,1,5,1,Clinton,2,2,4
67,38,4,3,4,3.5,3.625,5,5.25,6,4.666666667,4.066666667,2,2.8,2,3,1.75,3.1,,2.4,2.5,3.5,1,1,,,,2,2,2,2,2,,,25,35,25,15,3,13,4,1,2,26,"2,3,4,5,6,7",3,,,2,,1,2,4,,,2,6,4
59,41,3.5,3.5,4,3.5,3.625,7,6.75,7,4.333333333,4.666666667,2.2,3.2,1,5,1,2.8,,1.6,1,4,1,1,,,,2,2,2,2,2,2,,35,30,10,25,4,14,3,1,2,26,"3,5,7",,,1,2,,1,2,6,,,2,2,4
69,49,3,1.5,2.5,3.5,2.625,7,5.5,7,6.5,3.8,4.2,2.5,1,0,1,2.7,,4.4,3.5,4,1,1,Hilary clinton,3,4,2,2,2,2,2,2,,70,80,100,70,3,10,3,1,2,27,"2,3",3,,2,1,1,1,2,,,Clinton,2,4,4
69,48,3.5,3,3,2,2.875,5.75,4,6,4.833333333,3.4,2.4,2.9,2,0,1.25,2.2,42,2,2,3,0,1,Bernie Sanders,4,4,2,2,2,2,2,2,,40,20,30,10,3,14,4,2,1,25,"2,3,4,7",1,4,5,2,,1,2,2,3,Sanders,2,1,4
73,48,3.5,3.5,3,1,2.75,3.75,5.5,7,3.833333333,3.4,4.5,3,1.666666667,0,1,3.3,34,1,1,1,1,1,Gary Edwards,2,3,2,2,2,1,2,2,,30,30,20,20,5,14,5,1,2,29,"2,3,6,7",1,8,5,1,21,1,2,4,4,Johnson,2,2,4
56,36,3.5,4,4,2.5,3.5,7,7,6,5.833333333,5.4,3.5,3.8,2.333333333,5,1,2.8,33,5,2,2,0,1,Clinton,1,3,2,2,1,1,2,2,,10,10,25,55,2,26,1,1,2,,1,3,,1,1,25,0,1,1,3,Clinton,2,1,4
76,52,3.5,4,4,3.5,3.75,7,4.75,7,5,4.6,2.8,3.9,1,1,1.25,2.4,,2.4,1.25,3,1,1,Clinton,5,5,2,2,2,2,2,2,,40,40,15,5,5,9,2,1,2,22,5,3,,4,1,22,1,2,2,2,Clinton,2,3,4
68,40,3.5,4,4,3.5,3.75,6.75,7,5,5.166666667,4.4,3.3,4,1,6,1,3.2,,3.4,2.5,4,0,1,Unsure,4,3,2,2,2,2,2,2,,25,25,30,20,4,11,4,2,2,,"2,3",3,,4,1,22,0,1,4,3,dontknow,2,1,4
74,45,4,4,4,4,4,7,7,7,3.5,2.466666667,3.9,2.7,3.333333333,7,2,4.2,42,4.2,4.5,5,0,1,Bernie Sanders,4,4,2,2,2,2,2,2,,25,10,50,15,3,2,2,2,2,,"2,3",3,,2,1,22,0,1,1,1,Sanders,2,1,4
58,33,2.5,4,3.5,4,3.5,5.25,2.25,6.25,1.5,4.2,4.7,2,1,5,3,4.6,,2.4,2.5,2.5,0,1,Bernie Sanders,2,2,2,2,2,2,2,2,,25,25,50,0,5,10,1,2,2,,"2,3,4,5,6",3,,3,1,21,0,1,1,1,Sanders,2,1,4
76,49,3.5,4,4,3,3.625,1.25,2.75,1.5,1.5,4.266666667,4.2,3.8,1.333333333,4,4.25,4.5,21,2.2,3.5,3,0,1,,3,3,2,2,2,1,2,2,,20,30,40,10,4,9,1,2,2,,"2,3,4,6",3,,2,1,22,0,1,4,3,,2,1,4
69,50,4,4,3.5,3,3.625,6.75,5,7,4.833333333,4.266666667,4.1,2.8,2,0,1,3,,3.2,2.75,3,0,1,Hilary,3,4,2,2,2,2,2,2,,25,30,40,5,3,9,4,1,2,,5,3,,1,2,,0,1,,,Clinton,2,1,4
74,36,3.5,2.5,3,2.5,2.875,7,7,6,6.5,3.4,2.8,2.8,3.333333333,5,2.25,2.9,45,3.8,2,1.5,1,1,no,3,5,,,,,,,,10,60,20,10,4,14,1,1,2,19,"2,3,6,7",3,,,2,,1,1,4,4,neither,2,6,4
64,36,3.5,3.5,3.5,4,3.625,5.75,4.25,7,5.333333333,4.4,4,3.2,3.666666667,8,1,2.2,,3.4,2,4.5,0,1,Neither,5,5,2,2,2,2,2,2,,90,60,90,85,4,14,2,2,3,24,6,3,,1,2,,1,1,,,neither,2,1,4
59,44,4,4,3.5,3,3.625,2.75,5.5,5.5,4,4.866666667,3,3.3,1.666666667,0,1.75,3.4,,3.2,2.5,3.5,0,1,Hilary Clinton,3,2,2,2,2,2,2,2,,10,30,40,20,3,12,2,1,2,25,"4,5",3,,3,2,,1,1,3,2,Clinton,2,1,4
45,40,4,3,3.5,4,3.625,6.25,4,6.5,4.666666667,4.533333333,3.3,3.7,4.666666667,6,1.25,2.1,,1.4,1.75,1,0,1,,2,3,2,2,2,2,2,2,,0,30,30,40,1,26,1,2,2,25,1,3,,2,2,,1,1,2,2,,2,1,4
76,43,3.5,3,4,3.5,3.5,6.75,6.25,4,5.666666667,3.666666667,2.6,3.9,1,5,1.75,2.1,42,3.4,3.75,4,1,1,Bernie Sanders,4,4,2,2,2,2,2,,,30,20,30,20,4,12,4,1,1,,"2,4",3,,1,1,18,0,1,2,3,Sanders,2,2,4
68,38,4,1.5,4,4,3.375,5.75,6.5,6,6.666666667,4.466666667,3.1,3.2,3,4,1.25,2.1,,3.6,4,4.5,1,1,Bernie sanders in genral but clinton in primary,5,4,2,2,2,2,2,2,,30,40,10,20,4,12,2,1,2,25,2,3,,8,1,25,1,2,2,2,Sanders-Clinton,2,2,4
66,41,4,3.5,3,3.5,3.5,6.25,7,6,4.666666667,3.133333333,3.2,2.8,1,4,1,3.3,,3.6,2.75,3.5,1,1,Hilary Clinton,3,4,2,2,2,2,2,,,20,25,35,20,4,13,1,1,2,25,3,3,,2,1,25,1,2,2,2,Clinton,2,3,4
44,38,4,2,3.5,4,3.375,4.5,5.25,2,3.166666667,2.6,3.1,3.5,3.666666667,5,1.75,3,,3,3.333333333,3.5,1,1,Write-in,3,4,2,2,2,2,2,,,10,10,50,30,3,,1,,1,24,"2,3,6,7",3,,1,1,,1,2,,4,none,2,3,4
57,48,3,3,2.5,3,2.875,6.5,6,6,5.333333333,4.466666667,3.3,3.1,1,3,1,2.3,42,2.6,2.75,3.5,0,,Bernie Sanders or Hillary Clinton,3,3,2,2,2,2,2,2,,30,30,20,20,5,12,1,1,2,,"2,3,4,5,6",3,,4,1,28,0,1,2,2,Sanders-Clinton,2,1,5
69,57,3.5,3,3,3,3.125,6,6,7,6.333333333,3.666666667,4.1,3.7,3,5,2,3.3,,3.8,2.5,4,0,,Kasich,4,4,2,2,2,2,2,2,,50,25,15,10,5,10,4,1,2,,"2,3,4,5",3,,6,1,28,0,1,3,3,Kasich,2,1,5
47,36,2.5,4,3,4,3.375,5.25,7,6.75,4.166666667,4.266666667,4.3,2.8,3,4,1,3.6,,3.4,2.25,4,0,,Bernie Sanders,4,5,2,2,2,2,2,2,,30,35,20,15,5,10,2,1,2,,1,3,,2,1,24,0,1,2,1,Sanders,2,1,5
66,41,4,4,4,4,4,7,7,4,5.833333333,3.933333333,2.5,3.8,1.333333333,3,1.75,2.6,,3.2,3.25,4,0,,Bernie Sanders,3,3,2,2,2,2,2,2,,30,30,30,10,3,12,2,2,2,,"2,3,4,5,6,7",3,,3,1,24,0,1,2,2,Sanders,2,1,5
55,40,3,3.5,3.5,4,3.5,5.5,5,5,4.333333333,3.533333333,4.2,2.9,3,0,2.25,3.2,42,2.6,2.5,2.5,0,,Clinton,4,4,2,2,2,2,2,2,,15,50,20,15,4,12,2,1,2,,"3,5,7",3,,4,1,25,0,1,4,2,Clinton,2,1,5
65,39,4,4,3.5,3.5,3.75,6,6,6,5.166666667,3.733333333,3.1,3,3.333333333,6,3.25,2.6,49,3.6,4,5,0,,Bernie Sanders,4,3,2,2,2,1,2,2,,15,35,30,20,3,14,2,1,2,,1,3,,1,1,24,0,1,1,1,Sanders,2,1,5
77,41,4,4,4,3,3.75,4.5,4.5,7,6.833333333,3.466666667,3.1,3.9,1,5,1,3.1,,3.2,3.25,4,0,,Bernie Sanders,4,5,2,2,2,2,2,2,,35,25,20,15,4,8,1,2,2,,"3,5",3,,5,1,24,0,1,2,1,Sanders,2,1,5
68,49,3,3,3,3,3,5.75,6.25,6.75,4.833333333,3.666666667,4,3,3,2,1.75,2.4,,3.6,1.5,4,0,,Sanders,3,5,2,2,2,2,2,2,,35,30,25,10,5,9,2,1,2,,"2,6",3,,5,1,27,0,1,2,2,Sanders,2,1,5
69,45,4,4,3,4,3.75,6,6.5,7,5.333333333,3.8,2.9,3,2.666666667,2,1,3,,3,2,3,1,,Bernie Sanders,3,3,2,2,2,2,2,2,,40,40,20,20,3,11,2,1,2,,"2,3,7",3,,3,1,24,0,1,2,3,Sanders,2,3,5
33,41,4,4,3.5,3.5,3.75,3.75,5.25,5.5,4.5,3,3.9,3,1,3,1,3.5,,3.4,2.25,3,0,,Clinton,2,3,2,2,2,2,2,,,0,0,80,20,3,14,1,2,2,,"2,3",3,,2,1,23,0,1,2,2,Clinton,2,1,5
69,40,4,3.5,4,4,3.875,6.25,7,7,5.166666667,3.4,3.6,3,2.666666667,8,1.75,2.5,42,3.25,3.5,3,0,,Clinton,4,4,2,2,2,2,2,2,,30,40,20,10,4,16,1,2,1,25,1,3,,4,2,,1,1,3,3,Clinton,2,1,5
54,42,2.5,3.5,4,3.5,3.375,5.75,6.5,3.5,5.166666667,4.266666667,3.5,3.1,2.333333333,3,1.75,2.9,,3.4,3.25,3.5,0,,Gary Johnson,3,4,2,2,2,2,2,2,,5,20,40,35,3,19,1,1,1,25,"2,3,6,7",3,,2,2,,1,1,2,3,Johnson,2,1,5
68,47,2.5,3,2.5,2,2.5,6.25,5.5,5.25,5.5,2.866666667,2.6,3,1,4,1.75,2.9,,2.8,2.5,3,0,,,2,4,2,2,2,2,2,2,,0,50,30,20,2,26,2,1,2,31,1,3,,3,2,,0,2,,3,,2,1,5
63,33,3.5,4,2.5,1.5,2.875,4.25,7,7,5.166666667,3.6,4.1,2.9,4.666666667,6,1.25,3.1,34,2.2,2.75,2,0,,Obama,2,2,2,2,2,2,2,2,,40,100,100,80,2,9,1,1,1,22,3,1,1,3,2,,1,2,6,2,Obama,2,1,5
69,38,3.5,3.5,4,3,3.5,3.5,5,4.75,2.333333333,3.733333333,4,3.4,4,8,2,3.1,,2.8,3.75,5,0,,Trump,5,4,2,2,2,2,2,2,,30,30,30,10,4,11,1,2,1,24,4,3,,3,2,,1,2,4,4,Trump,2,1,5
54,50,3.5,3,4,3.5,3.5,6.5,6,7,5.5,4.066666667,2.7,3.5,1,3,1.5,2.3,,3.2,2,4.5,0,,Ronald Reagan,2,4,2,2,2,2,2,2,,45,0,40,15,3,12,2,1,2,,"3,7",1,6,3,1,27,0,1,4,5,nonsense,2,1,5
72,48,3.5,3,3.5,2.5,3.125,5.75,5.25,4.5,5.166666667,4.866666667,3.2,3.7,3.333333333,9,1.25,2.3,49,3,3,3.5,0,,Trump,4,4,2,2,2,2,2,2,,25,25,40,10,2,12,3,1,1,,"2,3",3,,6,1,22,0,1,5,2,Trump,2,1,5
70,55,2.5,3.5,3,1,2.5,6.75,6.75,7,7,4.2,3.1,3.9,1,0,2.25,1.9,,2.6,1.75,2,0,,Neither,4,5,2,2,2,2,2,2,,50,35,15,0,5,10,5,1,1,,"3,5,7",1,4,1,1,27,0,1,6,6,neither,2,1,5
68,43,4,3.5,3,2.5,3.25,6,6,3,4.5,3.866666667,4,3.8,2.333333333,6,2,2.7,42,2.6,2.75,3,0,,Trump,4,5,2,2,2,2,2,2,,40,30,20,10,4,11,5,1,1,,"2,4",3,,3,1,25,0,1,4,5,Trump,2,1,5
48,50,3,4,3,3.5,3.375,5.75,5.25,7,5,2.2,3.3,3.3,3.666666667,2,2.25,3.5,33,1.2,2.25,3,0,,Hilary Clinton,2,4,2,2,1,2,2,2,,30,50,10,10,5,13,1,1,2,41,"2,4",3,,8,1,41,0,1,3,3,Clinton,2,1,5
77,43,4,3.5,4,4,3.875,5.25,6.5,5.75,5.166666667,3.4,3.2,3.6,1,3,1.75,2.9,,3.2,3.75,3,,,Neither- waiting for another option,3,4,2,2,2,2,2,2,,30,30,30,10,5,10,3,2,2,22,"2,3,4",3,,3,1,22,1,1,5,5,neither,2,7,5
65,42,3.5,3,3.5,3,3.25,5,4.75,7,5.5,4.066666667,2.4,3.1,2,4,3.75,3.3,34,2.2,2.25,2.5,0,,Gary Johnson,2,2,2,2,2,2,2,2,,18,2,50,30,3,9,2,1,2,23,"4,5,6,7",3,,1,1,23,1,1,2,3,Johnson,2,1,5
64,55,3.5,4,3.5,2,3.25,4.25,4.5,4.5,4,4.466666667,3.7,4,1,1,1.75,2.1,,4.2,2.5,3,,,Joe Exotic,5,5,2,2,2,2,2,2,,10,40,40,10,3,16,4,1,2,43,1,3,,3,1,43,0,2,6,5,nonsense,2,7,5
48,48,4,3.5,3.5,3.5,3.625,5.75,5.5,6,5,4.466666667,2.6,3.1,1.333333333,5,1,3.3,42,1,1,1,0,,STEONGER TOGETHER- Clinton,2,4,2,2,2,2,2,2,,40,30,20,10,4,12,4,1,2,26,"2,3,4,5,6,7",3,,2,1,26,1,2,1,1,Clinton,2,1,5
66,45,4,4,2.5,3.5,3.5,6.5,7,4.75,3.833333333,1.866666667,3.5,3.7,1,2,1.75,3,33,3.8,3.75,5,0,,Hillary Clinton. But I wish we had more/different viable options.,4,4,2,2,2,1,1,,,35,30,25,10,5,12,4,1,2,35,"2,3,4,5,6",3,,2,1,35,0,1,2,3,Clinton,2,1,5
68,40,4,4,4,4,4,3.75,6,4.25,5.333333333,2.866666667,1.8,3.6,1,5,2,3.7,44,3.6,3.5,4,0,,Jill Stein after Sanders dropped out,1,1,2,2,2,2,2,2,,50,30,10,10,4,11,1,2,2,24,2,3,,4,1,23,1,1,1,4,Sanders-Stein,2,1,5
57,40,3.5,3,4,4,3.625,5.75,5,7,5.333333333,4.6,2.5,3.6,5,4,2.5,2.6,51,3.4,3.75,3.5,0,,Donald Trump,4,4,2,1,2,2,2,2,,10,5,37.5,47.5,3,14,1,2,1,,"2,4,6",3,,8,1,22,0,1,6,6,Trump,2,1,5
73,36,3.5,4,4,4,3.875,7,7,7,4.833333333,3.333333333,4.4,3.3,2.333333333,0,1.5,3.2,43,4,3.5,5,0,,Clinton,4,4,2,2,1,1,2,,,5,5,55,35,2,8,4,2,2,,5,3,,1,1,23,0,1,2,2,Clinton,2,1,5
52,39,2.5,3,3,4,3.125,5.75,3.25,6.5,4.833333333,2.866666667,3.4,2.8,2,1,1.25,2.5,,3,3,5,0,,Bernie Sanders,2,4,2,2,2,2,2,2,,30,25,25,20,3,14,2,1,1,,"3,5,7",3,,3,1,24,0,1,1,2,Sanders,2,1,5
70,46,3,4,4,3.5,3.625,5.5,6,5,4.833333333,3.6,3.7,2.9,1,0,2.5,3.4,42,2,2,2,1,,Bernie Sanders,4,4,2,2,2,2,2,,,20,30,30,20,3,13,1,4,2,,"3,4,5,6",3,,3,1,27,0,1,1,1,Sanders,2,2,5
52,40,3.5,3.5,4,3,3.5,5.25,5.25,5.75,5.666666667,4.266666667,4.2,3.8,1,3,1.25,3.6,,3.4,2.5,4.5,0,,Bernie Sanders,1,4,2,2,2,2,2,,,20,10,40,30,4,9,2,1,1,,"2,3,4,5,6",3,,3,1,23,0,1,2,3,Sanders,2,1,5
71,55,2.5,2,2.5,3,2.5,5.75,5.25,7,6.333333333,4.2,3.8,2.9,3,0,1,2.1,45,2,1.25,4,0,,Gary Johnson,4,4,2,2,2,2,1,2,,50,35,10,5,4,7,5,1,2,24,"3,5",3,,4,1,24,1,1,4,5,Johnson,2,1,5
68,55,1.5,1,1.5,1.5,1.375,5,5.75,6,5,3.2,2.6,3.1,3.666666667,3,4.25,2.9,44,4,3.5,4,1,,,4,4,2,2,2,2,2,2,,0,30,70,0,4,9,4,2,1,,3,3,,4,1,20,0,1,4,5,,2,3,5
61,32,4,4,4,4,4,6.5,4,5.25,3.833333333,4.533333333,4.1,2.9,1.333333333,3,3.5,3.6,,3.4,3,4,0,,Clinton,3,3,2,2,2,2,2,2,,0,0,50,50,3,15,2,2,2,,"2,3,4",3,,2,1,22,0,1,1,1,Clinton,2,1,5
52,39,4,2.5,3,3.5,3.25,5,6.25,7,4.666666667,4.133333333,3.9,3.3,2,2,1.25,2.6,,2.6,3.25,3,0,,Hillary Clinton,1,3,2,2,2,2,2,2,,10,0,45,45,2,19,2,2,1,,"2,4,6",3,,2,1,23,0,1,2,3,Clinton,2,1,5
49,35,4,4,2.5,3.5,3.5,7,6.75,5.25,3.166666667,3.533333333,4.4,2.4,3.666666667,6,1,4.4,32,3,2,3,0,,Clinton,2,4,2,2,2,1,2,2,,0,0,50,50,1,14,1,1,2,,"3,5",3,,2,1,25,0,1,2,2,Clinton,1,1,5
69,37,3,4,4,4,3.75,6.75,5,2.25,6.333333333,2.466666667,3.4,3.7,1,2,1,2.7,34,3.6,3.75,3,0,,Hillary Clinton,2,4,2,2,2,2,2,1,migraine,25,30,35,10,5,10,2,1,2,,2,3,,1,1,23,0,1,2,3,Clinton,2,1,5
72,53,3.5,3.5,4,3.5,3.625,7,7,7,6.166666667,3.933333333,3.2,3.7,1,7,1.25,1.7,,2.2,1.75,4,0,,They're both full of bologna.,4,5,2,2,2,2,2,2,,30,25,25,20,5,11,4,2,2,,"3,7",3,,6,1,25,0,1,4,,neither,2,1,5
73,43,4,3,3.5,3.5,3.5,5,7,4.5,6,4.8,4.9,3.7,1,0,1,1.5,,2,3.25,2.5,0,,Hillary Clinton,4,4,2,2,2,2,2,,,15,30,30,25,3,13,1,1,2,,3,3,,7,1,21,0,1,1,1,Clinton,2,1,5
69,40,3.5,4,3.5,4,3.75,6.25,5.75,6,3.833333333,3.466666667,4.3,3.1,2,2,1.25,3.9,,3.6,3,4,0,,Unsure,4,4,2,2,2,2,2,2,,30,30,20,20,4,11,4,1,2,,"2,3,5,6",3,,3,1,25,0,1,,,dontknow,2,1,5
62,45,4,4,3.5,3.5,3.75,5,5.5,7,4.166666667,3.4,3.2,3.1,2,3,2.75,3.1,38,2.8,2.5,2,0,,Bernie Sanders,4,3,1,2,2,2,2,,,20,20,40,20,4,14,1,1,2,,"2,4",3,,2,1,25,0,1,3,3,Sanders,2,1,5
74,37,4,4,4,3.5,3.875,7,6.75,6.25,3.166666667,3.866666667,3.5,2.7,2,0,1.75,3.8,27,3.6,3.25,5,0,,Bernie Sanders,4,4,2,2,2,1,2,2,,30,40,20,10,5,11,2,1,2,,1,3,,2,1,24,0,1,2,3,Sanders,2,1,5
58,35,3,4,3,4,3.5,3.5,4.25,2.75,3.166666667,3.2,3.9,2.4,3,1,1.5,4.7,,2.8,1.75,3,0,,Bernie Sanders,3,2,2,2,2,1,2,,,20,15,30,35,3,14,3,2,1,,"2,4",3,,2,1,24,0,1,2,3,Sanders,2,1,5
71,49,2,4,3,4,3.25,6,6,7,5.333333333,4.333333333,2.7,3.2,2,1,1,2.8,,3.2,3.5,2.5,0,,Clinton,4,4,2,2,2,2,2,2,,35,35,25,5,5,10,2,2,2,,"2,3,4",3,,6,1,25,0,1,2,1,Clinton,2,1,5
70,37,4,4,3.5,4,3.875,4.75,6.75,7,4.166666667,1.866666667,4.2,3.3,2.333333333,1,1.25,4.1,47,3.4,1.5,4.5,0,,Bernie Sanders,4,1,2,1,2,1,2,2,,25,25,40,10,3,26,1,2,2,,"3,5,7",3,,2,1,21,0,1,2,3,Sanders,2,1,5
66,34,3.5,4,3,2.5,3.25,5.75,6,5.25,4.166666667,3.6,4,2.8,1.333333333,5,1.5,3.6,,3.2,2,4,0,,Hillary Clinton,2,2,2,2,2,2,2,2,,20,15,40,25,5,12,3,1,2,,3,3,,2,1,27,0,1,2,1,Clinton,2,1,5
69,41,3.5,3.5,4,3.5,3.625,6,6,1,5,4.066666667,4.3,2.8,1.666666667,4,1.5,2.8,,3,2.5,3,,,neither,2,3,2,2,2,2,2,2,,40,30,20,10,4,7,5,1,2,,5,3,,1,1,22,0,1,,,neither,2,7,5
67,50,2.5,3,3.5,2.5,2.875,5.75,5.75,7,5.166666667,4.333333333,2.2,3,3.333333333,3,1.75,2.5,34,1,1,1,1,,Gary Johnson,4,4,2,2,2,2,2,2,,50,0,20,30,4,9,5,4,1,,"2,3",3,,4,1,26,0,1,5,5,Johnson,2,2,5
51,46,4,4,3.5,4,3.875,7,7,7,5.833333333,4.266666667,3.2,3.3,1,7,1,3,,3.2,2.5,3,0,,unsure- between Clinton and Trump I would choose Clinton,4,4,2,2,2,2,2,2,,25,25,25,25,4,10,3,1,2,,"2,3,4,5",3,,2,1,24,0,1,3,3,Clinton,2,1,5
55,48,2.5,3,3.5,1,2.5,5.75,6,6.5,3.166666667,5.666666667,2.9,3.4,2.333333333,0,1.25,2.4,49,1,1,1,1,,Hillary Clinton,4,4,1,2,2,2,2,2,,20,40,20,20,3,14,1,1,2,,"2,3,4,5,6",3,,6,1,60,0,1,5,2,Clinton,2,2,5
71,46,4,3,4,4,3.75,6.25,7,7,5.333333333,3.133333333,4.6,3.5,1,6,1.75,3,,3.6,3.75,4,0,,Hiliary Clinton,2,4,2,2,2,2,2,2,,40,30,20,10,5,12,5,1,2,,"3,5",3,,3,1,24,0,1,5,5,Clinton,2,1,5
58,49,4,2,4,4,3.5,7,6.75,6,5.666666667,3.8,3.9,3.6,1,7,1.5,2.6,,3.4,2.75,3,,,Hillary Clinton,4,5,2,2,2,2,2,2,,30,30,25,15,4,12,3,1,2,,"2,4",3,,3,1,28,0,1,2,1,Clinton,2,7,5
68,46,4,4,3.5,2.5,3.5,4.5,3.25,2,3,4.2,2.9,3.6,2,8,1.75,3.3,,4,3.5,4,1,,,4,3,2,2,2,2,2,,,0,0,50,50,2,14,1,1,2,,2,3,,3,1,5,0,1,4,,,2,4,5
75,47,3.5,4,4,4,3.875,5.75,6.25,6,5.666666667,3.066666667,3.2,3,4,3,1.25,3,44,3.6,4,5,1,,none,2,3,2,2,2,2,2,,,25,25,25,25,3,14,4,1,2,,2,3,,1,1,2,0,1,2,4,neither,2,4,5
51,49,3,3.5,2.5,2.5,2.875,7,5.5,7,6.166666667,3.466666667,2.8,2.6,3.333333333,7,1,2.7,,3,2.5,5,1,,"God...this question is tough....Both are bad, I won't vote and consider to move to Canada if Trump becomes the next president",2,3,2,2,2,2,2,,,25,25,25,25,4,14,1,1,2,,2,3,,1,1,8,0,1,2,3,neither,2,4,5
54,48,4,2,3.5,3,3.125,4.5,5.75,6.25,5,4.533333333,2.3,3,5,4,1.5,2.1,,3.4,3,4,1,,Clinton,1,3,2,2,2,2,2,2,,40,20,30,10,3,10,1,1,1,,2,1,1,3,2,,0,1,5,,Clinton,2,4,5
61,42,4,4,3.5,3.5,3.75,4.5,4.75,6.75,3.666666667,4.466666667,4.5,3.1,2,5,1,3,42,3.2,1.5,4,1,,Hillary Diane Rodham Clinton,4,4,2,2,2,2,2,2,,20,0,60,20,2,26,3,1,2,,1,3,,3,2,,0,1,3,2,Clinton,2,4,5
59,46,2.5,2.5,3,3,2.75,6,5,5.5,5.833333333,4.333333333,2.6,3.3,2,1,1,2.4,,3.2,2.25,4,1,,Hillary Clinton,4,4,2,2,2,2,2,2,,10,20,60,10,2,12,2,1,2,,"3,5",3,,4,2,,0,1,3,2,Clinton,2,4,5
59,40,3.5,4,3.5,2,3.25,6,5.5,5.5,4.333333333,3.866666667,2.7,2.8,2.666666667,5,1.25,3.8,44,2.6,2.75,2.5,1,,Hillary Clinton,4,2,1,1,2,2,2,,,30,5,35,30,3,12,3,1,1,,"3,5",1,1,2,2,,0,1,3,2,Clinton,2,4,5
58,52,3.5,3.5,4,2,3.25,1.5,5.75,6,4.666666667,4.733333333,3.3,4,1.666666667,2,3,3.9,51,2.4,2.5,5,1,,Clinton,4,5,2,2,2,1,2,2,,20,0,40,40,4,14,1,1,2,,2,3,,1,1,15,0,1,2,3,Clinton,2,4,5
65,49,4,4,4,3,3.75,6.5,6.75,7,5.166666667,4,4.3,3.7,1,8,1.25,2.7,,3.2,3.25,4.5,1,,Hilary Clinton,2,4,2,2,2,2,2,,,0,0,50,50,2,12,1,1,2,,"2,4",3,,5,1,3,0,1,2,4,Clinton,2,4,5
67,49,3,3.5,4,3.5,3.5,6.75,4.5,7,5.666666667,3.866666667,4.2,3.9,1.666666667,5,1.25,1.9,,3.2,2,3.5,1,,Gary Johnson,5,5,2,2,2,2,2,2,,30,35,25,10,3,11,1,1,2,,"2,3,4,5,6,7",3,,4,1,9,0,1,5,5,Johnson,2,4,5
71,36,3.5,2.5,4,3.5,3.375,4.25,6.25,6.5,3,3.2,3,2.3,2.666666667,7,1,3.9,,3.2,3,4,1,,Hillary Clinton,4,3,1,2,2,1,2,2,,80,60,70,40,4,11,4,1,2,,2,3,,1,2,,0,1,3,3,Clinton,2,4,5
68,37,3.5,4,2.5,3,3.25,6,6,4,4.333333333,4.6,3.6,3.2,2.666666667,3,1.75,2.3,,2.6,2.5,3.5,1,,Clinton,4,3,2,2,2,2,2,2,,25,20,30,25,4,16,4,1,2,,2,3,,1,2,,0,1,3,3,Clinton,2,4,5
67,42,3.5,4,3.5,4,3.75,5.75,6.5,5.75,3.666666667,3.133333333,4,3,1,0,1,2.9,,4,3.75,5,1,,No one,3,4,2,2,2,2,2,2,,30,25,30,15,4,19,2,1,1,,"2,3,4,5",1,1,4,1,8,0,1,3,3,neither,2,4,5
61,45,4,2,2,2.5,2.625,7,7,7,7,4.466666667,2.5,3.2,1,0,1,2,,2.2,1.5,3,1,,Hillary,2,3,2,2,2,2,2,,,30,0,60,10,3,26,2,1,2,,"3,5",3,,2,1,12,0,1,2,2,Clinton,2,4,5
78,51,2.5,4,3,1.5,2.75,6.25,5.25,7,4,3.333333333,2.6,3.9,3,4,1,4,42,3.2,2.75,4,0,,Donald Trump,4,5,2,2,2,1,2,2,,50,35,10,5,5,10,2,2,2,,"2,3",3,,2,1,23,0,1,7,7,Trump,2,1,5
45,38,3,4,2.5,3.5,3.25,5.25,5.75,7,4,3.8,2.2,2.9,4.666666667,2,1.5,3.4,,2,1.5,4.5,0,,Gary Johnson (if I really have to pick),1,1,2,2,2,2,2,2,,34,0,33,33,3,9,1,1,1,,"2,4,6",3,,3,1,23,0,1,3,4,Johnson,2,1,5
51,49,4,3,4,2.5,3.375,6.75,5.5,7,5.5,4.266666667,3.4,3.4,1,2,1.5,2,,3.2,2.25,3,0,,Hillary Clinton,4,4,2,2,2,2,2,2,,30,25,30,15,3,11,1,1,2,,"2,3,4,5",3,,4,1,25,0,1,3,3,Clinton,2,1,5
52,33,3.5,4,3,4,3.625,5.25,5,1.25,3.166666667,4.266666667,3,3,6,1,1.75,2.9,27,2.6,2.25,4,0,,Sanders,4,4,1,1,2,2,1,2,,30,0,20,50,4,14,4,4,2,,"2,3,4,5,7",3,,1,1,25,0,1,1,1,Sanders,1,1,5
73,43,4,3.5,4,4,3.875,4.75,6,6,3.666666667,3.4,2.7,3.3,4,3,2.25,3.3,,3.4,3.75,2.5,0,,Neither,5,4,2,2,2,2,2,2,,27,25,25,23,5,10,2,1,2,24,"5,7",3,,2,1,24,1,1,5,5,neither,2,1,5
58,37,4,4,4,4,4,6.25,6,1,4.333333333,3.533333333,3.2,3.4,1,1,1,2.5,,3.6,3,3,0,,Hilary Clinto,2,3,2,2,2,2,2,,,20,15,35,30,4,10,4,2,2,,"2,3",3,,5,1,23,0,1,1,2,Clinton,2,1,5
76,41,4,4,3,4,3.75,5.5,6,5.75,6,4.533333333,3.8,3.9,1,6,1,2.4,,3.4,2.75,3,0,,Bernie Sanders,4,4,2,2,2,2,2,2,,10,10,50,30,4,12,2,1,2,,5,3,,3,1,23,0,1,2,2,Sanders,2,1,5
66,50,4,3,4,4,3.75,4.25,5.25,7,3.333333333,4.8,2.8,3.2,4.333333333,1,1.5,2.4,42,3.2,3.5,4,1,,none,5,5,2,2,2,2,2,2,,30,35,20,15,4,10,2,1,1,,"2,3,5,7",3,,3,1,25,0,1,4,5,neither,2,4,5
58,58,2.5,3.5,3,2,2.75,5,4.75,4.5,4.5,2.733333333,3.6,3.3,1,1,2.5,3.1,,3.4,2.25,5,0,,Clinton,4,5,2,2,2,2,2,2,,15,50,30,5,4,10,3,2,2,36,"2,3,5,6",3,,7,1,36,0,1,2,1,Clinton,2,1,5
78,41,4,4,4,3,3.75,7,1,2.5,5.5,4.666666667,2.9,4,3,7,1,1.8,34,3.8,1,1,,,Hilary Clinton,3,5,2,2,2,2,2,2,,20,50,20,10,4,26,3,1,2,22,"3,5,7",3,,3,1,22,1,1,2,4,Clinton,2,7,5
,,,,,,,5.25,4.5,6.25,4.166666667,4.6,3,2.9,1,0,1.75,3,,1,1,1,0,,Trump,4,5,2,2,2,2,2,2,,30,25,35,10,,14,1,1,1,61,"3,5,7",3,,7,1,61,0,1,6,7,Trump,1,1,5
78,52,3.5,2.5,4,4,3.5,6,6,6,4.333333333,3.333333333,3.2,3,2,2,2,3.5,,3.4,2.5,3,1,,Hillary,5,4,2,2,2,2,2,,,25,25,25,25,4,12,3,1,2,32,2,3,,1,1,32,0,1,5,4,Clinton,2,6,5
57,51,4,4,4,3.5,3.875,7,5,7,6.333333333,5.466666667,2.8,4,5,7,2,1.2,,4.6,3,4,0,,none,4,5,2,2,2,2,2,2,,25,30,25,20,3,9,2,1,2,24,"3,5,7",3,,5,1,24,1,1,2,4,neither,2,1,5
69,59,4,3,4,3.5,3.625,7,5,7,6.833333333,5.666666667,2.6,4,7,12,1,1.3,,2.6,1.5,3,0,,Donald Trump,5,5,,2,2,2,2,2,,25,25,30,20,4,11,2,3,1,29,1,3,,6,1,27,1,1,7,7,Trump,2,1,5
78,35,2.5,3,3,2.5,2.75,3.5,6,7,4.666666667,4.533333333,3.6,2.3,1,5,1.75,3,42,2.8,3,3,1,,,4,3,2,2,2,2,2,2,,100,100,100,75,5,11,4,1,2,23,"2,3,4,5",3,,5,1,23,1,1,3,2,,2,4,5
63,59,4,4,4,4,4,7,7,7,7,5.6,2.9,4,7,11,1.75,1.5,,5,3.75,5,0,,Hilary Clinton,5,5,2,2,2,2,2,2,,30,30,30,10,5,14,5,1,1,34,"3,5,7",3,,7,1,34,0,1,7,1,Clinton,2,1,5
70,60,4,3.5,3.5,3.5,3.625,7,4,7,6.833333333,5,2.2,4,7,13,3.5,1.2,,2,3.5,5,0,,no one,5,5,2,2,2,2,2,2,,25,25,30,20,3,14,1,1,1,38,"3,5,7",1,4,7,1,38,0,1,,,neither,2,1,5
75,38,3,4,4,4,3.75,6.25,5.75,5.5,5,4.2,3.6,3.2,1.666666667,2,1,2.9,,1.8,1.25,1.5,0,,Gary Johnson,5,5,2,2,2,2,2,2,,34,26,30,10,4,11,4,1,1,22,1,3,,1,1,22,1,1,5,6,Johnson,2,1,5
52,47,2.5,4,3,3,3.125,6.5,7,7,5.166666667,3.8,3.2,3.7,2,3,1,2.4,,2.8,2,3,0,,Hillary,4,4,2,2,2,2,2,2,,30,30,30,10,4,9,5,1,2,25,"3,5",3,,3,1,25,1,1,1,1,Clinton,2,1,5
72,45,4,4,4,3,3.75,6.25,6.25,7,4,3.4,3.3,3.4,1,0,1,2.7,41,3,3.5,3.5,0,,Hillary Clinton,3,4,2,2,2,1,2,2,,35,35,20,10,4,9,2,2,2,23,2,3,,3,1,23,1,1,3,2,Clinton,1,1,5
54,48,4,4,4,3.5,3.875,2.5,5.5,5.25,3,2.733333333,3.3,3.6,2.333333333,3,1.5,3.6,54,3.4,2.75,4.5,,,Bernie Sanders,1,1,,,,1,,1,Bipolar/depression,0,10,70,20,1,25,1,1,1,22,"3,7",3,,2,1,22,1,1,1,4,Sanders,1,8,5
53,41,3.5,3,3.5,3.5,3.375,5.5,5.5,2.5,5.5,3.333333333,3.7,3.4,1,3,1,2.9,43,2.4,1.5,3.5,0,,Hillary Clinton,4,5,2,2,2,1,2,2,,12,8,65,15,3,12,2,1,2,25,"2,4",3,,2,1,25,1,1,1,2,Clinton,2,1,5
54,46,4,4,4,4,4,7,7,7,4.166666667,4.266666667,3.9,3.5,1,4,1.25,2.7,,3.6,4,5,0,,Hillary Clinton,4,4,2,2,2,2,2,2,,30,25,15,30,4,13,2,1,2,24,2,3,,3,1,24,1,1,2,2,Clinton,2,1,5
49,38,3,4,3,3.5,3.375,6.25,6.5,6.75,3.833333333,2.933333333,2.9,2.6,3.666666667,5,2.75,3.3,37,2.6,2.75,4,0,,Clinton,1,1,,,,1,,,,40,10,20,30,4,10,1,1,2,24,"3,5,7",3,,4,1,24,1,1,2,2,Clinton,2,1,5
61,38,4,4,4,4,4,6.25,7,6.75,5.166666667,3.733333333,3.9,3.6,1,7,1.75,2.6,44,2.8,2.25,1,0,,Bernie Sanders (but now Hillary),3,4,,,1,1,,,,25,40,25,10,3,13,2,1,2,23,"3,7",3,,6,1,23,1,1,1,1,Sanders-Clinton,1,1,5
63,40,4,4,4,4,4,7,7,7,5,3.866666667,4.2,3.9,1.666666667,5,1.75,2.3,,3.6,3,2,0,,Clinton,2,2,2,2,2,2,2,2,,33,33,25,9,4,12,4,1,2,25,"3,5,7",3,,2,1,25,1,1,2,1,Clinton,2,1,5
61,40,4,4,4,3.5,3.875,2.5,6.25,3.25,3.666666667,3.933333333,4,3.4,3,7,1.75,3.3,35,4.8,4.25,4,0,,Bernie; but now Hilary,2,1,2,2,1,2,2,,,20,0,40,40,3,17,1,1,2,25,3,3,,2,1,25,1,1,1,2,Sanders-Clinton,1,1,5
51,35,4,4,3.5,3.5,3.75,4,5.75,5.5,2.333333333,3.066666667,4.5,2.4,1.333333333,1,1.25,3.3,30,3.4,2.25,4,0,,Hillary Clinton,1,3,1,2,2,1,,1,Post concussive syndrome,0,0,75,25,3,12,2,1,2,23,"3,7",3,,2,1,23,1,1,1,1,Clinton,1,1,5
51,44,2.5,4,4,4,3.625,5.75,6,7,3.666666667,2.133333333,3.3,3.1,4.333333333,3,1.75,3.8,47,3.2,2.25,5,0,,Hillary Clinton,4,3,2,2,2,1,2,2,,30,30,20,20,5,14,2,1,3,25,"2,3,4,5",3,,3,1,25,1,1,1,1,Clinton,2,1,5
57,41,3.5,3,3,3.5,3.25,6,7,4,5.5,5.066666667,1.7,3.5,1.333333333,3,1,1.8,,3.2,1.5,2.5,0,,Clinton,1,1,2,2,2,2,2,2,,22,10,45,23,3,14,1,1,2,24,"2,6",3,,1,1,24,1,1,3,2,Clinton,2,1,5
57,41,4,4,4,4,4,5.25,6.5,7,5,5.133333333,3.8,3,1,3,1.25,1.7,,3.2,4,4,0,,Hillary Clinton,1,5,2,2,2,2,2,2,,0,10,50,40,1,16,1,2,2,22,"2,4,6",3,,2,1,22,1,1,1,1,Clinton,2,1,5
58,47,4,3,4,4,3.75,3.25,5.75,7,5.166666667,2.066666667,3.7,2.8,1,0,1,2.7,47,3.8,3.25,4,0,,"Bernie Sanders...if not him, I guess Hillary",3,4,2,2,2,1,2,2,,30,30,30,10,2,14,1,2,2,25,"2,4",3,,4,1,25,1,1,1,1,Sanders-Clinton,2,1,5
46,48,3.5,1.5,3.5,2.5,2.75,2.75,5.5,7,4,4.533333333,1.9,3.7,2.333333333,4,1.5,1.8,,3,1.5,4,0,,Sanders,5,4,2,2,2,2,2,2,,35,35,20,10,5,11,2,4,1,,1,3,,3,1,35,0,1,2,3,Sanders,2,1,5
69,47,4,3.5,4,3,3.625,6.25,5.75,6,6,5.066666667,2.9,3,1.333333333,1,2.25,2.6,,3.6,3.25,4,0,,Bernie Sanders,4,4,2,2,2,2,2,2,,25,30,30,15,4,9,2,1,2,,3,3,,5,1,23,0,1,2,2,Sanders,2,1,5
57,40,4,3.5,3.5,4,3.75,6,7,6.75,4.333333333,5.333333333,2.8,3.8,1,0,1,2,,4,3,4,0,,Sanders,4,4,2,2,2,2,2,2,,25,0,60,15,3,18,2,1,2,,"3,5",3,,2,1,23,0,1,1,3,Sanders,2,1,5
73,38,3.5,3.5,3.5,3.5,3.5,7,7,7,4.333333333,2.666666667,2.9,2.7,2.333333333,3,2.5,4.6,,2,3.75,2,1,,Bernie,1,4,2,2,2,2,2,,,38,38,20,4,5,9,1,3,2,,1,3,,1,1,20,0,1,,,Sanders,2,2,5
57,45,4,4,3.5,4,3.875,3.5,6,7,3.5,3.266666667,2.1,3.1,2,4,1.75,3.5,42,3.8,4.25,5,1,,Hillary Clinton,4,4,2,2,2,1,2,2,,5,5,75,15,4,11,5,1,2,20,"3,5,7",3,,1,2,,1,2,4,3,Clinton,2,3,5
58,58,1.5,4,3.5,2,2.75,5,3.5,7,4.333333333,4.733333333,2.9,3.9,2,6,1.75,3,29,3,1.75,4,0,,Clinton,2,5,2,2,2,1,2,,,30,40,20,10,4,12,1,1,1,46,3,3,,7,1,46,0,2,2,1,Clinton,2,1,5
53,47,3.5,4,3.5,3.5,3.625,2,5,4.25,5,4.666666667,3,3.4,1,1,2.25,2.6,42,2.2,1.5,1,0,,Hillary Clinton,3,3,2,2,2,2,2,2,,25,20,30,25,4,26,2,1,2,24,"2,4",3,,4,2,,1,2,2,1,Clinton,2,1,5
67,42,4,3,4,4,3.75,6,6.5,6,5.333333333,3.266666667,2.5,4,2,7,1,2.1,40,4,2,3,0,,Hillary Clinton,2,3,2,1,2,1,2,2,,0,0,40,60,1,26,3,1,2,24,"3,7",3,,3,1,24,1,2,1,3,Clinton,2,1,5
76,6,4,4,4,4,4,7,7,7,5.333333333,5.4,2.2,4,7,8,2,3,,3,4,5,1,,Bernie Sanders,5,5,2,2,2,2,2,2,,40,20,30,10,5,10,5,1,2,19,"3,7",3,,1,1,19,1,2,,3,Sanders,2,5,5
65,50,3,3,3.5,3,3.125,7,6.75,6.75,6.5,4.6,3.6,3.3,1.666666667,0,1,3.2,,4.2,2,4.5,1,,Clinton,4,4,2,2,2,2,2,2,,40,30,20,10,2,16,3,1,2,,"2,3,4,5,7",3,,4,1,2,0,2,4,3,Clinton,2,4,5
68,47,3.5,1.5,4,3,3,7,5.75,7,4,3.866666667,2.8,2.7,2,0,2,2.8,34,1,1,5,1,,"Neither, but definitely not Trump",5,4,2,2,2,2,2,,,40,0,50,10,4,9,2,1,1,30,"5,7",3,,3,1,30,0,2,5,,Anti-Trump,2,4,5
64,42,4,4,4,3,3.75,5.5,4.75,1,4,4.2,2.5,3,1,1,3.25,4.1,34,2.6,2,3,1,,Hillary Clinton,2,3,2,2,1,1,2,2,,0,0,80,20,3,14,4,1,1,27,"2,3,4,5,6,7",3,,4,1,27,1,2,4,2,Clinton,2,3,5
68,39,4,3,3,2.5,3.125,5.5,5.5,5.5,6,3.6,2.4,3,1,6,3,3,42,3.6,1.75,3,1,,Bernie Sanders,1,1,2,2,2,2,2,2,,15,15,50,20,3,16,2,1,2,,1,3,,4,1,27,0,1,2,2,Sanders,2,7,5
77,53,4,3,3,3.5,3.375,7,5.75,7,5.666666667,3.666666667,2.4,3.5,1,1,1.5,2,,3,1,3,0,,None,4,4,2,2,2,2,2,2,,40,40,10,10,4,7,2,1,2,26,1,3,,4,1,26,1,2,4,,neither,2,1,5
71,51,4,2.5,4,4,3.625,7,7,5.5,5,2.066666667,1.4,4,1,5,2,3,,3.4,1,4,1,,Hillary Clinton,2,2,2,2,2,2,2,,,50,0,0,50,1,14,1,1,2,59,"2,4,6",3,,4,1,59,0,2,1,1,Clinton,2,2,5
65,51,3.5,3,4,3.5,3.5,7,7,7,6,6,2.3,3.8,1,3,2.5,1.8,,2,2,5,1,,I am not from the United States but if I have to I will support Hillary Clinton,1,1,2,2,2,2,2,,,75,40,95,95,3,14,1,4,2,41,4,3,,1,2,,0,1,2,1,Clinton,2,6,5
76,54,4,3,4,2.5,3.375,7,7,7,7,5.8,1.8,4,6,7,2.25,2,34,2.2,1.5,4,1,,None,1,1,2,2,2,2,2,,,30,30,20,20,2,11,1,1,1,30,"6,7",3,,4,2,,0,1,,,neither,2,2,5
78,39,3,3.5,4,2.5,3.25,1.25,5.5,1.5,4.5,4,1.5,3.2,1,9,2.5,2.7,,4.8,4,5,1,,Mrs.Clinton,5,5,2,2,2,2,2,,,20,20,40,20,3,15,2,4,2,28,2,3,,3,2,,1,1,1,1,Clinton,2,2,5
45,26,4,3,3,4,3.5,7,7,7,5.166666667,3.466666667,3.5,2.8,1.666666667,6,1,3.5,,3.2,3.25,4.5,1,,"Hesitantly, Hillary Clinton",1,3,2,2,2,2,2,2,,10,20,40,30,2,12,1,1,2,21,"2,3,7",3,,4,2,,1,1,2,,Clinton,2,2,5
72,40,3,3.5,3,3,3.125,2.5,5.5,6,4.5,4.933333333,2.5,3.7,3.333333333,3,1.5,2.6,,2.4,1.5,2,1,,Clinton,2,2,2,2,2,2,2,2,,20,20,40,20,4,12,3,1,2,25,1,3,,1,2,,1,2,3,3,Clinton,2,6,5
69,39,4,3,2.5,2.5,3,2.75,5.75,6.25,4.5,4.666666667,3.8,3.3,1.333333333,4,1,2.9,42,2.2,3.25,3.5,1,,Hilary,3,3,2,2,2,2,2,2,,30,30,15,25,4,11,1,1,2,26,2,3,,2,2,,1,2,,1,Clinton,2,2,5
71,37,3,3.5,3.5,3,3.25,5.5,5.5,6,3,4,3.1,2.8,1.333333333,8,1.25,3.7,,2,3.25,2.5,1,,,,,2,2,2,2,2,2,,25,35,25,15,4,12,2,1,2,25,"3,5,7",3,,1,2,,1,2,,,,2,2,5
78,45,3.5,4,3.5,3,3.5,6.25,6,7,5.333333333,3.466666667,4.2,2.8,1.333333333,5,2.25,3.1,,2.4,1.5,2.5,1,,,2,3,2,2,2,2,2,2,,100,100,85,60,,11,2,4,2,27,"2,3,6",3,,1,2,,1,2,6,,,2,2,5
70,40,3,3,2.5,4,3.125,5.5,5.75,4.5,4.333333333,4.933333333,1.5,3.9,1.333333333,5,1.25,2.4,60,4.4,4,5,1,,Hilary Clinton,,,2,2,2,2,1,,,10,25,30,35,2,26,3,2,1,29,"2,4,6",3,,2,2,,1,2,5,,Clinton,2,2,5
62,34,4,4,3.5,3,3.625,4,6.5,6.75,4.166666667,2.266666667,2.6,2.8,1,1,1,3.3,,1.4,1.5,3,1,,,1,1,2,2,2,2,2,2,,25,25,25,25,4,13,2,1,2,25,"2,3,4,5",3,,1,2,,1,2,4,4,,2,7,5
75,48,2,2,2.5,1,1.875,6,6,6.75,5.166666667,4.333333333,2.8,2.5,1.666666667,5,2.5,2.5,,2.8,2.25,3.5,1,,CLINTON,5,4,2,2,2,2,2,2,,15,30,35,20,3,14,2,1,3,44,"2,3,4,6",3,,2,2,,0,2,2,1,Clinton,2,6,5
53,41,4,3,2.5,4,3.375,5.5,7,7,5.166666667,3.133333333,2.4,3.8,1,8,1,2.8,,1.6,3.75,2.5,0,,clinton,2,2,2,2,2,2,2,2,,20,20,30,30,2,11,2,1,2,20,"2,4,6",3,,4,1,20,1,1,1,1,Clinton,2,1,5
56,50,3,4,3,2.5,3.125,4.5,6,5.25,2.666666667,2.933333333,3,3.9,1.666666667,4,2.5,3.3,33,1,1,1,0,,Bernie Sanders,2,3,1,,,1,,,,0,0,50,50,2,14,3,2,1,40,"2,4",1,18,2,1,37,0,2,5,3,Sanders,1,1,5
62,40,3,4,3.5,3.5,3.5,6,3.25,6,4,5,3.5,3.6,3,5,1,3.1,42,2.8,2,4,0,,Jill Stein,4,4,2,2,2,2,2,2,,25,25,50,0,4,9,3,4,2,25,"2,4",3,,3,1,25,1,2,4,3,Stein,2,1,5
54,42,4,4,4,4,4,6,4.5,3,5.666666667,3.666666667,2.4,3,1,3,2.5,2.5,34,3,2.75,3.5,0,,Hillary Clinton,4,5,2,2,2,2,2,2,,25,25,25,25,3,19,2,2,2,32,2,3,,2,1,32,0,2,4,5,Clinton,2,1,5
53,57,4,3,4,1,3,7,7,7,6.833333333,4.066666667,2.9,3.8,1.333333333,2,1,2.4,42,1,1,1,0,,"First Bernie Sanders, eventually Hillary Clinton. I was a ""Never Trump""er",3,3,2,2,2,2,2,2,,40,35,10,15,4,9,1,,2,51,"2,3,4,5,6,7",3,,7,1,51,0,2,2,2,Sanders-Clinton,2,1,5
62,35,3.5,3.5,2.5,3,3.125,4.75,4.75,5,4.833333333,4.466666667,3.6,2.9,4,4,3.75,3.3,42,3.4,3.75,3,1,,Hillary,4,5,2,2,2,2,2,,,30,30,30,10,4,11,2,1,1,23,3,3,,7,1,23,1,2,,2,Clinton,2,4,5
69,35,4,4,3.5,4,3.875,7,7,6.75,4.333333333,1.933333333,4.9,2.8,4,3,2.75,3.8,,3.8,4,5,0,,Bernie sanders,3,2,2,2,2,2,2,2,,0,0,50,50,4,13,2,1,2,,"2,4",3,,2,1,23,0,1,2,1,Sanders,2,1,5
79,52,3,3.5,3.5,3.5,3.375,4.25,4.75,5.25,2.833333333,2.266666667,1.8,3.1,3,1,2.25,3.6,,1,1,5,0,,Trump,4,3,2,2,2,2,2,2,,35,35,20,10,2,16,3,1,1,27,"3,5",3,,4,1,27,1,2,4,5,Trump,2,1,5
61,42,4,4,3.5,3.5,3.75,5.75,6.75,7,6,5.133333333,3.7,3.3,1,5,1.75,3.1,50,4.2,4.25,4,0,,hillary clinton,3,4,2,2,2,2,2,2,,70,100,80,80,3,2,3,1,2,,"2,3,4,5",3,,1,2,,0,1,5,2,Clinton,2,1,5
65,46,4,4,2.5,3,3.375,2.75,5.75,6.5,3.333333333,4.666666667,2.3,3,3.333333333,2,1.25,3.8,,3.6,3,1,0,,Hilary Clinton,3,3,2,2,2,2,2,2,,20,30,30,20,3,11,1,1,2,,2,3,,5,2,,0,1,2,2,Clinton,2,1,5
72,38,3,3.5,3.5,3,3.25,5.75,5.75,5.75,4.333333333,3.933333333,3.4,2.8,2,4,2.75,3,,3.8,4.5,4,0,,not donald trump,4,4,2,2,2,2,2,2,,25,20,50,5,4,11,2,1,2,,"2,3,4,5",3,,1,2,,0,1,4,5,Anti-Trump,2,1,5
57,39,3.5,3.5,3.5,4,3.625,5.75,5.5,6,4.833333333,3.733333333,3.7,2.7,2,2,1,3.3,,3.2,3,3,0,,Hillary Clinton,4,4,2,2,2,2,2,2,,25,25,35,15,4,10,2,1,1,,"3,5",3,,1,2,,0,1,3,3,Clinton,2,1,5
58,38,3,3.5,4,3.5,3.5,4.75,6,7,4.833333333,2.266666667,3,3,3.333333333,2,1.75,3,44,3,4.25,2.5,0,,Hilary Clinton,4,4,2,2,2,1,2,2,,30,20,30,20,4,14,2,2,1,,1,3,,2,2,,0,1,3,3,Clinton,2,1,5
63,33,4,4,4,3.5,3.875,5.5,6,5.25,4.666666667,2.8,3.5,3.5,1.666666667,8,2.75,3.1,,3.8,3.5,4,0,,hilary,4,5,2,2,2,2,2,2,,20,10,40,30,4,14,3,1,2,,"3,5,7",3,,3,2,,0,1,2,4,Clinton,2,1,5
69,34,3.5,4,3.5,4,3.75,7,6.25,7,4.5,3.666666667,4.2,3.2,4.666666667,3,5,3.8,,4,3.75,4,0,,Clinton,3,3,2,2,2,2,2,2,,30,20,35,15,5,8,5,2,2,,3,3,,2,2,,0,1,5,,Clinton,2,1,5
70,38,4,3,3,3,3.25,6,6.75,7,5.833333333,3.733333333,3.6,3.4,2.333333333,4,1,2.5,,4,2.75,3.5,0,,Clinton,4,5,2,2,2,2,2,2,,30,30,30,10,4,12,4,2,2,,"2,4,6",3,,3,2,,0,1,,,Clinton,2,1,5
61,34,4,4,4,4,4,5.75,6,6,1.833333333,2.666666667,5,1.7,1,2,4.5,4.6,,5,5,5,0,,Hilary Clinton,2,1,2,2,2,1,2,2,,5,5,60,30,1,14,1,1,2,,"2,3,4,5,6,7",3,,,2,,0,1,1,2,Clinton,1,1,5
58,35,3.5,3.5,3.5,4,3.625,1,1,1,6,2.133333333,3.3,3.2,4,8,2.25,2.5,,3,3,3,0,,Giant Douchebag,1,1,2,2,2,2,2,2,,25,25,25,25,3,11,3,1,1,,1,3,,,2,,0,1,,,nonsense,2,1,5
70,36,4,4,3.5,4,3.875,6,5.75,5.75,2.5,1.866666667,4.4,2.9,2.333333333,5,5.75,4.5,50,3,3.75,2.5,0,,Clinton,4,2,2,2,2,2,2,2,,90,85,70,70,5,11,5,1,1,,"4,6",3,,7,2,,0,1,7,7,Clinton,2,1,5
67,51,3.5,3,3,3.5,3.25,5.5,5.5,6.25,4.833333333,3.266666667,3.7,2.9,1.666666667,0,2.75,3.3,42,3.2,3.25,4,0,,Obama,3,3,2,2,2,2,2,2,,25,20,25,30,4,8,3,1,2,,"2,3,4,5,6",3,,1,2,,0,1,,2,Obama,2,1,5
72,37,4,3.5,3.5,4,3.75,7,5.5,7,5,4.4,3.7,2.8,1,0,1,3.1,,3,2.5,4,0,,,4,4,2,2,2,2,2,,,10,40,30,20,3,14,3,4,2,,1,3,,1,2,,0,1,,,,2,1,5
72,37,3.5,3.5,3,3.5,3.375,4.5,5.5,2.75,3.166666667,4,3.9,3,3.333333333,0,2.25,3.5,,3.2,3.75,3.5,0,,Clinton,1,1,2,2,2,2,2,2,,25,40,25,10,4,10,1,2,2,,7,3,,2,2,,0,1,,,Clinton,2,1,5
62,37,4,2.5,4,3,3.375,6,6,6,4.333333333,4.533333333,2.6,3,3.333333333,5,1,2.8,,2.6,2.75,3,1,,Hillary,4,3,2,2,2,2,2,,,5,30,35,30,1,12,2,1,2,,1,3,,2,2,,0,1,5,4,Clinton,2,4,5
75,54,4,3.5,4,3.5,3.75,4.25,5.25,7,3,4.2,3,3.7,4.333333333,6,5,2.7,,5,5,5,0,,Hillary Clinton,1,1,2,2,2,2,2,2,,20,20,30,30,3,11,1,1,2,,"2,4,6",3,,1,2,,0,1,4,3,Clinton,2,1,5
74,31,3,3,2.5,3.5,3,1.75,2.5,1.5,2.833333333,2.533333333,3.3,2.9,4.666666667,2,4.75,4,,4,3.75,3.5,0,,,5,4,2,2,2,2,2,2,,,,,,5,14,2,1,1,,2,3,,1,2,,0,1,,,,2,1,5
37,39,2,2,2.5,1,1.875,5.5,5,5,3,5.466666667,2.6,2.8,2,2,1.5,2.6,,1.6,2.25,3,0,,I don't but if I was in America I would most likely vote for Clinton,1,1,2,2,2,2,2,,,10,10,40,40,2,26,3,1,2,,"2,5",3,,1,2,,0,1,,,Clinton,2,1,5
73,41,4,3,4,4,3.75,5.75,6,1,5.166666667,4.4,1.5,3.2,1,0,1.25,2.3,,2.8,2.5,2,0,,Trump,4,4,2,2,2,2,2,,,80,80,80,100,4,14,2,1,1,22,"3,5,7",3,,4,2,,1,1,2,1,Trump,2,1,5
78,38,4,2,4,4,3.5,7,7,4.5,4.833333333,4.066666667,3.4,3.1,3,2,1,2.6,,3,3,3,0,,Barack Obama,3,3,2,2,2,2,2,2,,20,20,50,10,5,12,1,1,2,19,3,3,,1,2,,1,1,4,4,Obama,2,1,5
68,36,4,3.5,3.5,3.5,3.625,6.75,7,7,4.5,3.266666667,4.4,2.6,5,0,1.25,3.6,,3.4,3.75,3,0,,,4,3,2,2,2,2,2,2,,20,30,30,20,4,11,3,1,2,19,"2,4,6",3,,1,2,,1,1,,,,2,1,5
63,52,4,4,4,4,4,1.75,6,6,5.833333333,4.133333333,3.5,3,7,3,1,3,42,4,4,4,1,,"Hillary Clinton, even though she's not much better than that orange fake tan mofo",1,1,2,2,2,1,2,2,,50,50,100,80,5,12,1,1,2,20,5,3,,8,2,,1,1,1,2,Clinton,2,6,5
64,40,1.5,1,1.5,2,1.5,1,1.25,1,5.666666667,3.6,3.7,3.5,1,3,1.5,2.8,42,3.2,2.5,3.5,0,,,3,3,2,2,2,2,2,2,,30,30,20,20,5,12,3,1,2,20,4,3,,1,2,,1,1,4,2,,2,1,5
60,45,4,2.5,4,3.5,3.5,2,6.5,7,5.833333333,4.8,4,3.5,1.333333333,5,5,2.3,,3.6,2.75,4.5,0,,,5,2,2,2,2,2,2,,,10,20,40,30,1,24,2,4,1,21,2,3,,1,2,,1,1,4,5,,2,1,5
57,44,4,3.5,3.5,4,3.75,5,6.5,5.25,3.333333333,3.066666667,3.3,3.1,5,2,3.5,2.7,,3,2.5,4,1,,,,,2,2,2,2,2,2,,80,80,80,90,4,16,4,2,1,19,"2,3,5,6",3,,1,2,,1,1,,,,2,7,5
57,33,4,3,3.5,4,3.625,5.75,5.5,5.25,4.833333333,3.666666667,3.3,3.3,2.666666667,7,2.25,2.8,,4.2,3.75,3,0,,,4,4,2,2,2,2,2,2,,20,10,30,40,3,9,1,1,2,19,"2,4",3,,4,2,,1,1,2,1,,2,1,5
66,36,3.5,4,4,3.5,3.75,5.25,6,7,5.833333333,4.666666667,3.2,3.2,5.333333333,3,1.75,3.3,,2.2,1.5,1.5,0,,Hilary Clinton,2,3,2,2,2,2,2,2,,90,100,100,60,5,10,2,1,2,20,"2,7",3,,3,2,,1,1,,,Clinton,2,1,5
44,36,4,3,4,3,3.5,7,6.25,7,5.833333333,3.933333333,3.9,3.4,1,1,3,3,52,4.2,2.5,2,0,,,2,3,2,2,1,2,2,,,10,40,30,20,4,11,1,1,2,19,"2,3,4,5,6,7",3,,3,2,,1,1,3,4,,2,1,5
61,37,4,3.5,4,3,3.625,5.25,6.75,4.25,2.333333333,3.4,3.1,2.1,2,0,1.25,4,,4,3,4,0,,Na,2,3,2,2,2,1,1,2,,0,0,40,60,4,26,1,4,2,19,3,3,,1,2,,1,1,3,6,na,2,1,5
49,36,4,3.5,4,3.5,3.75,5.75,3.25,2.5,2.666666667,2.8,4.2,2,2.333333333,1,1.25,3.6,20,2.8,3.25,4,0,,Hillary Clinton,1,1,2,2,1,2,2,2,,10,15,25,50,4,14,1,1,1,20,"2,3,4,5",3,,1,2,,1,1,,,Clinton,1,1,5
59,37,3.5,3,2.5,3,3,7,7,7,5.333333333,3.8,2.8,2.7,1,6,1,2.5,,2.4,3.25,4,0,,May,1,1,2,2,2,2,2,2,,30,30,10,30,3,19,3,1,1,23,"2,4,6",3,,6,2,,1,1,5,5,nonsense,2,1,5
62,33,3.5,4,3,3.5,3.5,6,4.75,7,3.333333333,1.933333333,3.8,2.7,3.333333333,0,1,3.1,,3.4,3.5,4,0,,Hiliary Clinton,2,2,2,2,2,2,2,2,,30,35,25,10,4,12,2,2,2,20,"3,5",3,,4,2,,1,1,3,3,Clinton,2,1,5
61,45,4,4,4,4,4,6,6.25,6.5,3.166666667,3.666666667,3.6,3.3,1.666666667,6,2.75,4,,4.6,4.5,5,0,,Hilary Clinton,5,5,2,2,2,2,2,,,20,30,40,10,3,12,1,1,2,20,"2,6",3,,6,2,,1,1,2,2,Clinton,2,1,5
52,31,3.5,3.5,3,4,3.5,6,6,3.5,5,3.733333333,2.7,3.1,4.666666667,5,1.75,2.2,,3,4.5,2.5,0,,Hillary Clinton,2,2,2,2,2,2,2,2,,25,25,25,25,5,26,4,1,2,19,"2,3,5,6,7",3,,7,2,,1,1,1,1,Clinton,2,1,5
58,36,3.5,4,2,4,3.375,7,6,7,2.333333333,4.2,3.9,2.8,1.666666667,4,2.75,3.9,42,4.2,3.5,3,0,,Hilary Clinton,3,3,2,2,2,2,2,2,,,,,,1,26,2,4,2,19,"2,4",3,,1,2,,1,1,,2,Clinton,2,1,5
64,35,4,4,3.5,4,3.875,5.25,5,5.25,4.5,3.266666667,3.6,2.6,2,1,3.5,3.6,42,3.2,3.75,3,0,,Hilary Clinton,2,2,2,2,2,2,2,2,,,,,,5,11,2,2,2,18,3,3,,1,2,,1,1,3,2,Clinton,2,1,5
49,34,4,3,4,4,3.75,6,6,6,1,4.066666667,2.9,2.9,3,3,1,2.1,,2.2,2.75,3,0,,,5,5,2,2,2,2,2,2,,70,90,90,50,4,12,4,1,1,19,7,3,,5,2,,1,1,4,4,,2,1,5
67,36,4,3,3.5,4,3.625,6.25,6.25,7,5.166666667,4.933333333,3.1,3.6,1.333333333,5,1.75,2.4,42,3.8,2.75,3,0,,Hilary Clinton,2,2,2,2,2,2,2,2,,30,30,25,15,4,9,5,2,2,19,"2,3,4,6",3,,2,2,,1,1,,,Clinton,2,1,5
65,37,3.5,4,3,3,3.375,4,3.25,2.25,2,2.733333333,2.9,3.4,1.666666667,4,6.75,4.6,,3.2,5,2,0,,,4,4,2,2,2,2,2,2,,0,20,20,60,4,7,3,1,2,19,"3,5,7",3,,3,2,,1,1,,,,2,1,5
66,37,4,4,3,4,3.75,6.25,6.25,4.75,4,2.666666667,4.4,3.2,1,1,2.75,3.6,,3.4,4.25,4,0,,Hilary Clinton,3,3,2,2,2,2,2,2,,25,15,45,15,5,11,2,2,2,20,"2,3,4,6,7",3,,3,2,,1,1,5,3,Clinton,2,1,5
67,28,4,2.5,3,3,3.125,7,6.75,5.5,4.666666667,2.2,3.5,3.7,1,0,5,3,42,5,5,5,0,,Harambe,1,1,2,2,2,2,2,2,,30,30,20,20,5,10,2,1,1,20,"2,4,6",3,,7,2,,1,1,6,,nonsense,2,1,5
43,38,4,4,3.5,4,3.875,3.5,6.75,4.5,5.666666667,1.733333333,3.4,3.9,1.666666667,5,1.25,3.4,37,3.4,2,1,0,,Hilary Clinton,2,3,2,2,2,1,2,2,,25,25,25,25,4,11,1,1,2,21,"2,3,6,7",3,,5,2,,1,1,2,1,Clinton,2,1,5
48,32,4,3,3.5,4,3.625,7,6.25,6,4.833333333,3.8,3.8,2.6,1.666666667,1,1.5,3.4,,3.2,2.75,2,0,,Hillary Clinton,3,3,2,2,2,2,2,,,65,70,80,40,5,12,1,1,2,20,"3,5",3,,1,2,,1,1,2,2,Clinton,2,1,5
71,39,4,3.5,3,3.5,3.5,7,6.25,7,5.833333333,4.133333333,3.3,3.2,3,6,1.5,2.8,,3.2,2.25,2,0,,Hilary Clinton,3,3,2,2,2,2,2,2,,20,30,30,20,4,9,2,1,2,20,"2,3,4,5,6,7",3,,1,2,,1,1,,,Clinton,2,1,5
61,37,4,3,4,4,3.75,7,5.75,7,5,2.8,3.7,3.2,1,6,2.5,3,,3.2,4.25,4,0,,Hilary Clinton,2,4,1,1,1,1,1,2,,20,30,40,10,4,19,1,2,2,19,2,3,,1,2,,1,1,,,Clinton,2,1,5
66,36,3,3.5,3,3.5,3.25,5.75,5,5.25,3.333333333,4.2,3.7,2.6,4.333333333,1,3.25,3.4,,3.8,4.25,5,1,,Hilary,3,3,2,2,2,2,2,2,,25,25,40,10,4,12,3,1,2,19,"4,6",3,,4,2,,1,1,,4,Clinton,2,6,5
75,40,4,3,3,3,3.25,6.25,6.5,5.5,2.666666667,4.266666667,3.7,3.5,1.333333333,8,1.75,1.8,,2.4,3,2.5,0,,They both have a lot to change but trump has negative 1800 views so I would support Hillary Clinton,5,5,2,2,2,2,2,2,,5,40,40,15,4,26,5,2,1,29,"4,5,6,7",3,,2,2,,1,1,3,3,Clinton,2,1,5
60,33,3.5,4,4,3.5,3.75,5.75,5.25,4,5.5,3.6,3.9,2.7,4,6,1.5,3,34,2.4,3.25,4,0,,,4,4,2,2,2,2,2,,,5,25,30,40,4,12,3,4,2,23,4,3,,1,2,,1,1,,,,2,1,5
55,39,3.5,3.5,2.5,3,3.125,5.25,5,4,3.833333333,3.8,3.3,2.7,1.666666667,0,1.75,3.3,34,4.4,3.5,3,0,,,2,4,2,2,2,2,2,2,,40,40,70,80,2,9,1,4,1,20,2,3,,2,2,,1,1,,4,,2,1,5
66,35,3.5,3.5,3,4,3.5,5.5,5.75,5.75,5.166666667,3.066666667,3.5,2.9,4,2,1.5,4.1,44,3.8,3.25,3,0,,,3,3,2,1,2,2,2,2,,15,20,50,15,3,9,2,1,2,19,1,3,,1,2,,1,1,,2,,2,1,5
69,33,4,3.5,4,3.5,3.75,6.75,5.75,7,4.666666667,4,3.3,3,3,3,1.75,3,51,4,4.75,3.5,0,,,3,3,2,1,2,2,2,2,,10,40,40,10,4,10,5,1,2,19,"3,7",3,,1,2,,1,1,,2,,2,1,5
48,44,3,3,3.5,3,3.125,4,5.25,3,5.333333333,3.133333333,2.5,3.8,1,1,1.25,2.3,41,3.8,3,3.5,1,,Vermin Supreme,4,3,2,2,1,2,2,2,,5,15,20,60,3,26,4,2,1,20,"3,5,7",3,,3,2,,1,1,,,nonsense,2,7,5
48,35,4,3,3,4,3.5,7,7,7,4.5,4.6,3.2,2.8,2.666666667,0,1.25,3.4,,3.2,1.25,3,0,,Hilary Clinton,1,3,2,2,2,2,2,2,,80,20,100,80,4,9,2,1,2,19,3,3,,5,2,,1,1,5,3,Clinton,2,1,5
54,33,3.5,3.5,3,3,3.25,6.25,6,5,4,3.8,3.5,2.6,2,1,2,3,,3.2,3,3.5,0,,Hilary Clinton,2,3,2,2,2,2,2,2,,30,10,40,20,2,12,2,2,3,19,7,3,,2,2,,1,1,4,4,Clinton,2,1,5
77,36,4,4,4,4,4,1,1,1,4,2.933333333,2.6,2.7,3,0,2.75,3.2,46,1.4,1,2.5,0,,Neither they're both useless.,3,3,2,1,2,2,2,2,,25,25,25,25,4,12,2,3,2,,3,3,,1,2,,0,1,3,,neither,2,1,5
65,50,3,3.5,3,3,3.125,7,7,6.75,3.333333333,2.266666667,3.4,2.1,3.333333333,0,1.25,3.2,,4.4,3.5,3.5,0,,Clinton,4,3,2,2,2,2,2,2,,90,90,95,100,5,14,2,2,2,21,"2,3,4,5,6,7",3,,2,2,,1,1,,,Clinton,2,1,5
71,36,3.5,4,2.5,3,3.25,5.5,4.5,7,4.333333333,4.266666667,2.8,2.6,3,2,1,3,42,4,2.75,3,1,,hilary clinton,3,3,2,2,2,2,2,,,100,100,100,50,4,9,1,1,2,19,"2,4",3,,3,2,,1,1,2,,Clinton,2,6,5
61,34,3.5,4,3,3.5,3.5,6.25,5.25,4.5,5.333333333,2.866666667,3.2,3,4.333333333,4,2,2.8,,3.4,5,3,0,,Hillary Clinton,4,3,2,2,2,2,2,2,,20,20,10,50,3,26,2,2,1,19,"2,4,6",3,,2,2,,1,1,,2,Clinton,2,1,5
71,33,3,3,2.5,3.5,3,6.75,5.75,7,6.166666667,4.8,3.6,3,1,3,2.25,2.4,,3,4,3.5,0,,May,2,3,2,2,2,2,2,2,,70,100,80,50,4,11,2,1,2,19,"2,6",3,,6,2,,1,1,3,2,nonsense,2,1,5
59,39,4,3.5,4,3.5,3.75,6,6.75,6.5,2.833333333,3.533333333,3.3,2.5,1.333333333,1,1.25,3.4,43,2.2,2.25,4,0,,,3,2,2,2,2,2,2,1,Maybe hiperactivity and lack of atention.,0,5,40,55,2,26,1,1,1,22,1,3,,2,2,,1,1,2,1,,2,1,5
79,39,4,4,4,4,4,7,4,7,6.333333333,3.266666667,4,2.3,1,3,1,3,,3.2,2.5,3,1,,Bernie then Clinton,4,4,2,2,2,2,2,2,,30,30,20,20,4,10,2,1,2,25,3,3,,2,2,,1,2,2,2,Sanders-Clinton,2,3,5
45,42,4,4,4,4,4,5.25,5.25,3.25,4.333333333,2.2,3.6,2.9,2.333333333,3,2,3,39,4,3.5,4,0,,Hillary Clinton,3,4,2,2,2,2,2,,,50,25,20,5,4,26,4,2,2,19,"1,6",3,,7,1,19,1,2,2,2,Clinton,2,1,5
52,42,2.5,3,2.5,2.5,2.625,5,5,5,3,3.933333333,2.6,2.6,5.333333333,13,2.75,3.1,,3.2,2.75,2.5,1,,trump,4,3,2,2,2,2,2,,,25,25,25,25,3,16,4,3,2,18,"4,5",3,,7,1,18,1,2,7,7,Trump,2,3,5