tosca_01_1,tosca_01_2,tosca_01_3,tosca_01_4,tosca_02_1,tosca_02_2,tosca_02_3,tosca_02_4,tosca_03_1,tosca_03_2,tosca_03_3,tosca_03_4,tosca_04_1,tosca_04_2,tosca_04_3,tosca_04_4,tosca_05_1,tosca_05_2,tosca_05_3,tosca_05_4,tosca_06_1,tosca_06_2,tosca_06_3,tosca_06_4,tosca_07_1,tosca_07_2,tosca_07_3,tosca_07_4,tosca_08_1,tosca_08_2,tosca_08_3,tosca_08_4,tosca_09_1,tosca_09_2,tosca_09_3,tosca_09_4,tosca_10_1,tosca_10_2,tosca_10_3,tosca_10_4,tosca_11_1,tosca_11_2,tosca_11_3,tosca_11_4,gasp_1,gasp_2,gasp_3,gasp_4,gasp_5,gasp_6,gasp_7,gasp_8,gasp_9,gasp_10,gasp_11,gasp_12,gasp_13,gasp_14,gasp_15,gasp_16,bf_3,bf_8,bf_13,bf_18,bf_23,bf_28,bf_33,bf_38,bf_43,bf_48,bf_53,bf_58,sex,gender,age,ethnicity,WC,consc,tos_gu,tos_sh,gu_nbe,gu_rep,sh_nse,sh_wth,gutot,shtot
5,2,5,4,5,4,1,2,5,5,5,2,2,1,2,4,5,1,2,5,1,5,1,5,1,1,4,5,1,5,1,4,2,5,5,1,5,1,5,1,1,5,5,1,5,7,7,3,6,7,2,4,6,6,7,2,7,7,7,7,2,2,5,3,3,3,3,4,5,1,3,4,Female,Female,18,Hispanic or Latino,103,3.666666667,4.727272727,4.636363636,25,27,27,11,52,38
4,2,5,2,4,2,1,2,5,2,3,2,1,1,2,4,4,1,2,5,1,3,2,5,2,1,4,4,1,4,1,5,2,4,4,3,4,1,4,1,1,5,3,2,5,6,6,1,6,7,2,2,5,6,6,2,7,7,7,7,4,2,4,2,2,4,2,4,4,2,4,4,Female,Female,22,Non-Hispanic White or Caucasian,19,3.166666667,4.363636364,3.545454545,24,25,26,7,49,33
5,2,5,3,3,3,4,5,5,5,3,3,3,3,4,2,5,3,5,5,5,3,3,4,1,5,5,5,5,1,1,2,4,5,5,3,5,4,5,1,5,3,2,3,7,7,7,2,6,7,5,2,4,4,7,1,7,5,6,3,1,2,5,5,1,3,4,5,4,2,4,4,Female,Female,19,Non-Hispanic White or Caucasian,25,4.166666667,3.818181818,3.909090909,19,26,25,10,45,35
5,2,4,2,5,5,2,2,3,4,5,3,4,5,3,5,4,1,2,5,3,4,3,4,4,2,5,5,2,4,2,4,4,5,4,3,4,2,5,2,4,5,4,3,3,6,5,5,6,7,4,4,6,5,6,4,5,5,7,5,4,3,3,3,4,3,2,3,4,2,4,3,Female,Female,19,Asian or Asian American,42,3,4.636363636,4.181818182,19,25,22,17,44,39
5,2,4,3,5,3,4,4,5,5,5,4,3,3,3,5,2,4,4,5,4,4,4,5,3,1,4,4,2,4,5,5,5,4,5,4,4,1,4,1,5,5,4,4,4,6,6,4,5,5,3,3,5,5,6,3,6,5,6,5,2,3,5,5,3,2,3,4,4,1,5,4,Female,Female,20,"Hispanic or Latino,Non-Hispanic White or Caucasian",82,3.916666667,4.727272727,3.818181818,19,23,22,13,42,35
5,3,4,2,2,2,1,4,4,3,2,4,2,3,2,4,4,2,4,5,3,3,3,3,4,1,4,3,4,3,2,3,4,3,4,4,5,1,5,3,4,4,3,1,5,5,6,3,5,7,3,2,6,6,6,1,5,2,6,5,2,2,4,5,3,4,4,5,4,1,4,4,Male,Male,21,Asian or Asian American,16,3.833333333,3.636363636,3.363636364,18,22,24,9,40,33
5,1,5,3,5,3,3,1,5,2,5,3,2,5,1,4,4,4,3,3,3,4,2,4,2,2,4,4,1,5,2,5,4,5,5,2,4,4,2,2,4,4,1,2,7,7,7,7,7,7,5,7,7,7,7,7,7,7,7,7,3,3,5,4,2,4,4,5,5,2,5,3,Female,Female,21,Asian or Asian American,22,3.916666667,4.181818182,3.727272727,28,28,28,26,56,54
5,1,5,4,5,1,1,4,3,3,1,1,1,1,1,5,1,1,4,5,1,5,1,5,2,1,5,4,2,5,5,5,3,5,5,1,4,1,5,1,1,5,3,1,1,7,7,1,1,6,3,1,7,6,7,6,7,7,7,7,2,3,5,1,4,2,4,4,5,3,5,3,Female,Female,33,Non-Hispanic White or Caucasian,14,3.583333333,4.636363636,3.363636364,22,22,26,11,44,37
5,1,5,1,4,1,3,4,4,4,5,4,4,1,1,5,1,2,4,4,3,2,4,3,2,2,4,5,2,3,4,4,4,4,2,4,4,1,4,1,3,4,3,3,5,3,6,5,6,4,3,3,6,6,7,3,7,5,6,6,4,3,4,2,4,4,2,4,4,2,4,4,Male,Male,30,Non-Hispanic White or Caucasian,73,2.916666667,4,3,22,22,23,14,44,37
5,2,4,1,5,1,1,1,1,2,2,2,1,3,2,5,3,2,2,5,2,3,3,3,3,2,5,2,4,1,1,4,4,1,4,5,2,2,4,1,5,3,3,1,7,6,7,6,7,6,6,3,6,6,7,1,6,4,3,7,5,5,3,1,4,5,5,5,4,2,5,4,Female,Female,21,Asian or Asian American,8,2.833333333,4,2.181818182,24,23,25,16,47,41
5,2,4,2,4,2,4,4,4,4,3,5,4,3,2,3,NA,NA,NA,NA,4,1,5,4,4,1,5,2,1,5,1,5,1,3,5,5,5,2,5,1,2,4,3,1,7,4,6,3,7,5,5,5,7,6,7,5,6,3,6,4,2,4,5,5,4,4,4,4,5,2,4,2,Male,Male,23,Asian or Asian American,35,3.75,NA,NA,21,24,23,18,45,41
4,2,5,1,4,2,2,2,4,2,2,3,3,3,2,3,2,2,4,5,3,2,4,4,3,2,4,5,3,4,4,4,3,4,4,2,4,2,4,1,4,4,2,5,2,5,6,4,3,5,2,7,4,5,5,3,5,3,5,5,3,4,2,5,4,3,3,4,2,3,4,4,Female,Female,19,Asian or Asian American,47,2.916666667,3.909090909,3.181818182,14,18,21,16,32,37
5,1,5,1,1,1,5,5,5,1,5,5,5,1,3,4,1,5,5,4,5,1,5,1,5,1,5,1,5,1,5,3,1,1,5,1,4,1,5,2,1,5,1,5,1,7,1,1,1,1,3,1,1,1,1,1,1,1,1,1,1,1,5,5,1,3,5,5,5,1,5,4,Male,Male,40,Non-Hispanic White or Caucasian,12,4.583333333,3.909090909,2.181818182,4,10,4,6,14,10
1,1,3,1,2,1,1,4,3,1,2,4,2,1,1,4,1,1,5,5,3,2,4,4,4,1,5,2,3,1,1,2,2,2,5,1,1,1,3,5,3,4,1,1,1,6,4,2,4,5,2,3,3,5,6,1,5,7,7,4,1,4,5,4,3,4,5,4,5,1,4,4,Male,Male,21,Non-Hispanic White or Caucasian,78,3.833333333,3.545454545,1.454545455,15,23,19,8,38,27
5,2,5,2,5,4,1,4,5,1,2,2,1,1,1,4,2,2,4,5,1,2,4,4,1,1,4,5,2,4,1,5,2,5,4,2,2,1,5,1,1,4,5,1,6,6,6,7,3,7,3,2,6,7,7,4,6,5,4,3,3,1,5,3,2,1,3,4,5,1,5,2,Female,Female,21,Asian or Asian American,106,4.25,4.272727273,3.636363636,20,20,26,16,40,42
5,3,5,1,5,1,1,4,4,4,4,4,4,4,1,5,2,4,4,5,2,2,4,5,3,1,3,3,4,2,4,3,1,2,5,3,5,1,5,1,3,5,5,2,7,1,5,1,3,6,1,3,7,7,5,1,7,7,6,6,3,1,5,5,2,2,2,4,5,1,5,1,Male,Male,29,"Hispanic or Latino,Non-Hispanic White or Caucasian",28,4.333333333,4.545454545,2.909090909,27,15,25,6,42,31
5,2,4,4,4,1,3,4,4,3,4,2,1,2,1,4,4,2,4,4,3,4,4,4,3,1,5,5,3,2,1,2,4,4,4,4,4,1,4,1,1,4,4,1,4,6,6,3,6,7,1,1,6,6,6,1,5,6,6,4,1,2,4,4,5,1,4,4,4,1,4,4,Female,Female,20,"Asian or Asian American,Non-Hispanic White or Caucasian",95,3.833333333,3.909090909,3.454545455,20,24,24,6,44,30
5,1,5,1,5,2,3,4,5,3,2,4,2,2,3,3,3,3,3,5,1,5,2,5,5,2,5,5,2,5,5,5,5,5,5,4,5,2,5,2,3,5,5,1,2,7,7,7,3,4,3,4,3,3,4,4,3,6,6,3,3,4,5,5,3,4,2,5,5,3,4,5,Female,Female,19,Asian or Asian American,36,3.333333333,4.545454545,4.363636364,14,20,17,18,34,35
5,3,5,1,5,5,1,1,5,3,5,1,1,3,1,5,1,1,1,5,1,5,1,5,1,1,5,5,2,4,5,3,1,5,5,1,5,1,5,1,4,5,5,4,5,2,7,2,6,7,3,5,7,7,6,1,6,7,6,3,2,4,5,4,1,2,5,5,5,1,5,1,Female,Female,28,"Asian or Asian American,Hispanic or Latino",118,4.5,4.818181818,4.181818182,22,20,27,11,42,38
4,2,5,4,5,3,2,5,4,3,4,5,4,2,3,3,1,1,4,5,1,5,4,5,2,1,4,5,2,1,5,5,4,5,4,5,4,2,5,1,4,4,2,3,6,7,7,2,7,7,5,1,2,3,7,3,5,4,6,6,5,1,4,2,4,4,2,4,4,1,5,3,Female,Female,21,Non-Hispanic White or Caucasian,59,3.25,4.454545455,3.363636364,18,27,22,11,45,33
5,4,5,4,3,4,2,4,5,3,1,4,3,3,2,5,1,3,5,5,1,1,5,4,4,1,5,1,3,1,1,4,3,5,3,4,3,2,5,1,1,5,4,1,2,7,6,2,4,3,3,1,6,3,3,3,2,6,6,3,1,2,5,5,3,1,5,5,5,1,5,1,Female,Female,18,Non-Hispanic White or Caucasian,33,4.75,4.090909091,2.909090909,17,20,14,9,37,23
5,2,5,2,3,2,1,4,3,1,2,4,4,1,3,4,4,4,4,5,5,2,3,2,1,3,5,3,4,1,1,1,4,4,5,3,5,2,5,2,2,4,3,3,2,6,7,3,4,7,3,7,6,6,6,3,7,4,5,4,2,1,5,5,2,4,4,4,5,4,5,3,Male,Male,18,Asian or Asian American,11,4,3.727272727,3.181818182,16,21,27,16,37,43
4,3,5,4,4,1,1,5,5,3,3,4,4,5,2,4,2,4,5,5,1,3,3,4,1,1,4,4,4,3,2,3,3,4,5,5,5,2,4,2,1,3,4,1,1,7,6,4,5,7,4,3,5,5,6,2,3,3,5,6,3,4,3,4,4,4,3,3,4,1,5,3,Male,Male,18,Hispanic or Latino,34,3.25,4,3.363636364,15,23,21,13,38,34
2,3,5,1,5,1,1,4,5,2,2,4,3,3,2,4,3,1,5,5,4,2,5,3,1,1,2,5,5,3,1,2,2,5,5,5,4,2,5,1,4,5,5,4,6,7,5,7,7,7,4,5,7,6,5,3,2,2,4,6,1,1,4,5,1,1,5,4,4,1,3,1,Female,Female,20,Hispanic or Latino,83,4.583333333,3.909090909,3.363636364,21,23,20,19,44,39
2,4,5,1,5,1,2,4,2,3,1,3,1,1,1,5,1,1,4,5,1,4,3,3,3,1,3,4,1,5,5,3,3,5,3,1,3,1,5,1,1,5,3,1,6,5,7,3,5,7,3,2,7,7,6,3,7,7,5,3,2,3,4,3,4,1,4,4,4,1,5,2,Female,Female,23,Non-Hispanic White or Caucasian,767,3.916666667,3.909090909,2.818181818,23,21,28,11,44,39
1,3,5,3,3,1,3,5,4,3,5,2,2,3,4,2,2,3,4,5,2,3,3,3,4,3,4,5,1,1,1,3,3,3,5,3,4,4,3,4,4,5,4,3,5,4,5,6,5,5,5,4,4,5,4,4,4,5,6,5,4,3,2,3,2,3,4,3,4,3,2,4,Female,Female,21,Asian or Asian American,5,2.916666667,3.909090909,2.909090909,19,19,19,19,38,38
2,4,4,3,4,3,2,4,4,2,3,4,3,4,2,4,3,4,4,4,1,3,5,4,5,3,3,3,3,4,3,4,3,4,4,4,3,3,4,3,4,4,3,1,7,4,5,3,4,5,5,3,6,5,4,4,4,4,4,4,2,3,3,4,3,3,3,4,4,3,3,2,Female,Female,28,Non-Hispanic White or Caucasian,31,3.416666667,3.818181818,3.090909091,21,16,19,15,37,34
3,3,5,1,5,1,2,2,2,2,3,4,2,3,1,5,1,1,5,5,1,3,5,5,4,1,3,1,3,1,1,4,3,3,4,5,3,1,5,1,2,5,2,1,4,4,6,2,6,5,5,5,5,3,2,1,2,4,6,4,1,2,4,4,2,3,5,5,4,1,4,2,Female,Female,21,Hispanic or Latino,13,4.25,4.454545455,1.909090909,17,18,16,13,35,29
5,2,5,2,5,2,1,3,5,3,4,5,1,2,2,5,2,1,3,5,1,5,2,5,1,1,5,5,4,1,1,4,4,2,4,3,5,1,5,3,1,5,5,3,3,7,7,2,3,2,4,2,7,6,6,2,6,7,6,6,4,4,3,2,2,5,2,4,4,4,4,4,Female,Female,20,Asian or Asian American,82,2.666666667,4.727272727,3.545454545,23,22,21,10,45,31
5,4,5,3,5,3,1,3,4,2,5,3,3,3,2,5,3,2,3,5,1,4,3,5,2,2,4,4,3,3,3,4,3,3,4,3,4,2,5,1,2,5,3,1,6,6,4,2,5,5,4,4,7,5,6,3,6,5,6,4,2,2,5,4,3,2,4,4,5,2,4,2,Female,Female,21,Non-Hispanic White or Caucasian,57,4.083333333,4.727272727,3.454545455,22,23,20,13,45,33
1,1,5,3,5,2,1,3,4,5,4,4,1,2,3,4,1,1,3,5,3,4,3,5,3,1,5,4,1,3,1,4,3,5,5,3,4,1,5,1,1,5,3,2,6,7,7,5,6,7,4,1,6,3,5,1,4,7,7,5,3,3,5,3,4,2,2,3,4,2,4,3,Female,Female,22,Asian or Asian American,104,3.333333333,4.727272727,3.090909091,24,25,21,11,49,32
1,1,5,1,4,1,4,5,5,2,3,2,3,3,1,5,5,1,3,5,1,5,5,5,1,1,5,5,4,2,3,1,5,5,5,3,5,4,5,1,4,5,4,1,3,3,6,6,5,7,6,7,7,3,7,2,6,5,7,4,4,2,3,2,4,4,2,3,3,1,4,3,Female,Female,56,Asian or Asian American,6,2.916666667,4.363636364,3.545454545,19,22,22,21,41,43
3,4,5,3,4,1,3,4,3,4,4,3,4,3,2,4,2,2,5,5,1,4,2,4,2,1,5,5,4,3,2,3,3,4,4,2,4,1,4,1,1,5,4,1,6,7,6,3,4,7,5,3,5,5,7,2,5,5,6,5,4,4,3,3,4,3,2,3,4,3,2,3,Female,Female,24,Hispanic or Latino,39,2.666666667,4.272727273,3.181818182,21,24,23,13,45,36
3,4,5,1,5,1,3,4,1,3,2,3,3,1,1,5,1,4,3,5,5,5,5,5,1,1,2,4,4,1,4,2,3,3,5,1,4,1,5,1,1,5,1,1,7,7,7,1,5,3,6,1,7,7,5,1,7,7,6,7,3,3,5,3,4,3,4,3,5,1,4,1,Male,Male,21,"Black or African American,Other (please identify)",16,3.75,4.181818182,2.272727273,28,23,24,9,51,33
2,4,4,4,5,3,5,2,5,2,3,3,3,4,4,5,2,3,5,5,4,5,2,5,1,3,5,5,3,1,4,5,4,5,5,2,5,1,5,1,5,4,5,5,4,7,7,5,3,7,4,3,5,4,6,3,6,6,6,5,2,1,3,2,4,1,3,4,4,2,4,1,Female,Female,27,Other (please identify),13,3.75,4.636363636,3.818181818,20,22,24,15,42,39
5,2,5,2,5,1,2,4,4,2,2,4,1,1,2,4,1,1,3,5,2,3,3,5,3,1,4,2,1,2,1,4,2,2,4,3,2,1,5,1,2,5,1,1,7,6,7,2,7,6,3,2,6,6,6,2,6,6,7,6,2,2,5,4,2,2,2,4,4,1,4,4,Female,Female,20,Asian or Asian American,132,3.833333333,4.363636364,2.272727273,25,26,25,9,51,34
5,2,5,1,4,1,1,3,4,1,3,1,1,4,2,4,2,2,4,5,1,5,4,5,3,1,4,4,1,4,1,4,3,4,4,4,4,1,5,1,1,5,3,1,4,6,6,3,4,5,4,4,7,6,6,3,5,5,4,5,1,3,4,4,2,2,4,4,4,2,4,2,Female,Female,18,Hispanic or Latino,60,4,4.363636364,3.454545455,21,20,22,14,41,36
5,1,5,3,5,1,3,4,5,5,3,5,3,3,3,3,2,4,4,4,1,5,3,2,1,1,4,4,5,1,1,5,3,4,4,4,2,5,5,1,3,5,5,3,1,6,5,3,7,7,6,5,6,4,6,1,3,7,7,6,1,3,4,5,4,3,4,4,4,1,3,4,Male,Male,21,Non-Hispanic White or Caucasian,146,3.666666667,4.090909091,3.363636364,20,26,19,15,46,34
5,1,5,3,4,1,1,2,4,1,5,5,2,4,1,5,4,1,1,5,1,5,3,5,5,1,5,3,1,1,1,5,1,4,5,3,5,1,5,1,2,5,4,1,1,7,7,3,6,6,2,7,7,7,7,3,7,7,7,7,1,1,1,4,2,3,4,4,4,1,5,2,Female,Female,25,Asian or Asian American,24,4,4.909090909,3.363636364,22,27,27,15,49,42
4,1,4,3,3,2,2,3,3,3,3,3,3,3,3,3,3,3,3,3,3,3,3,3,3,3,3,3,3,3,3,3,3,3,3,3,3,3,3,3,3,3,3,3,2,2,2,2,2,2,2,2,2,2,2,2,2,2,2,2,3,3,3,3,3,3,3,3,3,3,3,3,Female,Female,19,Asian or Asian American,7,3,3.090909091,3,8,8,8,8,16,16
5,2,5,1,5,1,4,3,5,1,4,4,2,1,2,5,1,3,3,5,2,5,2,5,1,1,5,4,2,2,2,4,3,4,4,4,5,1,4,1,2,5,4,1,6,7,6,6,6,7,3,5,7,6,6,2,6,6,5,6,4,4,5,2,4,4,2,4,4,1,5,4,Female,Female,18,Non-Hispanic White or Caucasian,42,3.083333333,4.636363636,3.454545455,25,24,25,16,49,41
5,2,5,3,4,1,2,3,5,2,5,4,1,2,1,5,2,2,2,5,1,5,2,5,4,1,4,3,3,3,3,3,3,2,5,3,5,1,5,1,1,5,1,2,6,3,5,2,5,5,2,2,7,5,6,2,6,6,6,7,4,4,4,2,5,4,2,3,3,2,2,3,Female,Female,20,Asian or Asian American,13,2.5,4.636363636,3,26,20,21,8,46,29
5,2,5,3,4,1,2,3,4,1,4,3,1,2,2,5,1,2,4,5,2,4,4,5,2,1,5,4,2,4,1,3,2,5,5,3,3,1,5,1,2,5,4,1,3,6,7,4,6,6,5,1,4,6,6,1,7,7,7,6,3,4,5,4,1,4,3,4,5,1,5,4,Female,Female,18,Black or African American,68,3.75,4.636363636,3.363636364,20,25,26,11,45,37
1,1,5,1,5,1,1,3,3,1,3,1,2,4,1,5,5,1,1,5,1,5,1,5,3,1,4,4,1,3,1,5,1,2,5,3,5,1,5,1,2,5,1,1,7,7,7,1,7,7,5,1,7,7,7,4,7,7,4,7,3,3,3,3,3,3,3,3,3,1,5,3,Female,Female,22,Asian or Asian American,56,3.333333333,4.727272727,2.818181818,28,25,28,11,53,39
5,2,5,2,5,1,1,2,5,1,3,1,1,2,1,5,2,2,3,5,1,2,3,5,1,1,5,5,1,3,2,5,3,3,5,3,5,2,3,2,2,4,4,5,7,7,7,3,7,7,3,1,6,5,7,7,7,7,7,7,2,3,3,4,3,3,4,4,3,2,3,4,Female,Female,19,Hispanic or Latino,42,3.333333333,4.545454545,3.272727273,27,28,26,14,55,40
5,4,5,2,5,2,2,2,4,1,2,4,2,2,2,4,4,1,5,5,1,2,5,3,5,1,2,1,1,4,1,5,4,5,5,4,5,2,5,1,2,2,5,1,5,5,7,5,7,6,7,7,7,2,5,1,6,3,6,7,2,5,5,4,2,2,4,5,5,1,5,3,Female,Female,19,Black or African American,85,4.083333333,3.909090909,3.545454545,22,23,21,20,45,41
4,4,3,3,3,2,4,4,2,3,3,3,4,3,4,4,3,4,3,3,3,3,4,3,2,3,4,3,3,3,4,3,5,4,3,4,3,3,3,3,2,3,4,3,4,5,4,4,5,5,4,5,4,5,4,5,5,4,5,5,4,5,4,2,4,3,3,4,3,3,2,2,Male,Male,18,Black or African American,9,2.75,3.181818182,3.181818182,17,19,19,18,36,37
5,5,5,5,2,1,3,5,5,2,4,1,1,1,1,5,1,1,4,5,1,4,2,5,2,2,4,5,2,4,3,4,4,5,5,5,5,1,5,3,1,5,5,1,6,7,7,5,7,7,NA,5,4,6,4,3,7,4,7,3,5,2,5,1,2,4,2,5,5,4,5,4,Male,Male,19,Asian or Asian American,70,3.166666667,4.454545455,3.727272727,17,25,27,NA,42,NA
5,2,5,1,5,1,1,5,5,5,3,1,1,3,1,5,1,1,3,5,1,5,1,5,1,1,5,5,1,5,1,5,4,5,5,1,5,1,5,1,1,5,5,3,5,7,7,3,7,7,2,1,7,7,6,4,6,7,7,7,1,5,5,5,5,3,4,5,3,3,5,3,Female,Female,19,Hispanic or Latino,80,3.583333333,4.818181818,3.909090909,26,27,27,10,53,37
5,4,5,1,5,1,3,5,4,4,3,4,1,1,1,5,1,2,5,5,1,3,4,5,2,1,5,5,2,1,3,3,4,3,4,5,5,1,5,1,2,4,2,5,6,5,6,1,5,5,6,1,6,5,7,2,7,6,4,6,1,4,5,4,4,4,4,4,5,1,5,2,Female,Female,22,Hispanic or Latino,33,3.916666667,4.454545455,2.818181818,24,21,23,10,45,33
5,2,5,3,4,5,2,4,5,4,5,5,3,3,2,4,1,1,3,5,1,4,3,5,4,1,5,4,3,4,5,5,3,4,5,5,5,1,5,2,2,5,4,1,4,6,7,4,7,7,2,4,6,7,7,5,6,7,7,6,3,3,5,5,5,4,3,4,3,1,4,4,Female,Female,20,Asian or Asian American,123,3.333333333,4.818181818,3.909090909,23,27,27,15,50,42
5,3,5,1,5,4,1,2,5,1,4,4,3,1,1,5,5,1,2,5,5,5,5,4,1,1,5,5,4,1,1,1,3,5,4,2,5,1,1,1,2,5,5,1,4,1,7,1,7,7,1,1,7,7,7,1,7,7,7,7,NA,2,4,5,4,4,5,4,4,2,4,1,Female,Female,21,Hispanic or Latino,110,NA,4,4.181818182,25,22,28,4,47,32
4,1,5,3,4,2,3,4,5,3,3,3,1,2,3,3,4,2,4,5,1,4,3,5,1,2,5,5,3,3,5,3,4,5,5,2,5,2,5,2,2,5,4,2,2,7,7,3,6,7,6,7,7,4,7,2,7,5,7,6,2,3,5,5,3,4,4,4,4,2,4,3,Female,Female,19,Hispanic or Latino,36,3.75,4.363636364,4,20,27,25,18,47,43
5,3,5,2,4,2,2,4,4,2,4,3,4,4,4,2,1,1,5,5,2,4,4,4,2,2,5,5,4,3,1,3,3,4,2,2,5,1,5,1,2,4,3,1,5,6,6,3,5,7,4,2,7,6,5,2,5,5,6,5,4,3,3,2,4,4,2,4,3,3,2,4,Female,Female,19,Non-Hispanic White or Caucasian,160,2.5,3.909090909,3.636363636,22,22,24,11,44,35
4,2,3,2,1,1,1,4,2,2,4,2,2,2,1,5,1,1,5,5,1,2,3,5,2,1,4,1,2,2,2,2,3,2,4,2,2,1,3,1,2,4,1,2,7,5,5,2,2,2,3,1,7,2,5,1,2,6,6,6,2,2,4,5,2,2,5,4,4,1,4,2,Male,Male,38,Hispanic or Latino,10,4.25,3.636363636,1.727272727,26,18,11,7,44,18
5,4,5,2,5,4,3,2,5,2,4,4,4,3,1,5,5,1,3,5,1,5,2,5,3,3,5,5,2,4,1,4,4,5,5,4,5,1,5,1,4,5,5,1,4,7,7,2,5,7,5,1,6,6,7,3,7,6,5,4,4,3,4,3,5,4,2,4,4,2,5,3,Female,Female,18,"Asian or Asian American,Non-Hispanic White or Caucasian",154,3.083333333,4.818181818,4.454545455,20,24,27,11,44,38
5,1,5,2,5,1,3,2,5,1,5,5,4,2,1,5,3,3,2,5,1,4,1,5,4,1,5,5,4,4,1,3,1,5,4,1,5,1,5,1,4,5,1,5,5,7,7,1,7,7,1,1,7,7,7,1,6,7,7,6,3,2,4,4,2,4,4,4,4,1,4,4,Male,Male,20,Hispanic or Latino,71,3.666666667,4.727272727,3.545454545,25,28,27,4,53,31
1,4,5,1,5,1,4,4,5,2,4,5,3,4,2,5,1,1,4,5,1,4,4,3,1,1,4,4,4,1,1,3,1,5,5,2,4,1,5,1,1,4,3,1,3,6,7,2,4,7,4,3,7,5,4,4,4,3,5,4,1,1,5,5,1,4,5,4,4,1,4,4,Male,Male,22,American Indian or Alaska Native,76,4.25,4.363636364,2.818181818,17,19,23,13,36,36
5,2,4,2,5,2,1,3,3,2,4,3,2,3,2,4,2,1,3,5,1,5,3,5,4,1,5,3,2,1,1,4,2,3,4,3,4,1,3,1,1,5,4,1,5,7,5,1,3,5,2,2,6,5,5,2,6,6,6,4,2,2,4,4,2,2,4,4,4,2,4,3,Female,Female,21,Non-Hispanic White or Caucasian,22,3.916666667,4.363636364,3.090909091,21,21,21,7,42,28
4,2,5,3,5,3,2,4,5,3,4,4,4,5,5,3,5,2,2,4,5,2,4,3,4,1,5,5,3,3,1,2,2,5,5,5,5,2,5,2,3,5,5,2,5,4,7,3,4,7,1,2,2,6,4,3,7,6,2,3,4,4,5,5,5,5,2,2,4,4,2,4,Male,Male,21,Asian or Asian American,84,2.5,4.181818182,4.272727273,16,14,27,9,30,36
1,1,5,1,5,1,1,1,1,5,5,5,1,1,1,5,1,1,1,5,1,1,1,5,1,1,5,1,5,1,1,1,5,1,1,1,1,1,5,1,1,5,1,1,3,7,7,1,7,1,2,5,5,5,7,2,5,7,7,5,4,1,3,4,5,2,3,5,4,3,3,1,Female,,22,Hispanic or Latino,25,3.5,4.272727273,1,20,28,18,10,48,28
2,3,5,3,5,1,1,3,2,3,3,3,1,2,2,5,2,1,3,5,2,5,3,5,1,1,5,5,1,3,2,4,2,5,5,3,5,1,5,1,2,4,5,1,3,7,7,2,7,7,4,5,7,7,7,1,5,5,7,6,1,3,4,4,1,3,5,4,4,2,4,2,Female,Female,20,Asian or Asian American,77,4.083333333,4.636363636,3.363636364,21,28,26,12,49,38
5,1,5,3,4,1,3,3,5,2,3,3,2,2,3,4,3,1,4,5,1,5,4,4,2,1,5,3,3,1,1,3,4,4,4,1,3,1,5,2,1,5,3,1,3,5,6,1,6,7,2,1,4,5,7,4,5,1,7,2,3,1,5,5,3,4,3,4,5,4,5,4,Female,Female,18,Hispanic or Latino,83,3.666666667,4.272727273,3.272727273,10,25,23,8,35,31
3,1,5,2,5,4,2,2,5,1,4,3,1,1,1,4,1,1,4,5,1,2,4,4,4,1,4,1,1,5,1,5,1,5,5,2,4,1,3,1,2,3,5,2,6,7,7,3,6,6,5,1,7,6,7,5,6,7,6,7,2,4,4,4,4,5,2,2,4,4,2,5,Male,Male,19,Asian or Asian American,239,2.5,4.272727273,3.272727273,27,26,25,14,53,39
4,2,5,1,4,1,1,3,4,3,3,2,1,1,1,5,3,1,2,5,1,2,4,5,2,1,5,2,2,3,1,4,1,1,5,2,2,1,5,1,1,5,2,1,7,7,7,1,2,3,5,2,7,5,7,3,2,7,7,7,2,3,5,4,2,2,5,5,5,1,5,1,Female,Female,21,Hispanic or Latino,129,4.5,4.636363636,2.272727273,28,23,17,11,51,28
5,2,5,2,5,3,2,3,4,1,4,3,3,1,1,5,2,1,2,5,1,4,2,5,2,1,5,3,2,4,4,5,2,3,5,2,4,1,5,1,1,5,3,1,6,5,4,4,6,5,3,3,7,4,6,2,5,5,7,7,2,2,4,3,4,1,3,3,5,1,5,2,Female,Female,19,Hispanic or Latino,51,3.916666667,4.909090909,3.272727273,25,24,18,12,49,30
5,1,4,1,3,1,1,5,5,5,1,3,3,3,3,3,1,1,5,4,4,3,4,4,1,1,5,5,3,1,1,2,3,2,4,2,5,1,3,1,1,5,2,1,1,6,7,1,4,1,5,2,NA,4,6,1,4,4,6,4,1,3,4,5,2,4,4,4,4,1,4,3,Female,Female,22,Hispanic or Latino,20,3.916666667,3.454545455,3,NA,22,16,9,NA,25
2,1,5,1,2,1,1,1,1,1,1,5,1,1,1,3,1,1,2,5,3,1,3,1,1,1,2,1,1,1,1,1,2,1,2,2,2,1,1,1,1,4,2,1,1,1,1,1,1,1,5,1,1,1,1,1,1,2,1,1,2,2,4,2,4,1,3,4,4,1,3,4,Male,Male,19,Non-Hispanic White or Caucasian,21,3.5,2.454545455,1.272727273,5,4,4,8,9,12
5,3,5,4,5,3,2,2,5,2,5,3,1,1,1,5,4,1,2,5,4,4,5,4,5,1,5,4,2,5,2,5,4,5,5,4,4,3,5,1,5,5,5,5,5,7,6,1,7,5,3,6,3,7,7,5,6,6,6,7,4,2,4,4,4,2,4,4,5,1,5,2,Male,Male,20,Hispanic or Latino,77,3.916666667,4.909090909,4.090909091,21,27,24,15,48,39
4,3,4,2,4,3,3,3,4,3,3,3,3,2,2,4,3,3,3,4,2,4,2,5,2,3,4,3,3,4,2,3,2,4,3,3,4,2,4,2,3,4,4,3,5,3,4,4,3,5,3,3,3,4,4,3,5,4,5,4,4,4,4,2,3,4,1,2,3,3,4,3,Male,Male,20,"Hispanic or Latino,Non-Hispanic White or Caucasian",27,2.583333333,3.818181818,3.545454545,16,15,18,13,31,31
1,2,5,3,4,1,2,3,2,1,3,2,2,2,1,4,1,3,4,4,1,4,4,3,4,1,5,2,3,2,3,4,3,4,4,5,4,1,4,2,2,5,3,2,1,4,5,2,6,4,2,1,2,4,6,2,6,4,6,2,2,3,4,2,4,2,2,4,4,2,2,2,Male,Male,22,Hispanic or Latino,61,3.25,4.090909091,2.272727273,9,22,19,7,31,26
1,3,5,1,5,1,1,5,5,1,3,5,3,2,4,3,1,1,5,4,2,3,5,5,1,3,5,5,1,2,1,4,3,5,3,5,4,2,5,2,4,5,5,5,4,5,6,4,6,7,3,3,3,2,6,2,4,6,2,5,3,5,4,4,5,4,4,3,3,1,2,5,Male,Male,20,Hispanic or Latino,29,2.75,4.272727273,3.272727273,18,19,19,12,37,31
4,2,5,1,4,1,1,3,2,3,1,4,3,2,1,5,1,1,4,5,1,4,3,4,4,2,4,2,1,3,3,5,4,4,3,4,4,2,4,2,1,5,4,1,3,5,7,3,5,5,4,1,7,7,6,2,5,4,7,5,2,2,4,3,3,3,3,4,4,1,4,4,Female,Female,21,Asian or Asian American,58,3.583333333,4.090909091,2.727272727,19,23,24,10,42,34
4,3,5,3,5,1,2,4,5,1,4,2,4,1,2,5,5,4,5,5,1,5,3,5,1,3,5,5,4,3,5,3,3,5,5,2,5,2,5,1,1,5,5,2,1,4,3,5,6,5,2,5,6,5,7,2,6,6,7,6,2,4,3,4,4,4,3,3,3,1,3,4,Male,Male,20,Hispanic or Latino,221,3,4.727272727,4.090909091,19,24,19,14,43,33
5,1,4,1,4,1,1,4,5,4,2,3,2,1,1,3,1,1,3,5,2,4,3,4,1,1,4,5,4,3,1,3,2,5,5,3,4,1,5,1,1,5,4,3,5,6,5,2,4,7,5,2,3,5,7,3,7,5,6,7,5,5,2,2,4,4,3,2,4,4,3,5,Female,Female,21,Asian or Asian American,49,2.083333333,4,3.454545455,20,23,24,12,43,36
4,2,5,2,5,1,2,4,5,1,5,4,2,3,3,3,1,1,5,5,2,1,5,4,1,2,4,3,2,4,5,1,2,4,4,3,5,1,5,2,2,5,2,1,3,2,7,3,5,6,4,5,6,5,5,2,4,5,4,4,4,4,3,2,5,4,2,3,3,2,2,4,Male,Male,21,Asian or Asian American,23,2.333333333,4.181818182,3,18,16,22,14,34,36
5,3,5,3,1,1,2,5,2,3,1,5,1,1,1,5,1,1,5,5,1,4,5,5,4,1,4,1,1,1,1,5,3,3,3,4,4,1,5,5,3,5,2,5,4,6,1,1,7,5,3,1,1,1,4,1,7,1,7,4,1,3,4,4,3,4,5,5,4,1,5,4,Female,Female,25,Non-Hispanic White or Caucasian,19,3.916666667,4,2.272727273,10,24,14,6,34,20
5,4,5,3,5,2,3,3,4,3,3,5,2,5,2,5,5,1,2,5,5,5,5,5,2,2,5,5,2,2,2,5,5,5,3,4,5,1,2,1,1,5,5,2,7,7,7,7,6,7,7,7,7,7,7,7,7,7,7,7,3,5,3,5,3,5,4,5,5,2,4,5,Female,Female,20,Asian or Asian American,21,3.25,4.363636364,4.090909091,28,27,28,28,55,56
4,2,5,2,4,1,1,1,3,1,3,3,1,2,1,4,1,1,1,5,1,3,1,4,1,1,4,4,1,1,1,4,1,3,5,4,2,1,3,1,2,4,1,1,6,6,6,3,5,4,3,4,6,5,6,5,4,4,5,5,3,3,4,3,2,2,4,3,5,1,4,1,Female,Female,20,Asian or Asian American,102,3.916666667,4.090909091,2.181818182,21,22,19,15,43,34
1,3,5,4,2,1,1,3,5,1,4,2,1,1,4,5,1,1,4,5,1,4,5,2,1,1,4,5,5,1,1,5,3,5,5,1,5,1,3,1,2,2,4,1,1,7,7,5,4,3,3,2,3,5,6,2,7,6,2,4,4,5,4,3,5,1,2,3,5,3,3,3,Male,Male,18,Hispanic or Latino,35,2.916666667,3.818181818,3.272727273,14,19,22,12,33,34
5,3,5,4,5,4,3,3,5,4,5,2,3,5,2,3,5,2,4,5,2,5,3,5,1,1,5,5,2,5,3,3,3,5,5,3,5,1,5,1,4,5,5,1,6,7,5,2,7,7,5,2,7,6,7,2,5,7,7,6,3,2,3,4,5,3,4,5,2,2,5,2,Female,Female,20,Asian or Asian American,49,3.5,4.636363636,4.636363636,26,28,23,11,54,34
4,2,5,1,2,1,1,5,4,1,4,1,2,4,1,2,1,2,5,4,3,1,5,2,3,1,5,2,4,1,4,2,2,4,5,1,4,1,5,1,1,5,2,1,1,4,6,1,6,7,1,1,7,6,1,2,7,7,7,2,1,3,4,4,2,2,4,5,4,1,4,2,Male,Male,22,Non-Hispanic White or Caucasian,44,4.166666667,3.727272727,2.272727273,17,18,26,5,35,31
4,5,5,1,4,3,4,4,2,1,1,5,3,1,1,4,1,5,5,3,2,1,5,3,4,3,3,3,2,3,3,4,1,1,4,3,2,3,4,1,3,1,1,2,1,5,3,5,2,3,2,5,1,2,3,3,2,5,4,5,2,2,4,3,2,4,2,4,3,2,3,4,Male,Male,21,Non-Hispanic White or Caucasian,4,3.25,3.272727273,2,12,14,10,15,26,25
5,1,5,1,1,1,1,5,5,1,5,5,5,5,1,5,1,1,5,5,1,5,5,5,1,1,5,5,5,1,1,1,1,1,5,1,5,1,5,1,1,1,1,1,1,7,1,1,7,7,1,1,7,1,7,1,1,1,7,7,4,5,5,1,5,5,1,3,5,1,3,5,Male,Male,19,Hispanic or Latino,111,2.416666667,3.909090909,2.818181818,16,28,10,4,44,14
5,1,5,2,5,1,1,3,4,1,4,2,4,2,1,4,1,1,1,5,1,3,1,5,1,1,5,4,1,4,1,5,2,4,5,1,5,1,4,1,1,5,3,1,5,7,6,1,7,7,3,1,7,4,7,1,7,3,7,5,2,4,3,4,3,2,4,3,3,2,3,4,Female,Female,20,Asian or Asian American,74,3.25,4.727272727,3.181818182,20,28,24,6,48,30
5,1,5,1,1,1,4,5,5,4,4,5,1,1,1,5,1,1,5,5,1,3,5,5,5,1,5,3,3,2,2,2,5,2,5,4,5,1,5,1,1,5,1,1,1,7,6,4,4,3,5,3,5,3,5,1,2,4,7,3,5,2,5,5,4,2,5,5,3,3,5,5,Male,Male,21,Asian or Asian American,31,3.583333333,4.272727273,2.636363636,13,23,14,13,36,27
4,4,5,3,5,4,4,4,4,3,4,4,3,2,1,4,5,3,5,5,3,4,3,5,2,2,5,5,2,4,2,3,4,4,5,2,5,2,4,1,3,5,5,2,7,7,7,7,7,6,6,5,7,7,7,5,6,7,7,5,4,4,4,3,4,4,2,4,3,3,3,4,Female,Female,21,Asian or Asian American,27,2.666666667,4.545454545,4.090909091,26,28,26,23,54,49
4,1,5,4,5,1,3,5,4,3,2,4,3,3,2,4,1,1,5,5,1,2,3,4,1,1,5,5,4,1,1,2,1,4,4,1,3,2,4,1,1,4,2,1,3,6,6,2,5,5,4,2,5,4,6,2,1,5,6,6,1,3,5,4,3,2,4,4,5,1,4,2,Male,Male,20,Asian or Asian American,141,4.166666667,4,2.636363636,19,23,16,10,42,26
5,1,5,3,5,1,3,4,1,1,4,4,2,4,2,5,1,3,3,5,2,1,5,4,4,1,4,1,3,3,4,4,2,1,5,3,3,1,3,1,2,4,3,2,7,6,5,2,6,2,3,3,6,2,5,4,3,7,6,4,2,4,4,4,2,2,3,4,4,2,5,3,Male,Male,20,Non-Hispanic White or Caucasian,40,3.75,4.363636364,2,24,23,12,12,47,24
4,1,5,3,5,1,2,2,3,1,3,3,1,2,1,4,1,3,4,5,1,5,3,4,2,1,5,3,1,2,1,5,3,4,4,2,2,1,5,1,1,5,1,1,5,7,6,2,7,6,5,2,7,6,7,2,5,2,4,6,5,1,5,5,1,1,5,5,5,1,5,1,Female,Female,19,Non-Hispanic White or Caucasian,64,4.666666667,4.545454545,2.454545455,20,25,23,11,45,34
5,2,5,1,5,2,1,2,5,2,5,2,1,1,2,5,5,1,2,5,1,3,2,5,1,1,1,2,1,5,5,5,2,4,5,3,5,1,5,1,2,4,5,1,7,6,7,1,5,7,4,5,7,7,6,2,7,7,6,5,3,2,4,3,1,5,3,4,5,2,4,2,Female,Female,21,Asian or Asian American,98,3.666666667,4.545454545,3.909090909,26,23,28,12,49,40
4,2,4,3,5,4,1,3,4,4,3,4,1,1,3,3,1,1,5,5,1,1,5,4,3,1,4,3,3,4,1,1,4,5,5,3,2,1,2,1,1,4,3,1,5,6,6,3,5,5,3,7,6,4,5,2,5,2,7,3,5,4,4,2,4,4,1,3,4,4,2,4,Female,Female,21,Non-Hispanic White or Caucasian,139,2.25,3.636363636,3.090909091,16,23,20,15,39,35
4,1,5,2,5,2,3,4,2,3,4,5,2,2,2,5,1,4,4,5,2,5,2,5,3,1,5,3,1,2,1,5,3,1,4,3,4,1,5,2,4,5,4,5,2,5,6,1,6,1,3,1,6,2,6,2,4,2,5,6,2,3,4,4,4,3,4,4,4,3,4,3,Female,Female,20,Black or African American,109,3.5,4.818181818,2.727272727,16,22,13,7,38,20
3,3,4,4,2,2,4,5,3,3,1,5,3,3,2,4,3,4,4,4,3,3,4,3,4,1,3,1,1,1,1,5,3,1,2,4,3,3,3,1,2,3,2,3,2,5,2,3,4,3,4,2,2,2,5,1,2,2,4,4,2,2,4,3,3,3,4,3,4,2,5,2,Female,Female,19,Black or African American,12,3.75,3.090909091,2.181818182,10,18,9,10,28,19
4,2,4,3,3,2,3,4,4,2,3,2,4,2,3,3,2,3,4,5,3,4,3,5,2,2,4,5,3,3,1,3,3,5,4,3,5,3,4,2,2,5,5,3,5,5,6,5,3,7,6,3,4,5,5,2,5,6,6,2,4,3,4,4,4,3,4,4,4,1,4,3,Female,Female,21,Asian or Asian American,123,3.5,3.909090909,3.818181818,17,19,23,16,36,39
4,4,4,2,4,1,1,5,5,3,4,4,3,4,1,4,1,4,5,4,2,2,4,2,1,1,2,3,4,1,3,3,2,1,4,3,5,1,5,1,1,5,1,2,6,5,4,2,6,6,3,3,6,6,5,1,6,6,4,5,2,2,5,3,2,2,4,4,5,2,4,3,Male,Male,19,Hispanic or Latino,39,4,3.727272727,2.272727273,23,20,22,9,43,31
3,4,5,2,5,2,2,5,2,2,2,4,3,2,4,4,1,2,5,5,4,2,5,2,2,2,4,3,3,2,4,3,3,4,4,5,5,1,5,1,2,3,5,2,2,6,7,1,4,6,3,2,6,7,7,1,6,5,4,3,1,1,4,4,2,2,4,5,4,1,5,2,Male,Male,21,Non-Hispanic White or Caucasian,47,4.416666667,3.818181818,3,16,21,26,7,37,33
5,2,5,3,5,1,2,4,4,3,2,3,4,4,3,4,2,2,4,5,4,4,3,4,2,1,4,1,3,4,4,4,4,2,4,4,4,3,4,3,3,5,2,1,7,7,7,2,6,3,4,4,7,6,7,1,6,6,6,6,2,2,3,4,2,3,4,4,4,1,5,2,Female,Female,47,Asian or Asian American,13,4,4.181818182,2.909090909,26,26,22,11,52,33
5,3,5,5,5,2,2,5,5,5,5,5,5,5,3,5,1,1,5,5,1,5,4,5,5,3,5,5,1,5,2,5,5,4,5,4,4,5,4,5,1,5,5,1,2,3,6,4,3,7,3,5,2,4,4,5,5,5,5,5,5,5,3,4,5,5,4,3,4,2,4,4,Female,Female,19,Asian or Asian American,12,2.666666667,4.909090909,4,14,15,22,17,29,39
5,3,5,1,5,1,1,1,5,2,3,2,2,3,2,5,2,2,2,5,2,4,2,5,2,2,5,5,1,5,4,4,2,5,5,2,5,2,5,2,2,5,5,2,5,5,6,3,6,7,2,3,7,6,6,2,6,2,6,6,2,4,4,4,4,4,4,5,4,2,4,2,Female,Female,19,"Asian or Asian American,Native Hawaiian or other Pacific Islander",5,3.583333333,4.727272727,4,20,23,25,10,43,35
3,4,4,2,5,1,2,4,5,3,2,1,1,1,2,4,2,1,4,5,1,1,4,3,2,1,5,4,4,3,1,4,1,4,4,1,5,1,5,1,1,5,4,1,2,7,7,4,7,7,4,5,7,7,6,1,6,2,5,1,1,2,5,3,3,3,3,4,4,2,4,4,Female,Female,19,Non-Hispanic White or Caucasian,43,3.666666667,4.181818182,3.090909091,12,25,27,14,37,41
5,2,4,4,4,1,1,4,4,4,2,5,2,2,1,4,1,1,4,4,2,1,4,3,1,1,3,5,2,4,1,1,4,2,2,3,2,1,3,1,4,3,4,5,1,2,3,5,5,6,5,1,4,2,5,2,7,6,6,5,2,2,5,4,2,2,4,4,4,2,5,3,Male,Male,21,Hispanic or Latino,38,4.083333333,3,2.727272727,16,18,18,13,34,31
3,4,4,2,5,3,2,3,5,2,4,5,3,3,4,2,2,2,4,5,4,4,3,4,5,5,5,5,4,4,4,4,3,4,4,3,5,5,5,1,4,4,4,4,3,4,4,2,2,7,4,3,7,7,7,1,4,4,4,3,5,4,3,3,3,3,3,4,3,3,4,5,Male,Male,20,Hispanic or Latino,198,2.75,4.181818182,3.909090909,17,17,22,10,34,32
1,3,3,2,5,4,3,2,5,5,5,2,5,4,4,4,5,4,4,4,4,4,5,4,3,3,4,3,5,5,4,5,4,5,4,5,5,5,4,4,4,5,4,5,6,7,7,6,5,5,5,3,5,5,5,5,4,5,4,5,5,2,4,3,4,5,5,4,4,4,3,4,Male,Male,19,Non-Hispanic White or Caucasian,26,2.916666667,4.272727273,4.090909091,21,21,21,19,42,40
2,3,5,5,3,1,1,2,2,1,4,2,2,1,1,5,1,1,1,4,1,1,5,4,1,1,3,5,2,1,1,2,4,5,4,4,3,1,5,1,2,3,3,2,6,7,7,1,6,7,6,2,2,7,4,5,7,2,6,1,2,2,4,4,1,4,3,5,5,1,5,4,Female,Female,19,Black or African American,53,4,3.818181818,2.272727273,11,23,28,14,34,42
4,1,5,1,4,1,1,3,5,4,5,4,1,1,1,5,2,1,1,5,2,1,3,5,1,1,4,5,1,1,1,5,1,3,5,1,5,1,3,1,1,5,2,1,2,6,4,1,5,1,3,4,3,3,6,1,1,3,6,5,3,2,4,4,5,3,4,2,3,3,4,4,Female,Female,21,Asian or Asian American,209,3.083333333,4.636363636,2.727272727,13,23,9,9,36,18
4,3,5,2,5,4,3,3,4,2,3,4,4,3,4,5,2,3,4,5,2,4,4,4,1,2,5,4,2,4,1,5,3,4,5,4,5,2,5,1,2,5,5,2,6,6,5,2,5,5,4,7,6,6,6,3,5,6,3,5,4,2,4,3,1,4,3,4,4,4,4,4,Female,Female,25,Non-Hispanic White or Caucasian,7,3.25,4.727272727,4,23,20,21,16,43,37
5,3,5,1,5,4,1,4,5,3,4,4,1,3,3,4,1,2,4,5,1,5,5,5,2,1,5,5,2,5,1,4,5,5,5,4,5,1,5,1,3,5,4,2,2,7,7,3,7,7,4,1,7,7,7,2,7,4,7,7,2,5,4,4,5,5,4,5,4,2,4,4,Female,Female,21,Asian or Asian American,98,3.166666667,4.727272727,4.272727273,20,28,28,10,48,38
5,1,5,1,5,2,3,5,5,5,2,2,1,1,1,5,5,1,1,5,1,5,1,5,5,1,5,3,1,1,1,5,5,5,3,4,5,3,5,1,1,5,4,1,7,5,5,5,3,4,4,4,4,3,4,4,3,4,4,5,3,5,5,5,4,5,5,5,3,2,5,3,Female,Female,21,Non-Hispanic White or Caucasian,20,3.5,4.545454545,3.727272727,20,16,15,17,36,32
1,5,5,3,5,2,1,5,1,1,5,2,1,1,1,5,4,1,3,5,1,2,3,5,3,1,5,5,2,1,1,5,1,5,5,2,5,1,5,1,1,5,5,1,1,7,7,2,7,7,4,6,7,7,3,3,7,7,6,7,5,2,4,5,1,1,4,5,5,1,5,4,Female,Female,20,Hispanic or Latino,59,4.166666667,5,2.909090909,22,23,28,15,45,43
5,3,4,2,2,1,2,4,5,2,4,4,2,4,1,4,2,2,3,5,1,5,3,4,5,2,4,2,4,2,3,5,2,4,5,3,5,1,4,1,2,4,3,1,3,1,5,2,5,6,1,2,2,5,6,2,6,6,6,4,4,3,2,2,4,4,4,2,2,1,2,5,Female,Female,20,"Asian or Asian American,Native Hawaiian or other Pacific Islander",105,2.416666667,4.090909091,3.181818182,15,18,22,7,33,29
1,1,5,4,5,3,3,2,1,1,4,4,4,5,2,4,4,2,2,5,2,2,4,4,3,4,5,5,1,3,3,4,4,5,5,2,5,3,5,1,1,5,5,3,3,7,7,3,6,7,5,2,4,6,7,3,7,6,7,7,2,3,4,4,3,5,4,4,4,2,3,2,Male,Male,20,Asian or Asian American,58,3.5,4.636363636,3.272727273,20,27,27,13,47,40
5,2,5,1,4,2,4,5,5,1,3,5,1,3,3,3,1,1,3,5,2,2,3,5,3,1,4,2,1,1,1,5,3,4,5,3,3,3,5,1,3,2,3,3,3,5,3,5,6,5,6,4,6,4,6,4,6,5,6,5,3,4,5,3,3,4,4,3,5,3,4,5,Female,Female,20,Asian or Asian American,51,3.166666667,4.181818182,2.818181818,19,23,18,19,42,37
2,3,2,3,2,3,2,3,2,3,2,3,2,3,2,2,2,3,2,2,2,3,2,2,2,3,2,3,2,3,3,3,2,2,2,2,4,4,3,2,2,4,2,3,3,4,3,3,4,3,4,3,3,3,4,5,3,4,4,3,2,3,4,3,3,3,4,2,4,3,3,4,Female,Female,22,Asian or Asian American,20,3.166666667,2.363636364,2.545454545,13,16,12,15,29,27
5,1,5,2,5,1,1,4,5,2,1,1,2,4,1,5,2,2,4,5,1,5,5,5,3,1,5,5,3,4,5,5,2,4,5,2,5,1,5,1,2,5,5,1,6,6,7,1,6,7,3,1,7,7,6,1,6,4,7,6,3,4,5,3,5,3,3,5,5,2,5,4,Female,Female,21,"Hispanic or Latino,Non-Hispanic White or Caucasian",139,3.416666667,4.636363636,3.818181818,23,25,27,6,48,33
5,2,5,2,5,2,1,3,3,2,4,4,2,2,2,5,2,2,5,4,1,4,2,4,2,1,4,4,2,1,1,4,2,5,3,3,4,1,5,4,1,5,2,1,5,7,6,3,4,5,4,1,6,5,3,1,3,3,5,4,2,4,5,3,4,3,4,4,5,2,2,3,Female,Female,21,Non-Hispanic White or Caucasian,57,3.416666667,4.363636364,3.090909091,18,19,19,9,37,28
5,2,5,2,4,1,2,3,5,2,4,1,2,2,2,4,1,1,4,4,1,1,4,4,1,1,5,4,4,1,2,1,2,4,4,2,4,2,5,1,1,2,2,1,6,6,7,6,6,5,4,5,7,6,7,6,6,5,6,7,5,4,4,3,4,4,2,4,4,2,4,4,Female,Female,20,Asian or Asian American,29,2.833333333,3.818181818,2.727272727,25,25,24,21,50,45
5,2,5,3,5,4,1,2,5,2,5,1,2,3,1,5,2,1,3,5,1,5,2,5,1,1,5,5,2,5,5,4,2,5,5,1,5,1,5,1,1,5,5,1,7,7,7,2,7,7,6,1,7,5,7,2,6,6,7,7,1,4,4,3,4,4,5,2,4,1,3,4,Male,Male,20,Other (please identify),33,3.25,4.909090909,4.272727273,27,28,25,11,55,36
5,2,5,4,4,2,2,4,4,2,4,2,2,2,4,4,2,4,4,5,2,4,4,4,2,1,4,5,4,2,2,4,2,4,4,4,2,4,4,2,4,2,2,4,6,6,5,6,5,5,2,3,5,4,3,2,4,5,5,5,2,2,4,4,4,4,4,4,4,3,4,4,Female,Female,21,Asian or Asian American,27,3.416666667,4,3.272727273,21,19,18,13,40,31
5,1,5,1,4,2,1,4,5,4,4,5,4,5,3,2,1,3,5,5,4,3,4,5,4,1,5,5,4,1,2,3,3,5,5,5,5,1,5,1,2,4,1,1,2,1,5,2,1,6,3,1,5,7,3,1,5,6,6,2,5,5,4,3,5,5,2,3,4,2,4,4,Male,Male,20,Asian or Asian American,24,2.5,4.272727273,3.272727273,15,11,23,7,26,30
3,3,5,2,4,1,2,3,4,3,4,2,3,3,1,4,2,1,3,5,1,5,1,5,2,1,5,5,1,5,2,5,2,4,5,2,5,1,5,1,1,5,2,1,4,7,5,3,3,6,4,2,7,5,7,3,7,5,7,7,4,4,3,3,5,3,4,3,3,1,3,4,Female,Female,20,Asian or Asian American,22,2.833333333,4.727272727,3.363636364,23,24,23,12,47,35
5,3,5,2,4,3,2,5,5,4,3,4,3,4,4,3,1,1,5,5,1,1,5,5,3,1,5,4,3,3,1,4,2,5,5,4,5,1,5,1,1,5,3,1,1,3,5,6,3,7,5,5,2,1,5,1,6,7,6,5,5,4,1,1,5,5,1,1,3,4,1,5,Female,Female,21,Asian or Asian American,52,1.333333333,4.454545455,3.545454545,15,17,19,17,32,36
5,3,5,1,5,1,1,5,5,1,3,2,1,1,4,3,3,1,5,5,1,4,4,3,1,1,5,5,1,4,1,1,2,5,5,2,5,1,1,1,1,5,3,1,6,6,7,2,4,7,7,2,6,3,6,2,6,2,2,7,1,2,4,5,1,3,4,5,4,1,5,4,Female,Female,20,Hispanic or Latino,62,4.25,3.727272727,4,21,18,23,13,39,36
5,3,5,2,5,2,2,4,5,3,4,3,3,3,2,5,2,1,2,5,3,5,3,5,2,2,5,4,3,4,2,5,3,4,5,2,5,2,5,1,3,5,3,1,6,7,6,5,5,7,4,3,5,5,7,4,7,5,5,5,3,2,2,4,3,4,4,4,4,4,4,3,Female,Female,19,Asian or Asian American,36,3.25,4.909090909,3.727272727,21,24,25,16,45,41
5,3,4,5,5,5,1,5,5,5,5,1,1,1,1,5,1,1,5,5,1,5,5,5,1,1,5,5,1,5,1,5,1,5,5,1,5,1,5,1,1,5,5,3,7,7,7,3,1,7,3,1,7,7,7,7,7,7,7,7,4,3,5,4,3,4,4,3,3,1,5,4,Female,Female,19,Hispanic or Latino,116,3.416666667,4.909090909,4.272727273,28,22,28,14,50,42
4,2,4,2,4,2,3,2,2,1,5,3,2,2,2,4,2,2,2,4,3,2,4,3,1,2,2,3,3,3,2,3,3,2,4,3,2,1,4,2,2,5,2,3,2,6,5,2,5,4,3,3,6,5,6,3,5,5,6,5,2,2,4,4,3,3,4,2,4,2,4,2,Male,Male,22,Asian or Asian American,16,3.666666667,3.818181818,2.363636364,18,23,19,11,41,30
5,3,5,3,5,1,2,4,5,3,5,5,1,5,1,5,1,1,5,5,1,5,3,5,5,1,5,3,5,1,1,5,3,4,5,5,5,1,5,1,1,5,4,1,4,6,6,1,7,7,1,1,6,6,7,2,7,7,6,4,4,5,4,2,5,5,3,3,4,1,3,5,Male,Male,22,Asian or Asian American,84,2.5,5,3.181818182,21,26,26,5,47,31
4,1,5,2,3,1,3,4,3,3,2,4,1,1,1,5,1,1,4,5,1,4,3,5,4,2,5,4,3,1,1,4,3,3,4,4,2,1,4,1,1,5,1,1,3,7,5,1,5,6,5,4,7,6,7,2,3,3,5,3,3,4,4,3,4,4,3,4,4,1,5,3,Female,Female,20,Asian or Asian American,73,3.333333333,4.272727273,2.272727273,16,24,20,12,40,32
5,2,4,3,4,3,3,3,3,2,5,1,3,2,2,4,2,2,2,5,1,4,3,5,2,3,5,3,2,2,2,5,2,4,5,2,4,2,4,2,2,5,2,2,2,6,6,2,6,6,2,2,6,6,6,4,6,6,6,5,4,4,2,2,4,4,3,2,3,2,3,4,Female,Female,18,Asian or Asian American,60,2.416666667,4.636363636,3.090909091,19,24,24,10,43,34
4,3,5,4,4,1,1,4,2,2,2,2,4,4,2,5,2,2,4,5,2,4,3,5,1,1,5,3,3,1,1,5,2,3,5,3,2,2,4,2,1,5,4,1,6,7,7,1,7,7,2,2,7,6,7,1,4,6,7,7,1,1,5,5,1,1,5,5,5,2,5,2,Female,Female,20,Hispanic or Latino,88,4.833333333,4.545454545,2.545454545,26,28,24,6,54,30
3,3,5,4,4,1,1,3,5,4,2,4,3,2,1,2,4,4,5,5,5,5,5,5,3,1,5,5,1,4,5,5,5,5,5,5,4,4,5,5,4,4,4,5,7,6,5,5,7,7,5,5,5,5,5,5,5,5,5,5,4,4,4,5,4,3,4,3,4,2,3,4,Female,Female,22,Asian or Asian American,13,3.166666667,4.272727273,3.727272727,22,23,22,20,45,42
5,2,5,3,5,5,1,1,1,1,3,3,1,1,1,5,1,1,1,5,1,2,1,5,1,4,3,4,1,3,1,5,2,1,5,1,1,1,5,1,3,5,5,1,7,1,7,2,6,2,4,1,7,2,6,1,6,1,6,6,4,4,4,1,5,4,3,1,3,2,4,2,Female,Female,19,Asian or Asian American,55,2.583333333,4.636363636,2.636363636,21,19,17,8,40,25
5,1,5,1,1,1,1,5,1,2,4,2,1,1,1,4,1,1,4,5,2,5,2,5,1,1,5,5,4,2,1,4,3,4,4,2,5,1,5,1,4,5,2,4,4,7,7,1,7,6,7,1,4,5,7,2,7,6,7,6,2,4,4,4,2,4,3,4,4,2,4,3,Female,Female,22,Asian or Asian American,94,3.5,4.272727273,2.909090909,20,28,25,11,48,36
5,2,5,2,5,1,3,4,2,3,3,5,1,1,2,5,3,2,5,5,1,4,2,5,3,1,5,3,3,4,4,5,3,3,5,3,4,2,5,1,1,5,4,1,4,4,4,4,4,4,4,4,4,4,4,4,4,4,4,4,5,1,4,5,3,2,5,5,5,1,5,2,Male,Male,22,Non-Hispanic White or Caucasian,71,4.25,4.818181818,3.181818182,16,16,16,16,32,32
5,3,5,3,4,1,1,5,5,2,4,3,1,1,1,5,1,1,5,5,1,5,3,5,2,2,5,3,1,1,1,5,3,5,5,2,4,1,5,1,1,3,3,3,6,7,7,1,7,7,4,1,6,4,7,1,7,6,6,5,1,2,5,4,3,2,5,4,4,1,3,2,Male,Male,24,Asian or Asian American,5,4.166666667,4.636363636,3.090909091,23,27,25,7,50,32
4,3,5,3,4,1,3,5,4,4,3,4,2,1,1,5,2,2,5,5,4,2,5,5,2,3,4,5,2,4,4,5,3,4,5,4,5,2,5,2,1,4,5,4,7,7,7,3,6,4,5,4,5,4,6,4,4,4,6,4,1,1,5,4,3,2,4,5,4,1,4,2,Male,Male,18,Asian or Asian American,25,4.333333333,4.545454545,3.363636364,20,25,19,16,45,35
5,2,5,1,5,2,2,3,5,5,5,4,3,5,1,5,3,2,4,5,2,4,4,4,2,4,5,4,2,5,1,4,3,5,5,4,5,1,5,1,2,5,2,1,6,7,7,2,6,7,2,2,4,5,5,6,6,7,7,6,4,3,3,4,3,5,3,4,4,2,2,5,Male,Male,20,Asian or Asian American,63,2.833333333,4.818181818,3.727272727,23,25,25,12,48,37
4,4,4,1,5,1,3,3,4,4,3,3,4,1,1,4,1,3,4,4,1,1,5,4,1,1,5,5,1,4,1,4,3,1,5,2,5,1,5,1,1,5,3,1,2,7,7,1,7,7,3,3,4,5,7,1,6,7,7,7,1,1,5,5,2,3,5,4,5,3,5,2,Female,Female,21,Hispanic or Latino,51,4.416666667,4.363636364,2.727272727,20,28,25,8,48,33
5,1,5,3,5,2,1,3,5,5,5,5,1,1,4,5,1,5,3,5,4,5,5,5,4,1,5,5,5,3,5,4,1,4,5,3,5,2,5,1,5,5,1,5,6,7,4,2,6,7,2,1,4,5,7,1,4,6,7,6,1,2,5,5,2,3,4,5,5,1,5,5,Male,Male,21,"Black or African American,Non-Hispanic White or Caucasian",99,4.25,4.909090909,3.636363636,22,27,20,6,49,26
4,4,4,3,4,4,4,3,5,1,4,3,2,4,3,3,4,3,4,5,2,3,4,4,3,4,4,4,4,4,4,2,3,4,4,3,4,2,4,2,2,4,4,3,5,5,6,5,5,6,4,3,6,6,6,5,6,6,5,7,4,4,4,4,2,4,4,4,4,2,4,3,Female,Female,21,Asian or Asian American,10,3.416666667,3.818181818,3.909090909,24,21,24,17,45,41
2,4,5,2,5,1,1,2,5,2,2,4,2,2,3,4,2,2,5,5,1,5,1,5,1,1,5,5,4,2,1,5,4,2,5,5,5,1,5,1,4,2,5,1,5,7,5,2,6,7,2,4,7,6,7,1,6,3,7,2,5,5,1,2,5,5,1,2,3,4,1,5,Female,Female,18,Asian or Asian American,123,1.416666667,4.363636364,3.363636364,17,27,24,9,44,33
4,1,5,2,4,1,1,5,4,2,3,4,2,2,4,3,2,2,5,5,2,4,4,4,4,1,4,1,2,5,4,4,3,4,3,4,4,3,3,2,3,2,3,4,1,2,4,3,5,3,3,4,4,2,4,3,3,4,4,3,2,5,5,4,3,3,3,2,5,1,3,2,Female,Female,21,Asian or Asian American,39,3.5,3.636363636,3.272727273,12,15,12,13,27,25
4,3,5,1,5,1,1,3,5,1,5,4,1,3,2,5,1,1,5,5,1,2,5,5,3,1,5,5,3,1,1,3,3,5,5,3,5,1,5,1,1,5,1,1,2,5,5,2,2,6,3,2,6,6,6,2,6,4,5,3,3,4,5,3,4,4,2,2,4,1,3,4,Female,Female,21,Asian or Asian American,36,2.916666667,4.818181818,2.909090909,15,18,23,9,33,32
5,2,5,3,5,3,2,3,4,3,3,3,1,1,2,4,2,2,3,5,2,5,1,5,1,2,5,4,2,5,5,4,3,2,4,1,3,1,5,1,2,5,5,1,5,6,6,6,2,7,5,1,7,6,6,2,6,6,6,6,2,2,4,5,3,2,4,5,4,2,5,3,Female,Female,18,Non-Hispanic White or Caucasian,68,4.083333333,4.545454545,3.636363636,24,20,25,14,44,39
4,2,4,3,4,4,4,4,5,3,3,5,1,1,1,4,3,3,3,5,2,4,4,4,3,3,5,5,3,1,4,3,4,4,4,4,1,3,4,3,4,4,4,4,3,7,5,4,5,7,4,5,4,4,5,5,5,5,5,5,5,5,4,1,NA,4,2,3,5,2,2,5,Female,Female,20,Asian or Asian American,51,NA,4,3.272727273,17,22,21,18,39,39
5,1,5,2,5,5,2,3,5,3,3,2,4,1,1,5,2,1,4,5,1,5,2,5,4,1,5,3,2,5,4,4,4,5,4,2,5,1,5,1,2,5,5,2,7,6,7,4,5,6,5,2,7,7,4,3,7,6,5,7,3,3,5,5,2,2,4,5,5,4,5,3,Female,Female,21,Non-Hispanic White or Caucasian,65,4,4.636363636,4.181818182,27,20,27,14,47,41
4,4,5,5,4,1,5,5,4,2,4,1,2,4,2,5,1,4,5,5,2,5,4,5,4,1,5,2,4,1,1,4,3,4,4,2,5,1,5,1,2,4,5,1,1,6,6,2,2,6,3,1,7,2,6,1,6,6,5,5,3,4,4,3,4,4,3,2,4,2,5,4,Male,Male,21,Non-Hispanic White or Caucasian,80,3,4.545454545,3.090909091,19,19,20,7,38,27
3,1,5,1,5,1,2,5,5,3,4,5,1,5,5,3,5,1,5,5,1,4,5,5,3,1,5,5,4,4,1,3,4,5,5,3,4,1,5,1,1,5,3,1,7,6,7,4,7,7,5,1,7,6,6,3,6,6,7,6,1,4,5,5,1,2,5,5,5,1,5,4,Female,Female,20,Hispanic or Latino,119,4.416666667,4.545454545,4,26,26,26,13,52,39
5,3,4,1,5,1,1,3,5,4,4,1,2,4,3,4,4,1,2,5,1,5,2,5,2,1,5,5,2,4,2,4,4,5,5,2,5,2,5,1,2,4,5,3,6,7,7,2,6,7,6,2,7,6,5,2,5,6,6,7,2,4,4,4,2,2,4,4,4,2,4,2,Female,Female,20,Asian or Asian American,94,3.833333333,4.545454545,4.272727273,26,24,25,12,50,37
5,1,5,2,5,2,1,2,5,3,2,4,4,3,1,5,1,1,5,5,1,5,4,4,2,1,5,5,5,1,1,5,1,4,4,4,5,1,5,1,2,5,2,2,3,5,7,1,7,7,2,6,6,6,5,4,7,6,7,2,5,5,2,4,5,5,1,1,4,1,5,1,Male,Male,21,Asian or Asian American,50,2.583333333,4.545454545,3.272727273,17,24,27,13,41,40
5,3,5,1,5,1,1,4,5,2,4,4,3,3,3,4,2,2,4,5,3,1,3,3,1,1,4,5,3,2,3,1,3,5,4,3,5,1,3,1,1,4,5,2,4,2,3,2,5,7,3,2,4,6,7,1,7,4,7,5,5,5,3,2,5,4,2,2,2,2,3,5,Female,Female,20,Asian or Asian American,121,2,3.818181818,3.545454545,17,21,23,8,38,31
5,2,5,4,5,4,1,3,5,1,4,4,2,2,2,5,2,2,3,5,1,5,2,5,4,1,5,5,4,2,1,3,2,5,4,3,5,1,5,1,1,5,4,1,3,6,6,4,5,6,2,2,4,5,5,3,6,6,2,5,5,5,4,1,5,5,1,2,4,2,4,5,Female,Female,19,Non-Hispanic White or Caucasian,95,2.083333333,4.636363636,4,18,18,23,11,36,34
5,3,5,3,5,2,2,4,5,4,4,3,3,4,1,5,2,1,4,5,1,5,3,5,3,1,5,5,2,4,4,3,3,3,5,3,4,1,5,1,2,5,5,4,7,5,7,1,5,7,3,5,7,7,4,1,7,7,6,6,1,1,4,5,2,4,5,5,4,1,5,3,Female,Female,21,Non-Hispanic White or Caucasian,150,4.333333333,4.727272727,3.727272727,27,20,28,10,47,38
5,2,4,3,5,2,1,4,5,2,4,2,2,4,3,5,3,2,4,4,1,5,3,5,4,1,4,3,3,4,3,4,2,5,4,3,4,1,5,3,1,4,4,1,6,5,7,3,5,5,3,2,6,7,4,2,5,7,5,4,2,2,4,4,2,2,4,4,3,2,3,4,Male,Male,19,Non-Hispanic White or Caucasian,105,3.666666667,4.363636364,3.909090909,23,19,24,10,42,34
2,3,4,4,4,2,4,4,4,4,3,3,3,4,4,3,2,3,4,4,4,3,4,3,2,3,4,3,3,2,3,3,4,4,4,3,4,3,4,2,3,4,4,3,3,4,4,5,5,4,4,5,6,6,5,3,3,4,4,4,3,3,3,4,3,3,4,4,4,3,4,3,Male,Male,18,Hispanic or Latino,12,3.416666667,3.636363636,3.090909091,17,18,17,17,35,34
2,4,4,1,4,1,1,4,1,1,4,4,4,4,2,4,1,1,2,5,3,4,4,4,4,1,4,1,4,1,1,4,1,4,3,4,4,1,4,1,4,4,1,1,5,1,6,6,5,2,6,2,5,6,5,2,6,6,6,5,4,4,4,2,4,3,2,4,4,2,4,4,Male,Male,26,Asian or Asian American,51,2.916666667,4,2,21,17,20,16,38,36
5,3,5,3,4,1,1,3,1,1,5,3,3,4,2,4,1,3,4,5,1,4,4,4,2,1,2,1,2,1,4,4,2,4,4,2,5,1,5,1,2,4,4,1,6,2,4,2,7,7,2,2,6,3,7,1,5,2,7,4,4,2,5,2,4,4,3,3,4,2,5,1,Female,Female,19,Non-Hispanic White or Caucasian,317,3.416666667,4.181818182,2.636363636,18,23,19,7,41,26
4,3,4,1,5,1,1,4,4,2,3,3,2,4,3,5,1,4,5,5,3,4,4,5,1,1,3,4,3,2,3,3,3,3,4,2,5,1,4,1,2,3,2,1,6,6,6,2,4,4,2,3,5,5,5,3,4,5,6,4,4,4,4,2,4,4,3,3,3,4,3,4,Male,Male,19,Asian or Asian American,37,2.5,4,3,20,21,19,10,41,29
3,4,4,3,4,2,3,2,4,2,4,2,4,4,3,3,2,2,3,5,2,1,2,3,4,2,4,3,4,3,3,4,2,4,4,3,2,2,4,2,2,4,3,3,5,6,5,5,3,5,5,3,5,6,3,4,5,3,6,6,2,2,5,4,2,2,3,4,4,2,4,1,Male,Male,25,Asian or Asian American,34,4.083333333,3.909090909,2.727272727,19,18,21,17,37,38
5,4,5,5,5,4,1,5,4,1,4,5,2,1,2,3,4,1,4,5,1,5,2,5,4,3,5,2,5,2,1,5,4,4,4,2,5,1,5,1,5,5,4,1,2,3,4,2,6,7,3,2,6,5,3,4,6,7,7,7,5,5,4,1,5,5,1,3,4,2,4,5,Male,Male,19,"Asian or Asian American,Non-Hispanic White or Caucasian",115,2.166666667,4.636363636,3.727272727,22,19,22,11,41,33
5,3,5,2,5,4,2,2,5,5,5,3,2,4,3,5,4,1,2,5,2,5,3,5,3,3,5,5,4,4,4,5,5,5,5,3,4,1,5,1,1,4,5,1,6,7,7,6,6,5,4,7,6,5,6,3,3,3,6,6,2,4,4,4,3,3,4,5,4,1,4,3,Female,Female,21,Asian or Asian American,80,3.75,4.909090909,4.454545455,21,25,20,20,46,40
5,1,5,1,5,1,1,5,5,1,3,1,1,1,1,3,3,3,2,3,3,3,4,4,3,3,4,3,2,3,3,4,3,3,4,4,3,3,4,4,3,3,4,4,4,3,4,4,3,4,3,4,4,3,4,4,3,2,3,4,3,4,2,2,3,3,3,3,3,3,3,3,Female,Female,21,Asian or Asian American,21,2.75,3.818181818,3.090909091,14,13,14,15,27,29
4,1,5,4,5,1,3,2,2,3,3,2,2,2,2,4,1,5,4,5,1,3,4,5,1,1,5,4,3,1,2,5,3,2,5,1,4,1,5,1,1,5,1,2,2,4,5,1,4,4,3,2,4,7,7,2,7,7,6,7,2,2,5,4,2,2,4,5,4,2,4,4,Male,Male,21,Other (please identify),43,4,4.727272727,2.272727273,20,21,23,8,41,31
5,2,5,3,4,1,2,3,4,4,2,2,2,3,2,4,2,1,4,5,1,5,1,5,1,1,5,4,2,3,4,3,2,4,4,2,3,1,5,1,1,5,3,1,5,6,3,4,3,5,1,6,7,6,3,1,3,5,7,6,1,5,4,5,4,2,3,4,4,2,4,3,Male,Male,25,Non-Hispanic White or Caucasian,45,3.583333333,4.272727273,3.272727273,23,19,17,12,42,29
5,1,5,4,4,3,5,5,3,4,3,4,4,4,4,2,2,4,5,5,3,3,4,4,1,2,5,5,3,3,1,2,5,5,4,4,5,1,5,1,5,5,5,5,4,7,6,5,2,7,5,3,2,4,6,2,6,6,6,3,2,1,5,5,2,2,5,5,5,1,5,2,Female,Female,19,Non-Hispanic White or Caucasian,37,4.666666667,4,3.909090909,15,21,23,15,36,38
4,3,4,2,4,3,2,3,2,2,2,3,1,1,3,3,1,4,2,4,1,2,3,5,2,2,4,4,3,3,3,3,4,3,5,2,4,2,3,2,2,2,4,4,2,4,2,1,2,2,4,3,2,2,5,2,2,3,2,3,1,3,4,5,5,2,4,4,4,2,4,4,Male,Male,21,Non-Hispanic White or Caucasian,49,3.666666667,3.545454545,3,10,13,8,10,23,18
4,3,4,2,4,2,2,3,4,2,2,4,2,2,2,4,2,2,3,4,2,2,4,2,2,2,4,4,2,4,2,2,2,4,4,2,4,2,4,2,2,4,2,2,2,4,5,2,4,6,2,2,2,3,2,2,2,6,6,3,3,3,3,3,3,4,3,4,3,2,4,3,Male,Male,NA,,9,3.166666667,3.454545455,3.090909091,13,16,16,8,29,24
5,2,5,3,3,2,1,4,2,2,2,2,1,1,1,4,2,4,4,4,1,5,2,5,1,1,4,5,1,5,1,5,2,4,4,1,4,1,4,1,3,2,2,4,7,5,7,6,5,6,4,4,5,3,4,1,5,2,2,7,3,3,4,3,3,2,4,4,5,2,3,4,Female,Female,20,"Hispanic or Latino,Other (please identify)",12,3.5,3.818181818,3.363636364,21,16,21,15,37,36
5,2,5,4,3,3,3,5,5,3,1,3,3,4,3,3,3,3,4,5,5,5,5,2,3,1,5,5,1,5,1,5,4,5,4,1,4,1,5,1,3,5,5,1,6,6,7,7,6,7,3,3,7,7,7,4,6,3,6,7,3,3,3,4,3,3,4,3,3,3,3,1,Female,Female,20,Non-Hispanic White or Caucasian,24,3.333333333,3.909090909,4.363636364,23,25,27,17,48,44
4,2,5,1,4,3,3,4,4,2,4,2,3,3,1,5,2,1,2,5,1,5,2,5,2,2,5,5,1,2,1,5,1,4,5,1,5,1,5,1,1,5,4,1,6,6,7,5,7,5,4,2,7,6,6,3,6,5,5,5,2,3,3,2,4,3,3,3,4,1,4,3,Female,Female,19,Non-Hispanic White or Caucasian,9,3.25,4.818181818,3.545454545,23,24,24,14,47,38
4,2,5,2,4,3,3,4,4,1,3,5,2,4,3,2,2,1,2,5,1,4,2,5,3,2,5,3,4,2,1,3,3,5,4,3,5,1,4,1,2,4,5,1,5,4,2,3,6,4,6,7,7,3,5,2,6,4,5,2,4,5,2,5,4,4,3,4,3,4,3,4,Female,Female,19,Asian or Asian American,102,2.583333333,4,3.636363636,18,20,15,18,38,33
5,2,5,1,4,1,1,3,3,1,4,4,2,3,1,5,1,2,3,5,1,2,2,5,1,1,5,5,3,4,5,5,3,5,5,1,4,1,5,1,1,5,3,1,7,4,7,3,7,7,5,1,7,6,7,1,6,7,7,6,4,3,4,3,2,5,5,5,5,1,5,4,Female,Female,20,Asian or Asian American,31,3.666666667,4.818181818,3.090909091,27,25,26,10,52,36
5,3,5,2,4,1,2,3,5,5,5,4,1,2,1,5,1,1,2,5,1,5,1,5,5,1,5,3,1,5,1,5,2,4,5,2,5,1,5,1,1,5,5,1,5,4,7,1,7,6,3,1,7,6,6,3,4,7,7,5,5,5,3,1,5,5,1,4,5,4,4,4,Female,Female,20,Hispanic or Latino,111,2.166666667,4.909090909,3.636363636,24,24,23,8,48,31
5,2,4,4,1,1,1,5,5,1,1,4,4,1,2,4,3,3,4,5,1,1,4,4,3,1,5,4,5,1,1,2,4,1,5,1,2,1,5,1,4,4,1,3,7,4,1,1,6,7,6,4,6,6,7,1,5,1,6,2,1,1,5,5,1,3,4,5,5,1,5,5,Female,Female,21,Hispanic or Latino,190,4.416666667,3.636363636,2.363636364,16,23,19,12,39,31
1,4,5,1,5,1,1,5,1,1,5,1,1,1,1,5,1,1,3,5,1,1,5,3,1,1,3,3,1,4,1,5,3,2,5,1,4,1,5,1,2,5,5,4,7,7,6,7,7,6,6,6,6,5,6,3,6,7,7,6,3,1,5,3,2,1,2,4,4,3,5,2,Female,Female,19,Other (please identify),37,3.916666667,4.636363636,2.181818182,26,27,23,22,53,45
4,2,5,4,4,3,1,4,5,2,3,3,3,1,2,3,3,2,5,5,1,5,3,5,1,1,5,5,3,2,3,2,2,5,4,1,5,1,5,1,1,5,2,1,4,2,7,3,4,7,3,1,6,4,4,1,5,7,2,5,5,5,3,1,5,5,1,1,3,4,1,4,Female,Female,28,Non-Hispanic White or Caucasian,74,1.5,4.181818182,3.727272727,22,12,23,8,34,31
5,1,3,1,3,1,3,4,5,3,3,4,1,1,1,5,1,1,3,5,1,3,3,4,1,1,5,5,4,1,3,4,1,4,4,2,5,1,1,1,1,5,1,1,1,6,7,6,4,7,1,1,5,5,7,3,7,7,3,6,2,4,5,5,3,2,4,4,5,1,4,4,Male,Male,20,"Asian or Asian American,Non-Hispanic White or Caucasian",26,3.916666667,3.818181818,2.909090909,19,20,26,11,39,37
5,2,5,5,4,1,1,5,5,5,4,4,3,2,1,5,3,1,2,5,1,4,4,5,1,1,5,5,2,4,1,4,4,5,5,2,5,1,5,1,1,5,5,1,6,6,7,2,5,7,6,6,6,7,7,1,7,6,7,5,3,4,4,4,5,2,4,3,4,2,3,3,Female,Female,21,Non-Hispanic White or Caucasian,44,3.25,4.727272727,3.909090909,23,25,28,15,48,43
4,4,4,4,4,3,4,3,1,5,4,5,3,4,2,4,1,3,2,5,5,5,2,5,5,1,5,5,3,3,4,3,1,2,5,1,1,1,4,1,2,3,4,3,7,7,7,1,5,4,4,1,5,4,5,4,4,5,5,5,5,5,4,1,NA,3,1,2,4,5,1,4,Male,Male,22,Asian or Asian American,21,NA,4.181818182,2.818181818,22,22,19,10,44,29
5,2,5,2,5,2,3,3,5,3,4,2,3,4,2,4,1,4,3,4,5,2,4,2,2,2,4,4,4,2,3,3,3,3,4,3,5,1,5,1,2,4,2,3,1,3,2,2,6,7,2,2,5,5,5,2,7,6,5,6,3,3,4,3,3,3,3,4,4,2,4,3,Male,Male,20,Non-Hispanic White or Caucasian,76,3.416666667,4,3,18,19,21,8,37,29
5,2,5,1,5,5,2,3,5,2,5,4,4,5,2,5,5,2,1,5,1,5,2,5,2,3,5,5,1,5,5,5,1,5,3,1,5,1,4,1,2,5,5,1,7,6,7,2,7,7,2,5,7,7,7,3,7,7,7,7,4,5,4,2,5,5,5,4,5,2,5,5,Female,Female,18,Non-Hispanic White or Caucasian,183,2.916666667,4.727272727,4.727272727,28,27,28,12,55,40
1,2,5,3,5,1,1,3,5,2,3,2,2,1,2,5,2,1,3,5,1,4,1,5,1,3,4,5,1,3,1,5,2,4,5,1,5,1,4,1,1,5,5,1,7,7,7,4,6,7,4,4,2,7,7,2,7,6,7,7,1,2,1,4,1,2,5,4,5,1,5,2,Female,Female,21,Hispanic or Latino,57,4.25,4.636363636,3.363636364,22,27,28,14,49,42
5,3,5,3,2,1,1,5,2,2,4,5,4,1,2,4,1,4,5,5,1,2,5,1,3,1,5,1,4,1,2,2,3,4,4,5,4,1,5,1,4,4,1,2,2,3,4,2,2,6,3,2,2,4,3,1,5,2,5,1,4,3,4,2,3,4,2,5,5,2,4,5,Female,Female,19,Non-Hispanic White or Caucasian,60,3.083333333,3.727272727,2.181818182,7,13,19,8,20,27
4,3,4,1,4,4,2,4,5,1,4,4,3,4,1,4,3,2,4,5,4,2,4,4,2,1,5,4,3,1,4,3,3,5,4,3,4,1,5,1,4,3,5,2,3,2,6,4,6,7,2,4,4,6,6,2,3,3,6,5,5,4,3,3,4,3,2,NA,3,4,4,4,Male,Male,20,Other (please identify),79,NA,4.090909091,3.454545455,15,20,22,12,35,34
5,1,5,3,1,1,3,1,4,1,2,4,1,1,1,4,1,1,5,5,1,5,1,5,2,1,5,2,2,1,1,2,3,5,5,2,5,1,5,2,2,5,2,5,1,6,4,1,6,7,5,2,7,6,5,1,7,5,6,4,5,5,3,3,4,5,3,4,3,1,4,4,Female,Female,21,Asian or Asian American,95,2.666666667,4,2.909090909,17,23,24,9,40,33
5,2,5,2,5,2,2,3,5,4,4,4,2,4,3,5,5,2,4,5,3,5,2,4,4,3,5,4,2,5,5,5,4,4,4,4,4,3,4,3,4,4,4,3,6,6,6,6,6,6,6,6,5,6,6,6,5,5,5,6,2,3,3,3,3,3,3,3,3,3,3,3,Male,Male,18,Asian or Asian American,50,3.083333333,4.545454545,4.181818182,22,23,23,24,45,47
4,3,5,3,4,2,2,4,5,3,2,3,2,2,3,4,3,1,3,5,2,4,4,4,3,3,5,5,3,4,1,4,2,4,5,2,5,1,5,1,2,5,4,1,6,3,7,5,6,7,3,2,7,7,6,2,6,7,6,4,5,3,2,2,5,4,2,2,2,4,2,4,Female,Female,19,Non-Hispanic White or Caucasian,95,1.916666667,4.363636364,3.909090909,24,21,27,12,45,39
5,1,5,2,5,2,2,4,5,2,4,2,3,3,2,4,1,2,3,5,1,2,3,5,2,2,4,4,5,1,1,1,3,3,5,2,4,1,5,1,2,5,3,2,6,7,6,2,5,7,3,3,7,7,7,2,6,6,6,5,2,2,5,4,2,3,3,5,5,2,5,4,Male,Male,19,"Asian or Asian American,Hispanic or Latino,Other (please identify)",7,4,4.363636364,2.909090909,24,25,26,10,49,36
2,1,4,3,4,2,2,4,3,2,1,4,4,3,3,3,3,4,4,4,4,4,4,4,2,2,4,3,4,2,3,2,3,4,4,3,4,2,4,2,2,4,3,2,4,6,6,4,5,6,6,3,6,6,5,4,6,6,4,3,3,3,3,4,3,2,3,4,4,2,4,4,Male,Male,19,Asian or Asian American,49,3.416666667,3.454545455,3,19,20,24,17,39,41
5,2,5,2,4,2,1,4,2,1,5,5,3,4,1,5,1,4,5,5,1,4,4,5,5,2,5,5,1,5,1,5,4,5,4,2,5,1,5,1,3,5,5,1,7,2,7,1,7,7,3,7,7,7,7,1,7,7,7,7,2,5,4,4,5,2,5,2,4,1,2,2,Male,Male,19,"Asian or Asian American,Non-Hispanic White or Caucasian",53,3.333333333,4.818181818,3.636363636,28,23,28,12,51,40
4,1,5,4,4,1,3,4,4,4,2,2,1,1,4,2,1,1,5,5,1,4,4,4,2,2,5,5,2,2,4,5,4,3,5,3,4,1,5,1,2,5,1,1,4,7,6,3,7,6,3,4,7,7,6,5,3,2,6,6,3,1,4,4,4,4,4,4,4,3,4,3,Female,Female,21,Asian or Asian American,52,3.5,4.272727273,3,19,26,22,15,45,37
5,1,5,4,5,2,1,5,5,3,4,4,2,4,3,3,2,2,5,5,1,5,3,5,2,4,4,5,4,2,1,3,3,5,5,4,5,1,5,1,2,4,5,1,6,6,7,2,4,6,5,2,7,4,6,1,6,2,3,6,3,4,3,3,4,4,3,4,4,3,5,4,Female,Female,19,Asian or Asian American,78,3,4.363636364,4,21,19,23,10,40,33
5,2,5,4,1,1,5,5,5,5,5,5,2,5,3,4,3,2,5,5,5,5,4,5,2,1,5,5,4,2,2,3,2,5,5,3,5,1,5,1,4,2,5,4,5,7,7,1,3,7,2,1,7,7,6,1,7,6,6,6,4,3,3,2,4,4,3,2,4,2,4,3,Female,Female,21,Hispanic or Latino,33,2.833333333,4.090909091,4,24,22,28,5,46,33
5,2,5,1,5,2,1,1,3,2,5,5,2,1,2,4,1,1,1,5,1,1,1,5,4,1,5,3,1,1,1,5,2,5,5,2,5,1,5,1,2,5,5,1,1,4,7,3,4,7,7,4,7,7,5,1,5,6,4,5,5,5,3,5,5,5,3,3,3,1,2,5,Female,Female,18,Asian or Asian American,13,2.416666667,4.909090909,3,19,17,26,15,36,41
2,2,4,1,5,1,2,5,4,4,3,4,1,3,2,4,1,3,5,5,1,3,4,4,5,1,5,5,3,2,4,4,1,2,5,3,2,1,5,1,2,5,3,2,4,3,4,2,3,5,3,3,5,5,5,4,5,5,5,5,3,4,5,5,2,2,3,4,5,1,5,3,Female,Female,21,Asian or Asian American,31,4,4.454545455,2.454545455,19,16,19,12,35,31
4,2,4,4,4,2,2,3,2,2,4,4,2,3,3,3,2,2,3,4,2,3,3,4,2,2,4,2,3,2,4,4,4,3,4,3,3,2,4,2,4,3,3,4,3,5,3,3,5,3,4,3,6,4,3,2,3,3,5,5,3,4,4,4,3,4,4,4,4,3,4,4,Female,Female,18,Asian or Asian American,51,3.25,3.818181818,2.636363636,17,18,13,12,35,25
5,1,5,5,5,1,1,5,4,5,4,4,1,3,1,5,1,2,3,5,2,2,3,5,3,1,5,2,3,3,1,5,3,2,5,3,4,1,5,1,1,5,1,1,7,7,6,1,5,5,3,1,6,5,7,1,7,7,7,4,3,2,5,3,2,2,2,4,5,1,5,1,Female,Female,18,Non-Hispanic White or Caucasian,83,4.083333333,4.909090909,2.363636364,24,26,23,6,50,29
5,2,5,3,4,2,1,3,4,2,4,2,2,4,1,4,3,1,3,5,3,5,3,5,4,1,4,4,2,3,4,4,3,5,5,3,5,1,5,1,3,5,3,2,6,4,4,2,7,6,2,2,6,5,7,2,7,6,7,5,2,5,4,4,3,4,3,4,4,3,4,2,Female,Female,23,Asian or Asian American,105,3.333333333,4.545454545,3.636363636,23,25,22,8,48,30
5,1,5,1,5,4,1,2,5,1,5,2,2,1,1,5,3,1,3,5,1,5,1,5,3,1,5,4,1,5,1,5,2,5,5,1,5,1,5,1,1,5,5,1,7,7,7,1,6,7,3,2,7,7,6,2,7,7,7,7,4,2,5,2,5,4,2,4,4,1,4,4,Female,Female,19,Non-Hispanic White or Caucasian,140,3.083333333,5,4.272727273,28,26,28,8,54,36
4,4,5,2,4,1,3,5,5,4,2,5,1,1,2,4,1,1,4,5,1,3,4,5,3,1,5,4,2,1,5,4,4,3,5,2,2,2,5,2,1,5,2,1,5,6,7,1,6,6,2,3,6,6,7,1,6,7,7,6,2,2,5,4,1,2,5,4,5,1,4,2,Female,Female,20,Hispanic or Latino,142,4.416666667,4.454545455,2.545454545,24,26,25,7,50,32
5,1,5,1,5,1,1,4,4,1,5,2,1,1,1,5,1,1,1,5,1,2,2,5,2,1,5,3,3,1,2,4,1,2,5,2,5,1,5,1,1,5,1,1,6,7,6,1,3,5,5,2,7,3,7,1,1,7,7,6,1,1,5,5,1,2,5,5,5,1,5,2,Female,Female,21,Non-Hispanic White or Caucasian,134,4.833333333,4.909090909,2.363636364,26,24,15,9,50,24
4,4,5,3,5,2,2,3,4,4,3,3,3,3,4,3,4,3,3,2,3,3,4,3,3,3,3,2,2,2,2,4,2,3,4,3,2,4,4,3,2,4,3,4,5,4,4,3,6,6,6,4,2,4,4,4,4,4,4,6,2,3,3,3,2,3,4,3,4,4,3,3,Male,Male,19,Hispanic or Latino,30,3.25,3.636363636,3,17,18,18,17,35,35
5,2,5,2,5,4,4,1,5,5,4,2,4,5,4,5,2,1,2,5,1,5,1,5,2,1,5,5,2,4,1,2,2,5,5,4,5,1,5,1,2,5,5,4,7,6,7,2,7,7,1,3,7,3,5,1,6,7,6,7,4,5,4,4,4,5,2,3,5,3,4,5,Male,Male,22,Asian or Asian American,70,2.666666667,4.636363636,4.454545455,28,24,23,7,52,30
4,2,5,3,3,2,3,4,4,2,1,4,3,3,3,2,2,2,4,4,4,2,4,3,4,2,3,3,4,2,1,4,4,2,2,4,3,2,3,1,3,3,3,5,1,2,1,2,6,1,6,4,1,1,4,1,3,2,4,2,2,4,5,4,4,4,4,4,5,2,4,3,Female,Female,22,Hispanic or Latino,13,3.583333333,3,2.727272727,6,16,6,13,22,19
4,3,5,2,5,1,3,4,5,3,4,3,3,1,1,5,4,2,4,5,1,4,3,5,3,1,5,5,2,5,5,5,2,5,4,1,4,1,5,1,1,5,5,1,6,5,5,2,5,6,2,1,7,6,7,5,7,7,7,6,4,3,2,2,5,4,2,2,5,2,4,3,Female,Female,20,Hispanic or Latino,87,2.666666667,4.818181818,3.909090909,26,24,24,10,50,34
5,1,5,1,2,1,2,4,1,1,4,5,3,4,4,2,1,2,5,5,2,1,5,4,4,1,5,1,2,1,1,2,2,3,4,4,5,1,5,1,1,5,1,3,2,6,5,2,3,6,3,2,5,6,6,1,2,6,6,2,4,4,2,4,2,4,1,4,4,3,4,4,Male,Male,23,Asian or Asian American,69,2.833333333,3.909090909,2.181818182,15,21,19,8,36,27
5,1,5,2,5,3,2,3,5,4,3,4,4,3,2,4,1,2,4,5,2,5,2,5,3,2,5,5,2,4,1,5,3,4,5,3,5,1,5,1,3,5,5,3,2,6,1,4,7,3,6,2,1,1,7,2,4,4,7,4,4,3,3,3,4,5,3,3,3,4,3,5,Female,Female,21,Hispanic or Latino,83,2.416666667,4.727272727,4,11,27,9,14,38,23
4,1,5,1,4,1,1,3,2,1,1,2,1,1,2,3,2,1,2,4,1,3,2,4,1,1,4,2,4,1,1,2,1,4,4,2,4,1,4,1,1,4,4,2,6,5,7,2,6,7,3,1,4,5,5,2,6,5,5,3,1,2,4,4,2,4,4,4,4,1,2,4,Male,Male,19,Asian or Asian American,152,3.666666667,3.545454545,2.636363636,18,21,25,8,39,33
5,2,5,1,1,1,1,4,2,5,5,5,1,1,1,5,1,1,1,5,1,1,4,4,1,1,1,5,1,1,1,5,1,2,5,1,5,1,5,1,1,5,1,1,7,7,7,1,4,7,1,1,7,7,7,2,7,7,7,7,2,3,4,2,3,3,2,3,3,3,5,3,Male,Male,27,Asian or Asian American,6,3.166666667,4.181818182,2.272727273,28,25,28,5,53,33
5,1,5,3,4,1,1,4,5,2,1,5,1,2,4,2,1,1,5,5,1,5,5,5,3,1,4,2,3,2,1,5,5,4,5,5,5,1,5,1,2,5,2,3,2,1,1,4,7,3,2,5,5,3,7,1,7,7,7,3,5,5,4,1,5,5,1,4,2,4,1,5,Female,Female,23,Asian or Asian American,136,1.666666667,4.181818182,3.272727273,17,22,14,12,39,26
4,2,5,2,5,1,1,4,4,4,3,1,2,1,3,4,1,1,5,5,1,1,4,5,2,1,5,2,2,1,2,3,2,4,5,2,3,1,5,1,1,5,2,1,2,3,4,2,2,5,6,2,7,6,6,1,6,7,6,3,4,5,2,3,4,4,3,4,2,1,5,3,Female,Female,18,Asian or Asian American,106,2.833333333,4.545454545,2.363636364,19,17,21,11,36,32
5,2,4,1,4,1,1,4,4,3,3,5,1,1,1,5,2,2,4,5,4,3,4,4,1,1,5,5,3,2,1,4,3,5,5,3,5,1,5,1,3,4,4,1,4,7,7,3,7,7,2,7,6,6,7,4,7,5,7,1,3,3,4,4,4,5,3,3,4,3,4,5,Female,Female,18,Hispanic or Latino,23,2.916666667,4.363636364,3.363636364,16,28,27,16,44,43
5,3,5,2,5,4,3,3,5,3,5,3,2,2,2,5,5,1,2,5,2,5,2,5,4,1,4,3,2,5,1,4,2,5,5,2,5,1,5,1,1,5,5,1,2,3,6,7,7,7,5,7,3,4,6,1,7,7,7,5,1,4,5,4,4,4,4,4,5,1,4,4,Female,Female,21,Asian or Asian American,84,3.666666667,4.818181818,4.454545455,17,23,24,20,40,44
3,3,5,1,3,1,1,4,2,2,1,2,1,1,2,4,1,1,4,5,2,4,4,5,1,1,3,4,4,2,1,1,2,3,3,1,4,1,2,1,1,5,1,1,4,2,6,2,1,6,3,3,7,6,6,2,5,4,6,6,2,4,4,5,4,4,4,4,4,2,5,4,Female,Female,18,Non-Hispanic White or Caucasian,41,3.5,3.363636364,2.454545455,21,15,23,10,36,33
5,1,5,3,2,1,1,4,5,4,3,2,2,3,4,3,5,2,4,5,2,5,4,5,1,3,5,5,4,3,4,3,2,5,5,4,5,1,5,1,3,5,5,3,3,7,7,6,3,7,6,2,5,5,6,5,7,6,5,5,2,2,3,4,3,4,3,4,3,2,4,2,Female,Female,20,Non-Hispanic White or Caucasian,41,3.5,4.181818182,4.363636364,19,21,26,19,40,45
5,2,5,4,5,1,3,4,5,5,4,3,3,3,1,4,1,1,5,5,1,3,5,5,3,1,3,4,4,2,2,5,4,5,5,3,5,1,5,1,2,5,5,1,2,1,2,4,6,6,2,6,6,6,7,2,6,6,7,6,2,5,5,2,5,4,4,3,5,2,4,3,Female,Female,20,"Non-Hispanic White or Caucasian,Other (please identify)",58,3.166666667,4.636363636,3.363636364,20,21,20,14,41,34
5,1,5,1,5,1,1,4,5,2,4,4,1,1,1,5,1,1,1,5,1,4,3,5,3,1,5,3,1,5,1,5,2,5,5,5,1,1,5,1,1,5,4,1,1,4,7,7,7,7,7,2,6,5,7,1,7,7,7,7,2,4,5,4,4,3,4,4,5,1,5,3,Female,Female,22,Hispanic or Latino,28,3.833333333,4.909090909,3.181818182,21,25,26,17,46,43
5,1,5,3,5,3,2,1,5,5,4,3,2,2,2,4,1,1,1,5,3,5,3,5,1,1,5,5,2,3,4,3,1,5,5,1,5,1,5,1,1,5,5,1,5,6,7,5,6,7,5,6,6,6,7,5,7,7,7,6,4,5,4,3,3,4,4,3,4,1,4,4,Female,Female,20,"Asian or Asian American,Native Hawaiian or other Pacific Islander",199,3.083333333,4.636363636,4,24,26,27,21,50,48
4,2,5,5,5,2,2,3,4,3,3,3,2,1,1,4,2,2,2,5,1,3,2,5,2,1,5,4,1,3,1,5,4,4,5,2,4,1,5,1,2,3,3,3,6,7,7,3,6,6,3,3,7,6,7,2,5,5,6,4,2,2,4,4,2,2,3,4,4,3,4,2,Female,Female,18,Asian or Asian American,51,3.833333333,4.545454545,3.090909091,22,26,24,11,48,35
5,1,5,3,5,2,3,5,5,3,5,4,2,2,3,5,2,1,4,5,1,2,4,5,1,1,5,5,2,5,3,5,2,5,5,4,2,1,5,2,2,5,2,1,5,7,6,2,7,7,2,1,7,6,7,4,7,6,7,4,5,3,4,4,5,4,4,5,5,1,5,2,Female,Female,18,Non-Hispanic White or Caucasian,40,3.583333333,5,3.454545455,22,28,26,9,50,35
1,3,5,3,4,4,4,5,2,5,3,5,2,1,1,5,1,3,3,5,1,5,3,5,5,3,5,4,2,3,1,5,5,5,1,5,3,5,5,3,5,4,5,3,5,5,5,4,4,4,4,4,4,4,4,4,4,4,4,4,5,4,1,5,4,5,4,4,5,4,4,5,Female,Female,21,Non-Hispanic White or Caucasian,80,2.666666667,4.272727273,3.090909091,17,17,17,16,34,33
5,2,5,1,5,2,1,3,5,2,4,3,2,3,1,4,4,1,3,5,3,5,1,5,3,1,4,4,4,1,1,2,3,5,4,3,5,1,5,1,1,5,2,2,4,6,7,1,3,7,4,2,4,6,5,1,7,7,7,3,3,4,3,3,4,3,4,4,4,1,3,4,Female,Female,20,Black or African American,56,3.166666667,4.363636364,3.545454545,18,21,27,8,39,35
5,2,5,3,4,1,3,4,4,3,4,3,3,3,2,4,3,4,4,5,4,2,5,3,2,1,5,3,2,4,5,5,3,4,5,4,5,2,5,1,1,5,5,4,6,6,7,5,6,7,5,6,7,5,6,5,7,6,6,7,2,3,4,5,2,3,5,5,4,1,5,3,Male,Male,26,Non-Hispanic White or Caucasian,53,4.166666667,4.545454545,3.454545455,26,24,26,21,50,47
5,1,5,3,5,1,1,5,5,5,3,1,1,1,1,5,1,1,5,5,1,1,5,5,4,1,5,1,2,3,5,5,1,1,5,1,3,1,5,1,1,5,1,1,7,7,7,1,7,1,3,3,7,7,7,1,1,1,7,7,1,2,5,5,3,3,5,5,5,1,5,1,Female,Female,19,Non-Hispanic White or Caucasian,25,4.583333333,4.818181818,2.090909091,22,28,16,8,50,24
5,3,5,4,5,4,4,5,5,2,4,3,3,1,2,4,5,2,4,5,3,5,5,5,3,4,5,5,2,5,1,4,4,5,4,3,5,1,5,1,4,5,5,2,4,6,7,5,7,7,4,3,5,6,7,2,7,6,7,5,5,4,3,4,5,5,2,2,2,5,2,5,Female,Female,20,Asian or Asian American,90,1.833333333,4.636363636,4.636363636,20,27,27,14,47,41
5,2,5,3,5,2,1,2,4,2,4,3,1,1,1,4,2,1,3,5,1,2,3,5,2,2,5,3,2,3,1,5,3,3,4,2,4,1,4,1,1,5,2,1,7,6,7,3,6,6,3,3,7,7,6,4,4,5,6,7,1,2,5,5,3,1,5,4,5,1,4,1,Female,Female,18,Non-Hispanic White or Caucasian,43,4.583333333,4.636363636,2.818181818,26,24,24,13,50,37
5,1,5,1,3,1,3,4,4,1,1,3,2,2,2,4,2,2,3,4,1,5,2,4,1,1,5,5,1,1,4,4,3,5,4,2,4,2,4,1,1,2,4,1,6,4,5,5,6,6,4,5,6,3,4,3,5,2,6,2,2,5,4,5,2,2,4,5,4,1,5,4,Male,Male,19,Non-Hispanic White or Caucasian,67,3.916666667,3.636363636,3.454545455,16,20,19,17,36,36
5,3,5,3,5,2,2,4,5,5,2,4,4,1,1,4,4,1,3,5,1,5,1,5,1,1,5,5,4,1,1,4,3,5,5,1,5,1,5,1,1,5,5,1,2,4,7,5,7,7,6,5,7,7,6,6,7,7,6,5,2,5,4,3,4,2,4,4,4,1,4,4,Female,Female,20,Non-Hispanic White or Caucasian,27,3.416666667,4.545454545,3.909090909,21,23,28,22,44,50
5,3,5,2,4,2,3,2,2,4,3,5,1,2,4,3,1,1,3,5,1,2,4,5,4,2,4,5,2,2,2,4,4,2,4,4,2,1,2,1,2,5,3,4,2,7,2,6,6,2,4,6,6,5,7,3,2,6,7,5,4,4,2,2,5,4,2,2,2,1,5,4,Male,Male,19,Asian or Asian American,100,2.416666667,4,2.727272727,19,27,11,19,46,30
4,3,4,1,3,1,1,2,2,1,2,4,1,2,1,4,1,1,2,5,1,5,1,5,4,1,4,3,1,4,1,4,1,2,5,2,4,1,5,1,1,5,3,1,6,6,4,2,7,6,4,2,5,2,7,1,5,6,6,5,4,4,3,2,2,3,3,4,3,2,3,4,Female,Female,21,Asian or Asian American,76,2.916666667,4.181818182,2.727272727,22,26,17,9,48,26
4,1,5,2,5,1,3,5,1,1,4,4,1,1,3,3,1,1,5,5,1,5,4,5,1,1,5,3,2,1,1,5,1,4,5,2,5,1,5,1,2,5,1,1,5,7,7,2,7,2,3,1,4,6,7,1,1,6,7,6,4,3,4,3,4,4,3,5,5,2,5,4,Female,Female,18,Asian or Asian American,227,3.333333333,4.727272727,2.636363636,21,28,16,7,49,23
4,2,5,2,4,1,1,4,3,2,3,5,2,1,1,5,3,1,5,5,1,5,5,3,2,1,5,5,1,4,3,4,3,4,5,4,5,1,5,1,3,5,2,1,2,7,7,3,4,7,3,2,6,6,6,2,6,6,6,6,3,3,4,4,3,3,3,4,4,1,5,4,Female,Female,19,Non-Hispanic White or Caucasian,60,3.583333333,4.454545455,3.363636364,20,23,26,10,43,36
4,3,5,4,5,3,4,5,5,4,4,2,3,2,2,5,4,4,5,5,4,3,5,4,1,1,5,5,2,2,1,4,4,5,5,2,4,3,4,2,4,5,5,3,6,7,7,2,7,7,5,1,7,6,6,2,7,5,5,5,2,2,5,4,2,3,3,5,4,1,5,4,Female,Female,20,Non-Hispanic White or Caucasian,413,4,4.636363636,3.818181818,23,25,27,10,48,37
4,3,4,4,4,1,3,4,3,1,1,3,3,3,3,4,1,4,4,5,1,5,4,4,2,3,4,4,3,3,1,1,3,3,4,3,5,1,5,1,2,4,2,2,5,6,3,2,5,6,2,4,7,6,5,2,3,3,6,5,3,3,4,4,3,2,4,4,4,2,4,4,Male,Male,19,Non-Hispanic White or Caucasian,72,3.583333333,3.636363636,3.090909091,20,22,18,10,42,28
5,1,4,1,5,1,3,3,5,4,4,3,3,2,2,5,1,2,4,4,1,5,2,2,3,1,4,4,2,2,2,4,5,1,4,3,4,1,4,3,1,4,3,4,4,7,5,2,6,5,1,2,7,6,4,2,5,6,7,6,2,4,5,4,3,4,4,4,4,2,4,3,Male,Male,21,Asian or Asian American,63,3.583333333,4,3,23,24,21,7,47,28
4,3,4,2,4,2,2,4,3,3,3,3,3,3,3,3,3,3,3,3,3,3,3,3,3,3,3,3,3,3,3,3,3,3,4,3,3,3,3,1,3,4,3,2,3,3,3,3,2,2,3,3,5,2,3,3,2,3,3,6,3,3,4,3,3,3,3,3,3,2,3,3,Female,Female,20,Asian or Asian American,49,3.166666667,3.363636364,3,17,11,9,12,28,21
5,1,5,3,5,3,1,5,5,5,5,5,5,3,5,4,1,1,4,5,5,3,5,4,3,1,5,5,3,1,4,4,5,5,5,4,5,1,5,1,1,5,5,1,2,6,7,6,4,7,5,6,6,5,7,3,6,6,7,3,4,4,5,3,3,2,3,4,4,1,4,5,Male,Male,19,Hispanic or Latino,145,3.333333333,4.727272727,3.909090909,17,24,25,20,41,45
5,3,5,2,1,1,1,5,1,3,1,4,1,1,1,5,1,1,5,5,1,5,4,5,5,1,5,1,1,4,1,4,2,5,4,3,4,1,5,1,1,5,4,1,7,1,5,1,5,6,1,1,6,1,7,1,6,4,7,7,5,4,3,3,2,3,1,3,2,2,2,4,Female,Female,20,Hispanic or Latino,103,2.5,4.090909091,2.909090909,24,20,18,4,44,22
2,3,5,4,5,1,2,4,3,4,4,4,2,2,1,5,1,1,2,5,2,4,2,5,3,1,5,2,1,5,1,5,2,4,5,2,3,2,5,1,1,5,2,1,7,6,7,4,3,6,5,1,6,6,7,1,7,3,7,7,1,1,5,4,5,2,5,5,5,1,5,3,Female,Female,20,"Hispanic or Latino,Non-Hispanic White or Caucasian",102,4.333333333,4.909090909,2.545454545,23,23,26,11,46,37
5,3,5,3,5,1,3,3,4,2,3,5,4,2,3,3,5,1,4,5,1,5,4,5,2,3,4,4,3,1,1,5,4,5,4,3,5,1,5,1,2,5,5,3,4,6,6,5,6,5,7,1,4,3,6,3,6,7,6,6,2,2,4,4,2,3,5,4,4,1,4,2,Female,Female,19,Other (please identify),48,4.083333333,4.454545455,3.909090909,21,24,20,16,45,36
5,2,4,3,5,3,2,4,5,1,3,1,2,1,1,5,1,1,5,5,1,5,3,4,3,1,5,5,4,1,3,2,1,5,5,2,5,1,5,1,2,5,4,1,7,6,7,2,6,7,3,6,2,6,7,3,7,5,6,3,1,2,3,5,2,3,5,5,4,1,5,4,Female,Female,18,Non-Hispanic White or Caucasian,95,4.166666667,4.363636364,3.636363636,17,25,27,14,42,41
2,3,5,4,5,1,3,5,5,2,4,4,3,4,2,4,3,4,5,5,3,2,5,5,2,1,5,5,5,2,1,3,5,4,1,4,4,1,5,2,3,5,1,4,3,4,1,6,3,7,6,7,2,2,6,5,6,2,6,4,5,4,3,3,4,5,4,5,2,2,2,5,Female,Female,20,Asian or Asian American,112,2.5,4.272727273,2.818181818,11,19,16,24,30,40
5,2,5,3,4,2,3,3,4,2,2,3,1,2,3,4,3,2,4,5,2,2,4,4,4,3,4,3,2,4,2,4,4,4,4,4,4,2,5,2,3,5,2,2,6,4,3,2,4,5,3,2,7,5,7,3,6,5,5,6,4,4,4,3,4,4,2,3,4,2,2,4,Female,Female,18,Non-Hispanic White or Caucasian,147,2.666666667,4.181818182,3.272727273,24,20,19,10,44,29
1,4,4,3,4,1,4,5,4,3,4,4,5,5,3,4,1,4,5,4,1,5,1,5,2,1,5,4,4,1,4,4,1,4,5,2,5,1,5,1,1,5,1,1,5,1,2,1,7,6,2,2,6,4,6,1,4,3,5,4,3,5,4,3,5,4,3,3,4,3,4,4,Male,Male,21,Asian or Asian American,73,2.75,4.454545455,2.727272727,18,19,16,6,37,22
4,3,5,2,5,1,2,4,4,4,2,4,1,4,1,5,1,2,4,5,2,4,4,5,3,1,4,1,1,5,1,5,3,4,5,2,4,2,5,1,3,5,3,2,7,7,7,1,7,6,2,1,7,2,5,1,5,1,7,3,2,2,5,5,1,3,5,5,5,1,5,2,Female,Female,21,"American Indian or Alaska Native,Asian or Asian American,Non-Hispanic White or Caucasian",100,4.583333333,4.636363636,2.909090909,18,26,20,5,44,25
5,3,5,4,5,1,1,4,1,2,5,5,5,4,2,4,1,5,4,5,5,4,5,3,5,1,5,5,5,1,5,1,5,5,5,5,3,1,5,1,5,4,5,5,1,7,1,1,1,7,7,1,1,1,1,2,1,1,1,2,4,4,5,5,5,5,4,5,5,5,5,5,Female,Female,20,Asian or Asian American,36,3.083333333,4.272727273,3,5,10,10,11,15,21
5,3,4,1,4,2,2,4,5,5,3,1,3,2,3,3,1,1,5,5,1,5,1,5,1,1,5,5,3,3,1,4,5,3,3,5,5,1,5,1,3,2,4,1,1,1,7,7,5,7,7,3,3,3,6,1,3,3,7,5,3,4,3,4,4,3,3,4,4,3,4,3,Female,Female,21,Hispanic or Latino,35,3.166666667,3.909090909,3.727272727,12,19,20,18,31,38
5,3,5,2,5,2,3,5,5,5,5,5,1,1,1,4,1,1,5,5,1,1,5,3,2,1,3,5,1,4,1,5,4,3,4,5,4,1,5,1,3,5,2,1,4,5,7,2,7,7,2,1,7,7,7,2,7,7,7,6,2,3,3,4,4,4,2,5,5,3,5,3,Female,Female,22,Asian or Asian American,96,3.416666667,4.454545455,3,24,26,28,7,50,35
5,1,5,2,5,4,1,2,5,2,4,4,2,4,1,5,4,1,2,5,1,5,2,5,1,1,5,5,3,4,1,5,1,5,5,1,5,1,5,1,2,5,5,1,3,4,7,6,7,7,4,3,7,6,6,2,6,7,7,5,2,3,4,4,3,3,4,3,4,1,4,4,Female,Female,19,"Hispanic or Latino,Non-Hispanic White or Caucasian",68,3.583333333,4.909090909,4.363636364,22,24,26,15,46,41
5,1,5,2,4,1,3,3,5,2,2,3,2,3,2,5,2,2,4,5,3,4,4,4,2,1,5,4,3,1,1,4,3,4,4,2,5,1,5,4,3,4,2,3,3,7,5,1,5,7,3,2,6,6,5,1,5,4,5,6,2,4,5,5,3,4,2,5,5,2,5,2,Female,Female,19,Asian or Asian American,60,3.833333333,4.272727273,3.181818182,19,22,23,7,41,30
5,2,5,3,1,1,1,3,5,3,3,2,2,3,2,4,2,2,3,5,1,4,3,4,1,1,5,3,1,3,2,4,4,3,5,3,5,3,5,1,1,5,1,1,2,4,5,3,6,5,4,4,6,6,7,3,5,7,7,3,3,3,3,2,3,4,2,3,3,4,4,4,Female,Female,20,Asian or Asian American,39,2.666666667,4.181818182,3.090909091,18,24,21,14,42,35
5,1,5,4,5,4,1,2,3,4,2,3,4,4,5,2,1,1,5,5,3,2,5,4,1,1,5,5,5,4,4,1,5,5,5,1,5,2,4,1,4,2,5,1,2,7,7,7,3,7,3,2,7,5,6,5,5,7,7,3,5,4,4,4,5,5,1,4,5,5,4,2,Female,Female,21,Asian or Asian American,111,2.666666667,3.636363636,4,19,23,24,17,42,41
1,3,4,2,5,1,1,2,5,2,3,3,3,3,2,4,2,1,4,5,1,2,3,4,1,2,5,5,2,4,2,3,2,1,4,4,2,2,5,2,1,5,1,3,4,6,1,4,2,5,4,1,4,3,7,2,1,6,7,3,3,2,4,3,3,2,3,4,4,2,4,3,Male,Male,19,Hispanic or Latino,169,3.583333333,4.272727273,2.363636364,17,22,10,11,39,21
5,1,5,4,5,1,2,5,5,5,4,4,5,2,3,3,1,1,4,5,1,4,5,5,1,1,4,5,2,4,4,5,4,5,5,3,4,1,5,1,1,5,4,1,6,7,7,7,6,7,5,5,7,2,7,1,7,3,6,3,3,4,4,4,5,5,3,4,4,3,5,4,Female,Female,19,"Asian or Asian American,Native Hawaiian or other Pacific Islander",62,3,4.636363636,3.727272727,19,26,23,18,45,41
5,2,4,3,2,1,3,4,4,1,4,3,1,2,2,4,1,2,4,5,2,4,4,1,1,1,4,3,4,1,1,2,5,1,3,2,3,1,5,1,4,3,1,2,1,3,2,1,4,5,2,4,6,4,2,1,2,3,5,2,5,5,3,1,5,4,1,3,3,5,2,4,Male,Male,21,Other (please identify),81,1.75,3.363636364,2.363636364,12,14,13,8,26,21
5,2,5,3,5,4,1,5,5,3,2,3,1,2,2,3,3,1,5,5,2,4,3,5,1,1,5,5,2,4,1,5,3,5,5,1,5,1,5,1,2,5,5,4,4,6,7,6,5,7,5,7,7,7,7,5,7,7,5,5,1,4,4,5,3,2,4,4,4,1,5,1,Female,Female,21,Asian or Asian American,107,4.166666667,4.545454545,4.272727273,23,23,28,23,46,51
5,3,5,1,5,1,2,5,1,4,3,4,1,1,1,5,1,5,5,5,3,5,3,5,4,1,5,4,1,4,5,5,3,3,4,4,4,1,5,1,1,5,4,1,5,7,7,5,7,7,5,1,2,5,2,1,7,7,7,2,1,1,5,5,2,2,5,5,5,1,5,4,Female,Female,19,Hispanic or Latino,157,4.583333333,4.727272727,3,16,23,26,12,39,38
5,1,5,4,5,2,2,4,5,5,5,1,2,2,3,5,2,1,4,5,1,5,2,5,1,1,5,5,2,4,1,3,4,5,5,2,5,1,5,1,1,5,5,1,1,7,1,2,6,7,5,2,7,6,6,2,7,6,7,7,4,2,2,4,5,2,4,1,2,1,5,4,Female,Female,20,Non-Hispanic White or Caucasian,30,3,4.818181818,4.181818182,21,26,21,11,47,32
5,1,5,3,5,1,1,1,1,1,5,1,1,1,1,5,1,2,4,5,1,5,2,5,3,1,5,4,1,5,1,4,3,2,4,3,4,1,5,1,1,5,5,3,7,6,4,1,7,6,2,3,7,7,7,1,5,7,7,7,2,2,5,4,2,2,4,4,5,2,5,1,Male,Male,47,Other (please identify),70,4.333333333,4.818181818,3.090909091,28,27,22,7,55,29
5,2,5,4,5,1,1,2,4,1,4,5,3,1,1,5,4,1,3,5,1,5,4,5,3,1,5,5,2,1,1,5,2,3,5,4,3,1,5,1,1,5,4,1,1,6,7,2,7,7,3,6,2,5,7,1,6,6,7,6,3,4,3,4,4,4,4,4,4,3,4,4,Female,Female,20,Asian or Asian American,59,3.083333333,4.909090909,3.272727273,15,27,25,12,42,37
5,3,5,1,5,1,1,4,4,2,5,5,3,1,5,5,3,2,3,5,1,4,3,4,5,2,4,3,4,3,4,4,2,3,4,3,4,2,4,1,1,5,1,1,6,1,2,1,6,5,1,1,5,3,5,2,2,2,7,7,5,4,3,1,5,4,1,4,2,4,4,5,Male,Male,19,"Black or African American,Non-Hispanic White or Caucasian",23,2,4.545454545,3.272727273,20,19,12,5,39,17
5,2,5,2,4,1,2,4,5,1,5,2,4,3,2,5,3,1,4,5,3,4,4,5,4,2,4,5,3,2,1,3,2,5,5,3,4,1,5,1,1,5,5,1,2,6,6,2,3,7,4,1,5,6,7,1,7,6,7,3,2,3,5,5,3,3,5,5,5,1,5,5,Male,Male,20,Non-Hispanic White or Caucasian,72,4.083333333,4.636363636,3.727272727,16,23,26,8,39,34
5,2,5,2,5,2,2,5,5,3,4,1,3,1,1,5,1,3,5,5,2,5,5,5,2,1,5,3,3,2,4,4,3,5,5,2,5,1,5,1,2,5,5,2,4,7,7,5,7,7,5,2,7,6,5,2,7,6,7,5,3,3,4,3,3,1,3,4,5,4,4,4,Female,Female,20,Non-Hispanic White or Caucasian,55,3.416666667,4.818181818,3.545454545,22,26,27,14,48,41
4,2,5,4,4,2,2,4,4,4,3,4,2,1,3,4,3,1,2,5,1,4,4,5,3,2,4,4,3,1,3,4,2,5,4,4,5,1,5,1,2,3,5,1,3,6,7,3,7,6,6,2,5,6,6,3,4,4,6,4,2,3,5,3,4,4,4,2,5,3,3,5,Female,Female,18,Non-Hispanic White or Caucasian,28,3.083333333,4.181818182,3.636363636,16,25,23,14,41,37
5,1,5,3,5,2,1,4,5,4,1,3,4,1,2,4,3,1,4,5,1,5,2,5,2,1,5,5,2,4,1,5,4,5,3,1,5,1,5,1,1,5,5,1,6,4,5,3,5,5,4,7,7,7,6,1,6,6,3,4,5,3,3,2,5,4,1,3,4,3,1,3,Female,Female,19,Non-Hispanic White or Caucasian,48,2.25,4.363636364,4.181818182,23,18,23,15,41,38
5,3,5,5,5,1,4,3,5,1,5,3,3,3,1,5,3,4,5,5,4,3,5,3,3,1,4,4,2,4,2,4,4,4,5,3,5,1,5,1,1,5,4,1,7,6,1,1,7,7,4,2,2,3,5,1,7,6,5,7,3,3,4,3,3,5,4,3,4,3,4,4,Male,Male,22,Hispanic or Latino,122,3.083333333,4.636363636,3.545454545,22,23,18,8,45,26
5,1,5,4,5,4,2,1,5,2,5,1,1,1,4,3,2,1,4,5,1,5,1,3,1,1,5,5,1,5,1,5,1,5,2,2,5,1,5,1,1,5,2,1,7,7,7,2,7,7,3,4,7,7,7,1,7,7,7,6,3,5,4,4,4,4,3,3,5,3,5,1,Female,Female,19,Asian or Asian American,55,3.333333333,4.363636364,4.272727273,27,28,28,10,55,38
5,2,5,2,4,1,3,3,4,3,4,3,3,4,1,5,2,3,3,5,2,4,3,5,4,1,4,5,1,3,5,5,5,2,3,3,3,2,5,1,2,3,2,2,2,6,2,3,7,4,2,1,3,1,5,2,5,3,7,3,3,1,4,3,4,3,3,3,3,1,4,3,Female,Not listed,21,Asian or Asian American,53,3.416666667,4.363636364,2.909090909,11,25,12,8,36,20
5,1,5,4,5,1,2,5,5,2,3,5,1,1,2,4,2,1,3,5,2,2,4,4,3,1,3,4,4,1,1,2,2,5,3,2,5,1,5,1,1,5,5,2,7,6,7,3,5,7,5,2,3,3,5,2,7,6,4,4,2,2,5,4,4,1,4,4,5,2,4,1,Female,Female,21,Black or African American,127,4.166666667,4,3.363636364,20,20,24,12,40,36
5,2,5,1,4,1,1,4,5,3,2,3,1,1,1,4,1,1,4,5,1,5,2,5,1,1,2,5,1,1,1,3,2,3,3,2,5,1,5,1,1,5,1,1,3,5,6,1,6,6,5,2,2,5,7,2,3,6,7,7,3,3,4,2,4,2,3,2,3,2,2,4,Female,Female,21,Asian or Asian American,94,2.833333333,3.909090909,3,18,25,20,10,43,30
5,2,5,4,1,1,2,2,4,2,4,5,1,1,1,5,1,4,4,2,1,3,2,5,3,1,4,1,4,1,5,3,2,1,5,4,1,1,4,1,1,2,4,1,2,1,5,2,7,6,2,2,4,6,5,2,5,1,5,4,4,3,4,3,2,4,2,4,3,2,4,4,Male,Male,19,Asian or Asian American,113,3.083333333,3.636363636,2.090909091,11,18,22,8,29,30
4,1,4,3,2,2,3,4,5,2,4,4,4,4,1,4,1,4,4,4,1,4,3,4,2,3,4,5,4,3,2,2,2,4,4,2,5,2,5,1,2,4,3,2,6,4,6,1,6,7,5,2,7,7,6,2,4,6,6,6,2,3,4,4,4,1,3,4,4,3,3,4,Male,Male,27,"Asian or Asian American,Non-Hispanic White or Caucasian",76,3.416666667,3.727272727,3.363636364,25,22,24,10,47,34
5,1,5,2,4,3,1,4,5,4,2,4,1,2,3,4,3,1,4,5,3,5,4,5,3,1,5,5,1,2,5,4,3,5,4,2,5,1,5,2,3,5,4,2,3,5,7,2,4,7,6,1,6,6,7,4,4,5,5,3,4,5,4,4,3,3,4,5,5,3,5,3,Female,Female,18,"Asian or Asian American,Hispanic or Latino",105,3.5,4.363636364,4.090909091,17,21,24,13,38,37
5,2,5,1,5,2,1,3,5,1,4,2,3,5,2,5,2,1,1,5,1,4,2,5,3,1,5,4,1,5,1,5,2,4,5,3,4,1,5,1,2,5,4,1,6,6,7,2,7,7,1,3,6,7,6,5,7,7,7,7,4,2,3,2,2,5,2,2,4,2,2,3,Male,Male,18,Asian or Asian American,415,2.75,4.909090909,3.727272727,26,26,28,11,52,39
5,3,5,2,5,4,1,3,5,2,4,3,2,1,1,5,2,2,3,5,1,5,4,5,2,2,5,5,1,5,1,5,1,5,5,2,5,2,5,1,3,5,5,1,4,3,7,6,7,7,5,7,6,3,7,3,6,5,7,7,4,4,2,3,5,2,4,3,3,2,2,4,Female,Female,22,Non-Hispanic White or Caucasian,60,2.666666667,4.909090909,4.272727273,22,24,23,21,46,44
4,2,5,5,5,4,1,5,1,5,5,5,1,1,5,4,1,2,5,5,5,4,5,2,1,1,1,5,5,1,1,2,5,5,2,1,5,1,5,1,1,5,5,1,2,1,7,1,2,7,7,2,5,7,2,4,5,6,3,5,2,4,2,1,5,4,2,2,2,4,4,4,Female,Female,21,Hispanic or Latino,31,2.166666667,3.727272727,3.636363636,18,8,26,14,26,40
5,3,5,2,4,1,4,5,4,3,5,5,2,2,1,5,1,1,5,5,1,4,5,5,4,1,5,2,5,2,4,4,3,5,5,5,5,1,5,1,2,5,3,1,7,6,7,6,6,7,5,6,7,6,5,1,7,6,6,7,4,5,3,4,5,2,2,2,4,3,4,4,Female,Female,21,Hispanic or Latino,72,2.666666667,4.818181818,3,27,23,27,18,50,45
5,3,5,3,3,1,2,4,5,4,4,3,2,2,3,4,4,2,4,5,3,5,3,5,2,1,5,5,4,2,2,3,3,5,5,3,5,2,5,2,2,5,5,2,1,6,7,4,5,7,5,3,6,6,6,3,6,6,6,6,4,4,4,3,3,5,3,3,4,4,4,4,Female,Female,19,Asian or Asian American,78,2.75,4.454545455,4.090909091,19,23,26,15,42,41
5,3,4,3,4,1,2,4,4,1,5,4,3,3,4,3,1,1,4,5,4,5,4,4,3,1,4,3,2,2,1,5,4,5,5,4,3,2,5,2,3,5,5,3,3,6,7,3,7,6,4,2,7,6,7,5,7,6,6,6,3,4,4,3,4,3,4,2,3,1,3,3,Female,Female,21,Hispanic or Latino,52,3.083333333,4.454545455,3.454545455,22,26,26,14,48,40
4,3,5,1,5,1,3,5,5,5,2,5,1,3,2,4,1,1,4,5,4,5,4,5,2,2,5,5,3,2,2,4,3,4,4,4,5,1,5,1,2,4,3,2,3,3,5,2,6,7,6,1,7,5,4,1,3,3,7,6,2,4,4,4,3,3,4,4,3,3,4,2,Male,Male,22,Asian or Asian American,53,3.5,4.363636364,3.363636364,19,20,20,10,39,30
5,1,5,3,1,1,1,5,5,5,3,5,5,4,5,1,1,1,4,5,1,5,3,5,4,1,5,5,3,2,1,1,4,5,4,5,5,1,5,1,4,4,1,5,7,5,2,2,2,4,4,7,7,6,4,6,5,2,4,1,5,5,4,3,4,3,2,4,2,4,5,5,Female,Female,20,Non-Hispanic White or Caucasian,41,2.5,3.545454545,3.636363636,17,15,17,19,32,36
5,3,5,1,5,2,1,3,5,1,3,3,1,4,2,5,5,1,3,5,1,5,3,5,5,1,5,5,2,1,1,4,1,5,5,1,5,1,5,1,1,5,5,1,6,7,7,2,6,7,1,1,7,7,7,1,2,7,7,7,3,5,4,3,3,3,3,4,3,2,4,2,Male,Male,18,Asian or Asian American,31,3.25,4.727272727,4.090909091,27,27,23,5,54,28
5,3,5,2,5,2,1,4,5,2,2,4,1,4,3,5,1,1,3,5,1,5,3,5,2,1,5,5,2,5,4,5,3,3,4,3,4,1,5,1,1,5,1,1,5,7,5,2,4,7,3,1,6,6,7,1,7,5,4,5,2,4,4,4,5,1,4,4,5,1,3,3,Female,Female,21,Other (please identify),98,3.666666667,4.636363636,3.545454545,21,22,25,7,43,32
5,1,5,2,4,2,1,4,5,1,4,3,1,1,3,5,4,1,4,5,4,5,4,5,1,1,5,5,1,4,5,5,4,5,5,2,5,2,5,1,4,4,5,4,2,7,6,4,7,6,6,2,5,6,7,2,6,7,7,7,2,3,5,5,3,5,5,5,5,1,5,4,Female,Female,21,Non-Hispanic White or Caucasian,16,4,4.727272727,4.363636364,21,28,24,14,49,38
4,3,5,2,5,4,1,4,4,3,3,2,4,1,1,5,1,1,2,4,1,3,2,5,1,1,4,4,2,2,4,4,3,4,3,1,1,1,5,1,1,5,3,1,1,3,6,3,6,4,4,3,7,5,6,5,4,6,6,5,1,2,5,4,3,2,4,4,5,1,4,3,Female,Female,20,Non-Hispanic White or Caucasian,54,4.166666667,4.363636364,2.818181818,19,21,19,15,40,34
5,3,5,3,5,2,4,4,5,4,5,5,4,4,3,5,3,2,3,5,1,5,2,5,3,2,4,3,1,4,2,5,4,5,5,4,5,1,5,1,4,5,4,4,7,6,7,4,7,7,4,6,7,7,7,5,7,7,7,6,3,4,4,3,3,2,3,3,4,2,4,3,Female,Female,22,Asian or Asian American,46,3.333333333,4.909090909,4,27,27,28,19,54,47
2,1,5,1,5,1,1,4,5,3,4,2,1,1,1,5,1,1,5,5,1,3,3,5,1,1,5,5,1,1,1,5,2,3,5,1,4,1,5,1,1,5,2,1,7,7,7,1,7,7,3,1,7,5,7,3,7,7,7,6,1,3,4,5,3,2,4,4,4,1,5,2,Female,Female,29,Non-Hispanic White or Caucasian,42,4.166666667,4.909090909,2.545454545,27,28,26,8,55,34
5,1,5,1,5,1,1,5,5,1,5,1,3,3,1,5,1,5,5,5,1,3,5,5,5,1,5,5,1,5,1,5,5,5,5,5,5,1,5,1,1,5,5,1,2,6,2,6,5,2,6,2,6,6,6,2,2,6,6,3,5,5,5,5,5,5,3,2,3,3,2,4,Male,Male,20,Black or African American,16,2.416666667,5,3.727272727,17,23,12,16,40,28
5,5,5,5,5,1,1,5,5,5,5,5,3,1,2,4,4,5,5,5,1,5,5,5,1,1,5,5,3,4,5,2,5,5,5,5,5,1,5,5,5,1,5,5,4,3,7,3,2,7,4,3,5,7,7,1,7,3,7,7,3,4,5,3,3,5,2,3,5,2,3,5,Female,Female,19,Asian or Asian American,40,2.916666667,4.272727273,4.181818182,19,19,28,11,38,39
5,1,5,3,4,3,1,4,4,3,2,3,1,2,2,4,4,3,4,5,2,5,3,5,2,2,5,5,4,3,3,5,3,5,5,2,5,1,4,1,2,5,5,1,3,5,6,7,6,7,3,2,3,5,7,4,7,6,7,6,3,4,3,4,4,4,3,3,4,2,3,2,Female,Female,18,Non-Hispanic White or Caucasian,80,3.083333333,4.454545455,4.181818182,18,25,25,16,43,41
5,3,5,3,2,1,2,4,1,1,5,1,1,3,1,1,1,1,3,5,3,2,5,2,4,1,5,2,1,5,5,3,2,2,5,3,4,2,3,4,4,2,1,3,1,7,3,3,3,5,5,2,3,3,7,1,7,2,2,6,3,4,5,4,2,5,3,4,4,3,3,5,Male,Male,20,Non-Hispanic White or Caucasian,45,3.083333333,3.454545455,2.272727273,12,19,18,11,31,29
5,3,5,3,5,3,1,4,5,5,3,5,3,5,3,5,3,1,5,5,1,5,2,5,1,1,5,5,1,3,1,4,3,5,5,2,5,1,5,1,1,5,1,1,5,6,7,3,7,7,2,2,6,7,6,2,3,7,7,7,5,5,3,1,5,4,1,3,3,3,4,4,Female,Female,19,Non-Hispanic White or Caucasian,81,2.083333333,4.727272727,3.909090909,25,26,24,9,51,33
4,2,5,2,5,3,1,2,5,3,3,4,3,2,2,4,5,1,3,5,2,5,3,5,3,2,5,5,3,4,1,4,2,5,5,4,5,1,5,1,2,5,5,1,4,3,6,5,4,6,5,5,5,6,5,2,6,6,5,5,2,4,5,4,4,4,4,3,5,1,3,5,Female,Female,18,Non-Hispanic White or Caucasian,63,3.333333333,4.636363636,4.363636364,20,17,24,17,37,41
4,3,5,3,4,1,1,3,3,3,2,3,1,2,2,4,1,1,4,5,1,5,3,5,3,1,5,3,1,5,5,5,2,4,5,3,3,1,5,1,2,4,3,1,2,7,7,5,7,4,3,3,5,3,6,2,5,5,6,6,4,3,4,2,3,3,2,2,4,2,3,2,Female,Female,23,Hispanic or Latino,112,3,4.454545455,3.090909091,18,26,19,13,44,32
4,1,4,3,2,2,4,4,5,3,3,3,1,2,3,4,2,4,4,5,2,5,4,4,3,2,5,5,1,3,1,5,2,4,4,1,5,1,5,1,1,3,5,1,6,4,6,4,6,6,5,5,7,7,7,3,6,5,6,4,1,3,4,4,3,3,5,4,5,1,5,2,Female,Female,18,Hispanic or Latino,78,4.166666667,4,3.909090909,22,23,25,17,45,42
5,3,5,4,5,5,2,4,5,5,5,5,2,1,1,5,5,1,4,5,1,5,4,5,3,1,5,5,1,5,5,5,4,5,5,4,5,1,5,1,3,5,3,1,7,7,7,7,7,6,2,5,7,7,7,4,6,7,7,7,3,3,2,5,2,1,5,4,5,1,5,2,Female,Female,22,Other (please identify),16,4.166666667,5,4.454545455,28,28,26,18,56,44
5,1,4,1,4,1,1,2,4,1,3,3,3,2,3,3,3,1,1,5,3,4,2,2,1,1,5,4,2,3,2,2,2,5,5,1,5,1,5,1,2,2,2,2,2,7,4,3,3,5,5,5,7,6,6,3,5,5,6,5,2,4,4,2,5,2,4,4,4,2,4,2,Female,Female,19,Asian or Asian American,33,3.416666667,3.636363636,3.545454545,19,22,20,16,41,36
4,3,5,1,5,1,2,3,4,2,4,3,1,4,1,5,2,3,4,5,1,5,2,5,4,1,4,4,2,4,5,5,4,4,5,4,4,1,5,1,2,5,4,1,4,6,7,3,4,6,6,4,7,7,7,3,6,7,7,5,2,4,3,4,4,4,4,4,4,2,3,2,Male,Male,20,Asian or Asian American,123,3.333333333,4.818181818,3.363636364,23,24,26,16,47,42
5,2,5,3,5,1,1,3,5,4,4,4,4,2,1,4,1,1,5,4,2,2,4,5,3,1,5,4,3,5,3,5,4,4,5,3,5,1,5,1,1,3,2,1,2,5,5,1,5,7,3,4,5,4,7,1,6,5,7,5,5,4,3,3,5,5,2,2,3,4,2,4,Female,Female,20,Asian or Asian American,138,2,4.545454545,3.181818182,17,24,22,9,41,31
5,2,4,3,3,2,1,4,4,4,3,2,3,2,1,5,3,3,5,5,2,3,3,3,1,1,5,5,3,4,3,3,2,5,4,3,4,1,4,1,1,5,5,2,4,6,6,2,4,6,2,2,6,6,6,2,7,5,5,4,2,2,5,3,2,2,4,4,4,2,3,2,Male,Male,21,Hispanic or Latino,26,3.916666667,4,3.727272727,19,21,25,8,40,33
5,2,5,3,4,1,1,2,4,3,4,2,1,1,1,5,3,1,2,5,1,5,2,5,2,4,4,4,1,3,1,5,2,4,5,2,5,1,4,1,1,5,3,1,7,7,6,1,7,6,5,1,7,6,6,2,7,7,7,6,2,3,5,4,3,2,4,4,5,1,3,2,Female,Female,21,Asian or Asian American,69,4,4.636363636,3.454545455,27,27,25,9,54,34
5,2,5,3,4,3,4,3,4,3,3,3,3,2,3,3,3,2,3,5,3,5,3,5,2,2,5,2,3,4,2,3,4,4,4,2,4,2,4,1,2,4,4,4,3,6,7,6,4,5,3,3,4,4,4,4,4,4,4,4,3,4,2,2,3,3,3,3,3,3,3,3,Female,Female,18,Asian or Asian American,10,2.75,4.090909091,3.727272727,15,18,20,16,33,36
5,3,5,2,5,2,1,1,5,4,4,4,2,1,1,4,1,1,3,5,1,5,5,5,3,1,5,4,2,4,1,3,2,5,5,3,5,1,5,1,3,5,5,1,1,6,7,5,6,7,3,1,5,5,7,2,7,6,7,2,3,1,1,2,4,2,2,3,2,2,3,3,Female,Non-binary,20,Non-Hispanic White or Caucasian,84,2.833333333,4.636363636,3.818181818,14,26,26,11,40,37
4,2,3,3,5,1,1,2,5,1,4,4,3,1,1,5,1,5,1,NA,1,5,3,5,1,4,1,5,5,2,5,5,1,1,5,1,5,2,5,2,1,5,1,1,7,2,5,1,5,7,1,1,4,7,7,1,7,7,7,7,5,5,5,1,3,3,3,2,5,1,5,5,Male,Male,20,Non-Hispanic White or Caucasian,22,2.916666667,NA,2.818181818,25,21,26,4,46,30
5,1,5,1,5,1,3,4,5,4,5,4,4,2,3,3,1,1,3,5,1,5,2,5,1,4,5,5,2,4,2,4,3,5,5,2,5,1,5,1,1,5,4,3,3,7,7,7,6,7,4,1,7,7,6,2,7,3,4,4,4,4,3,3,5,5,2,3,4,4,5,4,Female,Female,18,Asian or Asian American,54,2.5,4.727272727,3.909090909,17,23,28,14,40,42
5,1,5,3,5,5,1,2,4,3,2,4,1,1,2,5,1,2,3,4,1,5,2,5,1,1,5,5,1,5,1,4,2,5,4,2,5,1,2,1,1,4,5,1,2,6,5,5,7,7,6,3,7,4,7,1,5,4,6,7,4,5,5,4,5,4,1,4,5,2,5,3,Female,Female,22,Asian or Asian American,109,3.083333333,4.090909091,4.272727273,20,26,21,15,46,36
5,1,5,3,5,1,2,3,4,3,2,3,3,3,3,3,4,2,3,5,3,5,3,5,4,1,5,4,2,3,4,4,3,4,4,2,5,1,5,1,1,5,5,5,6,7,7,4,6,7,3,1,7,6,7,4,7,7,7,4,3,3,5,4,3,4,4,3,4,2,3,4,Female,Female,19,Asian or Asian American,50,3.333333333,4.363636364,3.909090909,24,27,27,12,51,39
4,3,5,3,4,1,4,5,4,4,4,4,4,4,2,5,2,4,4,5,2,2,4,4,2,2,5,4,4,2,4,3,2,4,4,2,4,2,5,2,2,5,2,5,6,4,7,3,4,6,3,3,5,2,5,2,6,3,3,4,4,3,3,4,2,2,3,4,3,2,4,4,Male,Male,19,Asian or Asian American,50,3.333333333,4.454545455,2.818181818,18,16,21,11,34,32
4,1,5,3,5,1,3,5,2,5,4,5,1,5,4,5,1,5,5,4,1,5,5,2,1,1,4,5,4,1,1,3,4,1,4,5,5,1,5,1,5,5,1,1,6,5,7,2,7,4,4,1,5,6,6,3,5,5,4,7,3,3,5,4,5,4,4,4,5,1,1,4,Female,Female,23,Black or African American,64,3.25,4.181818182,2.727272727,23,22,22,10,45,32
5,2,5,4,5,4,1,1,5,5,5,3,2,1,2,4,2,1,3,5,1,2,4,4,1,2,5,5,2,2,3,4,3,5,5,1,5,1,5,1,1,4,4,1,2,7,7,1,6,7,6,2,7,7,7,2,7,7,7,6,5,5,4,3,4,4,4,3,4,2,4,5,Female,Female,20,"Asian or Asian American,Hispanic or Latino,Non-Hispanic White or Caucasian",76,2.75,4.636363636,3.727272727,22,27,28,11,49,39
5,1,5,2,5,2,1,4,5,1,4,2,1,2,4,3,4,1,2,5,1,5,2,5,1,1,5,5,4,2,2,2,2,5,5,3,5,1,5,1,2,5,5,2,5,3,7,4,6,7,6,4,7,6,5,3,6,6,6,6,4,4,3,2,4,3,2,2,3,2,4,4,Female,Female,20,Asian or Asian American,88,2.583333333,4.454545455,4.272727273,24,20,26,17,44,43
5,1,5,1,4,1,3,4,5,4,4,4,2,2,4,3,1,4,5,4,4,3,4,5,1,1,5,5,1,5,1,5,1,5,5,4,5,1,5,1,5,5,5,3,1,1,7,1,7,6,6,1,1,1,7,1,7,5,1,4,3,5,3,5,5,5,5,1,3,1,5,5,Male,Male,20,Asian or Asian American,73,2.833333333,4.545454545,4,11,16,21,9,27,30
5,2,4,4,4,3,2,3,4,3,2,3,3,2,3,3,2,3,4,5,1,5,2,5,2,1,5,4,3,4,4,3,4,5,3,3,4,1,4,1,3,4,5,2,1,6,7,5,5,7,3,1,5,7,6,2,7,6,6,6,2,3,4,5,3,2,4,4,2,1,4,4,Female,Female,20,Non-Hispanic White or Caucasian,125,3.666666667,3.818181818,4,18,23,28,11,41,39
5,1,5,1,5,1,1,1,5,1,5,5,1,1,1,1,3,1,3,5,1,5,1,5,1,1,5,5,1,5,1,5,2,5,5,1,5,1,5,1,1,5,5,1,4,7,7,7,7,7,4,1,7,7,7,4,3,7,7,7,5,1,1,4,5,1,4,2,4,1,5,2,Female,Female,21,"Asian or Asian American,Hispanic or Latino",21,3.416666667,4.636363636,4.090909091,25,28,24,16,53,40
4,2,4,2,4,2,1,2,4,2,4,3,1,1,2,4,2,1,3,4,1,4,2,4,3,1,4,3,3,3,1,3,2,4,4,2,4,2,4,2,2,4,4,1,6,5,6,2,6,6,3,2,6,6,6,2,6,6,6,6,4,4,4,4,3,4,4,4,3,2,4,4,Female,Female,19,Asian or Asian American,64,3.166666667,3.909090909,3.272727273,24,23,24,9,47,33
5,2,5,3,5,1,1,2,5,2,5,3,2,2,3,4,2,1,2,5,1,2,3,5,3,2,5,4,2,4,3,4,2,5,5,3,5,1,5,1,1,5,3,1,7,5,7,2,7,7,2,2,4,7,7,2,7,7,7,6,2,2,5,4,2,3,4,4,5,1,5,2,Female,Female,20,Other (please identify),174,4.25,4.818181818,3.545454545,24,26,28,8,50,36
1,2,4,1,2,1,4,3,1,2,3,1,3,3,2,3,1,1,1,5,1,1,1,4,1,3,3,1,1,2,1,3,2,3,2,2,3,1,2,1,1,5,1,2,3,2,7,2,2,4,2,4,4,3,4,4,3,4,3,7,3,3,2,5,3,3,3,4,3,3,4,2,Female,Female,20,Asian or Asian American,208,3.333333333,3.272727273,1.545454545,18,11,17,12,29,29
5,1,5,1,1,1,3,5,1,1,1,3,2,1,1,3,1,4,5,5,1,4,3,5,1,1,5,4,4,1,2,2,1,3,4,2,2,1,5,1,3,1,4,4,1,7,7,2,4,2,4,1,5,2,5,1,2,4,5,2,3,5,3,1,5,4,2,4,4,1,3,2,Male,Male,19,Hispanic or Latino,26,2.75,3.363636364,2.454545455,12,21,13,8,33,21
5,4,5,1,5,1,1,3,5,5,5,3,4,5,1,5,5,2,1,5,1,5,4,5,1,2,5,5,5,1,1,2,2,5,5,4,5,1,5,1,2,1,1,2,7,3,7,5,5,4,6,5,6,5,3,6,7,7,6,6,2,5,4,5,5,5,4,4,5,2,4,5,Female,Female,21,Asian or Asian American,110,3.166666667,4.363636364,3.545454545,26,17,23,22,43,45
4,1,4,4,4,4,4,2,4,4,4,2,2,2,2,4,4,2,2,4,1,5,1,5,1,1,4,4,2,4,4,4,3,5,5,2,5,1,5,1,1,5,5,1,1,7,4,4,NA,7,5,4,7,7,7,3,7,5,5,6,3,4,2,3,4,4,2,3,4,2,4,2,Female,Female,20,Asian or Asian American,15,2.916666667,4.363636364,4.181818182,19,NA,25,16,NA,41
3,4,5,3,5,1,4,4,5,2,4,4,4,3,1,5,3,1,3,5,1,5,2,5,4,1,5,5,2,4,1,4,3,5,5,3,5,1,5,1,2,4,3,1,5,4,4,1,6,7,4,2,3,6,6,1,7,5,6,6,4,5,3,4,5,3,3,2,3,2,4,3,Female,Female,20,Hispanic or Latino,59,2.75,4.727272727,3.636363636,19,22,24,8,41,32
4,3,1,2,4,1,3,4,5,3,3,4,3,4,3,2,1,5,5,4,5,5,4,5,2,1,5,5,3,1,4,4,4,5,5,5,5,1,5,1,4,4,1,1,1,5,5,4,7,7,1,1,5,2,7,1,1,4,6,2,4,2,2,3,5,5,3,3,1,4,4,4,Male,Male,20,Asian or Asian American,46,2.333333333,3.818181818,3.272727273,12,25,15,7,37,22
5,1,5,2,5,4,2,2,5,1,5,3,1,1,1,5,1,1,1,5,2,5,4,5,1,1,5,5,1,1,1,2,1,4,5,3,5,1,4,1,5,4,5,3,7,7,7,3,4,7,2,7,7,6,6,5,5,4,5,7,3,5,3,1,2,5,3,2,4,2,3,3,Female,Female,18,Asian or Asian American,40,2.666666667,4.545454545,3.727272727,25,22,25,17,47,42
5,2,5,1,5,1,1,4,5,2,1,3,5,2,1,5,2,1,1,5,1,5,1,5,1,1,5,5,1,5,1,5,2,5,5,1,5,1,5,1,1,5,5,1,7,4,7,5,7,7,3,1,2,4,7,1,4,2,7,6,4,4,4,2,4,4,3,5,4,2,4,4,Female,Female,20,Hispanic or Latino,44,3,4.636363636,4,17,25,22,10,42,32
4,4,3,1,5,3,4,4,5,3,4,3,2,5,4,4,5,2,5,5,2,5,4,5,5,1,4,4,3,3,3,4,5,2,2,4,5,2,5,1,2,4,5,2,6,3,2,2,3,6,4,6,7,7,7,1,6,6,7,7,4,2,4,3,2,5,3,4,4,1,5,1,Female,Non-binary,19,Asian or Asian American,23,3.666666667,4.090909091,4.090909091,26,20,21,13,46,34
5,2,5,2,4,2,4,3,4,4,3,3,2,4,1,4,2,2,3,5,2,5,3,4,3,2,5,5,1,5,5,5,4,2,5,4,5,1,5,1,1,5,4,2,7,7,6,5,7,6,4,5,7,6,6,5,5,7,5,7,3,3,3,4,2,4,3,2,3,1,4,3,Female,Female,22,Asian or Asian American,69,3.25,4.545454545,3.636363636,28,25,23,19,53,42
5,4,5,1,2,3,4,5,5,5,5,5,2,4,2,3,5,1,1,5,2,5,2,5,2,1,4,4,3,1,2,3,4,5,5,4,4,1,5,1,3,5,5,1,2,5,7,4,5,7,1,7,7,6,6,2,4,2,6,2,4,3,3,4,3,4,4,4,5,2,5,1,Female,Female,19,Asian or Asian American,33,3.666666667,4.272727273,4,13,22,24,14,35,38
5,1,4,1,5,1,2,3,2,4,3,3,1,2,2,4,1,2,4,4,3,4,4,4,2,1,4,3,2,3,3,4,2,3,4,2,5,1,5,1,1,4,2,1,6,5,5,2,4,5,3,2,6,3,4,2,3,6,4,5,2,2,4,3,4,3,4,3,4,2,4,2,Male,Male,20,Non-Hispanic White or Caucasian,42,3.583333333,4.090909091,2.818181818,23,17,16,9,40,25
1,2,5,2,5,2,4,4,5,2,4,4,2,3,4,4,2,4,4,5,2,4,4,4,2,1,4,2,4,1,2,4,2,4,5,5,4,4,5,4,4,5,2,5,7,6,7,1,7,6,4,2,7,6,6,4,6,6,7,7,1,1,5,4,3,2,4,4,5,1,4,4,Female,Female,19,American Indian or Alaska Native,82,4.166666667,4.545454545,2.818181818,27,26,25,11,53,36
5,2,5,3,4,3,2,4,5,2,4,3,1,4,2,4,4,2,3,4,1,4,3,5,2,1,5,4,1,5,1,5,4,5,4,3,4,1,5,1,2,5,5,1,7,7,7,5,7,7,5,3,7,7,7,2,7,5,7,7,5,5,4,2,5,4,1,3,4,4,3,1,Female,Non-binary,28,Hispanic or Latino,303,2.416666667,4.545454545,4.181818182,26,28,28,15,54,43
5,1,5,3,5,4,3,4,5,3,4,4,2,3,1,5,1,1,5,5,1,4,4,5,2,1,5,5,4,3,1,4,1,5,5,4,5,1,5,1,2,4,4,3,6,6,7,4,5,7,3,3,7,7,7,3,7,7,7,7,2,3,5,4,4,3,4,4,5,1,4,3,Female,Female,22,Asian or Asian American,152,3.833333333,4.727272727,3.818181818,27,25,28,13,52,41
3,1,5,3,5,1,1,2,1,5,1,5,1,3,1,5,3,1,2,5,1,4,2,5,1,1,5,5,4,1,1,4,2,3,5,2,5,1,4,1,1,5,1,1,4,7,5,5,7,7,2,1,5,6,4,3,7,7,7,7,5,4,3,2,5,3,3,3,4,1,3,5,Female,Female,18,Black or African American,43,2.583333333,4.454545455,2.545454545,23,25,25,11,48,36
5,2,5,3,5,1,1,3,5,3,4,3,3,2,1,4,2,2,5,5,4,3,3,2,4,2,4,2,3,4,5,5,2,4,5,2,5,1,5,1,2,4,3,2,5,6,7,2,7,7,2,2,6,4,3,2,6,6,6,6,2,4,4,5,4,2,3,4,4,2,4,4,Female,Female,20,Other (please identify),75,3.5,4.363636364,3.181818182,23,22,24,8,45,32
5,2,5,4,4,4,3,5,5,4,2,2,2,2,4,2,2,2,4,5,1,5,1,5,1,1,5,5,4,1,1,2,4,5,4,5,5,1,5,1,1,5,5,2,5,3,7,5,3,7,5,5,7,6,5,5,5,5,5,2,5,5,3,1,4,5,1,2,2,4,4,4,Female,Female,20,Asian or Asian American,54,1.833333333,4,4.181818182,19,16,25,20,35,45
5,1,5,1,5,1,1,3,5,1,5,5,1,1,1,4,1,1,1,5,1,5,1,5,1,3,5,5,1,1,1,5,4,5,5,3,5,2,5,1,4,5,5,2,6,6,7,NA,4,7,2,1,6,4,7,2,5,6,7,3,4,4,5,2,5,2,3,2,5,1,5,5,Female,Female,22,Hispanic or Latino,42,3.083333333,4.909090909,3.545454545,21,24,23,NA,45,NA
5,1,5,2,5,4,1,2,5,4,4,3,1,1,4,4,5,1,2,5,1,5,1,5,2,1,5,5,2,5,2,5,1,5,5,1,5,1,5,1,1,5,5,1,6,7,7,7,6,7,2,2,7,7,7,3,7,7,7,5,4,4,5,2,4,4,3,4,5,2,4,4,Female,Female,18,Asian or Asian American,150,3.083333333,4.818181818,4.818181818,25,27,28,14,52,42
5,2,5,1,4,1,1,3,3,2,5,2,1,1,1,5,3,1,5,5,1,4,2,4,1,1,3,5,1,4,1,5,1,5,4,2,3,1,4,1,2,4,5,2,6,7,7,1,7,7,5,3,7,7,7,3,7,6,7,7,1,1,5,5,2,1,5,5,5,1,5,1,Female,Female,23,Hispanic or Latino,354,4.916666667,4.363636364,3.545454545,26,28,28,12,54,40
3,1,5,3,5,1,1,5,1,3,3,4,1,1,1,5,1,1,5,5,1,5,1,5,1,1,1,5,1,1,1,5,1,3,5,4,1,1,5,2,1,5,3,3,1,7,4,1,7,4,5,1,4,1,6,1,1,1,5,3,5,5,5,3,5,1,3,5,5,2,3,5,Female,Female,18,Black or African American,55,3.083333333,4.454545455,2.272727273,9,25,10,8,34,18
2,4,5,3,4,1,2,1,5,1,2,3,3,3,3,4,1,1,4,5,2,2,3,3,3,1,3,4,5,1,5,1,2,4,5,3,5,2,5,1,5,5,1,2,1,6,2,2,4,2,5,4,3,4,3,1,3,4,3,2,4,4,4,4,5,4,3,4,3,2,4,5,Male,Male,20,Hispanic or Latino,22,2.833333333,3.818181818,2.636363636,10,16,11,12,26,23
4,4,4,2,4,1,1,4,4,1,4,4,2,2,4,4,4,2,4,5,1,1,4,4,1,1,5,5,3,1,3,2,1,5,5,1,5,1,5,1,1,4,4,1,1,3,2,4,5,7,2,2,5,5,4,2,5,5,2,3,2,5,3,1,5,5,2,2,1,1,2,5,Male,,20,Non-Hispanic White or Caucasian,50,2,4.181818182,3.454545455,14,14,19,10,28,29
5,1,5,2,5,1,1,3,4,2,4,2,1,2,2,5,2,1,4,5,1,5,2,5,2,1,5,3,2,4,5,5,2,4,4,2,4,1,5,1,2,5,3,1,5,7,6,4,6,7,4,1,6,6,6,2,7,5,7,5,3,3,4,3,2,2,3,4,5,2,5,3,Female,Female,20,"Asian or Asian American,Non-Hispanic White or Caucasian",94,3.75,4.818181818,3.363636364,21,26,26,11,47,37
4,2,4,4,2,3,1,5,4,5,2,5,3,3,5,3,1,1,5,4,1,5,4,2,2,2,5,5,4,4,1,3,4,5,3,3,4,1,4,1,3,4,5,4,2,1,7,5,5,7,NA,NA,NA,NA,NA,NA,7,7,4,3,4,4,3,2,5,5,2,3,3,1,2,5,Male,Male,22,"Asian or Asian American,Hispanic or Latino",149,2.25,3.272727273,4.090909091,NA,NA,NA,NA,NA,NA
1,2,4,3,5,5,2,3,4,4,1,5,5,3,4,2,2,2,4,4,1,5,2,5,1,5,4,5,5,2,2,3,3,5,2,4,5,2,5,1,2,3,3,4,3,7,7,7,2,7,5,7,6,7,3,6,7,2,5,2,4,5,2,4,4,3,3,2,3,3,2,4,Male,Male,18,Non-Hispanic White or Caucasian,68,2.416666667,3.454545455,3.727272727,13,17,28,25,30,53
1,5,4,4,4,1,4,5,1,2,4,5,1,4,4,5,1,3,5,5,1,1,5,5,2,1,4,1,5,1,1,1,3,5,5,4,1,1,5,1,1,5,5,1,7,1,2,7,4,1,5,2,6,1,6,2,5,3,6,5,1,1,5,5,1,1,4,5,5,1,5,4,Female,Female,18,Non-Hispanic White or Caucasian,77,4.666666667,4.272727273,2,21,17,9,16,38,25
3,3,3,3,3,3,3,3,2,3,2,3,2,3,3,3,3,2,3,3,3,3,3,3,3,3,2,2,2,3,2,2,3,3,2,3,3,3,3,2,3,2,3,2,3,3,3,2,3,3,3,2,3,2,3,3,3,2,3,3,3,3,3,3,3,3,3,3,3,3,3,2,Female,Female,20,Hispanic or Latino,5,3.083333333,2.545454545,2.818181818,11,12,11,10,23,21
5,3,5,4,5,1,2,3,5,1,4,1,1,1,3,3,1,1,3,5,1,5,2,5,3,1,5,5,2,1,2,3,2,5,5,1,5,1,5,1,1,3,5,1,3,7,7,7,6,7,6,1,7,7,7,4,7,6,5,7,5,3,4,2,5,4,1,4,4,2,5,2,Female,Female,19,Hispanic or Latino,77,2.916666667,4.363636364,3.727272727,23,25,28,18,48,46
5,4,5,1,5,1,1,4,3,2,4,2,1,4,1,5,1,1,5,5,1,2,3,4,2,1,5,3,2,5,4,5,1,4,5,3,1,1,5,1,1,5,1,2,7,6,5,1,7,5,4,6,7,7,7,1,6,7,7,7,2,2,4,4,3,3,4,4,5,1,5,3,Female,Female,30,Hispanic or Latino,122,4,4.818181818,2.454545455,28,27,23,12,55,35
4,3,5,4,5,1,5,5,5,5,4,5,5,1,1,5,1,1,3,5,1,5,3,5,1,1,3,5,3,5,1,5,2,5,5,3,5,1,5,1,1,5,5,1,7,7,7,1,3,7,7,1,7,7,7,4,5,5,7,7,2,3,4,3,5,3,4,4,5,1,5,4,Female,Female,20,Hispanic or Latino,221,3.583333333,4.727272727,3.818181818,26,24,26,13,50,39
1,5,2,5,1,1,1,2,4,5,1,5,1,1,1,5,1,1,4,5,1,5,4,5,1,1,5,4,1,1,1,5,1,5,5,2,5,1,5,1,1,5,5,3,5,7,7,1,7,3,1,1,6,5,7,1,1,1,5,7,3,3,5,3,4,5,3,4,5,3,4,4,Female,Female,18,Black or African American,88,3.166666667,4,3,19,26,16,4,45,20
5,1,4,4,3,1,1,3,3,4,2,5,3,4,4,3,2,4,5,5,5,3,4,5,3,1,4,5,5,2,1,3,3,5,5,4,5,3,4,1,4,4,3,2,2,5,7,6,4,6,4,5,2,3,5,1,4,5,7,3,4,5,2,3,5,5,3,3,4,3,4,5,Male,Male,19,Asian or Asian American,103,2.333333333,3.818181818,3.454545455,12,21,20,16,33,36
5,1,5,2,4,1,2,3,4,2,3,3,3,2,3,3,2,2,5,5,3,3,4,4,2,2,5,4,3,3,1,2,1,3,4,2,4,2,4,1,2,4,3,3,4,5,5,2,5,5,4,2,6,6,4,2,4,4,5,5,3,4,4,3,2,3,3,3,5,3,3,3,Male,Male,19,"Asian or Asian American,Non-Hispanic White or Caucasian",58,3.25,3.909090909,3.181818182,19,19,20,10,38,30
5,3,5,3,5,3,3,4,4,4,3,4,4,3,1,4,1,1,4,5,1,3,1,5,1,1,5,5,3,1,3,4,4,3,3,5,3,1,5,2,1,5,2,1,3,7,6,1,7,6,2,2,5,4,7,2,6,6,7,4,4,3,5,3,5,4,3,3,5,2,4,4,Female,Female,19,Hispanic or Latino,110,3.083333333,4.454545455,2.818181818,18,28,22,7,46,29
5,2,5,1,2,4,2,3,5,2,5,4,1,3,2,4,1,1,3,5,1,5,2,4,3,1,4,4,4,2,1,3,3,5,4,2,5,1,5,1,3,5,4,3,4,4,4,2,5,7,3,1,2,3,6,2,3,3,5,4,2,3,4,3,3,4,3,5,4,2,5,4,Female,Female,22,Asian or Asian American,29,3.5,4.181818182,3.818181818,13,20,17,8,33,25
5,3,4,2,4,2,1,4,5,2,2,4,2,2,2,5,4,1,4,4,4,2,5,3,1,1,5,4,4,1,1,4,2,2,5,3,5,1,4,1,3,4,3,2,5,3,6,3,5,7,4,2,5,6,5,2,6,6,5,4,1,4,3,2,5,4,2,2,2,2,2,4,Male,Male,22,"Hispanic or Latino,Non-Hispanic White or Caucasian",75,2.416666667,4,3.181818182,20,18,25,11,38,36
4,4,5,3,5,1,1,5,4,4,4,4,1,1,1,5,2,1,5,5,1,5,5,5,2,1,5,5,1,2,5,5,3,5,5,3,5,1,5,1,1,5,5,1,5,7,7,7,7,7,5,2,7,7,7,2,7,7,7,7,2,2,5,4,2,3,4,4,5,2,4,2,Female,Female,19,Other (please identify),54,4.083333333,4.909090909,3.545454545,26,28,28,16,54,44
5,2,5,1,4,2,1,3,5,3,5,3,1,1,1,5,4,2,3,5,1,3,2,4,1,1,5,5,3,4,1,5,2,2,5,2,5,1,5,1,1,5,2,3,6,7,5,2,6,7,2,1,7,6,7,4,6,7,7,7,3,4,4,4,4,3,3,3,4,2,3,3,Male,Male,22,Non-Hispanic White or Caucasian,80,3.166666667,4.818181818,3.454545455,27,27,24,9,54,33
4,4,5,3,4,1,2,5,4,5,4,5,1,1,1,5,3,1,4,5,3,5,2,5,3,2,5,5,4,1,4,3,3,5,4,4,5,2,5,1,3,3,5,4,2,4,6,1,5,7,4,4,7,4,7,2,6,7,7,6,3,4,4,4,5,3,4,4,4,3,2,4,Female,Female,21,Hispanic or Latino,161,3,4.363636364,3.545454545,22,23,23,11,45,34
5,1,5,1,5,3,1,3,5,5,3,3,1,1,1,5,1,1,3,5,1,5,3,5,3,1,5,5,1,1,1,5,1,4,5,1,5,1,5,1,1,4,5,1,7,6,7,5,6,7,1,1,7,7,7,1,7,7,7,7,1,1,5,2,3,1,3,4,5,1,5,1,Female,Female,22,Hispanic or Latino,151,4.333333333,4.727272727,3.636363636,28,26,28,8,54,36
4,4,5,4,5,1,3,4,5,4,5,1,3,2,2,5,3,1,2,5,2,3,3,5,1,1,5,5,5,1,4,3,4,4,4,4,5,2,5,1,4,5,3,1,3,5,4,3,5,4,5,4,4,4,5,4,5,4,3,3,1,4,5,4,1,4,4,4,4,1,4,2,Male,Male,21,Asian or Asian American,100,4,4.727272727,3.272727273,14,18,17,16,32,33
1,5,3,5,5,4,4,3,4,3,1,4,2,2,2,4,1,1,1,5,1,2,4,4,1,1,5,2,3,3,2,4,3,5,5,2,4,1,4,1,1,5,5,1,1,7,3,6,7,2,5,2,6,1,2,4,2,3,2,5,1,1,5,5,1,1,5,5,5,1,5,4,Female,Female,20,Other (please identify),16,4.75,4.090909091,3,15,18,8,17,33,25
4,3,4,3,4,2,2,3,4,2,2,5,4,3,2,4,2,3,4,5,4,5,2,4,2,2,4,4,3,3,3,4,3,2,5,4,4,2,5,2,3,5,1,1,5,6,5,4,6,5,5,3,6,6,5,2,6,4,6,4,5,4,3,3,4,4,2,4,3,2,3,4,Male,Male,18,Asian or Asian American,39,2.583333333,4.181818182,3,19,23,22,14,42,36
5,1,4,3,4,2,2,2,4,2,4,2,4,3,3,4,3,2,2,4,3,5,2,4,2,1,3,5,4,2,2,4,3,4,5,2,5,2,4,1,2,4,4,2,6,7,7,6,4,7,5,2,4,6,6,3,4,3,5,5,2,3,3,2,3,3,3,3,3,3,4,4,Female,Male,21,Non-Hispanic White or Caucasian,120,3,4,3.818181818,18,22,24,16,40,40
2,4,5,3,5,1,1,5,4,4,4,2,5,4,1,4,1,2,5,5,1,4,5,5,1,1,5,4,1,4,5,5,2,4,4,4,2,3,4,1,2,4,4,2,4,6,7,1,7,5,1,1,3,2,7,5,4,6,7,7,3,1,4,4,4,4,5,4,4,1,5,4,Female,Female,18,Hispanic or Latino,6,3.75,4.545454545,2.818181818,20,27,18,8,47,26
5,3,5,3,3,1,3,4,2,4,3,5,3,2,3,4,1,2,5,5,1,4,5,5,2,1,5,4,3,2,1,5,4,2,4,3,5,1,5,1,3,4,3,5,1,7,4,1,5,4,1,1,2,4,7,2,7,4,2,6,3,2,5,5,2,4,4,4,5,1,5,4,Male,Male,20,"Hispanic or Latino,Non-Hispanic White or Caucasian",172,4,4.363636364,2.909090909,13,21,19,5,34,24
1,3,5,4,5,3,4,2,4,1,2,3,1,1,2,3,4,2,4,5,1,3,3,4,1,1,3,5,2,2,4,5,4,4,4,4,4,2,3,1,3,5,4,1,1,2,5,1,7,7,6,1,4,5,7,1,4,7,4,4,5,5,5,3,5,4,2,4,5,1,5,4,Female,Female,21,"Black or African American,Non-Hispanic White or Caucasian",85,3,4,3.272727273,16,20,21,9,36,30
1,1,5,4,5,1,1,3,1,4,3,3,3,1,1,5,2,3,1,5,1,3,4,4,1,1,5,5,3,1,1,4,5,2,4,5,5,3,1,1,4,5,1,1,7,5,7,1,5,3,6,6,7,7,6,4,7,4,6,4,1,2,5,5,2,1,4,4,5,1,5,4,Female,Female,19,Hispanic or Latino,82,4.416666667,4.181818182,2.090909091,22,22,24,17,44,41
3,3,5,4,2,1,1,3,2,2,4,4,2,2,2,3,1,5,2,5,2,1,5,4,2,1,4,2,4,2,2,3,3,4,4,4,5,2,5,1,4,4,2,1,4,6,7,3,4,6,5,1,4,6,7,3,5,3,7,3,4,4,5,5,4,4,4,3,5,3,3,4,Male,Male,20,Non-Hispanic White or Caucasian,57,3.166666667,3.909090909,2.272727273,14,24,24,12,38,36
5,3,5,3,5,1,1,4,5,4,3,4,4,4,4,5,1,1,5,5,1,4,3,2,4,2,5,5,3,2,1,5,3,4,5,3,5,2,5,1,2,5,4,1,6,7,7,5,7,7,5,2,7,7,6,2,6,7,7,7,4,2,4,5,4,1,3,4,5,1,4,4,Female,Female,19,Non-Hispanic White or Caucasian,79,3.75,4.545454545,3.636363636,27,27,27,14,54,41
5,1,5,1,4,1,1,2,4,1,3,5,1,2,3,4,1,1,2,5,1,5,2,4,5,1,5,2,4,1,1,3,2,4,4,4,5,1,5,1,1,5,3,1,6,2,7,2,3,5,3,2,7,4,5,3,6,7,6,3,2,4,4,3,3,4,3,3,4,1,3,3,Female,Female,21,Asian or Asian American,74,3.25,4.272727273,3.090909091,23,16,22,10,39,32
4,2,4,2,4,3,2,4,2,2,2,3,2,2,2,4,4,2,2,4,2,2,3,4,3,2,4,3,3,2,2,2,4,2,3,2,4,2,3,1,4,2,3,5,5,3,3,2,3,3,6,4,6,6,6,3,4,2,6,3,2,3,4,5,3,4,4,4,4,2,4,3,Male,Male,22,Non-Hispanic White or Caucasian,16,3.666666667,3.272727273,2.818181818,16,18,16,15,34,31
5,2,5,2,4,1,1,3,3,3,3,2,1,1,1,4,1,1,4,5,1,1,3,5,2,1,4,4,1,3,1,5,2,4,4,2,3,1,4,1,2,4,2,1,4,6,3,1,6,2,2,1,7,6,7,1,5,4,6,5,4,2,2,1,3,4,2,4,4,3,4,4,Male,Male,22,Other (please identify),120,2.75,4.272727273,2.545454545,20,25,16,5,45,21
4,4,2,4,5,1,2,5,1,3,5,5,1,4,1,5,1,1,5,5,1,5,2,5,5,1,5,4,1,1,1,4,2,4,4,3,5,1,5,1,1,5,2,1,7,2,4,3,7,5,4,2,3,2,7,1,3,3,6,7,2,4,4,5,5,5,5,5,5,1,5,4,Female,Female,20,Hispanic or Latino,70,3.666666667,4.545454545,2.636363636,20,22,14,10,42,24
4,3,5,3,5,4,1,2,4,3,4,3,2,3,1,5,1,1,4,5,2,2,4,2,1,1,4,3,2,4,1,3,2,4,4,2,5,1,5,1,1,5,3,1,1,5,6,2,5,6,2,4,7,7,2,1,6,5,5,6,2,3,4,4,4,4,3,4,4,2,5,4,Female,Female,20,Non-Hispanic White or Caucasian,119,3.416666667,4.272727273,3.181818182,19,17,25,9,36,34
5,1,5,1,3,1,1,3,5,1,5,3,2,2,1,4,1,1,4,5,1,4,2,5,3,1,5,5,2,3,1,4,2,5,5,3,5,1,5,1,1,5,3,2,6,6,7,4,6,7,4,5,7,7,6,3,7,7,7,7,3,4,5,3,4,3,2,4,5,1,5,2,Female,Female,19,Asian or Asian American,26,3.583333333,4.636363636,3.454545455,27,25,28,16,52,44
5,1,5,3,5,1,1,4,5,4,4,4,1,5,1,1,5,1,4,5,1,5,2,5,4,1,5,5,1,4,5,5,4,5,5,2,5,1,5,1,1,5,5,1,7,7,7,1,7,7,6,2,7,7,7,2,7,7,7,7,4,4,4,2,4,4,2,3,4,3,4,3,Female,Female,21,Asian or Asian American,57,2.75,4.545454545,4.181818182,28,28,28,11,56,39
5,1,5,1,5,3,1,2,5,2,3,2,3,1,3,5,5,1,2,5,1,5,1,5,1,1,5,5,2,4,1,5,2,5,5,2,5,1,5,1,2,5,5,2,4,1,7,4,6,7,4,4,6,7,7,3,7,7,7,6,5,4,4,2,5,2,2,5,5,3,2,3,Female,Female,18,Hispanic or Latino,109,2.833333333,4.818181818,4.545454545,23,21,28,15,44,43
4,3,4,4,4,2,2,2,5,4,5,3,4,2,3,4,1,1,5,5,1,5,4,5,4,2,4,4,1,5,5,3,2,5,5,1,5,2,5,1,2,3,4,1,3,2,5,3,7,7,6,2,2,4,7,2,6,5,3,6,4,4,4,3,4,4,2,4,4,4,4,3,Female,Female,21,Asian or Asian American,45,2.833333333,4.272727273,3.909090909,16,19,22,13,35,35
4,2,5,3,1,1,3,3,5,5,3,4,1,1,2,3,3,3,3,4,1,1,3,4,1,1,3,5,2,1,1,3,1,4,4,2,4,1,5,2,1,3,5,1,1,6,1,1,7,7,1,1,1,1,7,1,7,1,7,7,5,4,3,3,5,5,3,2,3,2,4,2,Male,Male,18,"Hispanic or Latino,Other (please identify)",31,2.583333333,3.454545455,3.181818182,10,27,16,4,37,20
5,3,5,4,2,1,1,5,4,4,2,5,2,4,3,3,1,1,5,5,1,5,4,5,1,2,3,5,1,5,4,5,2,5,5,2,4,1,5,1,1,5,2,1,5,5,2,2,6,2,3,1,7,3,5,2,5,5,7,2,4,5,5,3,5,2,4,5,5,2,5,1,Female,Female,21,Non-Hispanic White or Caucasian,48,3.666666667,4.090909091,3.636363636,19,23,12,8,42,20
5,2,4,1,3,3,2,3,5,3,4,2,1,2,2,4,3,2,4,5,1,4,3,4,3,1,5,5,2,2,1,5,3,5,5,3,5,1,4,1,1,4,4,2,5,6,6,5,5,6,4,2,4,6,6,3,6,6,5,5,3,3,4,4,5,2,2,4,4,2,3,4,Female,Female,21,Asian or Asian American,57,3.166666667,4.272727273,3.909090909,20,22,24,14,42,38
5,3,5,1,2,1,2,3,5,2,2,3,4,4,3,3,1,1,1,5,1,4,2,3,1,1,5,5,5,3,1,2,3,5,5,2,5,1,5,1,1,3,1,3,3,6,3,6,2,7,3,4,5,4,5,1,6,6,6,2,3,5,4,2,4,4,3,3,3,2,3,4,Male,Male,21,Asian or Asian American,27,2.666666667,3.636363636,3.454545455,16,19,20,14,35,34
3,3,4,1,5,2,1,5,5,4,2,3,1,2,5,1,1,2,5,5,1,5,5,5,1,1,5,5,5,1,3,1,3,5,5,1,5,1,5,1,1,4,5,3,1,4,7,2,1,7,5,4,1,1,1,2,1,1,5,1,4,4,3,3,4,4,3,3,3,1,4,2,Female,Female,18,"Asian or Asian American,Hispanic or Latino",30,3,3.818181818,3.818181818,4,11,16,13,15,29
4,3,4,4,4,1,1,4,2,3,1,4,1,1,2,3,1,3,5,5,1,1,5,4,5,3,5,4,1,1,1,1,1,4,4,4,5,1,5,1,1,5,1,1,7,7,7,3,7,7,4,1,2,1,7,2,7,7,7,3,5,4,5,5,4,5,5,5,5,1,5,5,Male,Male,19,Black or African American,4,3.5,3.727272727,2.363636364,19,28,22,10,47,32
5,1,5,1,5,1,1,1,1,1,3,3,1,1,1,5,3,1,1,5,1,3,5,5,1,1,5,3,3,5,2,4,3,4,5,2,5,1,5,1,1,5,1,1,6,6,6,1,5,3,3,2,5,5,5,2,5,7,7,5,1,2,2,5,5,2,5,3,2,1,3,4,Male,Male,21,Non-Hispanic White or Caucasian,177,3.416666667,4.727272727,2.909090909,23,23,19,8,46,27
1,1,5,1,5,1,5,5,5,5,5,5,5,5,1,4,5,5,5,5,5,1,5,5,1,1,5,5,5,1,5,5,5,1,5,1,5,1,5,1,1,5,1,1,7,7,3,1,7,7,3,7,1,1,7,1,7,1,7,7,5,3,5,3,3,1,3,5,5,3,5,5,Male,Male,33,Black or African American,6,3.5,4.909090909,2.454545455,16,28,18,12,44,30
5,2,5,2,4,2,1,1,4,2,4,2,3,3,3,5,4,1,3,5,1,5,1,5,1,1,4,5,1,3,1,5,2,5,5,2,5,1,5,1,1,4,4,1,6,5,7,4,5,7,1,1,7,6,7,3,7,5,5,6,5,5,3,3,5,3,3,3,3,3,3,2,Male,Male,21,Asian or Asian American,39,2.583333333,4.636363636,4.090909091,24,22,27,9,46,36
5,3,5,5,4,1,4,5,5,5,5,5,4,2,2,5,3,1,4,5,3,5,4,5,2,2,5,5,5,4,1,3,2,5,5,2,5,1,5,1,1,5,5,1,1,5,7,6,4,5,3,7,6,3,6,6,7,5,5,3,3,4,4,4,4,3,4,4,4,3,4,2,Female,Female,28,Non-Hispanic White or Caucasian,35,3.416666667,4.727272727,4.090909091,15,20,22,22,35,44
5,1,1,3,3,1,2,3,2,4,2,5,3,1,3,4,1,4,5,5,1,2,3,3,5,2,1,1,3,1,1,2,1,2,5,2,5,1,5,1,3,4,1,1,3,5,7,1,6,5,1,1,4,6,1,1,7,6,5,1,3,5,5,2,5,2,2,5,4,1,2,4,Male,Male,21,Asian or Asian American,61,3,3.181818182,2.181818182,14,17,25,4,31,29
4,3,4,2,5,1,1,4,5,2,4,5,3,4,2,4,1,1,5,5,1,2,4,5,1,1,5,4,2,4,1,4,1,5,5,1,5,1,5,1,1,5,3,1,3,7,7,1,5,7,2,1,7,7,7,3,7,7,5,3,4,5,4,4,5,4,3,3,3,2,2,2,Female,Female,19,Asian or Asian American,87,2.75,4.636363636,3.272727273,20,24,28,7,44,35
5,4,5,4,5,4,3,3,5,4,4,2,2,2,3,5,3,2,3,5,1,5,1,5,1,1,4,5,3,3,1,4,3,4,5,3,5,1,5,1,4,5,5,2,5,7,7,3,5,6,4,4,6,7,7,2,5,4,7,5,3,4,4,3,4,4,4,3,4,2,3,4,Female,Female,19,Asian or Asian American,67,3,4.727272727,4.272727273,20,26,25,13,46,38
5,1,5,1,5,1,1,5,5,1,3,5,5,1,1,5,1,1,5,5,1,5,5,5,5,1,5,2,1,1,1,5,4,1,5,5,3,1,5,1,1,5,5,1,5,5,7,1,4,1,7,1,5,4,1,1,3,5,7,2,4,4,5,5,5,4,4,5,5,2,5,4,Female,Female,21,Asian or Asian American,47,3.5,4.818181818,2.727272727,17,17,15,10,34,25
5,3,5,5,5,2,3,4,5,1,4,1,4,4,1,5,2,1,4,5,1,5,5,5,3,5,5,5,1,5,3,5,4,5,3,4,4,1,5,1,1,4,2,1,7,5,7,2,5,7,3,2,7,7,7,2,6,5,7,6,4,2,3,5,5,2,1,3,4,2,3,3,Female,Female,18,Non-Hispanic White or Caucasian,63,3.083333333,4.636363636,3.727272727,25,24,27,9,49,36
5,3,5,1,1,1,1,5,3,3,3,4,1,3,2,5,1,5,5,5,1,4,5,1,1,1,4,5,3,1,1,5,1,4,5,5,5,1,5,1,1,5,5,5,6,7,7,1,4,7,6,4,5,7,7,1,4,5,7,4,3,5,5,3,5,2,3,3,5,3,4,4,Female,Female,19,Hispanic or Latino,15,3.083333333,4,3.272727273,20,25,25,12,45,37
5,1,5,3,4,1,1,4,1,2,3,4,1,4,1,4,3,2,4,5,4,5,4,5,4,1,5,3,2,3,1,5,1,4,5,2,5,1,5,1,1,5,5,1,4,5,5,2,7,7,2,3,6,6,6,2,5,5,6,5,3,2,4,4,3,4,3,4,4,1,4,4,Male,Male,21,Asian or Asian American,80,3.5,4.636363636,3.272727273,20,24,23,9,44,32
5,2,5,2,3,2,2,3,4,3,2,3,2,2,2,4,2,2,2,5,1,3,2,5,2,2,5,5,2,3,3,3,2,5,3,3,5,1,5,1,1,5,3,1,4,6,7,2,6,7,4,2,6,7,5,2,6,6,5,6,3,2,4,2,3,3,3,3,4,2,4,3,Female,Female,20,"Asian or Asian American,Hispanic or Latino",46,3.333333333,4.090909091,3.545454545,22,22,27,10,44,37
2,3,5,3,3,1,1,4,2,2,4,2,3,2,2,4,1,1,4,5,2,3,4,5,2,1,4,3,3,3,2,4,3,4,5,2,4,2,4,1,1,3,4,1,5,6,4,2,6,5,5,3,7,4,7,2,5,7,6,7,3,2,5,5,1,2,4,5,5,1,5,2,Female,Female,19,Asian or Asian American,78,4.5,4.181818182,2.636363636,26,25,18,12,51,30
2,3,2,1,4,1,1,3,5,1,2,5,1,1,3,3,1,1,5,5,1,4,5,5,4,1,4,4,4,1,2,1,1,3,5,2,4,1,4,1,1,5,3,1,1,3,5,1,5,6,2,1,6,1,6,1,6,5,6,7,4,4,3,1,5,4,1,4,3,1,4,4,Male,Male,19,Hispanic or Latino,53,2.5,3.636363636,2.818181818,19,20,18,5,39,23
5,3,5,5,4,2,2,5,4,3,2,3,4,4,3,4,4,2,5,5,2,4,4,5,2,2,5,4,4,4,1,4,2,5,5,4,5,1,5,1,3,4,4,3,3,6,7,3,6,7,5,4,2,4,6,2,7,6,3,4,4,3,4,4,4,4,3,4,5,1,3,5,Female,Female,20,Other (please identify),63,3.166666667,4.363636364,4,15,21,25,14,36,39
5,1,5,1,5,3,1,2,5,2,3,3,2,1,1,5,2,1,4,5,1,1,4,5,1,1,4,5,2,4,2,5,1,5,5,1,4,1,5,1,2,4,5,1,5,2,5,4,7,7,1,4,5,5,7,2,6,6,7,6,2,2,3,3,2,3,4,4,3,1,3,4,Female,Female,20,Non-Hispanic White or Caucasian,33,3.5,4.636363636,3.636363636,22,23,23,11,45,34
5,1,5,3,5,1,4,4,5,3,4,4,1,1,1,1,5,4,4,4,3,3,3,3,4,3,5,4,5,3,4,5,4,4,3,4,4,3,3,4,5,4,4,4,5,5,5,5,4,4,4,4,5,4,5,4,4,4,4,5,3,3,3,3,3,4,3,3,3,3,3,3,Female,Female,20,Asian or Asian American,49,2.916666667,3.818181818,3.545454545,19,18,17,17,37,34
5,2,5,1,5,1,1,2,5,1,2,2,1,1,1,5,3,1,1,5,1,5,1,5,3,1,5,4,2,1,1,4,2,3,4,1,5,1,3,1,1,5,1,1,4,7,7,1,7,7,2,1,6,6,7,2,7,7,7,7,2,3,5,4,4,3,5,4,5,1,5,2,Male,Male,20,Asian or Asian American,68,4.083333333,4.363636364,3.090909091,24,28,27,6,52,33
5,2,5,3,4,4,1,2,3,4,2,5,3,1,3,4,2,1,3,5,2,4,3,5,5,3,3,4,3,2,1,5,5,5,4,2,5,1,3,1,1,5,5,3,3,5,7,6,7,4,3,1,7,3,5,4,5,3,7,5,3,4,3,3,5,1,3,4,4,1,4,4,Female,Female,20,Non-Hispanic White or Caucasian,35,3.25,4.090909091,3.818181818,18,24,19,14,42,33
4,4,4,2,2,1,3,4,4,4,3,4,4,4,1,4,2,2,4,4,3,2,4,4,3,1,4,3,4,2,2,4,3,4,4,3,4,2,4,1,3,3,2,2,6,6,6,2,2,6,3,4,4,3,4,3,5,5,4,3,4,4,3,3,4,4,2,4,3,2,4,4,Male,Male,19,Asian or Asian American,48,2.75,3.636363636,2.636363636,18,16,20,12,34,32
4,2,5,1,5,2,1,3,5,2,3,3,1,1,1,3,1,1,4,5,1,5,5,5,1,1,4,4,1,5,1,4,1,5,5,2,5,1,5,1,1,5,4,1,3,6,7,2,6,6,4,2,6,7,6,3,7,6,6,6,4,3,5,5,5,4,3,3,5,1,4,2,Female,Female,22,Non-Hispanic White or Caucasian,81,3.5,4.454545455,3.727272727,21,24,27,11,45,38
4,2,5,1,5,1,1,4,4,1,5,3,1,1,2,5,1,1,2,5,1,5,2,5,1,1,3,5,1,1,1,5,3,2,4,2,5,1,4,1,1,4,1,2,2,7,7,1,1,7,4,1,7,6,7,2,6,7,7,7,1,2,4,4,2,1,4,4,4,1,4,2,Female,Female,22,Hispanic or Latino,286,4.25,4.545454545,2.818181818,23,22,26,8,45,34
5,1,5,2,4,2,1,5,4,3,5,1,1,1,2,5,2,1,3,5,1,5,1,5,5,1,5,4,4,2,1,3,3,4,5,1,5,1,5,1,2,5,5,2,4,6,6,3,7,7,6,1,7,5,5,5,6,7,4,4,1,2,5,2,2,4,4,5,5,2,4,5,Female,Female,21,"Hispanic or Latino,Non-Hispanic White or Caucasian,Other (please identify)",29,3.75,4.727272727,3.636363636,22,22,24,15,44,39
1,2,5,3,3,1,5,5,3,4,3,5,3,1,3,3,3,4,4,4,1,1,5,3,3,1,4,3,4,1,1,2,4,5,5,3,5,1,5,1,2,5,5,5,6,6,6,2,4,5,3,7,7,7,6,2,5,7,7,6,3,3,4,4,5,4,3,3,4,1,2,4,Male,Male,19,Non-Hispanic White or Caucasian,44,3,3.818181818,2.818181818,26,23,23,14,49,37
3,5,5,1,5,1,2,5,2,1,3,4,1,1,1,3,1,1,5,4,1,4,5,5,2,1,5,5,4,1,3,1,2,3,5,2,5,1,5,1,1,3,4,1,4,6,6,1,5,5,6,1,6,3,4,2,5,5,3,6,5,5,4,4,5,5,5,3,4,4,4,2,Female,Female,20,Hispanic or Latino,16,2.833333333,4,2.727272727,21,18,19,10,39,29
5,2,5,1,4,2,1,1,5,2,5,2,2,2,1,5,5,2,2,5,1,5,1,5,1,1,5,5,2,2,2,4,2,4,5,2,5,2,5,1,2,3,5,1,7,6,7,5,6,7,6,5,7,7,6,5,7,6,6,6,3,3,3,3,4,3,3,2,4,2,5,2,Female,Female,19,Asian or Asian American,36,3.25,4.636363636,4,26,24,28,21,50,49
4,2,5,4,3,1,2,5,2,3,2,4,1,1,2,3,3,1,4,5,1,5,4,5,3,1,5,3,3,1,1,3,4,3,3,4,4,1,5,1,3,5,1,1,3,5,6,2,7,6,6,1,2,2,6,1,3,2,4,5,3,4,5,4,5,4,3,4,5,3,4,3,Female,Female,19,"Asian or Asian American,Hispanic or Latino",19,3.25,4,2.636363636,12,22,17,10,34,27
5,3,5,5,5,1,3,5,5,3,4,4,3,2,1,4,3,4,5,5,1,5,5,5,1,1,5,5,2,1,1,3,2,5,5,1,5,1,5,1,1,5,4,1,4,6,7,3,4,7,5,6,6,6,7,2,7,6,6,6,4,5,4,5,5,3,3,3,3,1,4,3,Female,Female,22,Asian or Asian American,143,3.083333333,4.636363636,3.636363636,22,23,27,16,45,43
5,4,5,5,5,1,2,4,5,2,5,5,3,4,1,5,1,4,5,5,3,4,4,5,1,1,5,5,3,3,5,4,2,5,5,1,5,1,5,1,3,5,5,1,7,6,7,3,6,7,5,2,6,7,5,2,7,7,5,4,5,5,3,3,4,5,1,4,3,2,4,5,Female,Female,21,Other (please identify),261,2.333333333,4.909090909,3.636363636,24,22,28,12,46,40
4,4,5,4,5,2,2,5,5,5,4,5,3,1,3,3,5,3,4,5,5,4,3,4,3,2,5,4,1,2,3,1,3,5,5,4,5,2,5,1,5,5,5,5,1,4,3,6,1,7,7,3,2,4,6,3,3,2,7,2,3,4,2,3,2,5,3,5,4,2,3,5,Female,Female,20,Asian or Asian American,68,2.916666667,4.272727273,4,7,18,17,19,25,36
5,3,5,3,4,3,3,5,1,1,3,4,2,1,3,4,1,2,5,5,5,2,5,3,4,2,3,4,5,2,3,3,3,4,4,4,4,2,4,2,4,4,4,2,5,4,6,3,7,5,4,2,5,5,5,2,5,5,6,3,4,4,4,4,4,5,3,4,5,3,3,5,Male,Male,21,Hispanic or Latino,84,2.833333333,3.818181818,3,18,22,21,11,40,32
5,3,5,2,5,1,2,3,1,5,2,5,2,3,1,4,1,1,4,5,3,5,3,5,2,1,4,4,1,5,5,5,5,5,3,3,5,1,5,1,3,5,5,5,2,2,3,4,7,5,1,4,7,3,4,3,7,5,7,3,5,5,4,2,5,5,2,2,4,3,2,4,Female,Female,21,Hispanic or Latino,186,2.083333333,4.363636364,3.454545455,17,20,18,12,37,30
4,3,5,2,4,1,2,4,4,2,3,3,2,2,4,2,1,4,5,5,2,3,3,1,3,2,3,4,4,1,3,2,1,4,5,2,4,2,5,1,2,4,2,1,2,6,6,2,4,7,3,1,5,5,6,2,6,5,6,4,2,4,4,4,5,3,4,5,4,1,5,5,Male,Male,18,Hispanic or Latino,26,3.5,3.545454545,2.909090909,16,22,24,8,38,32
5,1,5,1,5,2,1,2,4,2,4,1,4,1,2,4,1,1,4,5,1,5,1,5,1,1,5,3,1,3,1,5,4,5,5,2,5,1,5,1,2,5,5,2,3,7,7,5,7,7,3,4,6,6,4,6,6,6,3,6,2,2,4,4,2,2,4,4,5,2,4,2,Female,Female,22,Non-Hispanic White or Caucasian,204,4.083333333,4.818181818,3.636363636,21,21,26,18,42,44
5,2,5,2,5,1,2,3,2,4,4,5,1,1,1,5,1,1,3,5,1,5,1,5,1,1,5,5,3,2,2,5,4,1,5,1,5,1,5,1,3,5,1,5,7,7,7,1,6,6,1,5,7,7,6,1,7,6,7,7,5,4,4,4,4,3,2,5,5,3,5,3,Female,Female,20,Asian or Asian American,176,3.25,4.909090909,2.636363636,27,26,27,8,53,35
4,3,5,3,4,1,3,4,4,1,1,2,1,1,2,4,1,1,3,5,1,4,4,4,1,1,5,2,3,3,1,4,2,4,5,3,5,1,5,1,4,5,2,1,6,6,7,2,7,7,2,2,7,7,7,2,7,5,6,7,4,2,4,2,3,3,2,4,4,3,5,4,Male,Male,21,Non-Hispanic White or Caucasian,49,3.166666667,4.272727273,2.909090909,25,26,28,8,51,36
4,1,5,3,4,2,4,3,5,2,4,3,2,2,1,5,2,1,1,5,3,2,3,4,2,1,3,4,3,3,2,3,3,2,4,3,3,1,4,2,4,4,4,3,3,5,6,4,3,4,3,2,6,4,6,3,5,3,5,3,3,4,3,3,4,4,3,3,3,3,2,3,Male,Male,22,Asian or Asian American,153,2.666666667,4.090909091,2.909090909,15,19,19,12,34,31
5,1,5,1,4,3,1,2,4,2,1,3,1,1,1,5,4,1,1,5,1,5,1,5,1,1,4,5,1,5,1,5,3,4,4,3,5,1,5,1,1,5,5,2,7,2,7,3,7,6,3,2,7,7,7,4,7,1,7,7,3,3,4,3,3,4,3,4,4,2,5,3,Female,Female,20,Non-Hispanic White or Caucasian,44,3.416666667,4.363636364,4.181818182,22,23,27,12,45,39
5,2,5,5,5,4,4,1,5,4,5,3,1,4,1,5,1,1,3,5,1,4,4,5,1,1,5,3,2,4,5,3,NA,NA,NA,NA,NA,NA,NA,NA,NA,NA,NA,NA,NA,NA,NA,NA,NA,NA,NA,NA,NA,NA,NA,NA,NA,NA,NA,NA,NA,NA,NA,NA,NA,NA,NA,NA,NA,NA,NA,NA,,,NA,,26,NA,NA,NA,NA,NA,NA,NA,NA,NA
