"","iid","gender","match","samerace","race","goal","dec","attr","intel","prob","agediff"
"1",1,0,0,0,4,2,1,6,7,6,6
"2",1,0,0,0,4,2,1,7,7,5,1
"3",1,0,1,1,4,2,1,5,9,NA,1
"4",1,0,1,0,4,2,1,7,8,6,2
"5",1,0,1,0,4,2,1,5,7,6,3
"6",1,0,0,0,4,2,0,4,7,5,4
"7",1,0,0,0,4,2,1,7,7,5,9
"8",1,0,0,0,4,2,0,4,7,7,6
"9",1,0,1,0,4,2,1,7,8,7,7
"10",1,0,0,0,4,2,1,5,6,6,3
"11",2,0,0,1,2,1,0,5,8,4,3
"12",2,0,0,1,2,1,0,8,6,3,2
"13",2,0,0,0,2,1,0,5,9,7,2
"14",2,0,1,1,2,1,1,7,7,8,1
"15",2,0,0,0,2,1,0,6,7,6,0
"16",2,0,0,1,2,1,0,8,8,5,1
"17",2,0,0,1,2,1,1,7,9,7,6
"18",2,0,0,1,2,1,0,5,7,6,3
"19",2,0,1,1,2,1,1,7,8,6,4
"20",2,0,0,1,2,1,1,6,8,7,0
"21",3,0,0,1,2,6,0,7,10,7,2
"22",3,0,0,1,2,6,0,9,9,7,3
"23",3,0,0,0,2,6,0,7,9,7,3
"24",3,0,0,1,2,6,0,9,9,7,2
"25",3,0,0,0,2,6,0,9,10,NA,1
"26",3,0,0,1,2,6,0,8,10,NA,0
"27",3,0,0,1,2,6,0,8,10,7,5
"28",3,0,0,1,2,6,0,7,9,7,2
"29",3,0,0,1,2,6,0,9,9,7,3
"30",3,0,0,1,2,6,0,8,9,7,1
"31",4,0,0,1,2,1,0,4,8,7,4
"32",4,0,0,1,2,1,0,8,8,1,1
"33",4,0,0,0,2,1,0,4,8,1,1
"34",4,0,1,1,2,1,1,8,7,10,0
"35",4,0,0,0,2,1,0,6,8,7,1
"36",4,0,0,1,2,1,0,5,8,3,2
"37",4,0,0,1,2,1,0,7,10,1,7
"38",4,0,0,1,2,1,0,5,9,6,4
"39",4,0,1,1,2,1,1,9,10,8,5
"40",4,0,0,1,2,1,1,8,10,8,1
"41",5,0,0,1,2,2,0,5,8,5,6
"42",5,0,0,1,2,2,0,8,6,4,1
"43",5,0,0,0,2,2,0,4,8,5,1
"44",5,0,1,1,2,2,1,8,5,2,2
"45",5,0,0,0,2,2,0,6,7,4,3
"46",5,0,0,1,2,2,1,5,7,3,4
"47",5,0,0,1,2,2,1,6,8,3,9
"48",5,0,0,1,2,2,1,5,7,4,6
"49",5,0,1,1,2,2,1,7,7,4,7
"50",5,0,0,1,2,2,1,9,7,3,3
"51",6,0,0,0,4,1,1,6,7,6,4
"52",6,0,0,0,4,1,1,6,9,6,1
"53",6,0,0,1,4,1,0,4,9,2,1
"54",6,0,1,0,4,1,1,8,7,4,0
"55",6,0,0,0,4,1,0,5,8,3,1
"56",6,0,0,0,4,1,0,3,6,2,2
"57",6,0,0,0,4,1,1,8,8,7,7
"58",6,0,0,0,4,1,0,4,9,5,4
"59",6,0,1,0,4,1,1,7,8,6,5
"60",6,0,0,0,4,1,1,8,9,8,1
"61",7,0,0,0,4,1,0,4,8,4,5
"62",7,0,0,0,4,1,0,6,8,3,0
"63",7,0,0,1,4,1,0,3,8,8,0
"64",7,0,1,0,4,1,1,7,8,6,1
"65",7,0,0,0,4,1,0,4,7,6,2
"66",7,0,0,0,4,1,0,4,7,5,3
"67",7,0,0,0,4,1,1,7,8,7,8
"68",7,0,0,0,4,1,0,5,8,7,5
"69",7,0,1,0,4,1,1,6,8,6,6
"70",7,0,0,0,4,1,1,8,7,5,2
"71",8,0,0,1,2,1,1,5,7,5,2
"72",8,0,1,1,2,1,1,8,7,7,3
"73",8,0,1,0,2,1,1,5,8,5,3
"74",8,0,1,1,2,1,1,8,5,6,2
"75",8,0,1,0,2,1,1,6,8,5,1
"76",8,0,1,1,2,1,1,6,8,5,0
"77",8,0,0,1,2,1,1,6,8,6,5
"78",8,0,1,1,2,1,1,5,7,4,2
"79",8,0,1,1,2,1,1,8,5,10,3
"80",8,0,1,1,2,1,1,7,8,7,1
"81",9,0,0,0,6,1,1,8,9,5,1
"82",9,0,1,0,6,1,1,10,10,5,4
"83",9,0,1,0,6,1,1,5,10,5,4
"84",9,0,1,0,6,1,1,10,8,5,3
"85",9,0,1,0,6,1,1,5,8,5,2
"86",9,0,1,0,6,1,1,8,9,5,1
"87",9,0,1,0,6,1,1,6,9,5,4
"88",9,0,0,0,6,1,1,6,8,5,1
"89",9,0,1,0,6,1,1,8,5,6,2
"90",9,0,0,0,6,1,1,7,7,5,2
"91",10,0,0,1,2,2,0,6,10,3,1
"92",10,0,0,1,2,2,0,1,1,1,4
"93",10,0,1,0,2,2,1,6,10,6,4
"94",10,0,0,1,2,2,0,10,10,1,3
"95",10,0,0,0,2,2,0,5,7,1,2
"96",10,0,0,1,2,2,0,5,6,1,1
"97",10,0,0,1,2,2,1,5,8,1,4
"98",10,0,0,1,2,2,0,5,6,5,1
"99",10,0,1,1,2,2,1,9,9,9,2
"100",10,0,0,1,2,2,1,9,8,10,2
"101",11,1,0,0,2,1,0,6,8,4,6
"102",11,1,0,1,2,1,0,8,6,2,3
"103",11,1,0,1,2,1,0,7,6,2,2
"104",11,1,0,1,2,1,0,6,8,3,4
"105",11,1,0,1,2,1,0,6,8,5,6
"106",11,1,0,0,2,1,0,7,8,4,4
"107",11,1,0,0,2,1,0,7,8,4,5
"108",11,1,0,1,2,1,0,8,6,4,2
"109",11,1,0,0,2,1,0,6,7,4,1
"110",11,1,0,1,2,1,0,7,7,3,1
"111",12,1,0,0,2,1,0,7,10,4,1
"112",12,1,0,1,2,1,0,7,10,4,2
"113",12,1,0,1,2,1,0,6,10,3,3
"114",12,1,0,1,2,1,0,6,10,3,1
"115",12,1,0,1,2,1,0,6,10,4,1
"116",12,1,0,0,2,1,0,6,10,4,1
"117",12,1,0,0,2,1,1,7,10,4,0
"118",12,1,1,1,2,1,1,8,10,4,3
"119",12,1,1,0,2,1,1,8,10,4,4
"120",12,1,0,1,2,1,0,1,1,1,4
"121",13,1,1,1,4,2,1,10,10,10,1
"122",13,1,0,0,4,2,1,10,10,10,2
"123",13,1,0,0,4,2,1,10,10,10,3
"124",13,1,0,0,4,2,1,10,10,10,1
"125",13,1,0,0,4,2,1,10,10,10,1
"126",13,1,0,1,4,2,1,10,10,10,1
"127",13,1,0,1,4,2,1,10,10,10,0
"128",13,1,1,0,4,2,1,10,10,10,3
"129",13,1,1,0,4,2,1,10,10,10,4
"130",13,1,1,0,4,2,1,10,10,10,4
"131",14,1,1,0,2,2,1,7,9,7,2
"132",14,1,1,1,2,2,1,9,9,7,1
"133",14,1,0,1,2,2,1,7,8,7,2
"134",14,1,1,1,2,2,1,7,7,10,0
"135",14,1,1,1,2,2,1,6,6,7,2
"136",14,1,1,0,2,2,1,6,8,7,0
"137",14,1,1,0,2,2,1,8,9,7,1
"138",14,1,1,1,2,2,1,8,8,7,2
"139",14,1,1,0,2,2,1,7,7,7,3
"140",14,1,0,1,2,2,1,7,7,7,3
"141",15,1,1,0,3,1,1,8,9,6,3
"142",15,1,0,0,3,1,1,10,10,1,0
"143",15,1,0,0,3,1,1,6,8,1,1
"144",15,1,0,0,3,1,1,8,9,7,1
"145",15,1,0,0,3,1,0,5,9,7,3
"146",15,1,0,0,3,1,1,9,9,2,1
"147",15,1,0,0,3,1,1,8,9,4,2
"148",15,1,1,0,3,1,1,9,8,7,1
"149",15,1,1,0,3,1,1,7,8,8,2
"150",15,1,0,0,3,1,1,6,9,6,2
"151",16,1,0,0,2,1,1,7,8,6,4
"152",16,1,0,1,2,1,1,7,7,5,1
"153",16,1,0,1,2,1,1,7,6,7,0
"154",16,1,0,1,2,1,1,6,7,6,2
"155",16,1,0,1,2,1,0,5,7,7,4
"156",16,1,0,0,2,1,1,6,8,6,2
"157",16,1,0,0,2,1,1,8,8,7,3
"158",16,1,1,1,2,1,1,8,7,6,0
"159",16,1,1,0,2,1,1,6,7,5,1
"160",16,1,0,1,2,1,0,NA,7,6,1
"161",17,1,0,0,2,3,0,3,7,1,9
"162",17,1,0,1,2,3,0,5,4,3,6
"163",17,1,0,1,2,3,0,6,5,2,5
"164",17,1,0,1,2,3,1,7,3,4,7
"165",17,1,0,1,2,3,0,2,4,3,9
"166",17,1,0,0,2,3,0,5,8,3,7
"167",17,1,0,0,2,3,0,7,5,4,8
"168",17,1,0,1,2,3,0,6,7,4,5
"169",17,1,1,0,2,3,1,8,7,4,4
"170",17,1,0,1,2,3,0,7,4,6,4
"171",18,1,0,0,2,1,0,6,5,5,6
"172",18,1,0,1,2,1,1,7,7,6,3
"173",18,1,0,1,2,1,0,4,6,1,2
"174",18,1,0,1,2,1,0,6,8,7,4
"175",18,1,0,1,2,1,0,5,6,5,6
"176",18,1,0,0,2,1,0,6,8,6,4
"177",18,1,0,0,2,1,1,8,6,5,5
"178",18,1,1,1,2,1,1,9,8,5,2
"179",18,1,0,0,2,1,0,7,7,5,1
"180",18,1,0,1,2,1,0,6,6,6,1
"181",19,1,1,0,2,4,1,7,8,8,7
"182",19,1,1,1,2,4,1,8,9,8,4
"183",19,1,0,1,2,4,1,7,6,7,3
"184",19,1,1,1,2,4,1,7,7,8,5
"185",19,1,1,1,2,4,1,5,9,7,7
"186",19,1,1,0,2,4,1,6,7,6,5
"187",19,1,1,0,2,4,1,9,9,9,6
"188",19,1,1,1,2,4,1,8,8,8,3
"189",19,1,1,0,2,4,1,6,6,6,2
"190",19,1,1,1,2,4,1,7,7,8,2
"191",20,1,0,0,2,1,0,6,6,6,3
"192",20,1,0,1,2,1,0,6,7,9,0
"193",20,1,0,1,2,1,0,5,8,5,1
"194",20,1,0,1,2,1,0,7,8,7,1
"195",20,1,0,1,2,1,0,3,7,10,3
"196",20,1,0,0,2,1,0,7,10,7,1
"197",20,1,0,0,2,1,0,7,8,7,2
"198",20,1,1,1,2,1,1,8,9,8,1
"199",20,1,0,0,2,1,0,5,6,6,2
"200",20,1,0,1,2,1,0,6,6,7,2
"201",21,0,0,1,4,6,0,6,7,1,4
"202",21,0,0,1,4,6,0,5,7,2,9
"203",21,0,0,1,4,6,1,8,8,3,2
"204",21,0,0,0,4,6,0,5,8,1,3
"205",21,0,0,0,4,6,0,7,8,1,3
"206",21,0,0,0,4,6,0,6,8,2,7
"207",21,0,0,0,4,6,0,6,8,2,5
"208",21,0,0,0,4,6,0,4,7,1,9
"209",21,0,0,0,4,6,0,7,7,1,1
"210",21,0,0,1,4,6,1,9,10,5,4
"211",21,0,0,0,4,6,0,5,7,1,6
"212",21,0,0,0,4,6,0,7,6,1,2
"213",21,0,0,0,4,6,0,5,8,1,0
"214",21,0,0,0,4,6,0,6,7,1,7
"215",21,0,0,0,4,6,0,6,7,1,7
"216",21,0,0,0,4,6,0,5,9,3,2
"217",22,0,0,0,1,1,0,5,7,4,2
"218",22,0,0,0,1,1,0,4,6,3,3
"219",22,0,0,0,1,1,0,5,6,2,4
"220",22,0,0,0,1,1,0,5,7,3,3
"221",22,0,1,0,1,1,1,6,8,6,3
"222",22,0,1,0,1,1,1,6,7,6,1
"223",22,0,0,0,1,1,1,8,7,4,1
"224",22,0,0,0,1,1,0,5,7,4,3
"225",22,0,0,0,1,1,1,7,7,4,5
"226",22,0,0,0,1,1,0,6,7,3,2
"227",22,0,0,1,1,1,1,5,7,6,0
"228",22,0,0,0,1,1,0,3,5,1,4
"229",22,0,0,0,1,1,0,3,7,2,6
"230",22,0,0,0,1,1,1,7,8,5,1
"231",22,0,0,0,1,1,0,4,5,2,1
"232",22,0,0,1,1,1,1,6,7,6,4
"233",23,0,0,1,4,1,1,5,6,6,4
"234",23,0,0,1,4,1,0,5,7,6,9
"235",23,0,0,1,4,1,1,6,7,5,2
"236",23,0,1,0,4,1,1,5,8,6,3
"237",23,0,1,0,4,1,1,7,7,10,3
"238",23,0,1,0,4,1,1,6,7,5,7
"239",23,0,0,0,4,1,1,7,7,5,5
"240",23,0,0,0,4,1,0,5,7,5,9
"241",23,0,0,0,4,1,0,6,6,5,1
"242",23,0,0,1,4,1,1,7,6,6,4
"243",23,0,0,0,4,1,1,6,7,5,6
"244",23,0,0,0,4,1,0,7,5,4,2
"245",23,0,0,0,4,1,0,6,5,5,0
"246",23,0,0,0,4,1,0,NA,NA,NA,7
"247",23,0,0,0,4,1,0,6,6,4,7
"248",23,0,0,0,4,1,0,6,7,5,2
"249",24,0,0,0,2,2,0,5,7,3,2
"250",24,0,0,0,2,2,0,7,NA,4,3
"251",24,0,0,0,2,2,0,6,NA,5,4
"252",24,0,0,1,2,2,0,7,8,5,3
"253",24,0,0,1,2,2,0,5,8,7,3
"254",24,0,0,1,2,2,0,7,8,6,1
"255",24,0,0,1,2,2,1,9,7,7,1
"256",24,0,0,1,2,2,0,5,7,7,3
"257",24,0,0,1,2,2,0,7,7,6,5
"258",24,0,0,0,2,2,0,6,NA,5,2
"259",24,0,0,0,2,2,0,6,NA,7,0
"260",24,0,0,1,2,2,0,6,8,7,4
"261",24,0,0,1,2,2,0,4,NA,6,6
"262",24,0,0,1,2,2,1,8,NA,7,1
"263",24,0,0,1,2,2,0,6,NA,6,1
"264",24,0,0,0,2,2,0,8,7,4,4
"265",25,0,0,0,2,1,0,7,9,4,0
"266",25,0,0,0,2,1,0,5,8,3,5
"267",25,0,0,0,2,1,0,6,8,5,2
"268",25,0,0,1,2,1,0,4,10,5,1
"269",25,0,0,1,2,1,0,6,9,4,1
"270",25,0,0,1,2,1,0,6,7,5,3
"271",25,0,0,1,2,1,0,7,8,7,1
"272",25,0,0,1,2,1,0,3,9,4,5
"273",25,0,0,1,2,1,0,7,8,6,3
"274",25,0,0,0,2,1,0,8,9,8,0
"275",25,0,0,0,2,1,0,9,9,7,2
"276",25,0,0,1,2,1,0,6,8,7,2
"277",25,0,0,1,2,1,0,5,7,4,4
"278",25,0,0,1,2,1,0,7,9,7,3
"279",25,0,0,1,2,1,0,5,8,7,3
"280",25,0,0,0,2,1,0,7,7,5,2
"281",26,0,0,0,2,1,0,2,5,2,2
"282",26,0,0,0,2,1,0,2,5,2,7
"283",26,0,0,0,2,1,0,2,5,2,0
"284",26,0,0,1,2,1,0,2,7,3,1
"285",26,0,0,1,2,1,0,3,7,4,1
"286",26,0,0,1,2,1,0,4,6,2,5
"287",26,0,0,1,2,1,0,7,5,5,3
"288",26,0,0,1,2,1,0,3,6,2,7
"289",26,0,0,1,2,1,0,6,5,4,1
"290",26,0,0,0,2,1,0,5,8,5,2
"291",26,0,0,0,2,1,0,7,6,5,4
"292",26,0,0,1,2,1,0,6,6,4,0
"293",26,0,0,1,2,1,0,2,6,4,2
"294",26,0,0,1,2,1,0,6,8,6,5
"295",26,0,0,1,2,1,0,2,7,3,5
"296",26,0,0,0,2,1,0,6,6,5,0
"297",27,0,0,0,3,1,0,2,6,3,3
"298",27,0,0,0,3,1,0,1,4,1,8
"299",27,0,0,0,3,1,0,1,6,2,1
"300",27,0,0,0,3,1,0,1,7,3,2
"301",27,0,0,0,3,1,0,1,4,4,2
"302",27,0,0,0,3,1,0,3,6,2,6
"303",27,0,1,0,3,1,1,8,6,5,4
"304",27,0,0,0,3,1,0,1,5,5,8
"305",27,0,0,0,3,1,0,4,4,1,0
"306",27,0,0,0,3,1,0,4,4,3,3
"307",27,0,1,0,3,1,1,6,6,4,5
"308",27,0,0,0,3,1,0,1,6,3,1
"309",27,0,0,0,3,1,0,1,7,3,1
"310",27,0,0,0,3,1,0,6,8,3,6
"311",27,0,0,0,3,1,0,2,7,2,6
"312",27,0,0,0,3,1,0,5,6,1,1
"313",28,0,0,0,2,NA,0,3,6,4,1
"314",28,0,0,0,2,NA,0,2,5,2,4
"315",28,0,0,0,2,NA,0,3,8,3,3
"316",28,0,0,1,2,NA,0,4,5,4.5,2
"317",28,0,0,1,2,NA,0,4,7,4,2
"318",28,0,0,1,2,NA,0,4,5,3,2
"319",28,0,1,1,2,NA,1,7,8,6.5,0
"320",28,0,0,1,2,NA,0,4,6,5,4
"321",28,0,0,1,2,NA,0,6,5,4,4
"322",28,0,0,0,2,NA,0,3,7,3,1
"323",28,0,0,0,2,NA,0,5,9,5,1
"324",28,0,0,1,2,NA,1,5,6,4.5,3
"325",28,0,0,1,2,NA,0,NA,NA,NA,5
"326",28,0,0,1,2,NA,1,6,7,5.5,2
"327",28,0,0,1,2,NA,0,4,6.5,4,2
"328",28,0,0,0,2,NA,0,4,6,4,3
"329",29,0,0,0,2,1,0,4,4,4,3
"330",29,0,0,0,2,1,0,4,6,4,8
"331",29,0,0,0,2,1,0,6,7,3,1
"332",29,0,0,1,2,1,0,5,5,4,2
"333",29,0,1,1,2,1,1,8,7,4,2
"334",29,0,1,1,2,1,1,6,7,4,6
"335",29,0,0,1,2,1,1,8,6,4,4
"336",29,0,0,1,2,1,0,5,6,4,8
"337",29,0,0,1,2,1,1,8,8,5,0
"338",29,0,0,0,2,1,0,7,6,6,3
"339",29,0,0,0,2,1,1,7,7,5,5
"340",29,0,0,1,2,1,1,6,7,5,1
"341",29,0,0,1,2,1,1,6,8,7,1
"342",29,0,0,1,2,1,1,9,8,5,6
"343",29,0,0,1,2,1,0,6,6,4,6
"344",29,0,0,0,2,1,1,6,7,6,1
"345",30,0,0,0,2,1,0,3,6,5,2
"346",30,0,0,0,2,1,0,8,8,5,7
"347",30,0,0,0,2,1,0,6,8,6,0
"348",30,0,0,1,2,1,0,4,6,5,1
"349",30,0,0,1,2,1,0,6,7,4,1
"350",30,0,0,1,2,1,0,4,5,3,5
"351",30,0,0,1,2,1,0,8,7,6,3
"352",30,0,0,1,2,1,0,5,5,6,7
"353",30,0,0,1,2,1,0,7,5,7,1
"354",30,0,1,0,2,1,1,8,7,7,2
"355",30,0,0,0,2,1,1,7,8,4,4
"356",30,0,0,1,2,1,0,5,5,4,0
"357",30,0,0,1,2,1,0,3,8,7,2
"358",30,0,0,1,2,1,1,7,8,6,5
"359",30,0,0,1,2,1,0,3,8,5,5
"360",30,0,1,0,2,1,1,7,8,5,0
"361",31,0,0,0,2,1,0,4,6,4,1
"362",31,0,0,0,2,1,0,3,6,NA,6
"363",31,0,0,0,2,1,0,4,6,3,1
"364",31,0,0,1,2,1,0,4,6,4,0
"365",31,0,0,1,2,1,0,4,7,4,0
"366",31,0,0,1,2,1,0,4,7,4,4
"367",31,0,0,1,2,1,0,9,7,4,2
"368",31,0,0,1,2,1,0,2,4,3,6
"369",31,0,1,1,2,1,1,8,8,8,2
"370",31,0,1,0,2,1,1,7,8,8,1
"371",31,0,1,0,2,1,1,9,8,9,3
"372",31,0,0,1,2,1,0,4,5,4,1
"373",31,0,0,1,2,1,0,3,8,4,3
"374",31,0,0,1,2,1,0,7,7,6,4
"375",31,0,0,1,2,1,0,4,6,5,4
"376",31,0,1,0,2,1,1,9,7,9,1
"377",32,0,0,1,4,1,0,4,7,5,2
"378",32,0,0,1,4,1,0,7,9,5,3
"379",32,0,0,1,4,1,0,5,6,5,4
"380",32,0,0,0,4,1,0,5,7,3,3
"381",32,0,0,0,4,1,0,5,9,3,3
"382",32,0,0,0,4,1,0,8,9,5,1
"383",32,0,0,0,4,1,0,8,8,5,1
"384",32,0,0,0,4,1,0,7,8,5,3
"385",32,0,0,0,4,1,0,7,7,2,5
"386",32,0,0,1,4,1,0,6,9,5,2
"387",32,0,0,0,4,1,0,7,8,3,0
"388",32,0,0,0,4,1,0,5,7,3,4
"389",32,0,0,0,4,1,0,4,6,3,6
"390",32,0,0,0,4,1,0,7,9,5,1
"391",32,0,0,0,4,1,0,7,9,5,1
"392",32,0,0,0,4,1,0,8,7,3,4
"393",33,0,0,0,2,6,1,6,7,5,5
"394",33,0,0,0,2,6,0,2,7,2,0
"395",33,0,0,0,2,6,0,6,6,3,7
"396",33,0,0,1,2,6,1,5,7,3,6
"397",33,0,0,1,2,6,0,5,6,2,6
"398",33,0,0,1,2,6,0,6,7,2,2
"399",33,0,0,1,2,6,0,8,9,2,4
"400",33,0,0,1,2,6,0,4,6,2,0
"401",33,0,0,1,2,6,1,8,6,3,8
"402",33,0,0,0,2,6,0,6,8,2,5
"403",33,0,0,0,2,6,1,7,7,3,3
"404",33,0,0,1,2,6,0,7,9,1,7
"405",33,0,0,1,2,6,1,9,8,4,9
"406",33,0,0,1,2,6,0,8,5,3,2
"407",33,0,0,1,2,6,0,5,5,2,2
"408",33,0,0,0,2,6,0,7,6,2,7
"409",34,0,0,1,4,1,0,4,5,6,4
"410",34,0,0,1,4,1,0,3,7,7,9
"411",34,0,0,1,4,1,0,5,5,5,2
"412",34,0,0,0,4,1,0,4,6,4,3
"413",34,0,0,0,4,1,0,4,5,4,3
"414",34,0,0,0,4,1,0,4,6,3,7
"415",34,0,1,0,4,1,1,9,9,8,5
"416",34,0,0,0,4,1,0,3,5,4,9
"417",34,0,0,0,4,1,0,5,3,4,1
"418",34,0,1,1,4,1,1,7,8,7,4
"419",34,0,0,0,4,1,0,4,6,5,6
"420",34,0,0,0,4,1,0,3,4,3,2
"421",34,0,0,0,4,1,0,4,5,3,0
"422",34,0,0,0,4,1,0,5,6,4,7
"423",34,0,0,0,4,1,0,4,6,4,7
"424",34,0,0,0,4,1,0,4,5,3,2
"425",35,0,0,0,2,1,1,6,9,7,0
"426",35,0,0,0,2,1,0,5,8,7,5
"427",35,0,0,0,2,1,0,6,9,6,2
"428",35,0,0,1,2,1,0,6,8,8,1
"429",35,0,0,1,2,1,0,5,7,6,1
"430",35,0,1,1,2,1,1,7,9,8,3
"431",35,0,1,1,2,1,1,8,9,8,1
"432",35,0,0,1,2,1,0,5,8,8,5
"433",35,0,0,1,2,1,1,8,7,7,3
"434",35,0,1,0,2,1,1,7,9,8,0
"435",35,0,1,0,2,1,1,6,8,10,2
"436",35,0,0,1,2,1,1,8,6,5,2
"437",35,0,0,1,2,1,0,6,10,8,4
"438",35,0,1,1,2,1,1,8,8,7,3
"439",35,0,0,1,2,1,0,6,8,8,3
"440",35,0,0,0,2,1,0,6,8,8,2
"441",36,0,0,0,2,2,0,2,2,5,1
"442",36,0,0,0,2,2,0,1,2,5,4
"443",36,0,0,0,2,2,0,2,4,3,3
"444",36,0,0,1,2,2,0,1,1,6,2
"445",36,0,0,1,2,2,0,1,1,5,2
"446",36,0,0,1,2,2,0,2,5,5,2
"447",36,0,0,1,2,2,0,2,4,5,0
"448",36,0,0,1,2,2,0,1,5,6,4
"449",36,0,0,1,2,2,0,3,2,5,4
"450",36,0,1,0,2,2,1,4,8,5,1
"451",36,0,0,0,2,2,0,5,8,3,1
"452",36,0,1,1,2,2,1,5,6,6,3
"453",36,0,0,1,2,2,0,1,5,6,5
"454",36,0,0,1,2,2,1,9,8,6,2
"455",36,0,0,1,2,2,0,3,6,5,2
"456",36,0,0,0,2,2,0,5,8,5,3
"457",37,0,0,0,2,2,0,2,5,6,2
"458",37,0,0,0,2,2,0,2,6,5,3
"459",37,0,0,0,2,2,1,4,6,5,4
"460",37,0,0,1,2,2,0,4,8,2,3
"461",37,0,1,1,2,2,1,7,8,7,3
"462",37,0,0,1,2,2,0,6,7,3,1
"463",37,0,0,1,2,2,1,8,9,6,1
"464",37,0,0,1,2,2,0,3,7,5,3
"465",37,0,0,1,2,2,1,8,6,6,5
"466",37,0,0,0,2,2,0,6,5,3,2
"467",37,0,0,0,2,2,1,6,6,4,0
"468",37,0,0,1,2,2,1,7,7,2,4
"469",37,0,1,1,2,2,1,2,6,5,6
"470",37,0,0,1,2,2,1,7,7,4,1
"471",37,0,0,1,2,2,0,4,4,3,1
"472",37,0,0,0,2,2,1,5,6,4,4
"473",38,0,0,0,1,1,0,2,10,1,2
"474",38,0,0,0,1,1,0,1,10,1,7
"475",38,0,0,0,1,1,0,8,10,1,0
"476",38,0,0,0,1,1,0,3,10,1,1
"477",38,0,0,0,1,1,0,5,7,1,1
"478",38,0,0,0,1,1,0,6,8,1,5
"479",38,0,0,0,1,1,0,10,6,2,3
"480",38,0,0,0,1,1,0,7,7,2,7
"481",38,0,0,0,1,1,1,8,5,4,1
"482",38,0,1,0,1,1,1,9,9,2,2
"483",38,0,1,1,1,1,1,8,8,6,4
"484",38,0,0,0,1,1,0,8,9,1,0
"485",38,0,0,0,1,1,0,2,9,2,2
"486",38,0,0,0,1,1,0,3,9,1,5
"487",38,0,0,0,1,1,0,3,9,1,5
"488",38,0,1,1,1,1,1,8,8,6,0
"489",39,0,0,0,3,5,1,6,9,6,1
"490",39,0,0,0,3,5,0,3,9,5,6
"491",39,0,0,0,3,5,1,5,9,6,1
"492",39,0,0,0,3,5,1,7,8,7,0
"493",39,0,0,0,3,5,0,4,7,1,0
"494",39,0,0,0,3,5,0,4,7,1,4
"495",39,0,0,0,3,5,0,8,9,2,2
"496",39,0,1,0,3,5,1,5,8,5,6
"497",39,0,0,0,3,5,1,8,6,3,2
"498",39,0,0,0,3,5,0,5,7,3,1
"499",39,0,0,0,3,5,1,5,8,5,3
"500",39,0,0,0,3,5,0,3,8,1,1
"501",39,0,0,0,3,5,1,3,9,2,3
"502",39,0,0,0,3,5,1,8,9,5,4
"503",39,0,0,0,3,5,0,4,8,3,4
"504",39,0,0,0,3,5,0,6,8,3,1
"505",40,1,0,1,4,2,0,3,10,1,4
"506",40,1,0,0,4,2,0,4,8,1,2
"507",40,1,0,1,4,2,0,5,3,1,4
"508",40,1,0,0,4,2,0,5,9,3,2
"509",40,1,0,0,4,2,0,8,9,1,0
"510",40,1,0,0,4,2,0,8,9,1,2
"511",40,1,0,0,4,2,0,9,6,2,3
"512",40,1,0,0,4,2,0,8,7,2,1
"513",40,1,0,0,4,2,0,5,3,NA,3
"514",40,1,0,0,4,2,0,6,8,1,2
"515",40,1,0,0,4,2,0,7,4,1,1
"516",40,1,0,1,4,2,0,8,10,1,2
"517",40,1,0,0,4,2,0,6,10,1,5
"518",40,1,0,1,4,2,0,8,6,2,4
"519",40,1,0,0,4,2,0,5,6,1,0
"520",40,1,0,0,4,2,0,5,9,2,1
"521",40,1,0,0,4,2,0,4,8,1,2
"522",40,1,0,0,4,2,0,8,10,1,2
"523",40,1,0,0,4,2,0,3,9,1,1
"524",41,1,0,1,4,2,0,5,5,NA,9
"525",41,1,0,0,4,2,0,5,5,NA,3
"526",41,1,0,1,4,2,0,8,8,NA,9
"527",41,1,0,0,4,2,0,5,5,NA,3
"528",41,1,0,0,4,2,1,5,5,NA,5
"529",41,1,0,0,4,2,1,5,5,NA,7
"530",41,1,0,0,4,2,1,8,8,NA,8
"531",41,1,0,0,4,2,1,8,8,NA,4
"532",41,1,0,0,4,2,0,8,8,NA,8
"533",41,1,0,0,4,2,0,10,10,NA,7
"534",41,1,0,0,4,2,0,8,8,NA,6
"535",41,1,0,1,4,2,0,10,10,NA,3
"536",41,1,0,0,4,2,1,10,10,NA,0
"537",41,1,0,1,4,2,1,10,10,NA,9
"538",41,1,0,0,4,2,0,10,10,NA,5
"539",41,1,0,0,4,2,0,5,5,NA,4
"540",41,1,0,0,4,2,0,5,5,NA,3
"541",41,1,0,0,4,2,0,5,5,NA,7
"542",41,1,0,0,4,2,0,5,5,1,6
"543",42,1,0,1,4,2,0,3,9,7,2
"544",42,1,0,0,4,2,0,3,8,1,4
"545",42,1,0,1,4,2,0,6,9,8,2
"546",42,1,0,0,4,2,0,7,7,1,4
"547",42,1,0,0,4,2,1,8,7,6,2
"548",42,1,0,0,4,2,1,7,8,4,0
"549",42,1,0,0,4,2,1,8,8,6,1
"550",42,1,0,0,4,2,1,7,9,6,3
"551",42,1,0,0,4,2,0,3,7,1,1
"552",42,1,0,0,4,2,0,4,7,2,0
"553",42,1,0,0,4,2,0,8,8,3,1
"554",42,1,0,1,4,2,0,5,10,4,4
"555",42,1,0,0,4,2,0,6,10,2,7
"556",42,1,0,1,4,2,0,6,7,6,2
"557",42,1,0,0,4,2,0,3,7,1,2
"558",42,1,0,0,4,2,0,4,7,3,3
"559",42,1,0,0,4,2,0,4,9,2,4
"560",42,1,0,0,4,2,0,6,9,5,0
"561",42,1,0,0,4,2,0,4,8,2,1
"562",43,1,0,0,2,6,0,4,6,2,3
"563",43,1,0,0,2,6,0,4,5,2,3
"564",43,1,1,0,2,6,1,4,5,4,3
"565",43,1,0,1,2,6,0,5,6,5,3
"566",43,1,0,1,2,6,1,8,6,1,1
"567",43,1,0,1,2,6,1,6,7,4,1
"568",43,1,0,0,2,6,1,7,5,2,2
"569",43,1,0,1,2,6,0,5,6,2,2
"570",43,1,0,1,2,6,0,4,5,2,2
"571",43,1,0,1,2,6,0,3,7,2,1
"572",43,1,0,1,2,6,1,6,6,2,0
"573",43,1,0,0,2,6,0,5,7,1,3
"574",43,1,0,1,2,6,0,4,7,3,6
"575",43,1,0,0,2,6,0,6,5,2,3
"576",43,1,0,1,2,6,1,7,7,1,1
"577",43,1,0,1,2,6,1,6,5,4,2
"578",43,1,0,1,2,6,0,4,7,1,3
"579",43,1,0,0,2,6,0,4,7,2,1
"580",43,1,0,0,2,6,0,3,7,4,0
"581",44,1,0,0,2,1,1,6,8,8,3
"582",44,1,1,0,2,1,1,6,6,5,3
"583",44,1,1,0,2,1,1,8,8,8,3
"584",44,1,0,1,2,1,1,5,8,6,3
"585",44,1,0,1,2,1,1,7,6,6,1
"586",44,1,0,1,2,1,1,8,7,7,1
"587",44,1,0,0,2,1,1,9,7,6,2
"588",44,1,0,1,2,1,1,5,5,5,2
"589",44,1,1,1,2,1,1,7,7,5,2
"590",44,1,0,1,2,1,1,7,7,7,1
"591",44,1,0,1,2,1,1,9,7,7,0
"592",44,1,0,0,2,1,1,7,6,8,3
"593",44,1,0,1,2,1,1,6,7,6,6
"594",44,1,0,0,2,1,1,8,8,8,3
"595",44,1,0,1,2,1,1,8,8,7,1
"596",44,1,0,1,2,1,1,7,7,8,2
"597",44,1,1,1,2,1,1,5,6,5,3
"598",44,1,0,0,2,1,1,7,6,6,1
"599",44,1,0,0,2,1,1,8,5,5,0
"600",45,1,0,0,2,2,1,7,8,7,7
"601",45,1,1,0,2,2,1,7,7,5,1
"602",45,1,1,0,2,2,1,7,7,7,7
"603",45,1,0,1,2,2,1,6,6,6,1
"604",45,1,0,1,2,2,1,7,6,7,3
"605",45,1,0,1,2,2,1,7,8,7,5
"606",45,1,0,0,2,2,1,8,7,7,6
"607",45,1,0,1,2,2,1,7,7,7,2
"608",45,1,1,1,2,2,1,8,6,7,6
"609",45,1,0,1,2,2,1,6,6,6,5
"610",45,1,0,1,2,2,1,9,8,7,4
"611",45,1,0,0,2,2,1,9,8,7,1
"612",45,1,0,1,2,2,0,6,7,7,2
"613",45,1,0,0,2,2,1,7,7,7,7
"614",45,1,1,1,2,2,1,8,7,7,3
"615",45,1,0,1,2,2,1,7,8,7,2
"616",45,1,0,1,2,2,1,6,6,7,1
"617",45,1,0,0,2,2,1,6,7,7,5
"618",45,1,0,0,2,2,0,5,5,7,4
"619",46,1,0,0,2,2,0,6,10,6,5
"620",46,1,0,0,2,2,0,5,5,5,1
"621",46,1,0,0,2,2,0,6,9,6,5
"622",46,1,0,1,2,2,0,7,8,5,1
"623",46,1,0,1,2,2,1,10,7,6,1
"624",46,1,0,1,2,2,1,10,9,7,3
"625",46,1,1,0,2,2,1,9,8,7,4
"626",46,1,1,1,2,2,1,7,7,7,0
"627",46,1,0,1,2,2,0,6,6,6,4
"628",46,1,0,1,2,2,0,6,8,5,3
"629",46,1,0,1,2,2,1,9,7,5,2
"630",46,1,0,0,2,2,1,8,8,7,1
"631",46,1,0,1,2,2,0,6,7,5,4
"632",46,1,1,0,2,2,1,7,7,6,5
"633",46,1,1,1,2,2,1,8,8,5,1
"634",46,1,0,1,2,2,0,6,8,4,0
"635",46,1,0,1,2,2,0,6,9,4,1
"636",46,1,0,0,2,2,1,8,8,5,3
"637",46,1,0,0,2,2,0,6,7,5,2
"638",47,1,0,0,2,1,1,9,6,6,9
"639",47,1,0,0,2,1,1,NA,6,6,3
"640",47,1,0,0,2,1,1,5,6,5,9
"641",47,1,0,1,2,1,1,6,6,6,3
"642",47,1,0,1,2,1,1,6,5,5,5
"643",47,1,0,1,2,1,1,5,6,6,7
"644",47,1,0,0,2,1,1,7,6,6,8
"645",47,1,0,1,2,1,1,5,7,6,4
"646",47,1,0,1,2,1,0,5,5,5,8
"647",47,1,0,1,2,1,0,9,6,6,7
"648",47,1,0,1,2,1,1,7,6,2,6
"649",47,1,0,0,2,1,1,5,7,4,3
"650",47,1,0,1,2,1,1,5,7,6,0
"651",47,1,0,0,2,1,1,5,7,6,9
"652",47,1,0,1,2,1,1,7,6,3,5
"653",47,1,0,1,2,1,1,6,6,6,4
"654",47,1,0,1,2,1,0,NA,8,4,3
"655",47,1,0,0,2,1,1,6,7,5,7
"656",47,1,1,0,2,1,1,3,6,6,6
"657",48,1,0,0,2,1,0,3,5,2,1
"658",48,1,0,0,2,1,0,4,6,1,5
"659",48,1,0,0,2,1,0,4,6,2,1
"660",48,1,0,1,2,1,0,6,8,3,5
"661",48,1,0,1,2,1,1,9,7,7,3
"662",48,1,0,1,2,1,1,9,7,8,1
"663",48,1,0,0,2,1,1,8,5,6,0
"664",48,1,0,1,2,1,0,7,5,2,4
"665",48,1,0,1,2,1,0,6,9,7,0
"666",48,1,0,1,2,1,0,5,5,4,1
"667",48,1,1,1,2,1,1,7,7,5,2
"668",48,1,0,0,2,1,0,5,8,3,5
"669",48,1,0,1,2,1,0,5,8,5,8
"670",48,1,0,0,2,1,1,7,7,3,1
"671",48,1,0,1,2,1,0,7,8,6,3
"672",48,1,0,1,2,1,0,6,7,7,4
"673",48,1,0,1,2,1,0,3,6,3,5
"674",48,1,0,0,2,1,0,7,7,4,1
"675",48,1,0,0,2,1,0,3,5,3,2
"676",49,1,0,1,4,1,0,6,8,6,4
"677",49,1,0,0,4,1,0,7,7,4,2
"678",49,1,0,1,4,1,0,7,8,5,4
"679",49,1,0,0,4,1,1,7,6,4,2
"680",49,1,0,0,4,1,1,9,7,4,0
"681",49,1,0,0,4,1,1,9,7,6,2
"682",49,1,0,0,4,1,1,8,7,5,3
"683",49,1,0,0,4,1,1,7,8,5,1
"684",49,1,0,0,4,1,1,7,8,5,3
"685",49,1,1,0,4,1,1,7,7,6,2
"686",49,1,1,0,4,1,1,9,8,4,1
"687",49,1,0,1,4,1,1,7,8,3,2
"688",49,1,0,0,4,1,1,7,8,6,5
"689",49,1,1,1,4,1,1,8,7,9,4
"690",49,1,1,0,4,1,1,8,10,4,0
"691",49,1,1,0,4,1,1,8,7,4,1
"692",49,1,0,0,4,1,0,6,8,4,2
"693",49,1,1,0,4,1,1,8,7,6,2
"694",49,1,0,0,4,1,0,7,7,4,1
"695",50,1,0,0,1,6,0,5,8,7,6
"696",50,1,0,1,1,6,0,6,7,7,0
"697",50,1,0,0,1,6,0,5,7,NA,6
"698",50,1,0,0,1,6,1,7,NA,7,0
"699",50,1,0,0,1,6,1,7,NA,7,2
"700",50,1,0,0,1,6,1,8,NA,7,4
"701",50,1,1,0,1,6,1,8,NA,7,5
"702",50,1,0,0,1,6,0,6,8,7,1
"703",50,1,0,0,1,6,0,6,NA,7,5
"704",50,1,0,0,1,6,0,6,NA,NA,4
"705",50,1,1,0,1,6,1,8,8,8,3
"706",50,1,0,0,1,6,1,NA,NA,7,0
"707",50,1,0,0,1,6,0,6,8,7,3
"708",50,1,0,0,1,6,1,7,NA,7,6
"709",50,1,1,0,1,6,1,7,NA,7,2
"710",50,1,0,0,1,6,0,7,NA,7,1
"711",50,1,0,0,1,6,0,5,NA,7,0
"712",50,1,1,1,1,6,1,NA,NA,8,4
"713",50,1,0,0,1,6,0,NA,NA,NA,3
"714",51,1,0,0,2,1,0,2,8,3,2
"715",51,1,0,0,2,1,0,2,3,1,4
"716",51,1,0,0,2,1,0,4,4,5,2
"717",51,1,0,1,2,1,1,7,7,2,4
"718",51,1,0,1,2,1,0,6,7,3,2
"719",51,1,0,1,2,1,1,7,5,6,0
"720",51,1,0,0,2,1,1,8,4,2,1
"721",51,1,0,1,2,1,0,6,7,9,3
"722",51,1,0,1,2,1,0,5,5,5,1
"723",51,1,0,1,2,1,0,3,6,7,0
"724",51,1,0,1,2,1,1,7,7,5,1
"725",51,1,0,0,2,1,0,8,7,1,4
"726",51,1,0,1,2,1,0,6,8,6,7
"727",51,1,0,0,2,1,0,6,8,4,2
"728",51,1,0,1,2,1,0,8,8,2,2
"729",51,1,1,1,2,1,1,5,8,4,3
"730",51,1,0,1,2,1,0,2,9,8,4
"731",51,1,0,0,2,1,0,6,8,6,0
"732",51,1,0,0,2,1,0,1,8,8,1
"733",52,1,0,0,2,1,0,6,8,3,0
"734",52,1,0,0,2,1,0,4,7,2,6
"735",52,1,0,0,2,1,0,7,6,2,0
"736",52,1,0,1,2,1,0,7,9,2,6
"737",52,1,0,1,2,1,1,8,7,3,4
"738",52,1,0,1,2,1,1,8,7,3,2
"739",52,1,0,0,2,1,1,8,7,3,1
"740",52,1,0,1,2,1,0,5,7,3,5
"741",52,1,0,1,2,1,0,5,6,4,1
"742",52,1,0,1,2,1,0,6,7,4,2
"743",52,1,0,1,2,1,1,8,8,2,3
"744",52,1,0,0,2,1,1,6,7,3,6
"745",52,1,0,1,2,1,0,5,6,3,9
"746",52,1,0,0,2,1,0,6,6,3,0
"747",52,1,0,1,2,1,1,7,8,4,4
"748",52,1,0,1,2,1,1,6,6,3,5
"749",52,1,1,1,2,1,1,5,6,4,6
"750",52,1,0,0,2,1,0,7,7,3,2
"751",52,1,0,0,2,1,0,4,6,2,3
"752",53,1,0,0,2,2,0,6,8,7,7
"753",53,1,0,0,2,2,0,6,8,5,1
"754",53,1,0,0,2,2,1,7,8,6,7
"755",53,1,0,1,2,2,0,8,8,7,1
"756",53,1,0,1,2,2,1,9,8,8,3
"757",53,1,0,1,2,2,1,9,9,8,5
"758",53,1,0,0,2,2,1,8,8,8,6
"759",53,1,0,1,2,2,0,7,8,7,2
"760",53,1,0,1,2,2,0,6,8,7,6
"761",53,1,0,1,2,2,0,6,8,5,5
"762",53,1,0,1,2,2,1,8,9,8,4
"763",53,1,0,0,2,2,1,8,9,7,1
"764",53,1,0,1,2,2,0,7,9,8,2
"765",53,1,0,0,2,2,1,8,8,7,7
"766",53,1,1,1,2,2,1,8,8,6,3
"767",53,1,0,1,2,2,0,7,8,7,2
"768",53,1,0,1,2,2,0,7,8,7,1
"769",53,1,0,0,2,2,0,6,9,6,5
"770",53,1,0,0,2,2,0,5,8,6,4
"771",54,1,0,0,2,5,0,5,7,5,7
"772",54,1,0,0,2,5,0,4,7,4,1
"773",54,1,0,0,2,5,1,6,7,5,7
"774",54,1,0,1,2,5,1,8,8,5,1
"775",54,1,0,1,2,5,1,8,9,5,3
"776",54,1,0,1,2,5,1,8,7,4,5
"777",54,1,0,0,2,5,1,9,8,5,6
"778",54,1,0,1,2,5,0,7,7,6,2
"779",54,1,0,1,2,5,0,5,7,6,6
"780",54,1,0,1,2,5,0,6,8,5,5
"781",54,1,0,1,2,5,1,8,8,6,4
"782",54,1,0,0,2,5,1,7,8,5,1
"783",54,1,0,1,2,5,0,5,8,5,2
"784",54,1,0,0,2,5,1,8,7,7,7
"785",54,1,0,1,2,5,1,8,9,6,3
"786",54,1,0,1,2,5,0,9,7,6,2
"787",54,1,0,1,2,5,0,6,7,5,1
"788",54,1,0,0,2,5,0,6,9,3,5
"789",54,1,0,0,2,5,0,3,7,5,4
"790",55,1,0,0,1,6,0,5,10,6,2
"791",55,1,0,1,1,6,0,5,9,7,4
"792",55,1,0,0,1,6,0,6,10,7,2
"793",55,1,0,0,1,6,1,8,9,6,4
"794",55,1,0,0,1,6,1,8,8,6,2
"795",55,1,0,0,1,6,1,8,8,7,0
"796",55,1,0,0,1,6,1,9,9,7,1
"797",55,1,0,0,1,6,1,9,10,7,3
"798",55,1,0,0,1,6,0,6,8,8,1
"799",55,1,1,0,1,6,1,7,10,9,0
"800",55,1,1,0,1,6,1,8,10,10,1
"801",55,1,0,0,1,6,0,6,10,7,4
"802",55,1,0,0,1,6,0,6,9,7,7
"803",55,1,0,0,1,6,1,8,10,10,2
"804",55,1,0,0,1,6,1,8,8,5,2
"805",55,1,0,0,1,6,1,6,9,8,3
"806",55,1,0,0,1,6,0,6,9,7,4
"807",55,1,1,1,1,6,1,8,10,10,0
"808",55,1,0,0,1,6,0,5,10,9,1
"809",56,0,0,0,2,1,0,2,2,5,6
"810",56,0,0,0,2,1,0,3,9,6,1
"811",56,0,0,0,2,1,0,3,5,2,4
"812",56,0,1,1,2,1,1,5,8,6,5
"813",56,0,1,1,2,1,1,4,9,9,3
"814",56,0,0,1,2,1,0,3,8,10,2
"815",56,0,0,1,2,1,0,3,5,10,1
"816",56,0,0,1,2,1,1,4,9,8,1
"817",56,0,0,1,2,1,0,3,7,3,2
"818",56,0,0,0,2,1,0,3,9,6,1
"819",57,0,0,0,2,3,0,8,7,7,7
"820",57,0,0,0,2,3,0,8,8,5,0
"821",57,0,0,0,2,3,0,7,9,7,5
"822",57,0,0,1,2,3,0,9,7,7,6
"823",57,0,0,1,2,3,1,8,10,8,4
"824",57,0,1,1,2,3,1,10,9,7,1
"825",57,0,0,1,2,3,1,10,10,7,0
"826",57,0,0,1,2,3,1,10,10,7,0
"827",57,0,0,1,2,3,0,8,10,8,3
"828",57,0,0,0,2,3,0,8,10,8,2
"829",58,0,0,0,NA,NA,0,4,9,9,NA
"830",58,0,0,0,NA,NA,1,7,8,7,NA
"831",58,0,0,0,NA,NA,1,6,9,8,NA
"832",58,0,0,0,NA,NA,1,8,9,9,NA
"833",58,0,0,0,NA,NA,0,5,9,9,NA
"834",58,0,1,0,NA,NA,1,6,9,9,NA
"835",58,0,0,0,NA,NA,0,5,9,8,NA
"836",58,0,0,0,NA,NA,0,4,8,8,NA
"837",58,0,1,0,NA,NA,1,6,9,8,NA
"838",58,0,0,0,NA,NA,0,5,9,8,NA
"839",59,0,0,0,NA,NA,0,NA,NA,NA,NA
"840",59,0,0,0,NA,NA,0,NA,NA,NA,NA
"841",59,0,0,0,NA,NA,0,3,9,3,NA
"842",59,0,0,0,NA,NA,0,6,6,8,NA
"843",59,0,0,0,NA,NA,0,NA,NA,NA,NA
"844",59,0,0,0,NA,NA,0,NA,NA,NA,NA
"845",59,0,0,0,NA,NA,0,6,0,4,NA
"846",59,0,0,0,NA,NA,0,NA,NA,NA,NA
"847",59,0,0,0,NA,NA,0,0,3,2,NA
"848",59,0,0,0,NA,NA,0,NA,NA,NA,NA
"849",60,0,1,0,6,4,1,9,10,5,0
"850",60,0,0,1,6,4,0,7,10,2,7
"851",60,0,0,0,6,4,0,5,9,1,2
"852",60,0,0,0,6,4,1,9,10,6,1
"853",60,0,0,0,6,4,0,6,10,2,3
"854",60,0,0,0,6,4,0,2,10,1,8
"855",60,0,0,0,6,4,0,10,8,1,7
"856",60,0,0,0,6,4,1,7,10,4,7
"857",60,0,0,0,6,4,1,9,10,8,4
"858",60,0,0,1,6,4,0,2,10,3,5
"859",61,0,0,0,2,1,0,5,7,4,1
"860",61,0,0,0,2,1,0,6,7,4,6
"861",61,0,0,0,2,1,0,7,8,3,1
"862",61,0,0,1,2,1,1,8,8,4,0
"863",61,0,0,1,2,1,0,6,6,2,2
"864",61,0,1,1,2,1,1,6,8,4,7
"865",61,0,0,1,2,1,0,7,8,4,6
"866",61,0,0,1,2,1,0,6,7,2,6
"867",61,0,0,1,2,1,0,5,8,5,3
"868",61,0,1,0,2,1,1,6,8,4,4
"869",62,0,0,1,3,2,0,6,7,7,3
"870",62,0,1,0,3,2,1,8,9,8,4
"871",62,0,0,0,3,2,0,6,7,5,1
"872",62,0,1,0,3,2,1,8,8,8,2
"873",62,0,0,0,3,2,0,7,8,7,0
"874",62,0,0,0,3,2,0,7,8,8,5
"875",62,0,0,0,3,2,0,7,6,7,4
"876",62,0,0,0,3,2,0,7,8,8,4
"877",62,0,1,0,3,2,1,6,8,7,1
"878",62,0,0,0,3,2,0,7,8,7,2
"879",63,0,0,0,4,3,1,2,7,5,5
"880",63,0,1,0,4,3,1,7,7,5,2
"881",63,0,0,0,4,3,1,7,8,3,3
"882",63,0,0,0,4,3,1,6,8,5,4
"883",63,0,0,0,4,3,1,6,9,4,2
"884",63,0,0,0,4,3,0,1,5,1,3
"885",63,0,0,0,4,3,0,3,5,3,2
"886",63,0,0,0,4,3,0,4,5,1,2
"887",63,0,0,0,4,3,0,3,8,5,1
"888",63,0,0,0,4,3,0,3,4,5,0
"889",64,0,0,0,4,2,1,7,8,5,2
"890",64,0,0,0,4,2,1,7,7,5,5
"891",64,0,0,0,4,2,0,4,7,2,0
"892",64,0,0,0,4,2,1,7,8,5,1
"893",64,0,0,0,4,2,0,5,8,3,1
"894",64,0,0,0,4,2,1,5,6,4,6
"895",64,0,0,0,4,2,1,6,7,4,5
"896",64,0,0,0,4,2,1,6,7,3,5
"897",64,0,0,0,4,2,0,6,6,4,2
"898",64,0,1,0,4,2,1,8,8,5,3
"899",65,0,0,0,6,2,0,6,8,6,6
"900",65,0,0,1,6,2,0,6,7,5,1
"901",65,0,0,0,6,2,0,7,7,5,4
"902",65,0,0,0,6,2,0,7,7,6,5
"903",65,0,0,0,6,2,0,7,8,5,3
"904",65,0,0,0,6,2,0,5,7,4,2
"905",65,0,0,0,6,2,0,7,7,5,1
"906",65,0,0,0,6,2,0,7,7,6,1
"907",65,0,0,0,6,2,0,7,7,6,2
"908",65,0,0,1,6,2,0,5,7,4,1
"909",66,1,0,0,3,2,1,7,6,6,6
"910",66,1,0,0,3,2,0,4,7,5,7
"911",66,1,0,0,3,2,1,5,8,6,NA
"912",66,1,0,0,3,2,0,4,NA,NA,NA
"913",66,1,1,0,3,2,1,5,7,6,0
"914",66,1,0,0,3,2,0,3,NA,6,1
"915",66,1,0,1,3,2,1,9,8,5,3
"916",66,1,0,0,3,2,0,2,7,6,5
"917",66,1,0,0,3,2,0,4,6,5,2
"918",66,1,0,0,3,2,1,8,8,7,6
"919",67,1,0,0,6,6,1,8,7,5,1
"920",67,1,0,0,6,6,0,5,7,1,0
"921",67,1,0,0,6,6,0,NA,NA,NA,NA
"922",67,1,0,0,6,6,0,NA,NA,NA,NA
"923",67,1,0,1,6,6,0,6,5,5,7
"924",67,1,0,0,6,6,0,0,5,5,6
"925",67,1,1,0,6,6,1,10,10,10,4
"926",67,1,1,0,6,6,1,5,5,5,2
"927",67,1,0,0,6,6,0,6,8,5,5
"928",67,1,0,1,6,6,1,7,7,5,1
"929",68,1,0,0,1,5,0,6,5,0,4
"930",68,1,0,0,1,5,0,5,6,0,5
"931",68,1,0,0,1,5,0,6,5,0,NA
"932",68,1,0,0,1,5,0,5,6,0,NA
"933",68,1,0,0,1,5,0,3,5,5,2
"934",68,1,0,0,1,5,0,4,6,0,1
"935",68,1,0,0,1,5,1,8,6,3,1
"936",68,1,0,0,1,5,0,4,7,5,3
"937",68,1,0,0,1,5,0,3,6,0,0
"938",68,1,0,0,1,5,0,6,6,5,4
"939",69,1,1,1,2,6,1,7,5,4,5
"940",69,1,0,1,2,6,0,4,7,2,6
"941",69,1,0,0,2,6,0,4,4,1,NA
"942",69,1,0,0,2,6,0,5,6,4,NA
"943",69,1,0,0,2,6,0,4,7,3,1
"944",69,1,0,1,2,6,0,2,8,4,0
"945",69,1,1,0,2,6,1,8,8,4,2
"946",69,1,0,0,2,6,0,1,8,3,4
"947",69,1,0,0,2,6,0,4,8,3,1
"948",69,1,0,0,2,6,0,5,5,4,5
"949",70,1,1,1,2,5,1,8,7,3,3
"950",70,1,0,1,2,5,0,5,7,2,4
"951",70,1,0,0,2,5,0,6,7,2,NA
"952",70,1,0,0,2,5,0,NA,NA,NA,NA
"953",70,1,0,0,2,5,0,6,6,2,3
"954",70,1,0,1,2,5,0,5,9,2,2
"955",70,1,0,0,2,5,0,8,7,2,0
"956",70,1,0,0,2,5,0,5,9,2,2
"957",70,1,0,0,2,5,0,6,9,2,1
"958",70,1,0,0,2,5,0,7,7,3,3
"959",71,1,0,1,2,5,1,9,8,1,2
"960",71,1,1,1,2,5,1,6,8,3,1
"961",71,1,1,0,2,5,1,6,6,2,NA
"962",71,1,0,0,2,5,0,NA,NA,NA,NA
"963",71,1,0,0,2,5,0,4,6,0,8
"964",71,1,1,1,2,5,1,6,8,0,7
"965",71,1,0,0,2,5,0,10,8,0,5
"966",71,1,0,0,2,5,0,6,6,0,3
"967",71,1,0,0,2,5,0,7,9,0,6
"968",71,1,0,0,2,5,1,8,9,1,2
"969",72,1,0,1,2,5,1,7,7,7,1
"970",72,1,0,1,2,5,0,5,8,6,0
"971",72,1,0,0,2,5,1,6,7,4,NA
"972",72,1,0,0,2,5,0,6,7,3,NA
"973",72,1,0,0,2,5,0,5,7,6,7
"974",72,1,0,1,2,5,0,5,7,7,6
"975",72,1,0,0,2,5,1,7,7,5,4
"976",72,1,0,0,2,5,0,5,8,6,2
"977",72,1,0,0,2,5,0,6,8,5,5
"978",72,1,0,0,2,5,0,5,7,7,1
"979",73,1,0,1,2,6,0,7,6,5,1
"980",73,1,0,1,2,6,0,6,6,6,0
"981",73,1,0,0,2,6,0,5,7,4,NA
"982",73,1,0,0,2,6,0,NA,NA,NA,NA
"983",73,1,0,0,2,6,0,4,6,7,7
"984",73,1,0,1,2,6,0,3,7,3,6
"985",73,1,0,0,2,6,1,7,7,6,4
"986",73,1,0,0,2,6,0,4,7,7,2
"987",73,1,0,0,2,6,0,3,6,1,5
"988",73,1,0,0,2,6,0,6,7,5,1
"989",74,1,0,1,2,5,0,8,8,1,2
"990",74,1,0,1,2,5,0,7,6,2,3
"991",74,1,1,0,2,5,1,8,7,6,NA
"992",74,1,0,0,2,5,0,7,7,1,NA
"993",74,1,0,0,2,5,0,6,8,1,4
"994",74,1,0,1,2,5,0,5,10,6,3
"995",74,1,1,0,2,5,1,10,9,6,1
"996",74,1,0,0,2,5,0,7,7,3,1
"997",74,1,0,0,2,5,1,8,7,7,2
"998",74,1,0,0,2,5,0,7,8,3,2
"999",75,1,0,0,6,6,1,8,6,5,1
"1000",75,1,0,0,6,6,1,6,7,5,2
"1001",75,1,0,0,6,6,1,7,6,5,NA
"1002",75,1,0,0,6,6,0,NA,NA,NA,NA
"1003",75,1,0,1,6,6,1,5,7,5,5
"1004",75,1,1,0,6,6,1,6,8,6,4
"1005",75,1,0,0,6,6,1,6,6,5,2
"1006",75,1,0,0,6,6,0,5,6,5,0
"1007",75,1,1,0,6,6,1,6,7,7,3
"1008",75,1,0,1,6,6,1,6,6,7,1
"1009",76,0,1,0,2,2,1,5,5,5,6
"1010",76,0,0,1,2,2,0,4,5,2,8
"1011",76,0,0,0,2,2,0,2,4,2,8
"1012",76,0,0,1,2,2,1,10,10,7,5
"1013",76,0,0,1,2,2,0,2,5,2,5
"1014",76,0,0,1,2,2,1,6,8,2,6
"1015",76,0,0,0,2,2,0,1,NA,1,4
"1016",76,0,0,0,2,2,0,1,5,2,12
"1017",76,0,0,1,2,2,0,1,8,2,2
"1018",76,0,0,1,2,2,0,6,5,2,8
"1019",76,0,0,1,2,2,0,2,5,2,7
"1020",76,0,1,0,2,2,1,5,8,5,9
"1021",76,0,0,0,2,2,1,4,8,5,12
"1022",76,0,1,1,2,2,1,8,7,5,13
"1023",76,0,0,1,2,2,1,5,5,5,10
"1024",76,0,1,0,2,2,1,5,6,5,9
"1025",76,0,1,1,2,2,1,5,6,5,6
"1026",76,0,0,0,2,2,1,2,8,5,7
"1027",77,0,1,0,2,1,1,4,8,4,6
"1028",77,0,0,1,2,1,0,4,6,6,4
"1029",77,0,0,0,2,1,0,4,7,1,4
"1030",77,0,1,1,2,1,1,6,6,4,7
"1031",77,0,1,1,2,1,1,8,9,5,17
"1032",77,0,1,1,2,1,1,10,8,5,6
"1033",77,0,0,0,2,1,0,4,6,7,8
"1034",77,0,0,0,2,1,0,3,6,6,0
"1035",77,0,0,1,2,1,1,6,6,6,10
"1036",77,0,0,1,2,1,1,9,7,5,4
"1037",77,0,0,1,2,1,0,6,5,3,5
"1038",77,0,1,0,2,1,1,7,8,5,3
"1039",77,0,0,0,2,1,0,5,7,5,0
"1040",77,0,1,1,2,1,1,9,9,7,1
"1041",77,0,0,1,2,1,1,9,7,6,2
"1042",77,0,0,0,2,1,0,6,7,4,3
"1043",77,0,0,1,2,1,1,8,8,4,6
"1044",77,0,0,0,2,1,0,4,7,2,5
"1045",78,0,0,0,3,2,0,4,9,1,5
"1046",78,0,0,0,3,2,0,2,9,1,3
"1047",78,0,0,1,3,2,0,2,9,2,3
"1048",78,0,0,0,3,2,0,9,9,1,6
"1049",78,0,0,0,3,2,0,7,9,2,16
"1050",78,0,0,0,3,2,1,7,9,2,5
"1051",78,0,0,0,3,2,0,2,9,1,7
"1052",78,0,0,0,3,2,0,2,9,2,1
"1053",78,0,0,0,3,2,0,3,8,2,9
"1054",78,0,0,0,3,2,1,5,9,2,3
"1055",78,0,0,0,3,2,0,9,9,1,4
"1056",78,0,0,0,3,2,1,7,9,1,2
"1057",78,0,1,1,3,2,1,5,9,1,1
"1058",78,0,1,0,3,2,1,9,9,1,2
"1059",78,0,0,0,3,2,0,7,7,1,1
"1060",78,0,1,0,3,2,1,7,10,3,2
"1061",78,0,0,0,3,2,0,2,5,1,5
"1062",78,0,0,0,3,2,0,5,9,2,4
"1063",79,0,0,1,4,2,0,5,7,5,2
"1064",79,0,0,0,4,2,0,5,6,5,0
"1065",79,0,0,0,4,2,0,7,7,5,0
"1066",79,0,0,0,4,2,1,7,7,5,3
"1067",79,0,0,0,4,2,0,2,2,2,13
"1068",79,0,0,0,4,2,0,7,7,5,2
"1069",79,0,0,0,4,2,0,4,6,5,4
"1070",79,0,0,1,4,2,0,4,6,5,4
"1071",79,0,0,0,4,2,0,2,2,2,6
"1072",79,0,0,0,4,2,0,5,5,5,0
"1073",79,0,1,0,4,2,1,NA,7,6,1
"1074",79,0,0,0,4,2,1,6,6,5,1
"1075",79,0,0,0,4,2,0,5,5,5,4
"1076",79,0,1,0,4,2,1,5,7,5,5
"1077",79,0,1,0,4,2,1,6,6,5,2
"1078",79,0,0,1,4,2,0,5,5,5,1
"1079",79,0,0,0,4,2,0,4,4,4,2
"1080",79,0,0,1,4,2,0,6,6,5,1
"1081",80,0,0,1,4,1,0,1,8,5,1
"1082",80,0,0,0,4,1,0,7,9,8,1
"1083",80,0,0,0,4,1,0,6,8,8,1
"1084",80,0,0,0,4,1,1,8,8,7,2
"1085",80,0,0,0,4,1,0,6,7,6,12
"1086",80,0,0,0,4,1,1,8,8,2,1
"1087",80,0,0,0,4,1,0,6,8,7,3
"1088",80,0,0,1,4,1,0,6,7,8,5
"1089",80,0,1,0,4,1,1,8,8,8,5
"1090",80,0,0,0,4,1,1,7,8,7,1
"1091",80,0,0,0,4,1,1,8,8,7,0
"1092",80,0,1,0,4,1,1,8,9,8,2
"1093",80,0,0,0,4,1,0,7,8,6,5
"1094",80,0,0,0,4,1,0,6,8,9,6
"1095",80,0,0,0,4,1,1,8,8,8,3
"1096",80,0,1,1,4,1,1,8,8,8,2
"1097",80,0,0,0,4,1,0,6,8,7,1
"1098",80,0,0,1,4,1,0,7,8,8,0
"1099",81,0,0,0,2,5,0,2,10,8,0
"1100",81,0,0,1,2,5,0,3,7,8,2
"1101",81,0,0,0,2,5,0,2,8,6,2
"1102",81,0,0,1,2,5,0,8,9,5,1
"1103",81,0,0,1,2,5,0,7,6,2,11
"1104",81,0,1,1,2,5,1,8,8,7,0
"1105",81,0,0,0,2,5,0,3,8,8,2
"1106",81,0,0,0,2,5,0,3,9,3,6
"1107",81,0,0,1,2,5,0,2,10,5,4
"1108",81,0,0,1,2,5,0,4,8,8,2
"1109",81,0,1,1,2,5,1,6,8,8,1
"1110",81,0,0,0,2,5,0,9,9,7,3
"1111",81,0,0,0,2,5,0,4,8,2,6
"1112",81,0,0,1,2,5,0,2,6,10,7
"1113",81,0,1,1,2,5,1,7,7,9,4
"1114",81,0,0,0,2,5,0,6,8,7,3
"1115",81,0,0,1,2,5,0,6,7,2,0
"1116",81,0,0,0,2,5,0,4,9,8,1
"1117",82,0,1,0,6,1,1,7,10,8,3
"1118",82,0,0,0,6,1,0,4,7,7,1
"1119",82,0,0,0,6,1,0,5,8,8,1
"1120",82,0,0,0,6,1,0,8,10,7,4
"1121",82,0,0,0,6,1,0,7,7,7,14
"1122",82,0,1,0,6,1,1,8,10,8,3
"1123",82,0,0,1,6,1,1,5,10,8,5
"1124",82,0,0,0,6,1,0,5,10,8,3
"1125",82,0,0,0,6,1,0,4,9,8,7
"1126",82,0,0,0,6,1,0,6,8,7,1
"1127",82,0,0,0,6,1,0,8,9,7,2
"1128",82,0,1,0,6,1,1,7,9,8,0
"1129",82,0,0,0,6,1,0,5,9,8,3
"1130",82,0,1,0,6,1,1,7,9,8,4
"1131",82,0,0,0,6,1,1,7,10,8,1
"1132",82,0,1,0,6,1,1,6,10,8,0
"1133",82,0,0,0,6,1,0,7,8,7,3
"1134",82,0,0,0,6,1,0,6,9,8,2
"1135",83,0,0,0,3,2,0,4,7,3,7
"1136",83,0,0,0,3,2,0,5,8,4,9
"1137",83,0,0,1,3,2,0,4,8,2,9
"1138",83,0,0,0,3,2,0,8,7,4,6
"1139",83,0,0,0,3,2,0,5,7,2,4
"1140",83,0,1,0,3,2,1,8,8,4,7
"1141",83,0,0,0,3,2,0,4,7,2,5
"1142",83,0,0,0,3,2,0,5,8,3,13
"1143",83,0,0,0,3,2,0,5,8,3,3
"1144",83,0,0,0,3,2,0,7,8,4,9
"1145",83,0,0,0,3,2,0,7,8,3,8
"1146",83,0,0,0,3,2,0,5,8,3,10
"1147",83,0,0,1,3,2,0,5,8,3,13
"1148",83,0,1,0,3,2,1,8,8,3,14
"1149",83,0,0,0,3,2,0,5,9,4,11
"1150",83,0,0,0,3,2,0,4,8,3,10
"1151",83,0,0,0,3,2,0,4,8,2,7
"1152",83,0,0,0,3,2,0,4,6,3,8
"1153",84,0,0,0,3,2,0,1,0,3,4
"1154",84,0,0,0,3,2,0,5,7,6,6
"1155",84,0,0,1,3,2,0,5,8,4,6
"1156",84,0,0,0,3,2,0,4,7,3,3
"1157",84,0,0,0,3,2,0,5,5,6,7
"1158",84,0,0,0,3,2,1,7,6,5,4
"1159",84,0,0,0,3,2,0,2,7,4,2
"1160",84,0,0,0,3,2,0,3,7,5,10
"1161",84,0,0,0,3,2,0,4,6,3,0
"1162",84,0,0,0,3,2,0,5,5,6,6
"1163",84,0,0,0,3,2,0,6,5,0,5
"1164",84,0,1,0,3,2,1,5,7,5,7
"1165",84,0,0,1,3,2,0,4,8,4,10
"1166",84,0,0,0,3,2,0,4,8,7,11
"1167",84,0,1,0,3,2,1,4,8,7,8
"1168",84,0,0,0,3,2,0,5,9,0,7
"1169",84,0,0,0,3,2,0,4,5,0,4
"1170",84,0,0,0,3,2,0,3,5,4,5
"1171",85,0,0,0,2,2,0,4,4,3,2
"1172",85,0,0,1,2,2,0,5,7,5,4
"1173",85,0,0,0,2,2,0,5,6,3,4
"1174",85,0,0,1,2,2,1,7,7,7,1
"1175",85,0,0,1,2,2,0,8,8,4,9
"1176",85,0,0,1,2,2,1,8,7,6,2
"1177",85,0,0,0,2,2,0,5,8,6,0
"1178",85,0,0,0,2,2,0,4,9,4,8
"1179",85,0,0,1,2,2,0,5,8,5,2
"1180",85,0,0,1,2,2,0,8,7,6,4
"1181",85,0,0,1,2,2,1,7,8,5,3
"1182",85,0,0,0,2,2,0,8,8,4,5
"1183",85,0,0,0,2,2,0,6,7,5,8
"1184",85,0,1,1,2,2,1,7,6,6,9
"1185",85,0,0,1,2,2,0,6,6,5,6
"1186",85,0,0,0,2,2,0,6,7,6,5
"1187",85,0,0,1,2,2,0,5,5,5,2
"1188",85,0,0,0,2,2,0,6,6,6,3
"1189",86,0,0,0,2,2,0,5,8,5,6
"1190",86,0,0,1,2,2,0,6,6,6,4
"1191",86,0,0,0,2,2,0,6,7,5,4
"1192",86,0,1,1,2,2,1,7,7,5,7
"1193",86,0,0,1,2,2,0,7,7,5,17
"1194",86,0,0,1,2,2,1,7,6,5,6
"1195",86,0,1,0,2,2,1,7,6,5,8
"1196",86,0,0,0,2,2,0,6,7,6,0
"1197",86,0,0,1,2,2,0,5,6,4,10
"1198",86,0,0,1,2,2,0,7,6,4,4
"1199",86,0,1,1,2,2,1,9,7,5,5
"1200",86,0,1,0,2,2,1,7,8,6,3
"1201",86,0,0,0,2,2,1,5,7,7,0
"1202",86,0,1,1,2,2,1,10,7,2,1
"1203",86,0,1,1,2,2,1,10,6,4,2
"1204",86,0,1,0,2,2,1,6,7,5,3
"1205",86,0,1,1,2,2,1,8,7,6,6
"1206",86,0,0,0,2,2,0,4,5,5,5
"1207",87,0,0,0,2,1,0,2,2,4,5
"1208",87,0,0,1,2,1,0,2,2,5,3
"1209",87,0,0,0,2,1,0,3,6,7,3
"1210",87,0,0,1,2,1,0,3,6,6,6
"1211",87,0,0,1,2,1,0,2,8,4,16
"1212",87,0,1,1,2,1,1,8,7,8,5
"1213",87,0,0,0,2,1,0,3,9,9,7
"1214",87,0,0,0,2,1,0,1,4,7,1
"1215",87,0,0,1,2,1,0,2,4,7,9
"1216",87,0,0,1,2,1,0,3,6,6,3
"1217",87,0,0,1,2,1,0,2,4,5,4
"1218",87,0,0,0,2,1,0,1,7,5,2
"1219",87,0,0,0,2,1,0,2,5,6,1
"1220",87,0,1,1,2,1,1,8,8,8,2
"1221",87,0,0,1,2,1,0,7,7,9,1
"1222",87,0,0,0,2,1,0,2,7,5,2
"1223",87,0,0,1,2,1,0,4,6,7,5
"1224",87,0,0,0,2,1,0,2,7,7,4
"1225",88,0,0,0,2,1,0,1,10,2,5
"1226",88,0,0,1,2,1,0,2,10,8,3
"1227",88,0,0,0,2,1,0,3,9,5,3
"1228",88,0,0,1,2,1,0,6,10,5,6
"1229",88,0,0,1,2,1,0,3,10,8,16
"1230",88,0,0,1,2,1,1,8,10,8,5
"1231",88,0,0,0,2,1,0,4,10,8,7
"1232",88,0,0,0,2,1,0,3,10,4,1
"1233",88,0,0,1,2,1,0,2,10,4,9
"1234",88,0,0,1,2,1,0,6,7,7,3
"1235",88,0,0,1,2,1,0,6,10,7,4
"1236",88,0,0,0,2,1,0,6,10,6,2
"1237",88,0,0,0,2,1,0,2,10,2,1
"1238",88,0,0,1,2,1,0,3,10,8,2
"1239",88,0,0,1,2,1,0,8,10,8,1
"1240",88,0,0,0,2,1,0,5,10,9,2
"1241",88,0,0,1,2,1,0,4,10,8,5
"1242",88,0,0,0,2,1,0,2,10,7,4
"1243",89,0,0,0,2,1,0,6,8,5,1
"1244",89,0,0,1,2,1,0,6,8,5,1
"1245",89,0,0,0,2,1,0,6,9,5,1
"1246",89,0,0,1,2,1,0,7,9,5,2
"1247",89,0,0,1,2,1,0,6,7,5,12
"1248",89,0,1,1,2,1,1,9,9,10,1
"1249",89,0,0,0,2,1,1,8,10,10,3
"1250",89,0,0,0,2,1,0,5,8,5,5
"1251",89,0,0,1,2,1,0,6,9,5,5
"1252",89,0,0,1,2,1,0,8,8,5,1
"1253",89,0,1,1,2,1,1,9,9,5,0
"1254",89,0,0,0,2,1,0,6,9,5,2
"1255",89,0,0,0,2,1,0,8,10,5,5
"1256",89,0,0,1,2,1,0,9,10,5,6
"1257",89,0,0,1,2,1,0,9,8,5,3
"1258",89,0,0,0,2,1,0,8,10,5,2
"1259",89,0,0,1,2,1,0,7,10,5,1
"1260",89,0,0,0,2,1,0,7,10,5,0
"1261",90,0,0,1,4,2,0,0,5,0,5
"1262",90,0,0,0,4,2,1,8,7,3,3
"1263",90,0,0,0,4,2,0,5,6,0,3
"1264",90,0,0,0,4,2,1,7,8,3,6
"1265",90,0,0,0,4,2,0,6,6,0,16
"1266",90,0,0,0,4,2,1,7,7,4,5
"1267",90,0,0,0,4,2,1,5,8,1,7
"1268",90,0,0,1,4,2,0,4,8,1,1
"1269",90,0,0,0,4,2,0,5,6,4,9
"1270",90,0,0,0,4,2,0,4,5,0,3
"1271",90,0,0,0,4,2,1,10,10,0,4
"1272",90,0,0,0,4,2,0,5,6,4,2
"1273",90,0,0,0,4,2,1,6,7,3,1
"1274",90,0,0,0,4,2,1,6,8,0,2
"1275",90,0,0,0,4,2,1,7,6,2,1
"1276",90,0,1,1,4,2,1,6,7,2,2
"1277",90,0,0,0,4,2,0,6,6,0,5
"1278",90,0,0,1,4,2,0,6,7,4,4
"1279",91,0,0,0,6,1,0,5,7,3,3
"1280",91,0,0,0,6,1,0,5,6,5,1
"1281",91,0,0,0,6,1,0,4,6,2,1
"1282",91,0,1,0,6,1,1,6,8,2,4
"1283",91,0,0,0,6,1,0,6,8,2,14
"1284",91,0,1,0,6,1,1,8,8,6,3
"1285",91,0,0,1,6,1,0,6,8,2,5
"1286",91,0,0,0,6,1,0,4,8,2,3
"1287",91,0,0,0,6,1,0,4,7,2,7
"1288",91,0,1,0,6,1,1,7,8,3,1
"1289",91,0,0,0,6,1,1,7,7,2,2
"1290",91,0,1,0,6,1,1,7,10,8,0
"1291",91,0,1,0,6,1,1,5,8,5,3
"1292",91,0,1,0,6,1,1,8,8,5,4
"1293",91,0,0,0,6,1,0,9,8,2,1
"1294",91,0,1,0,6,1,1,6,8,3,0
"1295",91,0,1,0,6,1,1,6,8,3,3
"1296",91,0,0,0,6,1,0,5,8,2,2
"1297",92,0,0,0,2,5,0,4,9,3,1
"1298",92,0,0,1,2,5,0,4,9,5,3
"1299",92,0,0,0,2,5,0,3,10,7,3
"1300",92,0,1,1,2,5,1,10,10,8,0
"1301",92,0,1,1,2,5,1,8,8,7,10
"1302",92,0,1,1,2,5,1,10,9,9,1
"1303",92,0,0,0,2,5,0,6,9,6,1
"1304",92,0,0,0,2,5,0,6,10,9,7
"1305",92,0,0,1,2,5,0,4,9,5,3
"1306",92,0,0,1,2,5,0,8,8,3,3
"1307",92,0,0,1,2,5,0,8,8,5,2
"1308",92,0,1,0,2,5,1,7,9,6,4
"1309",92,0,0,0,2,5,0,7,8,6,7
"1310",92,0,1,1,2,5,1,8,9,8,8
"1311",92,0,0,1,2,5,1,8,10,9,5
"1312",92,0,1,0,2,5,1,7,9,8,4
"1313",92,0,1,1,2,5,1,6,9,8,1
"1314",92,0,0,0,2,5,0,6,8,5,2
"1315",93,0,0,0,2,1,0,6,7,5,1
"1316",93,0,1,1,2,1,1,7,7,6,3
"1317",93,0,0,0,2,1,0,7,7,4,3
"1318",93,0,1,1,2,1,1,8,8,6,0
"1319",93,0,0,1,2,1,0,6,6,4,10
"1320",93,0,0,1,2,1,1,7,7,NA,1
"1321",93,0,1,0,2,1,1,7,7,6,1
"1322",93,0,0,0,2,1,0,7,7,6,7
"1323",93,0,0,1,2,1,0,6,7,6,3
"1324",93,0,0,1,2,1,1,7,7,6,3
"1325",93,0,1,1,2,1,1,8,7,6,2
"1326",93,0,0,0,2,1,0,7,7,6,4
"1327",93,0,0,0,2,1,0,7,7,6,7
"1328",93,0,0,1,2,1,0,7,7,6,8
"1329",93,0,0,1,2,1,0,7,7,4,5
"1330",93,0,0,0,2,1,0,7,7,6,4
"1331",93,0,0,1,2,1,0,7,7,6,1
"1332",93,0,0,0,2,1,1,7,7,7,2
"1333",94,1,1,0,4,2,1,6,6,7,6
"1334",94,1,1,0,4,2,1,8,7,7,6
"1335",94,1,0,0,4,2,0,7,6,3,5
"1336",94,1,0,1,4,2,0,7,8,6,2
"1337",94,1,0,1,4,2,0,6,7,5,1
"1338",94,1,0,0,4,2,1,9,8,6,0
"1339",94,1,1,0,4,2,1,9,8,7,3
"1340",94,1,0,0,4,2,1,7,7,5,7
"1341",94,1,0,0,4,2,0,6,6,5,4
"1342",94,1,0,0,4,2,0,7,7,5,2
"1343",94,1,0,0,4,2,1,6,8,7,6
"1344",94,1,0,0,4,2,0,7,7,7,5
"1345",94,1,0,0,4,2,0,7,6,5,5
"1346",94,1,0,0,4,2,0,5,5,5,1
"1347",94,1,0,1,4,2,0,5,9,3,5
"1348",94,1,0,0,4,2,1,9,8,5,3
"1349",94,1,0,0,4,2,0,9,8,5,1
"1350",94,1,0,0,4,2,1,7,9,5,1
"1351",95,1,0,1,2,1,0,6,7,4,8
"1352",95,1,0,1,2,1,0,4,5,4,4
"1353",95,1,0,0,2,1,0,5,7,3,3
"1354",95,1,0,0,2,1,0,4,7,3,0
"1355",95,1,0,0,2,1,0,5,7,3,1
"1356",95,1,0,1,2,1,1,6,6,5,2
"1357",95,1,0,0,2,1,0,4,5,6,1
"1358",95,1,0,0,2,1,1,7,8,5,9
"1359",95,1,0,0,2,1,0,5,6,4,6
"1360",95,1,0,1,2,1,0,5,6,3,4
"1361",95,1,0,1,2,1,1,8,8,8,4
"1362",95,1,0,1,2,1,0,6,6,4,3
"1363",95,1,0,1,2,1,1,6,7,6,3
"1364",95,1,0,1,2,1,0,3,6,1,1
"1365",95,1,0,0,2,1,0,3,5,2,3
"1366",95,1,0,0,2,1,1,7,8,6,1
"1367",95,1,0,1,2,1,1,6,7,4,3
"1368",95,1,1,1,2,1,1,5,7,5,3
"1369",96,1,0,0,3,1,1,6,7,7,8
"1370",96,1,0,0,3,1,0,7,7,5,4
"1371",96,1,0,1,3,1,0,6,6,6,3
"1372",96,1,0,0,3,1,1,8,9,8,0
"1373",96,1,0,0,3,1,0,6,7,7,1
"1374",96,1,0,0,3,1,1,7,7,6,2
"1375",96,1,0,0,3,1,1,7,8,8,1
"1376",96,1,0,1,3,1,0,7,7,6,9
"1377",96,1,0,1,3,1,1,7,8,7,6
"1378",96,1,0,0,3,1,1,7,7,6,4
"1379",96,1,0,0,3,1,1,8,9,7,4
"1380",96,1,0,0,3,1,0,7,6,5,3
"1381",96,1,0,0,3,1,0,7,7,5,3
"1382",96,1,0,0,3,1,1,6,7,7,1
"1383",96,1,0,0,3,1,0,6,7,7,3
"1384",96,1,0,0,3,1,1,8,8,7,1
"1385",96,1,0,0,3,1,0,7,7,6,3
"1386",96,1,0,0,3,1,1,7,8,7,3
"1387",97,1,0,1,2,2,0,4,7,7,5
"1388",97,1,1,1,2,2,1,6,9,4,7
"1389",97,1,0,0,2,2,0,8,8,5,6
"1390",97,1,0,0,2,2,0,5,8,6,3
"1391",97,1,0,0,2,2,0,4,7,5,2
"1392",97,1,0,1,2,2,0,7,8,7,1
"1393",97,1,0,0,2,2,0,5,6,6,4
"1394",97,1,0,0,2,2,1,7,7,NA,6
"1395",97,1,0,0,2,2,1,7,7,5,3
"1396",97,1,0,1,2,2,0,6,6,7,1
"1397",97,1,1,1,2,2,1,8,8,7,7
"1398",97,1,0,1,2,2,1,8,7,4,6
"1399",97,1,0,1,2,2,0,6,6,NA,6
"1400",97,1,0,1,2,2,1,8,7,5,2
"1401",97,1,0,0,2,2,0,3,8,5,6
"1402",97,1,1,0,2,2,1,8,8,5,4
"1403",97,1,1,1,2,2,1,8,8,5,0
"1404",97,1,1,1,2,2,1,8,8,7,0
"1405",98,1,0,1,2,4,1,10,10,2,5
"1406",98,1,1,1,2,4,1,10,10,2,17
"1407",98,1,0,0,2,4,1,10,10,3,16
"1408",98,1,0,0,2,4,1,10,10,3,13
"1409",98,1,0,0,2,4,1,10,10,3,12
"1410",98,1,0,1,2,4,1,10,10,2,11
"1411",98,1,0,0,2,4,1,10,10,4,14
"1412",98,1,0,0,2,4,1,10,10,3,4
"1413",98,1,0,0,2,4,1,10,10,4,7
"1414",98,1,0,1,2,4,1,10,10,4,9
"1415",98,1,0,1,2,4,1,10,10,4,17
"1416",98,1,0,1,2,4,1,10,10,3,16
"1417",98,1,0,1,2,4,1,10,10,4,16
"1418",98,1,0,1,2,4,1,10,10,2,12
"1419",98,1,0,0,2,4,1,10,10,3,16
"1420",98,1,0,0,2,4,1,10,10,3,14
"1421",98,1,1,1,2,4,1,10,10,3,10
"1422",98,1,0,1,2,4,1,10,10,3,10
"1423",99,1,0,1,2,3,0,4,8,9,6
"1424",99,1,1,1,2,3,1,8,9,9,6
"1425",99,1,0,0,2,3,0,4,3,5,5
"1426",99,1,0,0,2,3,1,6,8,9,2
"1427",99,1,0,0,2,3,0,5,6,6,1
"1428",99,1,1,1,2,3,1,8,7,9,0
"1429",99,1,1,0,2,3,1,4,7,8,3
"1430",99,1,1,0,2,3,1,6,8,9,7
"1431",99,1,0,0,2,3,0,4,7,7,4
"1432",99,1,0,1,2,3,0,5,9,6,2
"1433",99,1,0,1,2,3,0,5,7,8,6
"1434",99,1,1,1,2,3,1,8,8,9,5
"1435",99,1,0,1,2,3,0,6,5,9,5
"1436",99,1,1,1,2,3,1,9,8,9,1
"1437",99,1,0,0,2,3,0,6,8,6,5
"1438",99,1,1,0,2,3,1,9,8,9,3
"1439",99,1,1,1,2,3,1,6,8,9,1
"1440",99,1,0,1,2,3,0,5,7,9,1
"1441",100,1,0,0,6,1,0,4,8,5,4
"1442",100,1,0,0,6,1,0,8,6,4,8
"1443",100,1,0,0,6,1,1,8,7,6,7
"1444",100,1,0,0,6,1,0,4,8,4,4
"1445",100,1,0,0,6,1,0,6,8,2,3
"1446",100,1,0,0,6,1,1,9,9,3,2
"1447",100,1,0,1,6,1,0,6,9,5,5
"1448",100,1,0,0,6,1,0,5,8,8,5
"1449",100,1,0,0,6,1,0,5,9,6,2
"1450",100,1,0,0,6,1,0,7,9,8,0
"1451",100,1,1,0,6,1,1,8,9,3,8
"1452",100,1,0,0,6,1,1,6,8,9,7
"1453",100,1,0,0,6,1,0,7,9,5,7
"1454",100,1,0,0,6,1,0,9,8,9,3
"1455",100,1,0,0,6,1,0,8,7,1,7
"1456",100,1,0,1,6,1,1,9,9,5,5
"1457",100,1,0,0,6,1,0,9,8,3,1
"1458",100,1,1,0,6,1,1,8,10,6,1
"1459",101,1,0,0,4,3,1,7,8,4,12
"1460",101,1,0,0,4,3,0,7,6,3,0
"1461",101,1,0,0,4,3,0,7,6,2,1
"1462",101,1,0,1,4,3,1,6,8,6,4
"1463",101,1,0,1,4,3,1,6,7,6,5
"1464",101,1,0,0,4,3,1,8,7,5,6
"1465",101,1,0,0,4,3,1,9,8,6,3
"1466",101,1,0,0,4,3,1,8,8,6,13
"1467",101,1,0,0,4,3,1,8,8,5,10
"1468",101,1,0,0,4,3,1,7,7,6,8
"1469",101,1,0,0,4,3,1,9,8,6,0
"1470",101,1,0,0,4,3,0,8,6,3,1
"1471",101,1,0,0,4,3,0,8,8,4,1
"1472",101,1,0,0,4,3,0,8,9,2,5
"1473",101,1,0,1,4,3,1,6,9,5,1
"1474",101,1,0,0,4,3,1,8,7,6,3
"1475",101,1,0,0,4,3,1,9,8,5,7
"1476",101,1,0,0,4,3,1,9,8,6,7
"1477",102,1,0,1,2,1,1,5,8,8,2
"1478",102,1,0,1,2,1,0,4,6,6,10
"1479",102,1,0,0,2,1,0,5,6,5,9
"1480",102,1,0,0,2,1,0,4,4,4,6
"1481",102,1,1,0,2,1,1,10,8,5,5
"1482",102,1,0,1,2,1,1,10,7,5,4
"1483",102,1,0,0,2,1,1,6,8,7,7
"1484",102,1,0,0,2,1,1,10,8,8,3
"1485",102,1,0,0,2,1,1,9,7,8,0
"1486",102,1,0,1,2,1,0,5,7,6,2
"1487",102,1,0,1,2,1,1,6,8,7,10
"1488",102,1,0,1,2,1,1,8,6,4,9
"1489",102,1,0,1,2,1,0,5,6,6,9
"1490",102,1,0,1,2,1,0,3,7,5,5
"1491",102,1,0,0,2,1,0,3,7,5,9
"1492",102,1,0,0,2,1,1,7,8,7,7
"1493",102,1,0,1,2,1,1,7,8,7,3
"1494",102,1,0,1,2,1,1,7,7,6,3
"1495",103,1,0,1,2,2,0,6,9,5,8
"1496",103,1,0,1,2,2,0,6,7,4,4
"1497",103,1,0,0,2,2,0,6,6,4,3
"1498",103,1,0,0,2,2,0,5,8,5,0
"1499",103,1,0,0,2,2,0,7,8,5,1
"1500",103,1,0,1,2,2,1,8,8,7,2
"1501",103,1,0,0,2,2,0,6,6,4,1
"1502",103,1,0,0,2,2,1,8,8,6,9
"1503",103,1,0,0,2,2,0,7,9,5,6
"1504",103,1,0,1,2,2,0,6,8,5,4
"1505",103,1,0,1,2,2,0,6,7,5,4
"1506",103,1,0,1,2,2,1,8,7,7,3
"1507",103,1,0,1,2,2,0,7,7,5,3
"1508",103,1,0,1,2,2,1,8,8,6,1
"1509",103,1,0,0,2,2,0,6,8,3,3
"1510",103,1,1,0,2,2,1,8,8,6,1
"1511",103,1,0,1,2,2,0,6,6,3,3
"1512",103,1,0,1,2,2,0,6,7,5,3
"1513",104,1,0,1,2,2,0,6,7,5,7
"1514",104,1,0,1,2,2,0,6,6,4,5
"1515",104,1,0,0,2,2,0,6,6,2,4
"1516",104,1,1,0,2,2,1,6,7,6,1
"1517",104,1,0,0,2,2,0,6,8,5,0
"1518",104,1,1,1,2,2,1,8,7,4,1
"1519",104,1,0,0,2,2,1,7,7,7,2
"1520",104,1,0,0,2,2,1,7,6,5,8
"1521",104,1,0,0,2,2,0,6,6,4,5
"1522",104,1,0,1,2,2,0,6,6,2,3
"1523",104,1,1,1,2,2,1,7,7,7,5
"1524",104,1,0,1,2,2,0,7,6,4,4
"1525",104,1,0,1,2,2,0,6,6,3,4
"1526",104,1,1,1,2,2,1,7,7,7,0
"1527",104,1,0,0,2,2,0,10,10,1,4
"1528",104,1,0,0,2,2,0,8,7,5,2
"1529",104,1,0,1,2,2,1,9,6,5,2
"1530",104,1,1,1,2,2,1,7,6,5,2
"1531",105,1,1,0,1,2,1,7,8,4,9
"1532",105,1,1,0,1,2,1,8,8,3,3
"1533",105,1,0,0,1,2,0,5,8,2,2
"1534",105,1,0,0,1,2,0,5,8,2,1
"1535",105,1,1,0,1,2,1,6,9,1,2
"1536",105,1,0,0,1,2,1,8,9,1,3
"1537",105,1,1,0,1,2,1,8,7,4,0
"1538",105,1,0,0,1,2,1,8,8,3,10
"1539",105,1,1,0,1,2,1,7,9,4,7
"1540",105,1,0,0,1,2,1,7,8,4,5
"1541",105,1,1,0,1,2,1,8,8,5,3
"1542",105,1,0,0,1,2,1,8,7,1,2
"1543",105,1,0,0,1,2,1,7,8,5,2
"1544",105,1,0,0,1,2,1,7,9,5,2
"1545",105,1,0,0,1,2,0,6,7,3,2
"1546",105,1,1,0,1,2,1,8,10,10,0
"1547",105,1,1,0,1,2,1,8,8,3,4
"1548",105,1,0,0,1,2,1,8,8,4,4
"1549",106,1,0,0,3,5,0,8,7,2,12
"1550",106,1,0,0,3,5,1,7,7,5,0
"1551",106,1,1,1,3,5,1,10,10,2,1
"1552",106,1,0,0,3,5,1,8,10,2,4
"1553",106,1,0,0,3,5,0,8,7,3,5
"1554",106,1,0,0,3,5,0,9,6,7,6
"1555",106,1,0,0,3,5,0,6,5,6,3
"1556",106,1,0,1,3,5,1,10,10,7,13
"1557",106,1,0,1,3,5,1,10,10,6,10
"1558",106,1,0,0,3,5,0,6,6,5,8
"1559",106,1,0,0,3,5,0,8,7,6,0
"1560",106,1,0,0,3,5,0,7,6,2,1
"1561",106,1,0,0,3,5,1,8,8,3,1
"1562",106,1,0,0,3,5,1,8,8,5,5
"1563",106,1,0,0,3,5,0,6,8,7,1
"1564",106,1,1,0,3,5,1,10,10,6,3
"1565",106,1,0,0,3,5,0,6,4,1,7
"1566",106,1,0,0,3,5,1,9,10,6,7
"1567",107,1,1,1,2,1,1,9,9,9,13
"1568",107,1,1,1,2,1,1,6,8,7,1
"1569",107,1,1,0,2,1,1,6.5,6.5,5,2
"1570",107,1,1,0,2,1,1,6,9,5,5
"1571",107,1,0,0,2,1,0,6,8,6.5,6
"1572",107,1,0,1,2,1,1,10,9,7,7
"1573",107,1,1,0,2,1,1,8,8,6.5,4
"1574",107,1,1,0,2,1,1,9,9,9,14
"1575",107,1,0,0,2,1,0,7,8.5,3,11
"1576",107,1,1,1,2,1,1,8,7,6,9
"1577",107,1,1,1,2,1,1,8,8,8,1
"1578",107,1,1,1,2,1,1,9,9,8,2
"1579",107,1,0,1,2,1,1,9,9,8,2
"1580",107,1,0,1,2,1,0,8,9,6,6
"1581",107,1,0,0,2,1,0,7,8,4,2
"1582",107,1,1,0,2,1,1,8,8,9,4
"1583",107,1,1,1,2,1,1,9,9,6,8
"1584",107,1,0,1,2,1,1,7.5,9,6.5,8
"1585",108,1,0,1,2,1,0,7,8,5,10
"1586",108,1,0,1,2,1,0,9,7,2,2
"1587",108,1,0,0,2,1,0,7,5,3,1
"1588",108,1,1,0,2,1,1,7,7,5,2
"1589",108,1,0,0,2,1,0,6,8,6,3
"1590",108,1,1,1,2,1,1,8,6,5,4
"1591",108,1,0,0,2,1,0,6,6,4,1
"1592",108,1,0,0,2,1,0,6,5,5,11
"1593",108,1,1,0,2,1,1,7,9,5,8
"1594",108,1,0,1,2,1,0,7,6,3,6
"1595",108,1,1,1,2,1,1,8,8,2,2
"1596",108,1,0,1,2,1,0,7,6,4,1
"1597",108,1,0,1,2,1,1,8,7,6,1
"1598",108,1,0,1,2,1,0,6,7,3,3
"1599",108,1,0,0,2,1,0,6,7,4,1
"1600",108,1,0,0,2,1,1,8,7,5,1
"1601",108,1,0,1,2,1,0,8,6,4,5
"1602",108,1,0,1,2,1,1,8,7,4,5
"1603",109,1,1,0,4,1,1,8,8,5,9
"1604",109,1,0,0,4,1,1,7,8,5,3
"1605",109,1,1,0,4,1,1,7,8,5,2
"1606",109,1,0,1,4,1,1,7,7,5,1
"1607",109,1,1,1,4,1,1,7,7,5,2
"1608",109,1,0,0,4,1,1,8,8,5,3
"1609",109,1,1,0,4,1,1,7,8,5,0
"1610",109,1,0,0,4,1,1,7,8,5,10
"1611",109,1,0,0,4,1,1,7,8,5,7
"1612",109,1,0,0,4,1,1,7,8,5,5
"1613",109,1,1,0,4,1,1,7,8,5,3
"1614",109,1,0,0,4,1,1,7,8,6,2
"1615",109,1,0,0,4,1,0,7,7,5,2
"1616",109,1,0,0,4,1,0,8,8,5,2
"1617",109,1,1,1,4,1,1,7,8,5,2
"1618",109,1,1,0,4,1,1,10,8,5,0
"1619",109,1,1,0,4,1,1,9,8,5,4
"1620",109,1,0,0,4,1,1,7,8,5,4
"1621",110,1,1,1,2,2,1,6,8,6,6
"1622",110,1,0,1,2,2,0,6,8,3,6
"1623",110,1,0,0,2,2,0,5,7,2,5
"1624",110,1,0,0,2,2,0,5,9,2,2
"1625",110,1,0,0,2,2,0,6,8,2,1
"1626",110,1,0,1,2,2,0,5,8,2,0
"1627",110,1,0,0,2,2,0,6,9,5,3
"1628",110,1,0,0,2,2,0,7,9,3,7
"1629",110,1,0,0,2,2,0,8,7,2,4
"1630",110,1,0,1,2,2,1,6,8,4,2
"1631",110,1,1,1,2,2,1,7,9,6,6
"1632",110,1,0,1,2,2,1,7,8,4,5
"1633",110,1,0,1,2,2,0,6,8,5,5
"1634",110,1,0,1,2,2,0,5,8,6,1
"1635",110,1,0,0,2,2,0,5,8,6,5
"1636",110,1,1,0,2,2,1,8,8,4,3
"1637",110,1,1,1,2,2,1,9,8,6,1
"1638",110,1,0,1,2,2,0,5,8,6,1
"1639",111,1,0,0,4,5,0,3,8,5,7
"1640",111,1,0,0,4,5,0,6,7,5,5
"1641",111,1,0,0,4,5,0,4,5,3,4
"1642",111,1,0,1,4,5,0,3,5,4,1
"1643",111,1,0,1,4,5,0,5,6,4,0
"1644",111,1,0,0,4,5,0,4,7,2,1
"1645",111,1,0,0,4,5,0,5,5,4,2
"1646",111,1,0,0,4,5,0,3,6,4,8
"1647",111,1,0,0,4,5,0,2,6,5,5
"1648",111,1,0,0,4,5,0,3,7,3,3
"1649",111,1,0,0,4,5,0,5,7,3,5
"1650",111,1,0,0,4,5,0,7,7,5,4
"1651",111,1,0,0,4,5,0,6,7,3,4
"1652",111,1,0,0,4,5,0,7,6,3,0
"1653",111,1,0,1,4,5,0,3,5,5,4
"1654",111,1,0,0,4,5,0,8,8,5,2
"1655",111,1,0,0,4,5,0,7,6,4,2
"1656",111,1,0,0,4,5,0,5,7,4,2
"1657",112,0,1,1,6,1,1,7,7,8,2
"1658",112,0,0,0,6,1,0,4,7,5,2
"1659",112,0,0,0,6,1,0,5,6,2,2
"1660",112,0,1,0,6,1,1,7,8,5,1
"1661",112,0,1,0,6,1,1,5,9,5,2
"1662",112,0,1,0,6,1,1,10,7,8,2
"1663",112,0,1,0,6,1,1,9,8,9,1
"1664",112,0,1,0,6,1,1,7,6,7,NA
"1665",112,0,0,0,6,1,1,8,8,5,0
"1666",112,0,0,0,6,1,0,2,6,5,1
"1667",113,0,0,0,2,1,1,8,9,1,1
"1668",113,0,0,0,2,1,0,5,6,6,3
"1669",113,0,0,0,2,1,0,5,8,4,1
"1670",113,0,1,1,2,1,1,10,10,2,0
"1671",113,0,1,1,2,1,1,6,8,7,1
"1672",113,0,0,1,2,1,1,9,8,7,1
"1673",113,0,1,1,2,1,1,6,9,8,0
"1674",113,0,0,1,2,1,0,6,7,8,NA
"1675",113,0,0,0,2,1,1,9,8,7,1
"1676",113,0,0,0,2,1,0,4,8,5,2
"1677",114,0,0,0,1,2,1,7,6,6,2
"1678",114,0,0,0,1,2,1,8,6,7,2
"1679",114,0,0,0,1,2,0,4,4,2,2
"1680",114,0,0,0,1,2,0,7,5,4,1
"1681",114,0,0,0,1,2,0,5,5,5,2
"1682",114,0,0,0,1,2,0,2,2,1,2
"1683",114,0,1,0,1,2,1,8,7,8,1
"1684",114,0,0,0,1,2,0,5,5,5,NA
"1685",114,0,0,0,1,2,1,7,7,6,0
"1686",114,0,0,0,1,2,0,5,4,6,1
"1687",115,0,0,0,2,1,0,10,10,1,1
"1688",115,0,0,0,2,1,0,6,10,8,3
"1689",115,0,0,0,2,1,0,2,10,6,1
"1690",115,0,1,1,2,1,1,10,10,10,0
"1691",115,0,0,1,2,1,0,6,10,8,1
"1692",115,0,1,1,2,1,1,8,9,7,1
"1693",115,0,1,1,2,1,1,9,9,8,0
"1694",115,0,0,1,2,1,0,6,8,8,NA
"1695",115,0,0,0,2,1,0,6,9,8,1
"1696",115,0,0,0,2,1,0,NA,NA,NA,2
"1697",116,0,1,0,2,1,1,10,10,10,1
"1698",116,0,0,0,2,1,1,7,8,7,3
"1699",116,0,0,0,2,1,0,4,8,5,1
"1700",116,0,1,1,2,1,1,10,8,10,0
"1701",116,0,0,1,2,1,0,6,10,6,1
"1702",116,0,1,1,2,1,1,8,6,6,1
"1703",116,0,0,1,2,1,0,7,8,3,0
"1704",116,0,1,1,2,1,1,6,6,7,NA
"1705",116,0,0,0,2,1,1,10,7,7,1
"1706",116,0,0,0,2,1,0,4,7,6,2
"1707",117,0,0,0,2,1,1,10,10,1,1
"1708",117,0,0,0,2,1,0,7,8,2,3
"1709",117,0,0,0,2,1,0,4,7,1,1
"1710",117,0,1,1,2,1,1,10,10,9,0
"1711",117,0,0,1,2,1,0,6,9,4,1
"1712",117,0,0,1,2,1,0,8,7,2,1
"1713",117,0,0,1,2,1,0,7,6,1,0
"1714",117,0,0,1,2,1,0,7,6,1,NA
"1715",117,0,0,0,2,1,0,5,8,1,1
"1716",117,0,0,0,2,1,0,NA,NA,NA,2
"1717",119,0,0,0,3,1,0,3,5,7,3
"1718",119,0,0,0,3,1,1,NA,7,7,1
"1719",119,0,0,0,3,1,0,4,8,7,3
"1720",119,0,1,0,3,1,1,6,8,8,2
"1721",119,0,0,0,3,1,0,5,8,7,3
"1722",119,0,1,0,3,1,1,8,9,9,3
"1723",119,0,1,0,3,1,1,5,NA,7,2
"1724",119,0,1,0,3,1,1,7,9,10,NA
"1725",119,0,1,0,3,1,1,6,8,7,1
"1726",119,0,0,0,3,1,0,2,6,7,0
"1727",120,0,1,0,3,5,1,7,7,8,2
"1728",120,0,0,0,3,5,0,5,6,6,2
"1729",120,0,0,0,3,5,0,2,4,8,2
"1730",120,0,1,0,3,5,1,6,8,7,1
"1731",120,0,0,0,3,5,0,8,8,8,2
"1732",120,0,0,0,3,5,0,9,5,7,2
"1733",120,0,1,0,3,5,1,8,8,5,1
"1734",120,0,0,0,3,5,0,5,2,8,NA
"1735",120,0,1,0,3,5,1,9,9,5,0
"1736",120,0,0,0,3,5,0,7,6,5,1
"1737",121,0,0,0,2,5,1,8,10,1,1
"1738",121,0,0,0,2,5,1,9,7,1,3
"1739",121,0,0,0,2,5,0,4,7,10,1
"1740",121,0,0,1,2,5,1,6,10,1,0
"1741",121,0,0,1,2,5,1,8,10,1,1
"1742",121,0,0,1,2,5,0,4,2,1,1
"1743",121,0,0,1,2,5,1,9,10,1,0
"1744",121,0,0,1,2,5,0,7,7,1,NA
"1745",121,0,0,0,2,5,1,6,5,1,1
"1746",121,0,0,0,2,5,1,7,10,1,2
"1747",122,1,1,1,6,1,1,9,9,7,2
"1748",122,1,0,0,6,1,0,10,10,1,1
"1749",122,1,0,0,6,1,0,6,7,4,2
"1750",122,1,0,0,6,1,0,10,10,1,1
"1751",122,1,1,0,6,1,1,10,10,10,1
"1752",122,1,0,0,6,1,0,10,10,1,1
"1753",122,1,0,0,6,1,1,9,8,6,3
"1754",122,1,1,0,6,1,1,6,7,9,2
"1755",122,1,0,0,6,1,0,6,8,7,1
"1756",122,1,0,0,6,1,0,6,8,4,NA
"1757",123,1,0,0,4,2,1,9,7,2,2
"1758",123,1,0,0,4,2,0,6,5,2,3
"1759",123,1,0,0,4,2,0,4,6,1,2
"1760",123,1,0,0,4,2,0,4,4,2,3
"1761",123,1,0,0,4,2,0,6,5,2,3
"1762",123,1,0,0,4,2,0,6,5,2,3
"1763",123,1,0,0,4,2,0,6,5,2,1
"1764",123,1,0,0,4,2,0,9,8,8,2
"1765",123,1,0,0,4,2,0,5,5,1,3
"1766",123,1,0,0,4,2,0,4,5,1,NA
"1767",124,1,0,0,4,2,1,6,7,6,2
"1768",124,1,0,0,4,2,1,7,7,8,1
"1769",124,1,0,0,4,2,1,5,8,2,2
"1770",124,1,0,0,4,2,1,6,4,6,1
"1771",124,1,0,0,4,2,1,5,3,7,1
"1772",124,1,0,0,4,2,1,8,6,8,1
"1773",124,1,0,0,4,2,1,9,4,7,3
"1774",124,1,0,0,4,2,0,7,6,8,2
"1775",124,1,0,0,4,2,1,2,9,7,1
"1776",124,1,0,0,4,2,1,6,7,7,NA
"1777",125,1,1,0,2,1,1,9,9,8,1
"1778",125,1,1,1,2,1,1,8,7,5,0
"1779",125,1,0,0,2,1,0,5,8,7,1
"1780",125,1,1,1,2,1,1,10,9,10,0
"1781",125,1,1,1,2,1,1,10,10,9,0
"1782",125,1,1,1,2,1,1,10,6,9,0
"1783",125,1,1,0,2,1,1,8,6,8,2
"1784",125,1,1,0,2,1,1,9,7,7,1
"1785",125,1,0,1,2,1,0,4,6,5,0
"1786",125,1,0,0,2,1,0,7,6,4,NA
"1787",126,1,1,0,2,4,1,7,7,7,2
"1788",126,1,1,1,2,4,1,6,9,8,1
"1789",126,1,0,0,2,4,0,6,7,6,2
"1790",126,1,0,1,2,4,0,5,6,5,1
"1791",126,1,0,1,2,4,0,7,8,3,1
"1792",126,1,0,1,2,4,0,7,7,3,1
"1793",126,1,0,0,2,4,1,6,8,7,3
"1794",126,1,0,0,2,4,1,7,7,7,2
"1795",126,1,0,1,2,4,0,4,7,7,1
"1796",126,1,0,0,2,4,0,7,6,5,NA
"1797",127,1,1,0,2,6,1,10,9,10,2
"1798",127,1,0,1,2,6,0,5,5,8,1
"1799",127,1,0,0,2,6,0,5,7,NA,2
"1800",127,1,1,1,2,6,1,7,7,10,1
"1801",127,1,1,1,2,6,1,7,7,8,1
"1802",127,1,0,1,2,6,1,7,8,10,1
"1803",127,1,1,0,2,6,1,9,8,7,3
"1804",127,1,0,0,2,6,1,8,7,10,2
"1805",127,1,0,1,2,6,0,5,7,7,1
"1806",127,1,0,0,2,6,0,7,6,5,NA
"1807",128,1,1,0,2,1,1,10,8,8,1
"1808",128,1,1,1,2,1,1,7,9,8,0
"1809",128,1,1,0,2,1,1,7,9,8,1
"1810",128,1,1,1,2,1,1,9,6,9,0
"1811",128,1,0,1,2,1,1,7,7,7,0
"1812",128,1,0,1,2,1,1,8,9,8,0
"1813",128,1,1,0,2,1,1,9,9,7,2
"1814",128,1,1,0,2,1,1,8,10,8,1
"1815",128,1,0,1,2,1,0,6,7,8,0
"1816",128,1,0,0,2,1,1,8,9,7,NA
"1817",129,1,1,0,2,3,1,9,9,8,NA
"1818",129,1,0,1,2,3,0,7,8,7,NA
"1819",129,1,0,0,2,3,0,6,8,7,NA
"1820",129,1,0,1,2,3,1,8,8,7,NA
"1821",129,1,1,1,2,3,1,7,8,8,NA
"1822",129,1,0,1,2,3,1,8,10,8,NA
"1823",129,1,1,0,2,3,1,10,10,8,NA
"1824",129,1,0,0,2,3,1,9,8,8,NA
"1825",129,1,0,1,2,3,1,7,10,7,NA
"1826",129,1,0,0,2,3,1,7,9,7,NA
"1827",130,1,0,0,4,1,0,5,5,2,0
"1828",130,1,0,0,4,1,0,3,5,2,1
"1829",130,1,0,0,4,1,0,1,6,2,0
"1830",130,1,0,0,4,1,0,6,5,2,1
"1831",130,1,0,0,4,1,0,3,2,NA,1
"1832",130,1,0,0,4,1,0,6,6,2,1
"1833",130,1,1,0,4,1,1,7,6,3,1
"1834",130,1,1,0,4,1,1,9,8,5,0
"1835",130,1,0,0,4,1,0,2,3,3,1
"1836",130,1,0,0,4,1,0,1,5,NA,NA
"1837",131,1,0,0,4,2,0,5,5,1,1
"1838",131,1,0,0,4,2,0,5,5,1,2
"1839",131,1,0,0,4,2,0,5,5,1,1
"1840",131,1,0,0,4,2,0,NA,NA,NA,2
"1841",131,1,0,0,4,2,0,5,5,1,2
"1842",131,1,0,0,4,2,0,NA,NA,NA,2
"1843",131,1,0,0,4,2,0,6,6,1,0
"1844",131,1,0,0,4,2,0,6,7,1,1
"1845",131,1,0,0,4,2,0,7,10,NA,2
"1846",131,1,0,0,4,2,0,6,7,1,NA
"1847",132,0,0,0,2,1,0,7,7,7,1
"1848",132,0,0,1,2,1,0,8,8,5,5
"1849",132,0,0,0,2,1,0,5,9,5,10
"1850",132,0,1,1,2,1,1,8,9,7,2
"1851",132,0,0,0,2,1,0,5,8,7,1
"1852",133,0,0,1,4,1,0,7,7,7,2
"1853",133,0,0,0,4,1,0,7,8,5,8
"1854",133,0,0,1,4,1,0,6,5,7,13
"1855",133,0,0,0,4,1,0,8,7,6,5
"1856",133,0,0,0,4,1,0,5,5,5,4
"1857",134,0,1,0,2,1,1,8,7,6,3
"1858",134,0,0,1,2,1,1,7,9,5,9
"1859",134,0,0,0,2,1,0,7,8,6,14
"1860",134,0,0,1,2,1,1,8,9,9,6
"1861",134,0,0,0,2,1,0,6,6,2,5
"1862",135,0,0,0,2,1,0,8,NA,6,0
"1863",135,0,0,1,2,1,1,8,8,6,6
"1864",135,0,0,0,2,1,1,7,NA,NA,11
"1865",135,0,1,1,2,1,1,8,8,7,3
"1866",135,0,1,0,2,1,1,7,NA,5,2
"1867",136,0,0,0,NA,NA,0,8,8,1,NA
"1868",136,0,1,0,NA,NA,1,10,10,NA,NA
"1869",136,0,0,0,NA,NA,0,3,8,1,NA
"1870",136,0,0,0,NA,NA,0,8,8,1,NA
"1871",136,0,0,0,NA,NA,0,6,8,1,NA
"1872",137,1,0,0,4,1,1,8,9,6,1
"1873",137,1,0,1,4,1,0,6,10,6,2
"1874",137,1,1,0,4,1,1,9,9,6,3
"1875",137,1,0,0,4,1,1,7,8,6,0
"1876",137,1,0,0,4,1,1,6,9,6,NA
"1877",138,1,0,1,2,1,1,8,4,6,5
"1878",138,1,0,0,2,1,0,3,8,1,8
"1879",138,1,0,1,2,1,0,3,8,8,9
"1880",138,1,0,1,2,1,0,4,6,8,6
"1881",138,1,1,0,2,1,1,7,10,9,NA
"1882",139,1,0,0,4,1,1,8,8,6,10
"1883",139,1,0,1,4,1,1,6,10,7,13
"1884",139,1,0,0,4,1,1,7,9,6,14
"1885",139,1,0,0,4,1,0,6,NA,7,11
"1886",139,1,0,0,4,1,1,8,NA,8,NA
"1887",140,1,1,1,2,1,1,7,7,7,2
"1888",140,1,0,0,2,1,0,5,8,6,5
"1889",140,1,0,1,2,1,0,6.5,7.5,7,6
"1890",140,1,1,1,2,1,1,6.5,8,7,3
"1891",140,1,0,0,2,1,0,5,6,7,NA
"1892",141,1,0,0,3,1,1,8,7,7,1
"1893",141,1,0,0,3,1,1,6,9,8,4
"1894",141,1,0,0,3,1,1,7,8,7,5
"1895",141,1,1,0,3,1,1,8,8,8,2
"1896",141,1,0,0,3,1,0,3,8,7,NA
"1897",142,0,0,1,2,1,0,4,6,9,1
"1898",142,0,1,1,2,1,1,5,9,9,4
"1899",142,0,0,0,2,1,1,8,8,7,5
"1900",142,0,0,1,2,1,1,10,9,8,2
"1901",142,0,0,0,2,1,1,8,9,6,3
"1902",142,0,0,1,2,1,1,6,8,10,2
"1903",142,0,0,1,2,1,1,8,10,6,3
"1904",142,0,0,1,2,1,0,6,7,2,6
"1905",142,0,0,0,2,1,0,8,6,5,2
"1906",142,0,1,1,2,1,1,8,8,8,1
"1907",142,0,1,0,2,1,1,6,9,10,1
"1908",142,0,1,1,2,1,1,10,10,9,4
"1909",142,0,0,0,2,1,0,4,7,10,4
"1910",142,0,1,1,2,1,1,4,9,10,5
"1911",142,0,1,1,2,1,1,8,8,8,3
"1912",142,0,1,1,2,1,1,6,8,7,2
"1913",143,0,0,1,2,2,0,5,8,5,10
"1914",143,0,0,1,2,2,0,4,8,5,5
"1915",143,0,0,0,2,2,0,5,7,5,4
"1916",143,0,0,1,2,2,1,5,8,5,11
"1917",143,0,0,0,2,2,0,6,9,4,6
"1918",143,0,0,1,2,2,1,9,9,6,7
"1919",143,0,0,1,2,2,1,8,9,5,6
"1920",143,0,0,1,2,2,1,10,9,6,3
"1921",143,0,0,0,2,2,1,9,9,5,7
"1922",143,0,0,1,2,2,0,5,7,5,10
"1923",143,0,0,0,2,2,1,7,9,5,10
"1924",143,0,0,1,2,2,1,8,9,5,5
"1925",143,0,0,0,2,2,0,5,9,5,5
"1926",143,0,0,1,2,2,1,8,9,8,4
"1927",143,0,0,1,2,2,1,8,9,8,6
"1928",143,0,0,1,2,2,0,7,8,5,11
"1929",144,0,0,1,2,1,0,4,7,7,0
"1930",144,0,0,1,2,1,0,4,8,8,5
"1931",144,0,0,0,2,1,0,7,8,7,6
"1932",144,0,0,1,2,1,1,8,8,5,1
"1933",144,0,1,0,2,1,1,7,8,5,4
"1934",144,0,0,1,2,1,0,6,7,8,3
"1935",144,0,0,1,2,1,0,8,7,0,4
"1936",144,0,0,1,2,1,0,7,6,8,7
"1937",144,0,0,0,2,1,0,7,8,8,3
"1938",144,0,0,1,2,1,0,6,8,6,0
"1939",144,0,0,0,2,1,0,5,6,8,0
"1940",144,0,0,1,2,1,1,7,8,6,5
"1941",144,0,0,0,2,1,0,5,8,7,5
"1942",144,0,0,1,2,1,0,5,8,8,6
"1943",144,0,0,1,2,1,0,5,7,9,4
"1944",144,0,0,1,2,1,0,6,8,8,1
"1945",145,0,0,1,2,2,0,7,10,5,1
"1946",145,0,0,1,2,2,0,7,10,5,4
"1947",145,0,0,0,2,2,0,8,7,5,5
"1948",145,0,0,1,2,2,1,10,9,1,2
"1949",145,0,0,0,2,2,0,9,9,1,3
"1950",145,0,0,1,2,2,1,9,8,5,2
"1951",145,0,0,1,2,2,1,9,10,5,3
"1952",145,0,0,1,2,2,0,8,7,5,6
"1953",145,0,0,0,2,2,0,7,7,1,2
"1954",145,0,0,1,2,2,0,10,9,1,1
"1955",145,0,0,0,2,2,0,6,8,1,1
"1956",145,0,0,1,2,2,0,9,9,1,4
"1957",145,0,0,0,2,2,0,8,9,5,4
"1958",145,0,0,1,2,2,0,9,9,5,5
"1959",145,0,0,1,2,2,1,9,9,5,3
"1960",145,0,0,1,2,2,1,8,10,6,2
"1961",146,0,0,1,2,4,0,4,8,3,13
"1962",146,0,0,1,2,4,0,5,10,5,8
"1963",146,0,0,0,2,4,0,8,7,8,7
"1964",146,0,0,1,2,4,0,6,8,3,14
"1965",146,0,0,0,2,4,0,5,10,2,9
"1966",146,0,0,1,2,4,0,6,8,3,10
"1967",146,0,1,1,2,4,1,10,10,10,9
"1968",146,0,0,1,2,4,0,8,7,3,6
"1969",146,0,0,0,2,4,0,5,6,5,10
"1970",146,0,0,1,2,4,0,5,8,3,13
"1971",146,0,0,0,2,4,0,6,10,3,13
"1972",146,0,0,1,2,4,0,8,8,4,8
"1973",146,0,0,0,2,4,0,6,8,3,8
"1974",146,0,0,1,2,4,0,8,8,6,7
"1975",146,0,0,1,2,4,0,8,8,4,9
"1976",146,0,0,1,2,4,0,6,8,3,14
"1977",147,0,0,0,4,5,0,5,8,4,3
"1978",147,0,0,0,4,5,0,5,8,4,2
"1979",147,0,1,0,4,5,1,8,7,10,3
"1980",147,0,0,0,4,5,1,7,7,6,4
"1981",147,0,0,1,4,5,0,5,6,5,1
"1982",147,0,0,0,4,5,1,7,8,6,0
"1983",147,0,0,0,4,5,0,6,8,5,1
"1984",147,0,1,0,4,5,1,7,7,6,4
"1985",147,0,1,0,4,5,1,8,8,9,0
"1986",147,0,0,0,4,5,0,6,6,5,3
"1987",147,0,0,1,4,5,0,4,8,6,3
"1988",147,0,1,0,4,5,1,8,8,6,2
"1989",147,0,0,1,4,5,0,4,8,5,2
"1990",147,0,0,0,4,5,0,4,9,5,3
"1991",147,0,1,0,4,5,1,8,10,10,1
"1992",147,0,0,0,4,5,0,6,8,6,4
"1993",148,0,0,0,4,5,0,4,8,1,4
"1994",148,0,0,0,4,5,0,3,8,1,1
"1995",148,0,0,0,4,5,0,7,7,1,2
"1996",148,0,0,0,4,5,0,5,8,1,5
"1997",148,0,0,1,4,5,0,6,8,5,0
"1998",148,0,0,0,4,5,1,7,9,5,1
"1999",148,0,0,0,4,5,0,4,7,2,0
"2000",148,0,0,0,4,5,0,6,6,1,3
"2001",148,0,0,0,4,5,0,7,7,2,1
"2002",148,0,0,0,4,5,0,3,8,1,4
"2003",148,0,0,1,4,5,0,2,8,1,4
"2004",148,0,1,0,4,5,1,8,8,3,1
"2005",148,0,0,1,4,5,0,3,8,1,1
"2006",148,0,0,0,4,5,0,4,8,3,2
"2007",148,0,0,0,4,5,0,7,8,5,0
"2008",148,0,0,0,4,5,0,7,9,2,5
"2009",149,0,0,1,2,1,0,6,7,6,5
"2010",149,0,0,1,2,1,0,4,8,8,0
"2011",149,0,1,0,2,1,1,9,8,6,1
"2012",149,0,0,1,2,1,0,8,8,3,6
"2013",149,0,0,0,2,1,0,4,7,8,1
"2014",149,0,0,1,2,1,0,5,6,7,2
"2015",149,0,0,1,2,1,0,3,8,8,1
"2016",149,0,0,1,2,1,0,8,6,NA,2
"2017",149,0,1,0,2,1,1,8,6,7,2
"2018",149,0,0,1,2,1,0,4,7,7,5
"2019",149,0,0,0,2,1,0,4,8,7,5
"2020",149,0,0,1,2,1,1,8,8,7,0
"2021",149,0,0,0,2,1,0,4,7,8,0
"2022",149,0,1,1,2,1,1,6,8,6,1
"2023",149,0,1,1,2,1,1,7,7,NA,1
"2024",149,0,1,1,2,1,1,5,8,5,6
"2025",150,0,0,1,2,4,0,5,8,4,8
"2026",150,0,0,1,2,4,0,5,10,NA,3
"2027",150,0,0,0,2,4,0,9,7,1,2
"2028",150,0,0,1,2,4,0,8,8,2,9
"2029",150,0,0,0,2,4,0,6,7,4,4
"2030",150,0,0,1,2,4,0,7,8,4,5
"2031",150,0,0,1,2,4,0,8,6,5,4
"2032",150,0,1,1,2,4,1,9,8,4,1
"2033",150,0,0,0,2,4,0,6,6,4,5
"2034",150,0,1,1,2,4,1,7,8,5,8
"2035",150,0,0,0,2,4,0,7,8,6,8
"2036",150,0,0,1,2,4,1,9,9,5,3
"2037",150,0,0,0,2,4,0,5,9,5,3
"2038",150,0,0,1,2,4,0,6,9,4,2
"2039",150,0,0,1,2,4,0,6,8,4,4
"2040",150,0,0,1,2,4,0,6,8,5,9
"2041",151,0,0,1,2,3,0,4,5,3,5
"2042",151,0,0,1,2,3,0,3,7,4,0
"2043",151,0,0,0,2,3,0,8,8,7,1
"2044",151,0,0,1,2,3,0,9,8,8,6
"2045",151,0,1,0,2,3,1,9,7,8,1
"2046",151,0,0,1,2,3,0,7,7,6,2
"2047",151,0,0,1,2,3,0,6,8,7,1
"2048",151,0,0,1,2,3,0,8,5,4,2
"2049",151,0,0,0,2,3,0,6,6,6,2
"2050",151,0,0,1,2,3,0,6,6,3,5
"2051",151,0,0,0,2,3,0,6,7,5,5
"2052",151,0,0,1,2,3,0,7,7,7,0
"2053",151,0,0,0,2,3,0,3,8,6,0
"2054",151,0,0,1,2,3,0,5,6,6,1
"2055",151,0,0,1,2,3,0,7,7,7,1
"2056",151,0,1,1,2,3,1,8,8,9,6
"2057",152,0,0,0,4,1,0,6,7,6,4
"2058",152,0,0,0,4,1,0,4,5,6,1
"2059",152,0,0,0,4,1,0,6,7,5,2
"2060",152,0,0,0,4,1,1,8,8,7,5
"2061",152,0,0,1,4,1,0,5,8,5,0
"2062",152,0,0,0,4,1,0,7,7,NA,1
"2063",152,0,1,0,4,1,1,6,8,7,0
"2064",152,0,1,0,4,1,1,8,7,6,3
"2065",152,0,0,0,4,1,0,5,6,4,1
"2066",152,0,1,0,4,1,1,7,8,8,4
"2067",152,0,0,1,4,1,0,4,7,7,4
"2068",152,0,0,0,4,1,1,8,9,7,1
"2069",152,0,0,1,4,1,0,4,7,5,1
"2070",152,0,0,0,4,1,0,6,8,5,2
"2071",152,0,0,0,4,1,0,6,7,8,0
"2072",152,0,0,0,4,1,0,5,8,7,5
"2073",153,0,0,0,4,2,0,6,8,5,5
"2074",153,0,1,0,4,2,1,5,6,5,0
"2075",153,0,0,0,4,2,0,5,6,5,1
"2076",153,0,0,0,4,2,1,7,7,5,6
"2077",153,0,0,1,4,2,1,5,7,5,1
"2078",153,0,1,0,4,2,1,8,8,7,2
"2079",153,0,0,0,4,2,1,6,7,6,1
"2080",153,0,0,0,4,2,0,5,5,5,2
"2081",153,0,0,0,4,2,0,4,5,4,2
"2082",153,0,0,0,4,2,1,5,7,5,5
"2083",153,0,0,1,4,2,1,5,6,7,5
"2084",153,0,0,0,4,2,1,7,7,6,0
"2085",153,0,0,1,4,2,0,5,7,4,0
"2086",153,0,1,0,4,2,1,6,7,5,1
"2087",153,0,0,0,4,2,1,6,6,5,1
"2088",153,0,0,0,4,2,0,5,6,5,6
"2089",154,0,0,1,2,6,0,5,10,5,4
"2090",154,0,0,1,2,6,0,6,9,5,1
"2091",154,0,0,0,2,6,0,9,9,5,2
"2092",154,0,1,1,2,6,1,10,9,5,5
"2093",154,0,0,0,2,6,0,5,8,3,0
"2094",154,0,1,1,2,6,1,9,8,3,1
"2095",154,0,0,1,2,6,0,7,9,5,0
"2096",154,0,0,1,2,6,0,7,7,3,3
"2097",154,0,1,0,2,6,1,9,9,5,1
"2098",154,0,0,1,2,6,0,8,8,3,4
"2099",154,0,0,0,2,6,0,5,7,5,4
"2100",154,0,1,1,2,6,1,9,9,6,1
"2101",154,0,0,0,2,6,0,6,10,5,1
"2102",154,0,1,1,2,6,1,8,9,5,2
"2103",154,0,1,1,2,6,1,9,10,3,0
"2104",154,0,1,1,2,6,1,9,10,5,5
"2105",155,0,0,1,2,2,0,2,7,5,4
"2106",155,0,0,1,2,2,0,1,6,3,1
"2107",155,0,0,0,2,2,0,7,6,5,2
"2108",155,0,1,1,2,2,1,8,7,5,5
"2109",155,0,0,0,2,2,0,2,6,3,0
"2110",155,0,0,1,2,2,0,6,6,6,1
"2111",155,0,0,1,2,2,0,6,7,8,0
"2112",155,0,0,1,2,2,0,7,5,5,3
"2113",155,0,0,0,2,2,0,8,7,5,1
"2114",155,0,0,1,2,2,0,5,6,4,4
"2115",155,0,0,0,2,2,0,3,4,4,4
"2116",155,0,0,1,2,2,1,8,8,5,1
"2117",155,0,0,0,2,2,0,2,8,5,1
"2118",155,0,0,1,2,2,0,4,7,7,2
"2119",155,0,0,1,2,2,0,5,8,6,0
"2120",155,0,0,1,2,2,0,3,8,7,5
"2121",156,0,0,0,1,2,0,4,10,3,7
"2122",156,0,0,0,1,2,0,3,10,3,2
"2123",156,0,1,1,1,2,1,7,10,10,1
"2124",156,0,0,0,1,2,1,8,10,7,8
"2125",156,0,0,0,1,2,0,7,10,1,3
"2126",156,0,1,0,1,2,1,6,10,6,4
"2127",156,0,0,0,1,2,0,7,10,6,3
"2128",156,0,0,0,1,2,0,8,10,5,0
"2129",156,0,0,0,1,2,0,7,10,6,4
"2130",156,0,0,0,1,2,0,6,10,5,7
"2131",156,0,0,0,1,2,0,6,10,7,7
"2132",156,0,0,0,1,2,1,7,10,9,2
"2133",156,0,0,0,1,2,0,4,10,2,2
"2134",156,0,0,0,1,2,0,5,10,2,1
"2135",156,0,1,0,1,2,1,5,10,8,3
"2136",156,0,1,0,1,2,1,6,10,7,8
"2137",157,0,0,0,4,1,0,2,3,3,5
"2138",157,0,0,0,4,1,0,2,6,5,0
"2139",157,0,0,0,4,1,0,7,7,8,1
"2140",157,0,0,0,4,1,1,7,6,6,6
"2141",157,0,0,1,4,1,0,3,7,4,1
"2142",157,0,0,0,4,1,0,5,6,5,2
"2143",157,0,0,0,4,1,0,5,6,6,1
"2144",157,0,0,0,4,1,0,6,7,5,2
"2145",157,0,0,0,4,1,0,6,7,7,2
"2146",157,0,0,0,4,1,0,4,5,5,5
"2147",157,0,0,1,4,1,0,2,8,6,5
"2148",157,0,1,0,4,1,1,8,7,6,0
"2149",157,0,0,1,4,1,0,3,7,4,0
"2150",157,0,0,0,4,1,0,5,7,6,1
"2151",157,0,0,0,4,1,0,7,7,7,1
"2152",157,0,0,0,4,1,0,5,5,7,6
"2153",158,1,0,1,2,4,1,10,8,5,1
"2154",158,1,0,1,2,4,1,6,9,5,10
"2155",158,1,0,1,2,4,1,9,9,7,0
"2156",158,1,0,1,2,4,1,9,9,6,1
"2157",158,1,0,1,2,4,1,8,8,5,13
"2158",158,1,0,0,2,4,1,9,7,4,3
"2159",158,1,0,0,2,4,1,9,8,5,4
"2160",158,1,0,1,2,4,1,9,9,5,5
"2161",158,1,0,1,2,4,1,10,9,5,8
"2162",158,1,0,1,2,4,1,10,8,4,5
"2163",158,1,0,0,2,4,1,9,8,4,4
"2164",158,1,0,0,2,4,1,7,8,5,5
"2165",158,1,0,1,2,4,1,9,7,4,4
"2166",158,1,0,1,2,4,1,10,9,6,4
"2167",158,1,0,0,2,4,1,9,8,5,7
"2168",158,1,0,0,2,4,1,9,8,4,5
"2169",159,1,1,1,2,1,1,7,7,5,4
"2170",159,1,0,1,2,1,0,5,7,5,5
"2171",159,1,0,1,2,1,1,8,8,7,5
"2172",159,1,0,1,2,1,1,8,8,6,4
"2173",159,1,0,1,2,1,0,6,8,3,8
"2174",159,1,0,0,2,1,0,6,6,4,2
"2175",159,1,0,0,2,1,0,7,6,4,1
"2176",159,1,0,1,2,1,1,8,7,6,0
"2177",159,1,0,1,2,1,1,8,9,7,3
"2178",159,1,0,1,2,1,1,8,7,4,0
"2179",159,1,0,0,2,1,0,7,7,5,1
"2180",159,1,1,0,2,1,1,7,7,8,0
"2181",159,1,0,1,2,1,1,7,7,6,1
"2182",159,1,0,1,2,1,1,7,8,4,1
"2183",159,1,0,0,2,1,0,6,7,3,2
"2184",159,1,0,0,2,1,0,6,6,1,0
"2185",160,1,0,0,1,2,0,6,8,7,5
"2186",160,1,0,0,1,2,0,4,7,5,4
"2187",160,1,0,0,1,2,0,6,9,6,6
"2188",160,1,0,0,1,2,0,4,9,5,5
"2189",160,1,0,0,1,2,0,5,NA,4,7
"2190",160,1,1,0,1,2,1,8,9,8,3
"2191",160,1,0,0,1,2,1,7,8,7,2
"2192",160,1,1,0,1,2,1,6,9,5,1
"2193",160,1,0,0,1,2,1,7,9,7,2
"2194",160,1,0,0,1,2,1,8,NA,7,1
"2195",160,1,0,0,1,2,0,7,10,5,2
"2196",160,1,0,0,1,2,0,7,8,4,1
"2197",160,1,0,0,1,2,1,8,8,5,2
"2198",160,1,0,0,1,2,0,7,8,7,2
"2199",160,1,1,1,1,2,1,8,8,9,1
"2200",160,1,0,0,1,2,1,10,8,7,1
"2201",161,1,0,1,2,2,0,8,8,6,2
"2202",161,1,0,1,2,2,0,5,8,5,11
"2203",161,1,0,1,2,2,0,6,10,3,1
"2204",161,1,0,1,2,2,0,6,10,2,2
"2205",161,1,0,1,2,2,0,5,7,3,14
"2206",161,1,0,0,2,2,0,7,9,3,4
"2207",161,1,0,0,2,2,0,6,8,4,5
"2208",161,1,0,1,2,2,0,7,7,5,6
"2209",161,1,0,1,2,2,0,8,10,3,9
"2210",161,1,0,1,2,2,1,10,8,4,6
"2211",161,1,0,0,2,2,0,7,9,5,5
"2212",161,1,0,0,2,2,0,7,6,3,6
"2213",161,1,1,1,2,2,1,9,8,8,5
"2214",161,1,1,1,2,2,1,7,8,6,5
"2215",161,1,0,0,2,2,0,7,10,3,8
"2216",161,1,0,0,2,2,0,8,8,5,6
"2217",162,1,0,0,4,2,0,6,7,5,3
"2218",162,1,0,0,4,2,0,3,6,4,6
"2219",162,1,1,0,4,2,1,8,7,10,4
"2220",162,1,0,0,4,2,0,5,7,3,3
"2221",162,1,0,0,4,2,0,4,8,3,9
"2222",162,1,0,1,4,2,1,5,7,4,1
"2223",162,1,0,1,4,2,1,6,7,5,0
"2224",162,1,0,0,4,2,1,8,6,4,1
"2225",162,1,0,0,4,2,0,6,8,5,4
"2226",162,1,1,0,4,2,1,8,7,6,1
"2227",162,1,0,1,4,2,0,6,7,4,0
"2228",162,1,0,1,4,2,0,5,6,3,1
"2229",162,1,0,0,4,2,0,7,7,2,0
"2230",162,1,0,0,4,2,0,6,3,3,0
"2231",162,1,0,0,4,2,1,5,7,4,3
"2232",162,1,0,1,4,2,0,5,6,3,1
"2233",163,1,0,1,2,4,0,7,7,2,2
"2234",163,1,0,1,2,4,0,5,7,2,7
"2235",163,1,0,1,2,4,0,8,8,4,3
"2236",163,1,0,1,2,4,0,6,6,3,2
"2237",163,1,0,1,2,4,0,5,7,3,10
"2238",163,1,0,0,2,4,0,7,7,6,0
"2239",163,1,0,0,2,4,0,8,8,4,1
"2240",163,1,0,1,2,4,1,8,8,3,2
"2241",163,1,0,1,2,4,1,9,9,5,5
"2242",163,1,0,1,2,4,1,8,8,3,2
"2243",163,1,0,0,2,4,0,6,8,3,1
"2244",163,1,1,0,2,4,1,8,8,5,2
"2245",163,1,1,1,2,4,1,8,8,5,1
"2246",163,1,0,1,2,4,0,8,6,4,1
"2247",163,1,1,0,2,4,1,8,9,6,4
"2248",163,1,0,0,2,4,0,7,6,3,2
"2249",164,1,0,1,2,1,0,8,9,3,3
"2250",164,1,0,1,2,1,0,4,9,2,6
"2251",164,1,0,1,2,1,0,7,9,4,4
"2252",164,1,0,1,2,1,0,4,9,5,3
"2253",164,1,1,1,2,1,1,9,10,10,9
"2254",164,1,0,0,2,1,0,9,6,3,1
"2255",164,1,0,0,2,1,0,7,7,3,0
"2256",164,1,0,1,2,1,0,6,6,1,1
"2257",164,1,0,1,2,1,1,9,9,7,4
"2258",164,1,0,1,2,1,1,9,7,5,1
"2259",164,1,1,0,2,1,1,8,9,5,0
"2260",164,1,0,0,2,1,0,7,8,4,1
"2261",164,1,0,1,2,1,0,8,7,2,0
"2262",164,1,0,1,2,1,0,5,8,5,0
"2263",164,1,0,0,2,1,0,8,10,5,3
"2264",164,1,0,0,2,1,1,8,8,5,1
"2265",165,1,0,1,2,3,0,8,9,3,6
"2266",165,1,0,1,2,3,0,6,9,5,3
"2267",165,1,0,1,2,3,0,7,10,5,7
"2268",165,1,0,1,2,3,0,6,9,4,6
"2269",165,1,0,1,2,3,1,8,9,5,6
"2270",165,1,1,0,2,3,1,7,8,4,4
"2271",165,1,0,0,2,3,1,8,9,4,3
"2272",165,1,0,1,2,3,1,9,9,5,2
"2273",165,1,1,1,2,3,1,8,9,7,1
"2274",165,1,0,1,2,3,0,10,8,3,2
"2275",165,1,1,0,2,3,1,8,10,4,3
"2276",165,1,0,0,2,3,0,7,8,5,2
"2277",165,1,0,1,2,3,0,10,8,2,3
"2278",165,1,0,1,2,3,0,9,8,5,3
"2279",165,1,0,0,2,3,0,7,7,6,0
"2280",165,1,0,0,2,3,1,9,8,4,2
"2281",166,1,0,0,6,5,0,4,8,2,2
"2282",166,1,0,0,6,5,0,3,7,2,7
"2283",166,1,0,0,6,5,1,7,9,4,3
"2284",166,1,0,0,6,5,0,5,7,4,2
"2285",166,1,0,0,6,5,0,7,7,2,10
"2286",166,1,1,0,6,5,1,8,8,2,0
"2287",166,1,0,0,6,5,1,8,8,2,1
"2288",166,1,1,0,6,5,1,7,7,4,2
"2289",166,1,0,0,6,5,0,5,9,7,5
"2290",166,1,0,0,6,5,0,8,8,NA,2
"2291",166,1,0,0,6,5,0,8,NA,4,1
"2292",166,1,0,0,6,5,0,6,7,2,2
"2293",166,1,1,0,6,5,1,7,7,5,1
"2294",166,1,0,0,6,5,1,7,7,2,1
"2295",166,1,0,0,6,5,1,7,7,2,4
"2296",166,1,0,0,6,5,1,8,8,3,2
"2297",167,1,1,1,2,2,1,7,7,4,1
"2298",167,1,0,1,2,2,0,3,6,4,10
"2299",167,1,0,1,2,2,0,4,5,3,0
"2300",167,1,0,1,2,2,0,2,6,5,1
"2301",167,1,0,1,2,2,0,3,8,1,13
"2302",167,1,0,0,2,2,0,3,5,5,3
"2303",167,1,0,0,2,2,1,6,6,4,4
"2304",167,1,0,1,2,2,1,6,6,5,5
"2305",167,1,1,1,2,2,1,7,6,5,8
"2306",167,1,0,1,2,2,1,8,5,4,5
"2307",167,1,1,0,2,2,1,7,8,5,4
"2308",167,1,0,0,2,2,0,4,6,2,5
"2309",167,1,0,1,2,2,1,5,7,5,4
"2310",167,1,0,1,2,2,1,6,5,4,4
"2311",167,1,0,0,2,2,1,7,6,4,7
"2312",167,1,0,0,2,2,1,6,6,4,5
"2313",168,1,1,0,4,1,1,8,7,9,1
"2314",168,1,0,0,4,1,0,5,5,6,10
"2315",168,1,0,0,4,1,1,8,8,7,0
"2316",168,1,0,0,4,1,1,7,7,7,1
"2317",168,1,0,0,4,1,0,4,7,2,13
"2318",168,1,0,1,4,1,0,4,8,6,3
"2319",168,1,0,1,4,1,1,7,8,6,4
"2320",168,1,0,0,4,1,0,5,6,5,5
"2321",168,1,0,0,4,1,1,8,7,7,8
"2322",168,1,0,0,4,1,1,9,7,8,5
"2323",168,1,0,1,4,1,1,7,7,7,4
"2324",168,1,0,1,4,1,0,7,7,7,5
"2325",168,1,0,0,4,1,1,8,8,9,4
"2326",168,1,0,0,4,1,1,7,7,7,4
"2327",168,1,0,0,4,1,0,7,8,8,7
"2328",168,1,0,1,4,1,1,6,8,9,5
"2329",169,1,1,1,2,2,1,8,9,7,4
"2330",169,1,0,1,2,2,0,7,9,7,5
"2331",169,1,0,1,2,2,0,8,8,7,5
"2332",169,1,0,1,2,2,0,7,9,8,4
"2333",169,1,0,1,2,2,0,7,9,7,8
"2334",169,1,1,0,2,2,1,10,8,9,2
"2335",169,1,1,0,2,2,1,9,9,8,1
"2336",169,1,0,1,2,2,0,9,9,8,0
"2337",169,1,0,1,2,2,0,7,9,7,3
"2338",169,1,0,1,2,2,1,9,9,8,0
"2339",169,1,0,0,2,2,0,10,8,8,1
"2340",169,1,0,0,2,2,0,9,8,8,0
"2341",169,1,1,1,2,2,1,10,9,9,1
"2342",169,1,0,1,2,2,0,9,8,9,1
"2343",169,1,0,0,2,2,0,8,10,8,2
"2344",169,1,1,0,2,2,1,10,8,8,0
"2345",170,1,0,0,4,1,1,7,7,6,4
"2346",170,1,0,0,4,1,0,5,7,4,5
"2347",170,1,0,0,4,1,0,NA,NA,NA,5
"2348",170,1,0,0,4,1,1,6,6,5,4
"2349",170,1,0,0,4,1,1,5,7,5,8
"2350",170,1,0,1,4,1,1,7,7,6,2
"2351",170,1,0,1,4,1,1,6,7,5,1
"2352",170,1,0,0,4,1,1,7,7,5,0
"2353",170,1,0,0,4,1,1,6,7,5,3
"2354",170,1,0,0,4,1,1,8,7,6,0
"2355",170,1,0,1,4,1,0,5,6,3,1
"2356",170,1,0,1,4,1,1,5,7,5,0
"2357",170,1,0,0,4,1,1,6,7,5,1
"2358",170,1,0,0,4,1,1,6,7,6,1
"2359",170,1,0,0,4,1,1,6,8,5,2
"2360",170,1,0,1,4,1,1,6,6,6,0
"2361",171,1,1,1,2,1,1,7,9,7,5
"2362",171,1,0,1,2,1,0,5,9,7,4
"2363",171,1,0,1,2,1,1,8,9,9,6
"2364",171,1,0,1,2,1,1,6,9,6,5
"2365",171,1,0,1,2,1,1,6,9,7,7
"2366",171,1,0,0,2,1,0,5,7,8,3
"2367",171,1,0,0,2,1,1,7,7,6,2
"2368",171,1,1,1,2,1,1,8,8,8,1
"2369",171,1,0,1,2,1,1,7,9,5,2
"2370",171,1,0,1,2,1,1,9,8,7,1
"2371",171,1,0,0,2,1,1,7,8,6,2
"2372",171,1,1,0,2,1,1,6,8,7,1
"2373",171,1,1,1,2,1,1,9,8,9,2
"2374",171,1,0,1,2,1,1,10,8,4,2
"2375",171,1,0,0,2,1,1,6,9,5,1
"2376",171,1,0,0,2,1,1,9,9,6,1
"2377",172,1,1,1,2,1,1,8,6,6,3
"2378",172,1,0,1,2,1,0,NA,9,5,6
"2379",172,1,0,1,2,1,0,4,8,5,4
"2380",172,1,0,1,2,1,0,2,9,7,3
"2381",172,1,0,1,2,1,0,1,5,NA,9
"2382",172,1,1,0,2,1,1,8,NA,5,1
"2383",172,1,0,0,2,1,1,7,6,3,0
"2384",172,1,1,1,2,1,1,6,7,6,1
"2385",172,1,0,1,2,1,0,4,8,9,4
"2386",172,1,0,1,2,1,1,8,8,4,1
"2387",172,1,0,0,2,1,1,7,8,7,0
"2388",172,1,0,0,2,1,0,4,8,5,1
"2389",172,1,1,1,2,1,1,7,8,5,0
"2390",172,1,0,1,2,1,0,5,6,5,0
"2391",172,1,1,0,2,1,1,6,7,6,3
"2392",172,1,0,0,2,1,1,8,7,4,1
"2393",173,1,1,1,2,1,1,8,7,5,2
"2394",173,1,0,1,2,1,0,4,5,3,11
"2395",173,1,0,1,2,1,0,5,6,4,1
"2396",173,1,0,1,2,1,0,4,6,4,2
"2397",173,1,0,1,2,1,0,5,5,3,14
"2398",173,1,0,0,2,1,0,5,5,4,4
"2399",173,1,0,0,2,1,0,5,5,4,5
"2400",173,1,1,1,2,1,1,8,8,6,6
"2401",173,1,0,1,2,1,1,7,7,4,9
"2402",173,1,1,1,2,1,1,9,7,6,6
"2403",173,1,0,0,2,1,0,5,5,3,5
"2404",173,1,0,0,2,1,0,5,5,3,6
"2405",173,1,1,1,2,1,1,6,6,4,5
"2406",173,1,0,1,2,1,1,6,7,5,5
"2407",173,1,1,0,2,1,1,7,7,5,8
"2408",173,1,0,0,2,1,1,7,8,6,6
"2409",174,0,1,0,4,4,1,5,6,6,5
"2410",174,0,0,1,4,4,0,5,5,5,4
"2411",174,0,0,1,4,4,1,5,6,6,5
"2412",174,0,1,0,4,4,1,5,5,8,3
"2413",174,0,0,0,4,4,1,5,5,7,8
"2414",174,0,0,0,4,4,1,5,5,7,2
"2415",174,0,0,0,4,4,1,5,6,8,4
"2416",174,0,0,0,4,4,1,5,5,8,1
"2417",174,0,0,0,4,4,1,6,6,8,5
"2418",174,0,0,1,4,4,1,6,6,8,4
"2419",175,0,0,0,6,2,1,7,7,6,11
"2420",175,0,0,0,6,2,0,2,7,7,2
"2421",175,0,0,0,6,2,0,2,8,7,1
"2422",175,0,0,0,6,2,0,4,7,5,3
"2423",175,0,1,0,6,2,1,4,7,6,2
"2424",175,0,0,1,6,2,1,4,7,7,4
"2425",175,0,1,0,6,2,1,7,7,7,2
"2426",175,0,0,0,6,2,1,1,8,8,5
"2427",175,0,0,0,6,2,0,1,7,5,1
"2428",175,0,1,0,6,2,1,4,7,7,2
"2429",176,0,1,0,4,2,1,7,8,3,6
"2430",176,0,0,1,4,2,0,6,6,2,3
"2431",176,0,1,1,4,2,1,7,7,5,4
"2432",176,0,0,0,4,2,0,5,5,1,2
"2433",176,0,0,0,4,2,0,7,6,2,7
"2434",176,0,0,0,4,2,0,6,7,1,1
"2435",176,0,0,0,4,2,0,8,6,2,3
"2436",176,0,1,0,4,2,1,8,7,5,0
"2437",176,0,0,0,4,2,1,8,9,4,4
"2438",176,0,0,1,4,2,1,7,8,5,3
"2439",177,0,0,1,2,2,1,5,7,5,12
"2440",177,0,0,0,2,2,0,2,3,2,3
"2441",177,0,0,0,2,2,0,2,7,5,2
"2442",177,0,0,1,2,2,0,4,7,5,4
"2443",177,0,0,1,2,2,0,1,6,5,1
"2444",177,0,0,0,2,2,0,4,6,4,5
"2445",177,0,0,1,2,2,1,6,7,5,3
"2446",177,0,0,1,2,2,1,7,7,6,6
"2447",177,0,0,1,2,2,1,7,8,6,2
"2448",177,0,0,0,2,2,0,5,7,5,3
"2449",178,0,0,0,4,2,0,5,7,2,1
"2450",178,0,0,1,4,2,1,7,7,6,10
"2451",178,0,1,1,4,2,1,5,7,7,11
"2452",178,0,0,0,4,2,0,4,7,5,9
"2453",178,0,0,0,4,2,0,5,7,6,14
"2454",178,0,0,0,4,2,1,7,7,6,8
"2455",178,0,0,0,4,2,1,7,7,5,10
"2456",178,0,0,0,4,2,1,8,7,7,7
"2457",178,0,0,0,4,2,0,6,7,4,11
"2458",178,0,0,1,4,2,1,7,8,8,10
"2459",179,0,0,0,3,1,0,3,6,5,4
"2460",179,0,0,0,3,1,0,4,6,5,5
"2461",179,0,0,0,3,1,0,4,7,5,6
"2462",179,0,0,0,3,1,0,4,7,5,4
"2463",179,0,0,0,3,1,0,4,7,5,9
"2464",179,0,0,0,3,1,0,4,7,5,3
"2465",179,0,1,0,3,1,1,7,7,7,5
"2466",179,0,0,0,3,1,0,4,6,5,2
"2467",179,0,0,0,3,1,0,6,6,5,6
"2468",179,0,0,0,3,1,0,5,7,5,5
"2469",180,0,1,0,4,6,1,7,7,8,10
"2470",180,0,0,1,4,6,0,4,4,3,1
"2471",180,0,0,1,4,6,0,6,7,7,0
"2472",180,0,0,0,4,6,0,5,5,5,2
"2473",180,0,0,0,4,6,0,7,8,7,3
"2474",180,0,0,0,4,6,0,7,7,6,3
"2475",180,0,0,0,4,6,0,8,7,7,1
"2476",180,0,0,0,4,6,0,8,8,7,4
"2477",180,0,1,0,4,6,1,9,8,7,0
"2478",180,0,0,1,4,6,0,7,7,6,1
"2479",181,0,0,0,1,1,1,8,8,7,12
"2480",181,0,1,0,1,1,1,6,9,6,3
"2481",181,0,1,0,1,1,1,8,9,7,2
"2482",181,0,0,0,1,1,0,4,4,3,4
"2483",181,0,0,0,1,1,0,4,4,4,1
"2484",181,0,0,0,1,1,1,5,8,4,5
"2485",181,0,1,0,1,1,1,5,6,4,3
"2486",181,0,1,0,1,1,1,8,8,5,6
"2487",181,0,0,0,1,1,0,6,4,5,2
"2488",181,0,1,0,1,1,1,8,9,7,3
"2489",182,0,0,0,1,1,1,7,8,6,12
"2490",182,0,0,0,1,1,0,7,8,6,3
"2491",182,0,0,0,1,1,0,6,10,6,2
"2492",182,0,0,0,1,1,0,6,9,8,4
"2493",182,0,0,0,1,1,0,1,8,6,1
"2494",182,0,0,0,1,1,0,6,8,6,5
"2495",182,0,0,0,1,1,0,7,9,6,3
"2496",182,0,0,0,1,1,1,9,9,6,6
"2497",182,0,0,0,1,1,1,8,9,6,2
"2498",182,0,0,0,1,1,0,5,9,6,3
"2499",183,0,1,1,2,1,1,8,9,9,10
"2500",183,0,0,0,2,1,0,7,7,5,1
"2501",183,0,0,0,2,1,0,8,8,5,0
"2502",183,0,0,1,2,1,0,6,6,5,2
"2503",183,0,0,1,2,1,0,6,7,5,3
"2504",183,0,0,0,2,1,0,6,8,6,3
"2505",183,0,0,1,2,1,0,7,7,5,1
"2506",183,0,0,1,2,1,1,7,7,6,4
"2507",183,0,0,1,2,1,1,8,8,6,0
"2508",183,0,0,0,2,1,0,7,7,5,1
"2509",184,1,1,0,2,2,1,8,10,7,5
"2510",184,1,0,0,2,2,0,7,10,9,11
"2511",184,1,1,0,2,2,1,10,10,7,6
"2512",184,1,0,1,2,2,0,8,10,8,12
"2513",184,1,0,0,2,2,1,8,10,6,1
"2514",184,1,0,0,2,2,1,10,10,5,4
"2515",184,1,1,0,2,2,1,10,8,6,10
"2516",184,1,0,0,2,2,0,10,10,6,12
"2517",184,1,0,0,2,2,0,8,10,5,12
"2518",184,1,1,1,2,2,1,10,10,7,10
"2519",185,1,0,1,4,1,0,6,7,9,4
"2520",185,1,0,0,4,1,0,3,8,6,2
"2521",185,1,0,1,4,1,0,3,8,8,3
"2522",185,1,0,0,4,1,0,2,9,10,3
"2523",185,1,0,1,4,1,0,3,7,9,10
"2524",185,1,0,0,4,1,1,8,9,10,5
"2525",185,1,0,1,4,1,1,9,8,10,1
"2526",185,1,1,0,4,1,1,9,8,10,3
"2527",185,1,0,0,4,1,1,6,9,9,3
"2528",185,1,0,0,4,1,0,6,6,10,1
"2529",186,1,0,1,4,1,0,4,6,3,5
"2530",186,1,0,0,4,1,1,7,6,5,1
"2531",186,1,1,1,4,1,1,8,7,6,4
"2532",186,1,0,0,4,1,0,5,7,2,2
"2533",186,1,1,1,4,1,1,5,6,3,11
"2534",186,1,0,0,4,1,1,7,7,6,6
"2535",186,1,0,1,4,1,1,7,NA,6,0
"2536",186,1,1,0,4,1,1,6,8,4,2
"2537",186,1,0,0,4,1,0,5,6,3,2
"2538",186,1,0,0,4,1,0,7,6,3,0
"2539",187,1,1,0,2,2,1,6,NA,9,3
"2540",187,1,0,0,2,2,0,6,10,2,3
"2541",187,1,0,0,2,2,0,NA,NA,NA,2
"2542",187,1,0,1,2,2,0,4,NA,9,4
"2543",187,1,0,0,2,2,0,NA,NA,NA,9
"2544",187,1,0,0,2,2,1,7,7,9,4
"2545",187,1,0,0,2,2,1,NA,7,9,2
"2546",187,1,0,0,2,2,0,NA,NA,NA,4
"2547",187,1,0,0,2,2,0,NA,NA,6,4
"2548",187,1,0,1,2,2,0,4,NA,2,2
"2549",188,1,0,0,2,2,0,4,5,1,8
"2550",188,1,1,0,2,2,1,6,6,2,2
"2551",188,1,0,0,2,2,0,6,7,2,7
"2552",188,1,0,1,2,2,0,3,5,1,1
"2553",188,1,0,0,2,2,1,5,6,1,14
"2554",188,1,0,0,2,2,0,7,6,1,9
"2555",188,1,0,0,2,2,1,8,5,2,3
"2556",188,1,0,0,2,2,1,6,5,2,1
"2557",188,1,0,0,2,2,0,5,7,1,1
"2558",188,1,0,1,2,2,0,4,5,1,3
"2559",189,1,0,0,6,1,0,5,7,7,2
"2560",189,1,0,1,6,1,0,6,5,2,4
"2561",189,1,0,0,6,1,0,8,5,2,1
"2562",189,1,0,0,6,1,0,5,6,7,5
"2563",189,1,0,0,6,1,0,5,8,5,8
"2564",189,1,0,0,6,1,0,7,8,7,3
"2565",189,1,0,0,6,1,0,6,8,7,3
"2566",189,1,0,0,6,1,0,6,7,7,5
"2567",189,1,0,0,6,1,0,5,6,7,5
"2568",189,1,0,0,6,1,0,6,7,7,3
"2569",190,1,0,0,2,2,0,5,8,6,4
"2570",190,1,1,0,2,2,1,9,8,5,2
"2571",190,1,0,0,2,2,1,9,8,5,3
"2572",190,1,0,1,2,2,0,5,5,5,3
"2573",190,1,0,0,2,2,0,3,8,5,10
"2574",190,1,1,0,2,2,1,10,10,5,5
"2575",190,1,0,0,2,2,1,7,7,4,1
"2576",190,1,1,0,2,2,1,6,NA,6,3
"2577",190,1,0,0,2,2,1,7,7,4,3
"2578",190,1,0,1,2,2,1,8,8,6,1
"2579",191,1,0,0,2,5,0,5,7,6,1
"2580",191,1,0,0,2,5,0,5,8,7,5
"2581",191,1,1,0,2,5,1,7,7,7,0
"2582",191,1,0,1,2,5,0,5,7,6,6
"2583",191,1,0,0,2,5,0,5,7,7,7
"2584",191,1,0,0,2,5,1,8,9,6,2
"2585",191,1,0,0,2,5,1,7,7,7,4
"2586",191,1,1,0,2,5,1,8,8,7,6
"2587",191,1,0,0,2,5,0,5,7,5,6
"2588",191,1,0,1,2,5,0,5,7,6,4
"2589",192,1,0,0,2,1,0,3,8,5,5
"2590",192,1,0,0,2,1,0,4,7,9,1
"2591",192,1,0,0,2,1,0,7,9,2,4
"2592",192,1,0,1,2,1,0,6,6,8,2
"2593",192,1,0,0,2,1,0,4,6,4,11
"2594",192,1,0,0,2,1,1,7,8,9,6
"2595",192,1,1,0,2,1,1,7,8,7,0
"2596",192,1,0,0,2,1,0,7,6,2,2
"2597",192,1,0,0,2,1,0,3,7,4,2
"2598",192,1,0,1,2,1,0,5,6,6,0
"2599",193,1,0,1,4,1,0,3,7,6,4
"2600",193,1,1,0,4,1,1,5,8,8,2
"2601",193,1,0,1,4,1,0,6,9,7,3
"2602",193,1,0,0,4,1,0,6,8,7,3
"2603",193,1,0,1,4,1,0,3,9,8,10
"2604",193,1,0,0,4,1,1,9,9,6,5
"2605",193,1,0,1,4,1,1,7,8,7,1
"2606",193,1,1,0,4,1,1,8,8,7,3
"2607",193,1,0,0,4,1,0,3,7,8,3
"2608",193,1,0,0,4,1,0,6,7,6,1
"2609",194,0,0,1,2,3,1,7,10,5,1
"2610",194,0,0,0,2,3,1,9,9,6,2
"2611",194,0,0,1,2,3,0,4,8,5,3
"2612",194,0,0,1,2,3,1,8,10,5,2
"2613",194,0,0,1,2,3,1,8,10,4,0
"2614",194,0,0,1,2,3,1,8,8,6,2
"2615",194,0,0,0,2,3,0,6,10,7,1
"2616",194,0,1,0,2,3,1,8,10,7,3
"2617",194,0,0,1,2,3,0,3,9,5,3
"2618",194,0,0,1,2,3,0,6,10,6,4
"2619",194,0,0,1,2,3,1,7,10,7,8
"2620",194,0,0,0,2,3,0,7,10,6,4
"2621",194,0,0,1,2,3,1,10,8,6,1
"2622",194,0,0,1,2,3,1,10,7,5,2
"2623",194,0,0,0,2,3,0,7,10,4,0
"2624",194,0,0,1,2,3,1,8,8,6,4
"2625",194,0,0,1,2,3,0,6,9,5,18
"2626",194,0,0,0,2,3,1,8,9,7,6
"2627",194,0,0,1,2,3,0,5,9,7,7
"2628",194,0,0,0,2,3,0,6,9,5,5
"2629",195,0,0,1,2,1,0,8,10,1,4
"2630",195,0,1,0,2,1,1,7,9,8,1
"2631",195,0,0,1,2,1,0,5,7,7,0
"2632",195,0,1,1,2,1,1,9,10,7,1
"2633",195,0,0,1,2,1,0,6,10,6,3
"2634",195,0,0,1,2,1,0,9,9,7,1
"2635",195,0,0,0,2,1,0,5,9,8,2
"2636",195,0,0,0,2,1,0,7,7,5,0
"2637",195,0,0,1,2,1,0,4,10,7,0
"2638",195,0,0,1,2,1,0,6,10,6,1
"2639",195,0,0,1,2,1,0,8,10,7,5
"2640",195,0,1,0,2,1,1,6,8,8,1
"2641",195,0,0,1,2,1,1,10,9,7,4
"2642",195,0,0,1,2,1,0,9,7,8,1
"2643",195,0,0,0,2,1,0,8,10,6,3
"2644",195,0,1,1,2,1,1,8,9,9,1
"2645",195,0,0,1,2,1,0,6,6,8,15
"2646",195,0,0,0,2,1,0,6,9,9,3
"2647",195,0,0,1,2,1,0,5,7,7,4
"2648",195,0,1,0,2,1,1,6,10,7,2
"2649",196,0,1,0,4,1,1,5,7,5,2
"2650",196,0,0,1,4,1,1,5,7,5,1
"2651",196,0,0,0,4,1,0,2,5,7,2
"2652",196,0,0,0,4,1,1,6,7,8,1
"2653",196,0,0,0,4,1,0,2,3,1,1
"2654",196,0,1,0,4,1,1,6,7,8,1
"2655",196,0,0,0,4,1,0,4,3,5,0
"2656",196,0,0,1,4,1,0,3,4,3,2
"2657",196,0,0,0,4,1,0,2,4,2,2
"2658",196,0,0,0,4,1,0,2,7,1,3
"2659",196,0,0,0,4,1,0,2,3,3,7
"2660",196,0,0,0,4,1,0,3,4,3,3
"2661",196,0,0,0,4,1,0,5,5,5,2
"2662",196,0,0,0,4,1,0,5,4,5,1
"2663",196,0,0,1,4,1,0,2,3,3,1
"2664",196,0,0,0,4,1,0,3,5,5,3
"2665",196,0,0,0,4,1,0,2,3,5,17
"2666",196,0,0,0,4,1,0,3,7,2,5
"2667",196,0,0,0,4,1,0,3,4,2,6
"2668",196,0,0,1,4,1,0,2,7,6,4
"2669",197,0,0,0,6,1,0,7,7,5,1
"2670",197,0,0,0,6,1,0,8,8,6,2
"2671",197,0,0,0,6,1,0,7,7,5,3
"2672",197,0,1,0,6,1,1,8,9,5,2
"2673",197,0,0,0,6,1,0,7,7,5,0
"2674",197,0,0,0,6,1,0,7,8,9,2
"2675",197,0,0,1,6,1,0,7,7,5,1
"2676",197,0,0,0,6,1,0,7,7,5,3
"2677",197,0,0,0,6,1,0,7,7,5,3
"2678",197,0,0,0,6,1,0,7,7,5,4
"2679",197,0,0,0,6,1,0,8,8,5,8
"2680",197,0,0,0,6,1,0,7,7,5,4
"2681",197,0,0,0,6,1,0,7,8,5,1
"2682",197,0,0,0,6,1,0,7,7,4,2
"2683",197,0,0,0,6,1,0,7,7,5,0
"2684",197,0,0,0,6,1,0,7,7,5,4
"2685",197,0,0,0,6,1,0,7,7,5,18
"2686",197,0,1,0,6,1,1,10,10,1,6
"2687",197,0,1,0,6,1,1,10,10,1,7
"2688",197,0,0,0,6,1,0,7,7,4,5
"2689",198,0,0,0,4,2,0,4,5,4,0
"2690",198,0,0,1,4,2,0,4,5,4,3
"2691",198,0,0,0,4,2,0,3,5,4,4
"2692",198,0,0,0,4,2,0,6,7,3,3
"2693",198,0,0,0,4,2,0,5,5,4,1
"2694",198,0,0,0,4,2,0,5,5,4,3
"2695",198,0,0,0,4,2,0,3,8,2,2
"2696",198,0,0,1,4,2,0,3,6,3,4
"2697",198,0,0,0,4,2,0,2,4,2,4
"2698",198,0,0,0,4,2,0,4,4,3,5
"2699",198,0,0,0,4,2,0,4,5,4,9
"2700",198,0,0,0,4,2,0,4,7,4,5
"2701",198,0,0,0,4,2,0,8,7,4,0
"2702",198,0,0,0,4,2,0,5,5,4,3
"2703",198,0,0,1,4,2,0,8,8,6,1
"2704",198,0,0,0,4,2,0,6,8,4,5
"2705",198,0,0,0,4,2,0,5,5,6,19
"2706",198,0,0,0,4,2,0,5,5,4,7
"2707",198,0,0,0,4,2,0,4,4,1,8
"2708",198,0,0,1,4,2,0,4,6,5,6
"2709",199,0,0,1,2,4,0,2,10,8,7
"2710",199,0,1,0,2,4,1,6,8,8,4
"2711",199,0,0,1,2,4,0,1,6,7,3
"2712",199,0,1,1,2,4,1,9,9,6,4
"2713",199,0,0,1,2,4,1,4,9,8,6
"2714",199,0,1,1,2,4,1,9,10,9,4
"2715",199,0,0,0,2,4,0,2,8,9,5
"2716",199,0,1,0,2,4,1,5,9,9,3
"2717",199,0,0,1,2,4,0,2,9,NA,3
"2718",199,0,0,1,2,4,0,2,10,8,2
"2719",199,0,0,1,2,4,0,3,10,6,2
"2720",199,0,0,0,2,4,1,7,8,9,2
"2721",199,0,1,1,2,4,1,8,8,6,7
"2722",199,0,0,1,2,4,0,4,10,8,4
"2723",199,0,0,0,2,4,0,5,9,8,6
"2724",199,0,0,1,2,4,0,2,10,3,2
"2725",199,0,0,1,2,4,0,2,4,8,12
"2726",199,0,0,0,2,4,0,3,3,7,0
"2727",199,0,0,1,2,4,0,2,7,3,1
"2728",199,0,0,0,2,4,0,8,10,9,1
"2729",200,0,0,1,2,1,0,7,10,6,2
"2730",200,0,0,0,2,1,0,6,8,6,1
"2731",200,0,0,1,2,1,0,3,7,6,2
"2732",200,0,1,1,2,1,1,8,10,6,1
"2733",200,0,0,1,2,1,0,6,9,5,1
"2734",200,0,0,1,2,1,0,7,8,6,1
"2735",200,0,0,0,2,1,0,6,9,6,0
"2736",200,0,0,0,2,1,0,7,8,6,2
"2737",200,0,0,1,2,1,0,3,10,6,2
"2738",200,0,0,1,2,1,0,6,8,6,3
"2739",200,0,1,1,2,1,1,7,9,6,7
"2740",200,0,0,0,2,1,0,7,8,6,3
"2741",200,0,0,1,2,1,0,7,8,6,2
"2742",200,0,0,1,2,1,0,7,7,5,1
"2743",200,0,0,0,2,1,0,5,9,6,1
"2744",200,0,1,1,2,1,1,7,8,2,3
"2745",200,0,0,1,2,1,0,8,NA,2,17
"2746",200,0,0,0,2,1,0,5,8,4,5
"2747",200,0,0,1,2,1,0,5,7,6,6
"2748",200,0,0,0,2,1,0,NA,NA,NA,4
"2749",201,0,0,1,2,1,0,7,8,5,2
"2750",201,0,0,0,2,1,0,7,8,6,1
"2751",201,0,0,1,2,1,0,3,8,6,2
"2752",201,0,0,1,2,1,1,7,10,5,1
"2753",201,0,0,1,2,1,0,2,NA,1,1
"2754",201,0,0,1,2,1,0,7,NA,NA,1
"2755",201,0,0,0,2,1,0,3,8,3,0
"2756",201,0,0,0,2,1,0,7,7,6,2
"2757",201,0,0,1,2,1,0,1,NA,NA,2
"2758",201,0,0,1,2,1,0,6,9,5,3
"2759",201,0,0,1,2,1,0,4,8,4,7
"2760",201,0,0,0,2,1,0,5,8,5,3
"2761",201,0,0,1,2,1,1,9,8,6,2
"2762",201,0,0,1,2,1,0,6,7,5,1
"2763",201,0,0,0,2,1,0,5,8,5,1
"2764",201,0,0,1,2,1,0,7,8,6,3
"2765",201,0,1,1,2,1,1,8,8,8,17
"2766",201,0,0,0,2,1,0,8,8,4,5
"2767",201,0,0,1,2,1,0,4,8,6,6
"2768",201,0,0,0,2,1,0,4,8,5,4
"2769",202,0,0,1,2,2,0,7,8,7,1
"2770",202,0,0,0,2,2,0,7,7,5,4
"2771",202,0,0,1,2,2,0,5,7,6,5
"2772",202,0,1,1,2,2,1,9,9,6,4
"2773",202,0,0,1,2,2,0,6,9,5,2
"2774",202,0,0,1,2,2,0,8,9,3,4
"2775",202,0,0,0,2,2,0,5,9,3,3
"2776",202,0,0,0,2,2,0,6,9,4,5
"2777",202,0,0,1,2,2,0,2,10,2,5
"2778",202,0,0,1,2,2,0,8,9,5,6
"2779",202,0,0,1,2,2,0,4,9,3,10
"2780",202,0,0,0,2,2,0,7,9,6,6
"2781",202,0,0,1,2,2,1,9,8,5,1
"2782",202,0,0,1,2,2,0,8,8,4,4
"2783",202,0,0,0,2,2,0,4,9,4,2
"2784",202,0,0,1,2,2,1,9,9,6,6
"2785",202,0,0,1,2,2,0,5,8,6,20
"2786",202,0,0,0,2,2,0,6,8,3,8
"2787",202,0,0,1,2,2,0,7,9,6,9
"2788",202,0,1,0,2,2,1,7,8,6,7
"2789",203,0,0,1,2,6,0,3,7,6,1
"2790",203,0,0,0,2,6,0,7,6,8,4
"2791",203,0,0,1,2,6,0,2,6,7,5
"2792",203,0,0,1,2,6,0,10,9,9,4
"2793",203,0,0,1,2,6,0,7,10,7,2
"2794",203,0,0,1,2,6,0,8,9,8,4
"2795",203,0,0,0,2,6,0,3,9,8,3
"2796",203,0,0,0,2,6,0,3,8,7,5
"2797",203,0,0,1,2,6,0,3,10,3,5
"2798",203,0,0,1,2,6,0,5,8,7,6
"2799",203,0,0,1,2,6,0,4,9,7,10
"2800",203,0,0,0,2,6,0,6,8,8,6
"2801",203,0,0,1,2,6,0,10,8,9,1
"2802",203,0,0,1,2,6,0,8,8,8,4
"2803",203,0,0,0,2,6,0,6,10,8,2
"2804",203,0,0,1,2,6,0,8,9,9,6
"2805",203,0,0,1,2,6,0,4,6,5,20
"2806",203,0,0,0,2,6,0,5,8,8,8
"2807",203,0,0,1,2,6,0,5,8,7,9
"2808",203,0,0,0,2,6,0,6,9,10,7
"2809",204,0,0,1,2,3,0,5,7,6,3
"2810",204,0,0,0,2,3,0,7,9,2,0
"2811",204,0,0,1,2,3,0,3,10,1,1
"2812",204,0,0,1,2,3,1,9,10,8,0
"2813",204,0,0,1,2,3,0,5,9,9,2
"2814",204,0,0,1,2,3,0,7,9,6,0
"2815",204,0,0,0,2,3,0,4,9,8,1
"2816",204,0,0,0,2,3,0,4,9,7,1
"2817",204,0,0,1,2,3,0,1,8,5,1
"2818",204,0,0,1,2,3,0,6,7,7,2
"2819",204,0,0,1,2,3,0,5,7,6,6
"2820",204,0,0,0,2,3,0,7,8,10,2
"2821",204,0,0,1,2,3,1,9,8,4,3
"2822",204,0,0,1,2,3,0,7,6,5,0
"2823",204,0,0,0,2,3,0,2,5,8,2
"2824",204,0,0,1,2,3,0,8,8,7,2
"2825",204,0,0,1,2,3,0,6,7,9,16
"2826",204,0,0,0,2,3,0,7,9,8,4
"2827",204,0,0,1,2,3,0,6,8,9,5
"2828",204,0,0,0,2,3,0,6,9,5,3
"2829",205,0,0,1,2,1,0,5,7,6,0
"2830",205,0,0,0,2,1,0,10,8,5,3
"2831",205,0,0,1,2,1,0,2,4,2,4
"2832",205,0,0,1,2,1,1,10,10,7,3
"2833",205,0,0,1,2,1,0,5,8,6,1
"2834",205,0,0,1,2,1,0,6,6,4,3
"2835",205,0,1,0,2,1,1,8,8,7,2
"2836",205,0,1,0,2,1,1,8,8,7,4
"2837",205,0,0,1,2,1,0,3,10,8,4
"2838",205,0,0,1,2,1,0,6,6,2,5
"2839",205,0,0,1,2,1,1,10,10,8,9
"2840",205,0,0,0,2,1,0,6,8,5,5
"2841",205,0,0,1,2,1,0,9,6,2,0
"2842",205,0,0,1,2,1,0,2,5,2,3
"2843",205,0,0,0,2,1,0,5,9,6,1
"2844",205,0,0,1,2,1,0,10,6,2,5
"2845",205,0,0,1,2,1,0,5,6,4,19
"2846",205,0,0,0,2,1,0,4,5,2,7
"2847",205,0,0,1,2,1,0,6,6,6,8
"2848",205,0,0,0,2,1,0,6,7,7,6
"2849",206,0,0,0,1,1,0,5,7,4,8
"2850",206,0,0,0,1,1,1,7,7,7,5
"2851",206,0,0,0,1,1,1,2,8,7,4
"2852",206,0,0,0,1,1,0,9,9,7,5
"2853",206,0,1,0,1,1,1,7,7,7,7
"2854",206,0,0,0,1,1,1,7,7,5,5
"2855",206,0,1,0,1,1,1,9,10,9,6
"2856",206,0,1,0,1,1,1,8,8,7,4
"2857",206,0,0,0,1,1,1,4,10,7,4
"2858",206,0,1,0,1,1,1,8,8,5,3
"2859",206,0,1,0,1,1,1,7,7,7,1
"2860",206,0,1,0,1,1,1,4,9,7,3
"2861",206,0,0,0,1,1,1,7,7,5,8
"2862",206,0,0,0,1,1,1,8,8,7,5
"2863",206,0,0,0,1,1,0,7,9,6,7
"2864",206,0,0,0,1,1,1,8,8,8,3
"2865",206,0,1,0,1,1,1,7,7,5,11
"2866",206,0,0,0,1,1,1,7,7,7,1
"2867",206,0,0,0,1,1,1,4,7,7,0
"2868",206,0,1,0,1,1,1,1,7,7,2
"2869",207,0,0,1,2,1,0,4,6,8,0
"2870",207,0,0,0,2,1,0,6,10,9,3
"2871",207,0,0,1,2,1,0,3,8,9,4
"2872",207,0,0,1,2,1,0,7,10,7,3
"2873",207,0,0,1,2,1,0,6,8,9,1
"2874",207,0,1,1,2,1,1,9,9,9,3
"2875",207,0,0,0,2,1,0,7,10,9,2
"2876",207,0,0,0,2,1,0,6,9,8,4
"2877",207,0,0,1,2,1,0,1,1,1,4
"2878",207,0,0,1,2,1,0,3,7,9,5
"2879",207,0,0,1,2,1,0,4,7,9,9
"2880",207,0,0,0,2,1,0,7,7,9,5
"2881",207,0,1,1,2,1,1,10,9,10,0
"2882",207,0,1,1,2,1,1,8,7,9,3
"2883",207,0,0,0,2,1,0,6,8,7,1
"2884",207,0,0,1,2,1,0,7,9,9,5
"2885",207,0,0,1,2,1,0,4,6,9,19
"2886",207,0,0,0,2,1,0,4,4,9,7
"2887",207,0,0,1,2,1,0,4,6,8,8
"2888",207,0,0,0,2,1,0,9,8,9,6
"2889",208,0,0,0,1,2,0,5,8,5,2
"2890",208,0,1,0,1,2,1,10,10,10,1
"2891",208,0,0,0,1,2,0,5,10,5,2
"2892",208,0,1,0,1,2,1,6,8,5,1
"2893",208,0,0,0,1,2,0,5,10,5,1
"2894",208,0,1,0,1,2,1,8,9,5,1
"2895",208,0,1,0,1,2,1,5,10,5,0
"2896",208,0,0,0,1,2,0,5,10,5,2
"2897",208,0,0,0,1,2,0,5,10,5,2
"2898",208,0,0,0,1,2,0,5,5,5,3
"2899",208,0,1,0,1,2,1,10,10,10,7
"2900",208,0,0,0,1,2,0,5,8,7,3
"2901",208,0,1,0,1,2,1,9,9,5,2
"2902",208,0,1,0,1,2,1,8,9,9,1
"2903",208,0,0,0,1,2,0,5,8,5,1
"2904",208,0,1,0,1,2,1,8,8,5,3
"2905",208,0,1,0,1,2,1,9,9,9,17
"2906",208,0,1,0,1,2,1,5,9,5,5
"2907",208,0,0,0,1,2,0,5,9,5,6
"2908",208,0,1,0,1,2,1,6,8,5,4
"2909",209,0,0,0,1,3,0,6,5,NA,5
"2910",209,0,0,0,1,3,0,8,8,NA,2
"2911",209,0,0,0,1,3,0,5,7,5,1
"2912",209,0,0,0,1,3,0,6,9,NA,2
"2913",209,0,0,0,1,3,0,5,5,1,4
"2914",209,0,0,0,1,3,0,6,NA,NA,2
"2915",209,0,0,0,1,3,0,5,6,NA,3
"2916",209,0,0,0,1,3,0,8,9,NA,1
"2917",209,0,0,0,1,3,0,3,7,NA,1
"2918",209,0,0,0,1,3,0,5,5,NA,0
"2919",209,0,0,0,1,3,0,7,10,5,4
"2920",209,0,0,0,1,3,0,5,8,NA,0
"2921",209,0,0,0,1,3,0,8,8,NA,5
"2922",209,0,0,0,1,3,0,8,8,5,2
"2923",209,0,0,0,1,3,0,5,7,NA,4
"2924",209,0,0,0,1,3,0,8,8,NA,0
"2925",209,0,0,0,1,3,0,5,7,4,14
"2926",209,0,0,0,1,3,0,8,8,NA,2
"2927",209,0,0,0,1,3,0,5,NA,NA,3
"2928",209,0,0,0,1,3,0,5,7,NA,1
"2929",210,0,1,1,2,2,1,7,4,7,6
"2930",210,0,1,0,2,2,1,7,8,6,3
"2931",210,0,0,1,2,2,0,1,1,NA,2
"2932",210,0,0,1,2,2,0,9,9,3,3
"2933",210,0,0,1,2,2,0,6,NA,1,5
"2934",210,0,0,1,2,2,1,9,5,7,3
"2935",210,0,0,0,2,2,0,5,10,NA,4
"2936",210,0,0,0,2,2,0,5,8,2,2
"2937",210,0,0,1,2,2,0,3,9,2,2
"2938",210,0,0,1,2,2,0,4,8,7,1
"2939",210,0,0,1,2,2,0,7,10,NA,3
"2940",210,0,0,0,2,2,1,7,10,NA,1
"2941",210,0,0,1,2,2,1,10,8,5,6
"2942",210,0,0,1,2,2,0,6,5,5,3
"2943",210,0,0,0,2,2,0,5,NA,NA,5
"2944",210,0,1,1,2,2,1,10,9,5,1
"2945",210,0,0,1,2,2,0,8,NA,NA,13
"2946",210,0,0,0,2,2,0,5,3,5,1
"2947",210,0,0,1,2,2,0,3,9,NA,2
"2948",210,0,0,0,2,2,0,4,2,9,0
"2949",211,0,0,1,2,2,0,6,10,6,5
"2950",211,0,0,0,2,2,0,4,8,5,2
"2951",211,0,0,1,2,2,0,4,10,7,1
"2952",211,0,0,1,2,2,0,5,9,5,2
"2953",211,0,0,1,2,2,0,3,10,5,4
"2954",211,0,1,1,2,2,1,6,9,8,2
"2955",211,0,0,0,2,2,0,6,10,7,3
"2956",211,0,0,0,2,2,0,6,10,7,1
"2957",211,0,0,1,2,2,0,4,10,6,1
"2958",211,0,0,1,2,2,0,5,9,6,0
"2959",211,0,0,1,2,2,0,5,9,8,4
"2960",211,0,0,0,2,2,0,7,8,7,0
"2961",211,0,0,1,2,2,1,10,8,7,5
"2962",211,0,0,1,2,2,1,7,8,7,2
"2963",211,0,0,0,2,2,0,7,10,7,4
"2964",211,0,0,1,2,2,0,7,9,6,0
"2965",211,0,1,1,2,2,1,6,8,9,14
"2966",211,0,0,0,2,2,0,7,9,7,2
"2967",211,0,0,1,2,2,0,5,10,7,3
"2968",211,0,0,0,2,2,0,5,7,7,1
"2969",212,0,0,0,3,1,0,6,8,5,4
"2970",212,0,1,0,3,1,1,7,8,7,1
"2971",212,0,0,0,3,1,0,6,8,6,0
"2972",212,0,1,0,3,1,1,7,10,7,1
"2973",212,0,0,0,3,1,0,6,7,5,3
"2974",212,0,1,0,3,1,1,8,9,7,1
"2975",212,0,0,0,3,1,0,6,7,6,2
"2976",212,0,1,0,3,1,1,7,8,7,0
"2977",212,0,0,0,3,1,0,5,8,6,0
"2978",212,0,0,0,3,1,0,6,8,6,1
"2979",212,0,1,0,3,1,1,7,8,6,5
"2980",212,0,0,1,3,1,1,7,8,6,1
"2981",212,0,1,0,3,1,1,8,8,7,4
"2982",212,0,0,0,3,1,1,8,8,6,1
"2983",212,0,1,0,3,1,1,6,10,8,3
"2984",212,0,0,0,3,1,1,7,9,7,1
"2985",212,0,0,0,3,1,0,6,6,6,15
"2986",212,0,1,1,3,1,1,7,7,10,3
"2987",212,0,0,0,3,1,0,6,7,6,4
"2988",212,0,1,0,3,1,1,6,7,7,2
"2989",213,0,0,0,3,2,0,8,10,6,2
"2990",213,0,0,0,3,2,0,6,9,6,1
"2991",213,0,0,0,3,2,0,6,9,6,2
"2992",213,0,1,0,3,2,1,8,9,7,1
"2993",213,0,0,0,3,2,0,7,9,5,1
"2994",213,0,0,0,3,2,0,8,8,7,1
"2995",213,0,0,0,3,2,0,6,7,6,0
"2996",213,0,0,0,3,2,0,8,10,7,2
"2997",213,0,0,0,3,2,0,6,9,5,2
"2998",213,0,0,0,3,2,0,7,8,5,3
"2999",213,0,0,0,3,2,0,6,8,5,7
"3000",213,0,0,1,3,2,0,8,8,6,3
"3001",213,0,0,0,3,2,1,9,10,6,2
"3002",213,0,1,0,3,2,1,8,10,7,1
"3003",213,0,0,0,3,2,0,6,9,7,1
"3004",213,0,0,0,3,2,0,8,10,7,3
"3005",213,0,0,0,3,2,0,5,8,6,17
"3006",213,0,0,1,3,2,0,6,10,6,5
"3007",213,0,0,0,3,2,0,6,7,6,6
"3008",213,0,0,0,3,2,0,8,8,6,4
"3009",214,1,0,1,2,1,0,7,6,4,1
"3010",214,1,0,1,2,1,0,9,7,0,4
"3011",214,1,1,0,2,1,1,7,8,6,2
"3012",214,1,0,0,2,1,1,8,9,6,1
"3013",214,1,0,0,2,1,0,6,7,5,0
"3014",214,1,0,1,2,1,1,8,7,5,7
"3015",214,1,0,1,2,1,1,9,6,3,2
"3016",214,1,0,1,2,1,1,9,8,6,2
"3017",214,1,0,1,2,1,1,9,9,8,1
"3018",214,1,0,1,2,1,1,9,9,8,1
"3019",214,1,0,1,2,1,1,9,8,6,3
"3020",214,1,0,1,2,1,1,10,8,6,0
"3021",214,1,0,0,2,1,0,7,8,7,8
"3022",214,1,0,1,2,1,1,10,8,6,0
"3023",214,1,0,0,2,1,1,8,8,7,2
"3024",214,1,0,0,2,1,0,7,8,6,5
"3025",214,1,1,1,2,1,1,9,8,8,6
"3026",214,1,0,1,2,1,1,8,7,5,5
"3027",214,1,0,0,2,1,1,9,9,6,4
"3028",214,1,0,0,2,1,1,8,8,3,2
"3029",215,1,0,0,4,1,0,3,4,6,2
"3030",215,1,1,0,4,1,1,5,8,8,1
"3031",215,1,0,1,4,1,0,5,5,3,1
"3032",215,1,0,0,4,1,1,7,9,6,2
"3033",215,1,0,1,4,1,0,3,5,6,3
"3034",215,1,1,0,4,1,1,5,6,6,4
"3035",215,1,0,0,4,1,1,8,7,8,1
"3036",215,1,0,0,4,1,0,6,9,5,1
"3037",215,1,0,0,4,1,0,3,7,7,4
"3038",215,1,0,0,4,1,0,6,7,4,4
"3039",215,1,0,0,4,1,1,6,7,7,0
"3040",215,1,0,0,4,1,0,6,8,2,3
"3041",215,1,0,0,4,1,0,6,7,6,5
"3042",215,1,0,0,4,1,1,8,4,6,3
"3043",215,1,1,0,4,1,1,7,5,1,1
"3044",215,1,0,0,4,1,0,4,6,4,2
"3045",215,1,1,0,4,1,1,7,7,6,3
"3046",215,1,0,0,4,1,1,7,8,3,2
"3047",215,1,1,0,4,1,1,6,7,5,1
"3048",215,1,0,0,4,1,0,4,4,6,1
"3049",216,1,0,1,2,2,0,5,7,5,3
"3050",216,1,0,1,2,2,1,7,9,4,0
"3051",216,1,0,0,2,2,0,7,9,5,2
"3052",216,1,0,0,2,2,0,6,8,5,3
"3053",216,1,0,0,2,2,1,8,8,6,4
"3054",216,1,0,1,2,2,1,8,7,2,3
"3055",216,1,0,1,2,2,1,8,8,5,2
"3056",216,1,0,1,2,2,1,9,9,6,2
"3057",216,1,0,1,2,2,1,9,9,7,5
"3058",216,1,0,1,2,2,1,9,9,7,5
"3059",216,1,0,1,2,2,0,7,10,5,1
"3060",216,1,0,1,2,2,1,7,7,5,4
"3061",216,1,0,0,2,2,0,5,8,5,4
"3062",216,1,0,1,2,2,1,10,10,7,4
"3063",216,1,0,0,2,2,1,8,9,6,2
"3064",216,1,0,0,2,2,1,6,9,5,1
"3065",216,1,0,1,2,2,1,8,9,6,2
"3066",216,1,0,1,2,2,1,9,9,6,1
"3067",216,1,0,0,2,2,1,9,9,6,0
"3068",216,1,0,0,2,2,1,9,9,6,2
"3069",217,1,0,1,2,5,0,3,9,7,2
"3070",217,1,1,1,2,5,1,6,9,8,1
"3071",217,1,0,0,2,5,0,4,8,6,1
"3072",217,1,1,0,2,5,1,7,9,8,2
"3073",217,1,0,0,2,5,0,3,6,7,3
"3074",217,1,1,1,2,5,1,9,7,8,4
"3075",217,1,1,1,2,5,1,7,7,7,1
"3076",217,1,0,1,2,5,0,5,6,9,1
"3077",217,1,1,1,2,5,1,5,9,7,4
"3078",217,1,0,1,2,5,1,6,9,6,4
"3079",217,1,0,1,2,5,0,4,7,7,0
"3080",217,1,0,1,2,5,0,5,5,7,3
"3081",217,1,0,0,2,5,0,3,7,6,5
"3082",217,1,0,1,2,5,1,9,6,8,3
"3083",217,1,1,0,2,5,1,7,8,8,1
"3084",217,1,0,0,2,5,0,4,7,6,2
"3085",217,1,0,1,2,5,0,4,7,7,3
"3086",217,1,0,1,2,5,1,6,6,5,2
"3087",217,1,1,0,2,5,1,6,8,8,1
"3088",217,1,1,0,2,5,1,7,7,7,1
"3089",218,1,0,1,2,1,0,2,4,2,0
"3090",218,1,0,1,2,1,1,6,7,5,3
"3091",218,1,0,0,2,1,0,2,4,1,1
"3092",218,1,0,0,2,1,0,3,4,1,0
"3093",218,1,0,0,2,1,0,3,5,1,1
"3094",218,1,0,1,2,1,0,4,6,5,6
"3095",218,1,0,1,2,1,1,7,7,5,1
"3096",218,1,0,1,2,1,0,6,6,5,1
"3097",218,1,0,1,2,1,1,6,8,5,2
"3098",218,1,0,1,2,1,1,6,8,6,2
"3099",218,1,0,1,2,1,1,6,5,5,2
"3100",218,1,0,1,2,1,1,6,7,6,1
"3101",218,1,1,0,2,1,1,5,8,5,7
"3102",218,1,0,1,2,1,1,6,6,4,1
"3103",218,1,0,0,2,1,1,7,6,4,1
"3104",218,1,0,0,2,1,0,3,5,1,4
"3105",218,1,0,1,2,1,0,4,6,2,5
"3106",218,1,0,1,2,1,0,5,4,3,4
"3107",218,1,0,0,2,1,0,6,6,4,3
"3108",218,1,0,0,2,1,1,6,6,4,1
"3109",219,1,0,1,2,1,0,3,NA,4,2
"3110",219,1,0,1,2,1,1,7,7,5,1
"3111",219,1,1,0,2,1,1,8,7,5,1
"3112",219,1,0,0,2,1,1,6,6,5,2
"3113",219,1,0,0,2,1,0,3,5,4,3
"3114",219,1,1,1,2,1,1,6,6,5,4
"3115",219,1,0,1,2,1,1,7,7,6,1
"3116",219,1,0,1,2,1,0,5,6,5,1
"3117",219,1,0,1,2,1,0,4,7,4,4
"3118",219,1,0,1,2,1,1,7,7,6,4
"3119",219,1,0,1,2,1,1,6,8,6,0
"3120",219,1,0,1,2,1,1,8,7,5,3
"3121",219,1,0,0,2,1,0,5,6,5,5
"3122",219,1,1,1,2,1,1,8,8,5,3
"3123",219,1,1,0,2,1,1,7,7,6,1
"3124",219,1,0,0,2,1,0,5,6,3,2
"3125",219,1,0,1,2,1,0,4,6,5,3
"3126",219,1,1,1,2,1,1,6,7,5,2
"3127",219,1,1,0,2,1,1,8,8,6,1
"3128",219,1,0,0,2,1,1,7,7,5,1
"3129",220,1,0,0,6,1,0,5,8,1,1
"3130",220,1,0,0,6,1,1,8,9,9,2
"3131",220,1,0,0,6,1,1,10,10,8,0
"3132",220,1,0,1,6,1,1,8,7,8,1
"3133",220,1,0,0,6,1,0,8,8,7,2
"3134",220,1,0,0,6,1,0,8,7,8,5
"3135",220,1,0,0,6,1,1,9,9,9,0
"3136",220,1,0,0,6,1,1,10,10,10,0
"3137",220,1,0,0,6,1,1,8,8,9,3
"3138",220,1,0,0,6,1,1,9,9,9,3
"3139",220,1,0,0,6,1,0,7,8,7,1
"3140",220,1,1,0,6,1,1,8,10,9,2
"3141",220,1,1,0,6,1,1,10,10,10,6
"3142",220,1,0,0,6,1,1,10,10,9,2
"3143",220,1,1,0,6,1,1,9,9,9,0
"3144",220,1,0,0,6,1,1,9,9,9,3
"3145",220,1,0,0,6,1,1,9,9,8,4
"3146",220,1,0,0,6,1,1,10,10,10,3
"3147",220,1,0,0,6,1,0,6,9,9,2
"3148",220,1,0,0,6,1,1,9,9,9,0
"3149",221,1,1,0,4,2,1,4,6,3,3
"3150",221,1,0,0,4,2,1,7,8,5,0
"3151",221,1,0,1,4,2,1,6,5,5,2
"3152",221,1,0,0,4,2,1,7,7,6,3
"3153",221,1,0,1,4,2,0,3,6,6,4
"3154",221,1,1,0,4,2,1,8,7,4,3
"3155",221,1,0,0,4,2,1,7,7,3,2
"3156",221,1,0,0,4,2,1,7,8,3,2
"3157",221,1,0,0,4,2,1,8,8,2,5
"3158",221,1,0,0,4,2,1,6,9,3,5
"3159",221,1,0,0,4,2,0,4,6,7,1
"3160",221,1,1,0,4,2,1,5,7,2,4
"3161",221,1,1,0,4,2,1,6,7,5,4
"3162",221,1,0,0,4,2,1,8,7,3,4
"3163",221,1,0,0,4,2,1,7,7,6,2
"3164",221,1,0,0,4,2,0,4,6,7,1
"3165",221,1,0,0,4,2,1,5,7,4,2
"3166",221,1,0,0,4,2,1,6,6,3,1
"3167",221,1,1,0,4,2,1,5,8,6,0
"3168",221,1,0,0,4,2,1,5,7,6,2
"3169",222,1,0,1,2,2,0,7,4,3,3
"3170",222,1,0,1,2,2,0,6,8,3,0
"3171",222,1,0,0,2,2,1,7,5,4,2
"3172",222,1,0,0,2,2,1,8,7,5,3
"3173",222,1,0,0,2,2,0,4,8,6,4
"3174",222,1,0,1,2,2,1,10,9,7,3
"3175",222,1,0,1,2,2,1,8,4,8,2
"3176",222,1,0,1,2,2,0,5,4,3,2
"3177",222,1,0,1,2,2,1,6,7,5,5
"3178",222,1,0,1,2,2,1,8,6,6,5
"3179",222,1,0,1,2,2,0,7,2,3,1
"3180",222,1,0,1,2,2,1,7,6,4,4
"3181",222,1,0,0,2,2,0,6,6,5,4
"3182",222,1,0,1,2,2,1,8,8,4,4
"3183",222,1,0,0,2,2,1,8,7,7,2
"3184",222,1,0,0,2,2,0,6,5,4,1
"3185",222,1,0,1,2,2,1,7,9,8,2
"3186",222,1,0,1,2,2,1,8,7,7,1
"3187",222,1,0,0,2,2,1,8,6,8,0
"3188",222,1,0,0,2,2,0,6,5,5,2
"3189",223,1,0,1,2,2,1,7,7,6,4
"3190",223,1,0,1,2,2,1,6,6,7,1
"3191",223,1,0,0,2,2,0,7,6,4,3
"3192",223,1,0,0,2,2,1,8,7,7,4
"3193",223,1,0,0,2,2,0,6,8,4,5
"3194",223,1,0,1,2,2,1,9,8,6,2
"3195",223,1,0,1,2,2,1,8,8,7,3
"3196",223,1,0,1,2,2,1,8,8,6,3
"3197",223,1,0,1,2,2,1,6,7,7,6
"3198",223,1,0,1,2,2,1,9,9,6,6
"3199",223,1,0,1,2,2,1,8,8,5,2
"3200",223,1,0,1,2,2,1,8,8,5,5
"3201",223,1,1,0,2,2,1,10,10,3,3
"3202",223,1,0,1,2,2,1,10,6,4,5
"3203",223,1,0,0,2,2,1,10,8,3,3
"3204",223,1,0,0,2,2,0,8,6,6,0
"3205",223,1,0,1,2,2,1,9,9,6,1
"3206",223,1,0,1,2,2,0,9,9,3,0
"3207",223,1,0,0,2,2,1,9,8,3,1
"3208",223,1,0,0,2,2,1,8,8,4,3
"3209",224,1,0,1,2,6,0,5,7,5,8
"3210",224,1,0,1,2,6,0,7,7,5,5
"3211",224,1,0,0,2,6,0,7,5,5,7
"3212",224,1,0,0,2,6,1,5,8,7,8
"3213",224,1,0,0,2,6,0,5,6,6,9
"3214",224,1,0,1,2,6,1,8,5,5,2
"3215",224,1,1,1,2,6,1,9,6,6,7
"3216",224,1,0,1,2,6,0,6,7,8,7
"3217",224,1,0,1,2,6,1,7,7,6,10
"3218",224,1,0,1,2,6,0,6,8,6,10
"3219",224,1,0,1,2,6,0,6,3,4,6
"3220",224,1,0,1,2,6,0,5,5,5,9
"3221",224,1,1,0,2,6,1,6,8,6,1
"3222",224,1,0,1,2,6,1,8,6,7,9
"3223",224,1,1,0,2,6,1,7,5,6,7
"3224",224,1,0,0,2,6,0,5,6,5,4
"3225",224,1,0,1,2,6,1,3,8,1,3
"3226",224,1,0,1,2,6,1,6,5,6,4
"3227",224,1,1,0,2,6,1,8,6,6,5
"3228",224,1,0,0,2,6,0,9,7,6,7
"3229",225,1,0,0,3,1,0,6,5,6,4
"3230",225,1,1,0,3,1,1,6,7,5,1
"3231",225,1,0,0,3,1,0,6,5,3,3
"3232",225,1,0,0,3,1,1,6,6,7,4
"3233",225,1,0,0,3,1,0,4,6,2,5
"3234",225,1,0,0,3,1,0,5,8,5,2
"3235",225,1,0,0,3,1,1,7,8,5,3
"3236",225,1,0,0,3,1,0,5,7,6,3
"3237",225,1,0,0,3,1,0,4,7,5,6
"3238",225,1,0,0,3,1,1,6,7,7,6
"3239",225,1,0,0,3,1,1,7,7,7,2
"3240",225,1,0,0,3,1,0,7,5,5,5
"3241",225,1,1,0,3,1,1,6,8,7,3
"3242",225,1,0,0,3,1,1,9,5,6,5
"3243",225,1,0,0,3,1,1,8,9,7,3
"3244",225,1,0,0,3,1,1,6,7,6,0
"3245",225,1,0,0,3,1,0,5,5,5,1
"3246",225,1,0,0,3,1,1,6,7,6,0
"3247",225,1,0,1,3,1,0,3,5,7,1
"3248",225,1,0,1,3,1,1,7,8,6,3
"3249",226,1,0,1,2,2,0,4,5,7,1
"3250",226,1,0,1,2,2,0,6,7,7,4
"3251",226,1,0,0,2,2,0,5,7,7,2
"3252",226,1,0,0,2,2,1,8,8,8,1
"3253",226,1,0,0,2,2,0,3,6,2,0
"3254",226,1,1,1,2,2,1,7,6,8,7
"3255",226,1,0,1,2,2,0,7,8,5,2
"3256",226,1,0,1,2,2,0,6,7,8,2
"3257",226,1,0,1,2,2,0,4,8,4,1
"3258",226,1,0,1,2,2,0,5,8,5,1
"3259",226,1,0,1,2,2,0,3,5,1,3
"3260",226,1,0,1,2,2,0,3,7,2,0
"3261",226,1,0,0,2,2,0,6,8,4,8
"3262",226,1,1,1,2,2,1,9,7,7,0
"3263",226,1,1,0,2,2,1,8,8,7,2
"3264",226,1,0,0,2,2,0,5,8,3,5
"3265",226,1,0,1,2,2,0,6,9,6,6
"3266",226,1,0,1,2,2,0,6,8,6,5
"3267",226,1,1,0,2,2,1,8,8,7,4
"3268",226,1,0,0,2,2,0,6,6,9,2
"3269",227,1,0,1,2,2,0,4,6,4,2
"3270",227,1,0,1,2,2,1,6,8,6,1
"3271",227,1,0,0,2,2,0,5,7,4,1
"3272",227,1,0,0,2,2,1,7,7,5,2
"3273",227,1,0,0,2,2,0,3,5,2,3
"3274",227,1,0,1,2,2,1,8,8,6,4
"3275",227,1,0,1,2,2,1,8,8,6,1
"3276",227,1,0,1,2,2,0,6,8,5,1
"3277",227,1,0,1,2,2,0,4,7,5,4
"3278",227,1,0,1,2,2,0,5,7,5,4
"3279",227,1,0,1,2,2,0,4,5,3,0
"3280",227,1,0,1,2,2,0,3,6,3,3
"3281",227,1,0,0,2,2,0,4,6,3,5
"3282",227,1,1,1,2,2,1,8,7,7,3
"3283",227,1,1,0,2,2,1,8,8,6,1
"3284",227,1,0,0,2,2,0,4,7,3,2
"3285",227,1,0,1,2,2,0,5,7,4,3
"3286",227,1,0,1,2,2,0,6,6,4,2
"3287",227,1,0,0,2,2,0,6,8,6,1
"3288",227,1,1,0,2,2,1,6,8,6,1
"3289",228,1,0,0,4,3,0,6,6,3,0
"3290",228,1,0,0,4,3,1,6,6,5,3
"3291",228,1,0,1,4,3,1,6,6,4,1
"3292",228,1,0,0,4,3,0,5,6,3,0
"3293",228,1,0,1,4,3,1,6,7,7,1
"3294",228,1,0,0,4,3,0,6,7,1,6
"3295",228,1,0,0,4,3,0,4,7,1,1
"3296",228,1,0,0,4,3,0,6,7,3,1
"3297",228,1,0,0,4,3,0,4,7,4,2
"3298",228,1,0,0,4,3,1,6,7,5,2
"3299",228,1,0,0,4,3,0,4,5,4,2
"3300",228,1,0,0,4,3,1,6,7,4,1
"3301",228,1,0,0,4,3,1,7,7,5,7
"3302",228,1,0,0,4,3,1,7,6,4,1
"3303",228,1,0,0,4,3,1,8,6,4,1
"3304",228,1,0,0,4,3,1,6,7,5,4
"3305",228,1,0,0,4,3,1,6,6,5,5
"3306",228,1,0,0,4,3,1,6,6,5,4
"3307",228,1,1,0,4,3,1,7,7,4,3
"3308",228,1,0,0,4,3,1,7,6,5,1
"3309",229,1,0,1,2,1,0,1,5,3,4
"3310",229,1,1,1,2,1,1,8,7,7,1
"3311",229,1,0,0,2,1,0,6,8,2,3
"3312",229,1,0,0,2,1,0,4,8,3,4
"3313",229,1,0,0,2,1,0,3,5,4,5
"3314",229,1,0,1,2,1,0,5,6,4,2
"3315",229,1,1,1,2,1,1,8,6,NA,3
"3316",229,1,0,1,2,1,0,5,7,6,3
"3317",229,1,0,1,2,1,0,2,9,5,6
"3318",229,1,0,1,2,1,0,6,9,5,6
"3319",229,1,0,1,2,1,0,3,8,4,2
"3320",229,1,0,1,2,1,0,3,4,3,5
"3321",229,1,0,0,2,1,0,3,8,6,3
"3322",229,1,0,1,2,1,1,8,5,3,5
"3323",229,1,1,0,2,1,1,6,7,5,3
"3324",229,1,0,0,2,1,0,3,8,3,0
"3325",229,1,1,1,2,1,1,6,7,5,1
"3326",229,1,0,1,2,1,0,6,5,3,0
"3327",229,1,0,0,2,1,0,4,7,4,1
"3328",229,1,0,0,2,1,1,6,5,5,3
"3329",230,1,0,1,2,2,0,3,5,1,18
"3330",230,1,0,1,2,2,1,8,7,4,15
"3331",230,1,0,0,2,2,1,8,8,4,17
"3332",230,1,0,0,2,2,1,7,7,4,18
"3333",230,1,0,0,2,2,1,9,8,4,19
"3334",230,1,0,1,2,2,1,8,6,3,12
"3335",230,1,0,1,2,2,0,6,6,4,17
"3336",230,1,1,1,2,2,1,9,9,4,17
"3337",230,1,0,1,2,2,0,7,7,2,20
"3338",230,1,0,1,2,2,1,7,8,3,20
"3339",230,1,0,1,2,2,0,5,8,3,16
"3340",230,1,0,1,2,2,1,6,8,5,19
"3341",230,1,1,0,2,2,1,6,9,5,11
"3342",230,1,0,1,2,2,1,9,7,5,19
"3343",230,1,1,0,2,2,1,9,7,6,17
"3344",230,1,0,0,2,2,0,5,6,1,14
"3345",230,1,0,1,2,2,1,5,8,6,13
"3346",230,1,1,1,2,2,1,9,7,4,14
"3347",230,1,0,0,2,2,1,7,6,3,15
"3348",230,1,0,0,2,2,1,9,8,5,17
"3349",231,1,0,0,3,1,0,5,6,5,6
"3350",231,1,0,0,3,1,1,6,8,6,3
"3351",231,1,0,0,3,1,0,8,7,3,5
"3352",231,1,1,0,3,1,1,9,6,10,6
"3353",231,1,0,0,3,1,0,3,5,5,7
"3354",231,1,0,0,3,1,1,9,6,5,0
"3355",231,1,0,0,3,1,1,8,7,6,5
"3356",231,1,0,0,3,1,0,6,6,7,5
"3357",231,1,0,0,3,1,0,6,7,6,8
"3358",231,1,0,0,3,1,1,8,8,4,8
"3359",231,1,0,0,3,1,0,6,6,7,4
"3360",231,1,0,0,3,1,1,7,8,6,7
"3361",231,1,0,0,3,1,0,5,9,8,1
"3362",231,1,0,0,3,1,0,7,5,5,7
"3363",231,1,1,0,3,1,1,8,7,8,5
"3364",231,1,0,0,3,1,0,6,6,5,2
"3365",231,1,0,0,3,1,0,6,7,6,1
"3366",231,1,0,0,3,1,0,7,6,5,2
"3367",231,1,1,1,3,1,1,6,7,10,3
"3368",231,1,0,1,3,1,0,7,7,6,5
"3369",232,1,0,1,2,2,0,5,5,2,7
"3370",232,1,0,1,2,2,1,7,8,6,4
"3371",232,1,0,0,2,2,0,6,6,3,6
"3372",232,1,1,0,2,2,1,10,9,7,7
"3373",232,1,0,0,2,2,0,3,5,1,8
"3374",232,1,0,1,2,2,1,6,6,5,1
"3375",232,1,0,1,2,2,1,8,9,7,6
"3376",232,1,0,1,2,2,0,6,7,3,6
"3377",232,1,0,1,2,2,1,6,7,4,9
"3378",232,1,0,1,2,2,1,7,8,5,9
"3379",232,1,0,1,2,2,1,6,6,6,5
"3380",232,1,0,1,2,2,1,8,8,6,8
"3381",232,1,0,0,2,2,0,6,6,3,0
"3382",232,1,0,1,2,2,1,8,7,5,8
"3383",232,1,0,0,2,2,1,7,8,4,6
"3384",232,1,0,0,2,2,0,6,7,4,3
"3385",232,1,0,1,2,2,1,6,7,5,2
"3386",232,1,0,1,2,2,1,9,8,3,3
"3387",232,1,0,0,2,2,1,10,9,5,4
"3388",232,1,0,0,2,2,1,8,9,6,6
"3389",233,1,0,0,4,1,1,6,8,4,5
"3390",233,1,1,0,4,1,1,6,7,5,2
"3391",233,1,0,1,4,1,1,7,7,7,4
"3392",233,1,0,0,4,1,1,8,8,6,5
"3393",233,1,0,1,4,1,0,6,8,4,6
"3394",233,1,0,0,4,1,1,9,8,6,1
"3395",233,1,0,0,4,1,1,8,7,6,4
"3396",233,1,0,0,4,1,1,7,8,6,4
"3397",233,1,1,0,4,1,1,7,8,6,7
"3398",233,1,0,0,4,1,1,8,8,6,7
"3399",233,1,0,0,4,1,1,7,8,6,3
"3400",233,1,0,0,4,1,1,7,6,6,6
"3401",233,1,1,0,4,1,1,7,7,5,2
"3402",233,1,0,0,4,1,1,9,8,6,6
"3403",233,1,1,0,4,1,1,7,8,5,4
"3404",233,1,0,0,4,1,0,7,8,5,1
"3405",233,1,0,0,4,1,1,8,8,6,0
"3406",233,1,0,0,4,1,1,9,7,5,1
"3407",233,1,1,0,4,1,1,8,8,6,2
"3408",233,1,0,0,4,1,1,8,8,6,4
"3409",234,0,0,0,6,3,0,4,9,2,5
"3410",234,0,0,0,6,3,1,7,8,4,6
"3411",234,0,0,0,6,3,0,4,10,2,10
"3412",234,0,0,0,6,3,0,4,7,1,3
"3413",234,0,0,0,6,3,0,3,9,1,3
"3414",234,0,0,1,6,3,0,5,6,3,5
"3415",234,0,0,1,6,3,0,4,7,5,11
"3416",234,0,0,1,6,3,1,7,8,3,3
"3417",234,0,0,1,6,3,1,5,7,4,11
"3418",235,0,1,1,2,1,1,6,6,3,4
"3419",235,0,0,1,2,1,0,6,7,4,5
"3420",235,0,0,1,2,1,0,2,8,2,9
"3421",235,0,0,1,2,1,0,3,5,2,2
"3422",235,0,0,0,2,1,0,3,7,3,2
"3423",235,0,1,0,2,1,1,7,6,4,4
"3424",235,0,0,0,2,1,0,2,5,2,10
"3425",235,0,0,0,2,1,0,3,7,4,2
"3426",235,0,0,0,2,1,0,5,8,6,10
"3427",236,0,0,0,4,2,1,6,8,7,3
"3428",236,0,0,0,4,2,1,7,7,8,4
"3429",236,0,0,0,4,2,0,4,9,7,8
"3430",236,0,0,0,4,2,0,4,5,6,1
"3431",236,0,0,1,4,2,0,3,7,7,1
"3432",236,0,0,0,4,2,1,7,6,7,3
"3433",236,0,0,0,4,2,0,4,7,6,9
"3434",236,0,0,0,4,2,1,7,7,8,1
"3435",236,0,0,0,4,2,0,5,6,7,9
"3436",237,0,0,1,2,3,0,4,4,0,7
"3437",237,0,0,1,2,3,1,7,6,6,6
"3438",237,0,0,1,2,3,1,6,9,7,2
"3439",237,0,0,1,2,3,0,2,5,2,9
"3440",237,0,0,0,2,3,0,6,8,5,9
"3441",237,0,0,0,2,3,1,7,7,6,7
"3442",237,0,0,0,2,3,0,3,8,0,1
"3443",237,0,1,0,2,3,1,6,10,9,9
"3444",237,0,0,0,2,3,0,2,10,4,1
"3445",238,0,0,1,2,1,1,8,9,7,0
"3446",238,0,1,1,2,1,1,8,9,7,1
"3447",238,0,0,1,2,1,1,8,10,8,5
"3448",238,0,0,1,2,1,0,7,9,8,2
"3449",238,0,0,0,2,1,0,5,8,6,2
"3450",238,0,0,0,2,1,1,9,9,7,0
"3451",238,0,0,0,2,1,0,6,9,6,6
"3452",238,0,1,0,2,1,1,9,9,8,2
"3453",238,0,0,0,2,1,0,6,8,6,6
"3454",239,0,0,1,2,2,1,7,9,NA,7
"3455",239,0,0,1,2,2,0,7,6,2,6
"3456",239,0,1,1,2,2,1,7,9,6,2
"3457",239,0,0,1,2,2,0,5,7,6,9
"3458",239,0,0,0,2,2,0,6,8,7,9
"3459",239,0,0,0,2,2,1,8,7,4,7
"3460",239,0,0,0,2,2,0,6,8,7,1
"3461",239,0,0,0,2,2,1,7,9,5,9
"3462",239,0,0,0,2,2,0,5,8,6,1
"3463",240,0,0,0,4,1,1,7,7,4,1
"3464",240,0,0,0,4,1,1,7,6,6,2
"3465",240,0,0,0,4,1,0,5,6,4,6
"3466",240,0,0,0,4,1,0,4,4,2,1
"3467",240,0,0,1,4,1,0,4,5,2,1
"3468",240,0,0,0,4,1,0,5,5,4,1
"3469",240,0,0,0,4,1,0,5,6,3,7
"3470",240,0,1,0,4,1,1,7,5,5,1
"3471",240,0,0,0,4,1,0,5,5,2,7
"3472",241,0,1,0,4,2,1,5,8,7,2
"3473",241,0,0,0,4,2,0,5,8,6,1
"3474",241,0,0,0,4,2,0,4,10,4,3
"3475",241,0,0,0,4,2,0,4,8,5,4
"3476",241,0,0,1,4,2,0,5,10,6,4
"3477",241,0,1,0,4,2,1,10,8,6,2
"3478",241,0,0,0,4,2,0,5,9,6,4
"3479",241,0,1,0,4,2,1,8,10,7,4
"3480",241,0,0,0,4,2,0,7,9,4,4
"3481",242,0,1,0,3,3,1,4,7,5,1
"3482",242,0,0,0,3,3,1,3,6,5,2
"3483",242,0,0,0,3,3,0,3,6,4,6
"3484",242,0,1,0,3,3,1,4,8,6,1
"3485",242,0,0,0,3,3,0,1,6,3,1
"3486",242,0,1,0,3,3,1,5,6,6,1
"3487",242,0,0,0,3,3,0,3,NA,5,7
"3488",242,0,1,0,3,3,1,7,7,6,1
"3489",242,0,1,0,3,3,1,3,7,6,7
"3490",243,1,0,0,2,2,1,6,7,7,5
"3491",243,1,1,1,2,2,1,8,8,7,4
"3492",243,1,0,0,2,2,0,6,8,5,3
"3493",243,1,0,1,2,2,1,7,7,6,7
"3494",243,1,0,1,2,2,0,6,6,5,0
"3495",243,1,0,1,2,2,0,6,7,6,7
"3496",243,1,0,0,2,2,0,7,7,7,1
"3497",243,1,1,0,2,2,1,7,6,7,2
"3498",243,1,1,0,2,2,1,7,8,7,1
"3499",244,1,0,0,2,2,0,6,9,2,6
"3500",244,1,0,1,2,2,1,9,7,4,5
"3501",244,1,0,0,2,2,0,4,7,2,4
"3502",244,1,0,1,2,2,0,2,8,7,6
"3503",244,1,1,1,2,2,1,8,8,5,1
"3504",244,1,0,1,2,2,0,6,9,2,6
"3505",244,1,0,0,2,2,0,8,8,3,2
"3506",244,1,0,0,2,2,1,8,9,5,1
"3507",244,1,0,0,2,2,0,8,7,2,2
"3508",245,1,0,0,2,4,1,8,6,3,10
"3509",245,1,0,1,2,4,0,7,6,4,9
"3510",245,1,0,0,2,4,1,9,8,2,8
"3511",245,1,0,1,2,4,0,7,6,4,2
"3512",245,1,0,1,2,4,0,6,6,5,5
"3513",245,1,1,1,2,4,1,6,8,NA,2
"3514",245,1,0,0,2,4,1,8,8,3,6
"3515",245,1,0,0,2,4,1,9,7,4,3
"3516",245,1,0,0,2,4,0,9,8,2,6
"3517",246,1,0,0,2,1,0,3,7,5,3
"3518",246,1,0,1,2,1,1,6,5,3,2
"3519",246,1,0,0,2,1,0,2,NA,3,1
"3520",246,1,0,1,2,1,0,3,7,3,9
"3521",246,1,0,1,2,1,1,6,7,3,2
"3522",246,1,0,1,2,1,1,5,6,5,9
"3523",246,1,0,0,2,1,1,5,7,6,1
"3524",246,1,0,0,2,1,1,8,6,5,4
"3525",246,1,1,0,2,1,1,8,7,5,1
"3526",247,1,0,0,4,1,1,3,5,6,3
"3527",247,1,0,0,4,1,1,8,7,6,2
"3528",247,1,0,1,4,1,0,7,5,3,1
"3529",247,1,0,0,4,1,1,5,8,6,9
"3530",247,1,0,0,4,1,1,6,7,5,2
"3531",247,1,0,0,4,1,1,5,6,7,9
"3532",247,1,0,1,4,1,1,6,4,7,1
"3533",247,1,0,1,4,1,1,5,5,6,4
"3534",247,1,0,0,4,1,1,8,6,5,1
"3535",248,1,0,1,6,1,0,5,8,4,5
"3536",248,1,1,0,6,1,1,7,6,6,4
"3537",248,1,0,0,6,1,0,6,9,4,3
"3538",248,1,0,0,6,1,0,6,7,4,7
"3539",248,1,0,0,6,1,0,6,7,5,0
"3540",248,1,0,0,6,1,0,6,8,4,7
"3541",248,1,0,0,6,1,1,6,7,6,1
"3542",248,1,1,0,6,1,1,6,7,6,2
"3543",248,1,1,0,6,1,1,8,7,5,1
"3544",249,1,0,1,6,2,1,9,8,8,11
"3545",249,1,0,0,6,2,1,9,9,8,10
"3546",249,1,0,0,6,2,0,9,9,6,9
"3547",249,1,0,0,6,2,0,6,8,6,1
"3548",249,1,0,0,6,2,1,9,8,8,6
"3549",249,1,0,0,6,2,0,6,6,4,1
"3550",249,1,0,0,6,2,1,8,8,6,7
"3551",249,1,0,0,6,2,1,2,7,7,4
"3552",249,1,0,0,6,2,1,9,9,7,7
"3553",250,1,0,1,6,4,0,5,6,6,3
"3554",250,1,0,0,6,4,1,9,7,9,2
"3555",250,1,0,0,6,4,0,3,5,6,1
"3556",250,1,1,0,6,4,1,6,8,9,9
"3557",250,1,1,0,6,4,1,8,8,9,2
"3558",250,1,0,0,6,4,0,5,7,9,9
"3559",250,1,1,0,6,4,1,6,7,10,1
"3560",250,1,1,0,6,4,1,8,8,9,4
"3561",250,1,1,0,6,4,1,7,7,9,1
"3562",251,1,0,1,6,6,0,8,8,4,11
"3563",251,1,0,0,6,6,1,8,8,8,10
"3564",251,1,0,0,6,6,0,4,7,6,9
"3565",251,1,0,0,6,6,0,6,8,6,1
"3566",251,1,0,0,6,6,0,5,7,6,6
"3567",251,1,0,0,6,6,0,7,8,6,1
"3568",251,1,0,0,6,6,0,7,7,6,7
"3569",251,1,0,0,6,6,0,7,7,5,4
"3570",251,1,1,0,6,6,1,8,8,7,7
"3571",252,0,0,0,3,1,1,6,7,8,1
"3572",252,0,1,1,3,1,1,4,6,8,4
"3573",252,0,0,0,3,1,0,7,9,4,7
"3574",252,0,0,0,3,1,0,2,5,3,2
"3575",252,0,0,0,3,1,0,2,1,2,3
"3576",252,0,0,0,3,1,0,1,8,8,4
"3577",252,0,0,0,3,1,1,4,5,8,3
"3578",252,0,0,0,3,1,0,1,8,8,3
"3579",252,0,0,0,3,1,0,4,8,8,1
"3580",252,0,0,0,3,1,0,1,5,4,5
"3581",252,0,0,0,3,1,0,6,5,2,1
"3582",252,0,0,0,3,1,0,2,4,4,1
"3583",252,0,0,0,3,1,0,1,6,5,4
"3584",252,0,0,0,3,1,0,4,3,4,6
"3585",252,0,0,0,3,1,0,1,3,5,6
"3586",252,0,0,0,3,1,0,1,5,5,1
"3587",252,0,0,0,3,1,1,2,6,8,0
"3588",252,0,0,0,3,1,0,4,7,2,6
"3589",252,0,1,0,3,1,1,1,9,8,1
"3590",252,0,0,0,3,1,1,8,8,3,0
"3591",252,0,0,1,3,1,0,2,8,6,0
"3592",253,0,0,0,4,2,0,5,7,6,4
"3593",253,0,1,0,4,2,1,6,7,7,9
"3594",253,0,0,0,4,2,0,6,7,5,12
"3595",253,0,0,0,4,2,1,6,7,5,7
"3596",253,0,0,0,4,2,1,7,8,7,8
"3597",253,0,0,0,4,2,0,5,6,5,1
"3598",253,0,0,0,4,2,1,7,7,6,8
"3599",253,0,0,0,4,2,0,5,7,5,8
"3600",253,0,0,0,4,2,1,7,7,7,6
"3601",253,0,0,0,4,2,1,7,7,6,10
"3602",253,0,0,1,4,2,0,4,8,5,6
"3603",253,0,0,0,4,2,1,7,7,6,6
"3604",253,0,1,0,4,2,1,6,8,7,9
"3605",253,0,0,0,4,2,0,6,6,5,11
"3606",253,0,0,1,4,2,0,5,6,5,11
"3607",253,0,0,0,4,2,1,5,6,6,6
"3608",253,0,0,1,4,2,1,7,7,6,5
"3609",253,0,0,0,4,2,0,6,7,4,1
"3610",253,0,0,1,4,2,0,4,7,6,6
"3611",253,0,0,0,4,2,0,5,6,6,5
"3612",253,0,0,0,4,2,1,5,6,6,5
"3613",254,0,0,1,2,2,0,6,6,5,7
"3614",254,0,0,0,2,2,0,4,3,3,2
"3615",254,0,0,1,2,2,0,8,6,4,1
"3616",254,0,0,1,2,2,1,8,6,5,4
"3617",254,0,0,1,2,2,1,9,8,5,3
"3618",254,0,0,1,2,2,0,4,5,4,10
"3619",254,0,0,1,2,2,1,9,8,5,3
"3620",254,0,0,1,2,2,0,5,7,5,3
"3621",254,0,0,1,2,2,0,6,4,3,5
"3622",254,0,0,0,2,2,0,7,5,5,1
"3623",254,0,0,0,2,2,0,6,6,7,5
"3624",254,0,0,1,2,2,0,6,5,3,5
"3625",254,0,0,0,2,2,0,3,5,3,2
"3626",254,0,0,1,2,2,0,5,7,5,0
"3627",254,0,0,0,2,2,0,5,6,3,0
"3628",254,0,0,1,2,2,0,5,8,5,5
"3629",254,0,0,0,2,2,0,5,6,5,6
"3630",254,0,0,1,2,2,0,8,3,3,12
"3631",254,0,0,0,2,2,0,5,9,5,5
"3632",254,0,0,0,2,2,0,8,5,5,6
"3633",254,0,0,0,2,2,0,4,5,3,6
"3634",255,0,0,0,4,1,0,6,6,6,3
"3635",255,0,0,0,4,1,0,6,6,6,2
"3636",255,0,0,0,4,1,0,6,7,6,5
"3637",255,0,0,0,4,1,0,6,6,6,0
"3638",255,0,0,0,4,1,0,6,6,6,1
"3639",255,0,0,0,4,1,0,5,5,5,6
"3640",255,0,0,0,4,1,0,6,6,5,1
"3641",255,0,0,0,4,1,0,6,7,5,1
"3642",255,0,0,0,4,1,0,6,7,6,1
"3643",255,0,0,0,4,1,0,6,7,6,3
"3644",255,0,0,1,4,1,0,6,7,6,1
"3645",255,0,0,0,4,1,0,6,7,6,1
"3646",255,0,0,0,4,1,0,5,5,5,2
"3647",255,0,0,0,4,1,0,5,7,5,4
"3648",255,0,0,1,4,1,0,5,5,5,4
"3649",255,0,0,0,4,1,0,6,6,6,1
"3650",255,0,0,1,4,1,0,6,7,5,2
"3651",255,0,0,0,4,1,0,6,6,6,8
"3652",255,0,0,1,4,1,0,7,7,5,1
"3653",255,0,0,0,4,1,0,6,7,6,2
"3654",255,0,0,0,4,1,0,6,6,6,2
"3655",256,0,0,0,4,2,0,7,6,8,5
"3656",256,0,0,0,4,2,0,6,6,7,0
"3657",256,0,0,0,4,2,0,6,7,5,3
"3658",256,0,0,0,4,2,0,6,6,7,2
"3659",256,0,0,0,4,2,0,6,6,6,1
"3660",256,0,0,0,4,2,0,4,7,6,8
"3661",256,0,1,0,4,2,1,8,7,7,1
"3662",256,0,0,0,4,2,0,6,7,7,1
"3663",256,0,0,0,4,2,0,6,7,6,3
"3664",256,0,1,0,4,2,1,6,6,7,1
"3665",256,0,0,1,4,2,0,5,6,8,3
"3666",256,0,0,0,4,2,0,7,7,7,3
"3667",256,0,0,0,4,2,0,7,7,7,0
"3668",256,0,0,0,4,2,0,4,7,5,2
"3669",256,0,0,1,4,2,0,7,5,2,2
"3670",256,0,0,0,4,2,0,6,7,6,3
"3671",256,0,1,1,4,2,1,7,6,8,4
"3672",256,0,0,0,4,2,0,7,6,6,10
"3673",256,0,0,1,4,2,0,5,7,5,3
"3674",256,0,0,0,4,2,0,7,7,7,4
"3675",256,0,0,0,4,2,0,5,7,4,4
"3676",257,0,0,1,2,2,0,5,8,0,5
"3677",257,0,0,0,2,2,0,5,7,2,0
"3678",257,0,0,1,2,2,0,5,6,3,3
"3679",257,0,0,1,2,2,0,3,6,2,2
"3680",257,0,0,1,2,2,0,5,6,3,1
"3681",257,0,0,1,2,2,0,2,8,0,8
"3682",257,0,0,1,2,2,0,6,7,4,1
"3683",257,0,0,1,2,2,0,3,6,2,1
"3684",257,0,0,1,2,2,0,3,6,2,3
"3685",257,0,0,0,2,2,0,7,7,5,1
"3686",257,0,0,0,2,2,0,4,9,5,3
"3687",257,0,0,1,2,2,0,6,8,5,3
"3688",257,0,0,0,2,2,0,5,7,2,0
"3689",257,0,0,1,2,2,0,3,6,2,2
"3690",257,0,0,0,2,2,0,3,6,1,2
"3691",257,0,0,1,2,2,0,4,6,2,3
"3692",257,0,0,0,2,2,0,5,7,3,4
"3693",257,0,0,1,2,2,0,7,8,3,10
"3694",257,0,0,0,2,2,0,5,9,0,3
"3695",257,0,0,0,2,2,0,7,7,5,4
"3696",257,0,0,0,2,2,0,3,5,3,4
"3697",258,0,0,0,6,1,0,5,9,1,4
"3698",258,0,0,0,6,1,0,8,5,6,1
"3699",258,0,0,0,6,1,0,6,7,6,4
"3700",258,0,1,0,6,1,1,7,10,8,1
"3701",258,0,1,0,6,1,1,8,10,6,0
"3702",258,0,0,0,6,1,0,4,6,5,7
"3703",258,0,0,0,6,1,1,5,10,4,0
"3704",258,0,1,0,6,1,1,5,8,5,0
"3705",258,0,0,0,6,1,0,5,10,3,2
"3706",258,0,1,0,6,1,1,7,9,5,2
"3707",258,0,1,0,6,1,1,9,8,7,2
"3708",258,0,1,0,6,1,1,6,9,5,2
"3709",258,0,0,1,6,1,0,4,10,5,1
"3710",258,0,0,0,6,1,0,5,8,6,3
"3711",258,0,0,0,6,1,0,4,7,4,3
"3712",258,0,0,0,6,1,0,6,9,3,2
"3713",258,0,0,0,6,1,1,9,8,2,3
"3714",258,0,0,0,6,1,0,4,9,7,9
"3715",258,0,0,0,6,1,0,4,9,6,2
"3716",258,0,1,0,6,1,1,9,9,5,3
"3717",258,0,0,0,6,1,1,6,9,6,3
"3718",259,0,0,1,2,2,1,7,9,5,4
"3719",259,0,0,0,2,2,0,5,7,3,1
"3720",259,0,0,1,2,2,0,7,8,4,4
"3721",259,0,0,1,2,2,0,7,8,3,1
"3722",259,0,1,1,2,2,1,7,10,10,0
"3723",259,0,0,1,2,2,0,7,8,4,7
"3724",259,0,0,1,2,2,0,5,8,1,0
"3725",259,0,0,1,2,2,0,5,8,3,0
"3726",259,0,0,1,2,2,1,7,8,6,2
"3727",259,0,0,0,2,2,0,7,8,5,2
"3728",259,0,0,0,2,2,0,6,9,5,2
"3729",259,0,0,1,2,2,1,7,9,5,2
"3730",259,0,0,0,2,2,0,6,8,4,1
"3731",259,0,0,1,2,2,0,6,8,5,3
"3732",259,0,0,0,2,2,0,6,7,4,3
"3733",259,0,0,1,2,2,0,7,7,4,2
"3734",259,0,0,0,2,2,0,7,7,5,3
"3735",259,0,0,1,2,2,0,7,9,5,9
"3736",259,0,0,0,2,2,0,6,8,4,2
"3737",259,0,0,0,2,2,0,7,8,4,3
"3738",259,0,0,0,2,2,0,6,7,4,3
"3739",260,0,0,0,4,2,0,5,8,3,2
"3740",260,0,0,0,4,2,0,6,6,3,3
"3741",260,0,0,0,4,2,0,6,7,5,6
"3742",260,0,1,0,4,2,1,7,8,10,1
"3743",260,0,1,0,4,2,1,9,10,10,2
"3744",260,0,0,0,4,2,0,6,7,5,5
"3745",260,0,0,0,4,2,0,9,8,5,2
"3746",260,0,1,0,4,2,1,7,9,5,2
"3747",260,0,0,0,4,2,0,4,7,5,0
"3748",260,0,1,0,4,2,1,7,6,5,4
"3749",260,0,0,1,4,2,0,4,5,5,0
"3750",260,0,0,0,4,2,1,7,8,6,0
"3751",260,0,1,0,4,2,1,6,7,4,3
"3752",260,0,0,0,4,2,0,4,7,5,5
"3753",260,0,0,1,4,2,0,5,6,4,5
"3754",260,0,0,0,4,2,1,8,8,5,0
"3755",260,0,0,1,4,2,1,7,8,5,1
"3756",260,0,0,0,4,2,1,7,10,5,7
"3757",260,0,1,1,4,2,1,6,9,5,0
"3758",260,0,0,0,4,2,1,8,8,6,1
"3759",260,0,0,0,4,2,1,7,8,5,1
"3760",261,0,0,0,4,1,0,6,8,5,3
"3761",261,0,0,0,4,1,0,5,7,5,2
"3762",261,0,1,0,4,1,1,8,8,5,5
"3763",261,0,1,0,4,1,1,8,9,10,0
"3764",261,0,1,0,4,1,1,8,8,7,1
"3765",261,0,0,0,4,1,0,5,7,5,6
"3766",261,0,0,0,4,1,1,8,8,5,1
"3767",261,0,1,0,4,1,1,4,8,5,1
"3768",261,0,0,0,4,1,0,6,9,5,1
"3769",261,0,0,0,4,1,0,5,8,5,3
"3770",261,0,0,1,4,1,0,3,7,5,1
"3771",261,0,0,0,4,1,0,3,6,5,1
"3772",261,0,0,0,4,1,0,5,7,5,2
"3773",261,0,0,0,4,1,0,4,6,5,4
"3774",261,0,0,1,4,1,0,6,6,4,4
"3775",261,0,0,0,4,1,1,7,7,5,1
"3776",261,0,0,1,4,1,1,6,7,6,2
"3777",261,0,0,0,4,1,1,7,7,5,8
"3778",261,0,1,1,4,1,1,4,8,5,1
"3779",261,0,0,0,4,1,0,6,6,7,2
"3780",261,0,0,0,4,1,0,7,7,5,2
"3781",262,0,0,1,2,6,1,9,9,7,0
"3782",262,0,0,0,2,6,0,7,8,2,5
"3783",262,0,0,1,2,6,0,6,8,4,8
"3784",262,0,0,1,2,6,0,7,8,5,3
"3785",262,0,0,1,2,6,1,8,8,4,4
"3786",262,0,0,1,2,6,0,6,8,3,3
"3787",262,0,0,1,2,6,0,7,8,2,4
"3788",262,0,0,1,2,6,0,6,9,6,4
"3789",262,0,0,1,2,6,0,6,8,4,2
"3790",262,0,0,0,2,6,0,8,7,6,6
"3791",262,0,0,0,2,6,0,6,7,6,2
"3792",262,0,0,1,2,6,0,8,8,5,2
"3793",262,0,0,0,2,6,0,6,8,4,5
"3794",262,0,0,1,2,6,0,7,8,5,7
"3795",262,0,0,0,2,6,0,6,8,3,7
"3796",262,0,0,1,2,6,0,9,7,2,2
"3797",262,0,0,0,2,6,0,8,9,7,1
"3798",262,0,0,1,2,6,0,6,7,2,5
"3799",262,0,0,0,2,6,0,7,8,4,2
"3800",262,0,0,0,2,6,0,10,9,2,1
"3801",262,0,0,0,2,6,0,8,8,3,1
"3802",263,0,0,0,1,1,1,8,10,5,3
"3803",263,0,1,0,1,1,1,8,8,2,2
"3804",263,0,0,0,1,1,0,5,9,1,5
"3805",263,0,0,0,1,1,0,5,7,0,0
"3806",263,0,0,0,1,1,0,8,8,0,1
"3807",263,0,0,0,1,1,0,4,7,2,6
"3808",263,0,0,0,1,1,0,9,8,2,1
"3809",263,0,0,0,1,1,0,6,9,5,1
"3810",263,0,0,0,1,1,0,7,9,3,1
"3811",263,0,1,1,1,1,1,9,9,8,3
"3812",263,0,0,0,1,1,1,8,9,7,1
"3813",263,0,0,0,1,1,0,6,9,2,1
"3814",263,0,0,0,1,1,0,6,8,6,2
"3815",263,0,0,0,1,1,0,6,10,5,4
"3816",263,0,0,0,1,1,0,NA,NA,NA,4
"3817",263,0,1,0,1,1,1,5,9,1,1
"3818",263,0,1,0,1,1,1,6,9,6,2
"3819",263,0,1,0,1,1,1,8,9,6,8
"3820",263,0,0,0,1,1,0,4,10,4,1
"3821",263,0,1,1,1,1,1,10,9,4,2
"3822",263,0,0,0,1,1,0,9,9,4,2
"3823",264,0,0,1,2,1,0,3,6,3,3
"3824",264,0,1,0,2,1,1,6,8,6,2
"3825",264,0,0,1,2,1,0,5,7,6,5
"3826",264,0,0,1,2,1,0,5,7,5,0
"3827",264,0,0,1,2,1,1,6,7,6,1
"3828",264,0,0,1,2,1,0,3,7,3,6
"3829",264,0,1,1,2,1,1,7,8,6,1
"3830",264,0,1,1,2,1,1,5,8,6,1
"3831",264,0,0,1,2,1,0,4,6,3,1
"3832",264,0,1,0,2,1,1,8,7,5,3
"3833",264,0,0,0,2,1,0,4,8,3,1
"3834",264,0,0,1,2,1,1,7,8,6,1
"3835",264,0,0,0,2,1,0,2,6,4,2
"3836",264,0,0,1,2,1,0,4,7,5,4
"3837",264,0,0,0,2,1,0,2,6,3,4
"3838",264,0,0,1,2,1,1,8,7,6,1
"3839",264,0,0,0,2,1,0,6,8,8,2
"3840",264,0,0,1,2,1,0,5,7,4,8
"3841",264,0,0,0,2,1,0,7,6,4,1
"3842",264,0,0,0,2,1,0,6,6,4,2
"3843",264,0,0,0,2,1,0,3,6,4,2
"3844",265,0,0,1,2,4,1,6,6,3,3
"3845",265,0,0,0,2,4,0,5,6,1,8
"3846",265,0,0,1,2,4,0,8,10,1,11
"3847",265,0,0,1,2,4,0,6,8,2,6
"3848",265,0,0,1,2,4,0,5,6,2,7
"3849",265,0,0,1,2,4,0,5,6,3,0
"3850",265,0,0,1,2,4,0,6,5,2,7
"3851",265,0,0,1,2,4,1,8,10,3,7
"3852",265,0,1,1,2,4,1,9,9,3,5
"3853",265,0,0,0,2,4,0,9,8,2,9
"3854",265,0,0,0,2,4,0,NA,NA,NA,5
"3855",265,0,0,1,2,4,0,8,8,2,5
"3856",265,0,0,0,2,4,0,5,8,2,8
"3857",265,0,0,1,2,4,0,6,8,2,10
"3858",265,0,0,0,2,4,0,6,9,2,10
"3859",265,0,0,1,2,4,0,6,7,2,5
"3860",265,0,0,0,2,4,0,6,6,2,4
"3861",265,0,0,1,2,4,0,9,8,2,2
"3862",265,0,0,0,2,4,0,6,7,2,5
"3863",265,0,0,0,2,4,0,9,8,2,4
"3864",265,0,0,0,2,4,0,6,8,3,4
"3865",266,0,0,1,2,2,0,5,9,7,1
"3866",266,0,0,0,2,2,0,4,6,6,4
"3867",266,0,0,1,2,2,0,5,5,2,7
"3868",266,0,0,1,2,2,0,4,7,6,2
"3869",266,0,0,1,2,2,0,4,6,2,3
"3870",266,0,0,1,2,2,0,4,9,6,4
"3871",266,0,0,1,2,2,0,7,9,7,3
"3872",266,0,0,1,2,2,0,3,8,5,3
"3873",266,0,0,1,2,2,0,4,9,5,1
"3874",266,0,0,0,2,2,0,4,6,5,5
"3875",266,0,0,0,2,2,0,2,7,7,1
"3876",266,0,0,1,2,2,1,6,7,5,1
"3877",266,0,0,0,2,2,0,2,7,5,4
"3878",266,0,0,1,2,2,0,4,5,5,6
"3879",266,0,0,0,2,2,0,2,7,5,6
"3880",266,0,1,1,2,2,1,6,8,5,1
"3881",266,0,1,0,2,2,1,7,8,7,0
"3882",266,0,0,1,2,2,0,8,8,0,6
"3883",266,0,1,0,2,2,1,7,9,8,1
"3884",266,0,1,0,2,2,1,6,8,3,0
"3885",266,0,0,0,2,2,0,4,4,5,0
"3886",267,0,0,0,4,1,0,4,6,6,3
"3887",267,0,0,0,4,1,0,4,5,6,2
"3888",267,0,0,0,4,1,0,6,7,6,5
"3889",267,0,0,0,4,1,0,5,6,6,0
"3890",267,0,0,0,4,1,0,6,5,6,1
"3891",267,0,0,0,4,1,0,4,5,6,6
"3892",267,0,0,0,4,1,0,6,5,6,1
"3893",267,0,0,0,4,1,0,4,7,6,1
"3894",267,0,0,0,4,1,0,4,7,6,1
"3895",267,0,0,0,4,1,0,6,6,6,3
"3896",267,0,0,1,4,1,0,3,7,7,1
"3897",267,0,0,0,4,1,0,3,6,6,1
"3898",267,0,0,0,4,1,0,3,6,6,2
"3899",267,0,0,0,4,1,0,3,7,6,4
"3900",267,0,0,1,4,1,0,3,7,3,4
"3901",267,0,0,0,4,1,0,5,6,6,1
"3902",267,0,0,1,4,1,0,5,5,6,2
"3903",267,0,0,0,4,1,0,4,7,6,8
"3904",267,0,0,1,4,1,0,4,7,6,1
"3905",267,0,0,0,4,1,0,5,6,6,2
"3906",267,0,0,0,4,1,0,4,6,6,2
"3907",268,0,1,0,3,5,1,9,9,7,5
"3908",268,0,1,1,3,5,1,8,7,7,0
"3909",268,0,0,0,3,5,0,8,7,5,3
"3910",268,0,1,0,3,5,1,7,9,6,2
"3911",268,0,1,0,3,5,1,7,9,5,1
"3912",268,0,0,0,3,5,0,6,8,6,8
"3913",268,0,1,0,3,5,1,9.5,9,7,1
"3914",268,0,0,0,3,5,0,5,8,5,1
"3915",268,0,0,0,3,5,0,5,7,5,3
"3916",268,0,0,0,3,5,0,7,6,5,1
"3917",268,0,0,0,3,5,0,5,8,8,3
"3918",268,0,0,0,3,5,0,8,7,5,3
"3919",268,0,0,0,3,5,0,6,8,5,0
"3920",268,0,0,0,3,5,0,5,6,4,2
"3921",268,0,0,0,3,5,0,5,6,5,2
"3922",268,0,1,0,3,5,1,7,7,6,3
"3923",268,0,1,0,3,5,1,5,9,4,4
"3924",268,0,1,0,3,5,1,8,9,6,10
"3925",268,0,0,0,3,5,0,5,9,6,3
"3926",268,0,1,0,3,5,1,9,9,6,4
"3927",268,0,1,1,3,5,1,7,9,5,4
"3928",269,0,0,1,2,2,0,6,8,7,5
"3929",269,0,1,0,2,2,1,8,7,7,0
"3930",269,0,0,1,2,2,0,6,8,4,3
"3931",269,0,0,1,2,2,0,6,9,8,2
"3932",269,0,0,1,2,2,1,8,7,7,1
"3933",269,0,0,1,2,2,0,5,9,7,8
"3934",269,0,1,1,2,2,1,8,8,7,1
"3935",269,0,0,1,2,2,0,5,9,8,1
"3936",269,0,0,1,2,2,0,6,10,7,3
"3937",269,0,0,0,2,2,0,6,5,5,1
"3938",269,0,1,0,2,2,1,7,7,9,3
"3939",269,0,0,1,2,2,0,6,8,5,3
"3940",269,0,0,0,2,2,0,6,8,10,0
"3941",269,0,0,1,2,2,0,7,9,7,2
"3942",269,0,0,0,2,2,0,6,8,6,2
"3943",269,0,1,1,2,2,1,7,8,6,3
"3944",269,0,1,0,2,2,1,8,8,7,4
"3945",269,0,0,1,2,2,0,9,8,6,10
"3946",269,0,1,0,2,2,1,7,9,7,3
"3947",269,0,0,0,2,2,0,8,7,5,4
"3948",269,0,0,0,2,2,0,8,7,6,4
"3949",270,0,0,0,4,2,1,5,6,6,6
"3950",270,0,0,0,4,2,0,4,5,4,1
"3951",270,0,0,0,4,2,0,5,7,5,2
"3952",270,0,1,0,4,2,1,7,8,6,3
"3953",270,0,0,0,4,2,0,5,7,5,2
"3954",270,0,0,0,4,2,0,5,5,4,9
"3955",270,0,1,0,4,2,1,6,6,6,2
"3956",270,0,1,0,4,2,1,6,8,6,2
"3957",270,0,1,0,4,2,1,6,7,7,4
"3958",270,0,1,0,4,2,1,6,6,5,0
"3959",270,0,0,1,4,2,0,5,7,5,4
"3960",270,0,0,0,4,2,1,5,7,6,4
"3961",270,0,0,0,4,2,0,4,5,4,1
"3962",270,0,0,0,4,2,0,5,6,4,1
"3963",270,0,0,1,4,2,0,4,5,4,1
"3964",270,0,0,0,4,2,1,6,7,5,4
"3965",270,0,0,1,4,2,1,6,6,5,5
"3966",270,0,0,0,4,2,1,5,7,5,11
"3967",270,0,0,1,4,2,0,4,8,5,4
"3968",270,0,0,0,4,2,1,7,7,5,5
"3969",270,0,0,0,4,2,1,6,5,5,5
"3970",271,0,0,1,2,2,0,6,7,5,6
"3971",271,0,0,0,2,2,0,5,4,5,1
"3972",271,0,0,1,2,2,0,6,5,5,2
"3973",271,0,0,1,2,2,0,4,7,4,3
"3974",271,0,0,1,2,2,1,6,7,4,2
"3975",271,0,0,1,2,2,0,4,6,4,9
"3976",271,0,0,1,2,2,1,7,7,6,2
"3977",271,0,0,1,2,2,0,5,8,5,2
"3978",271,0,0,1,2,2,0,4,6,4,4
"3979",271,0,1,0,2,2,1,7,7,5,0
"3980",271,0,0,0,2,2,0,4,5,6,4
"3981",271,0,0,1,2,2,0,5,4,4,4
"3982",271,0,0,0,2,2,0,4,6,6,1
"3983",271,0,0,1,2,2,0,5,6,6,1
"3984",271,0,0,0,2,2,0,4,4,4,1
"3985",271,0,0,1,2,2,1,7,6,6,4
"3986",271,0,0,0,2,2,1,4,7,7,5
"3987",271,0,0,1,2,2,1,6,7,6,11
"3988",271,0,0,0,2,2,0,4,6,6,4
"3989",271,0,0,0,2,2,1,7,7,6,5
"3990",271,0,1,0,2,2,1,6,6,6,5
"3991",272,0,0,1,2,2,0,4,7,5,4
"3992",272,0,0,0,2,2,0,4,7,7,1
"3993",272,0,0,1,2,2,0,7,8,7,4
"3994",272,0,0,1,2,2,0,6,9,7,1
"3995",272,0,0,1,2,2,1,7,8,8,0
"3996",272,0,0,1,2,2,0,5,10,7,7
"3997",272,0,0,1,2,2,1,8,8,8,0
"3998",272,0,0,1,2,2,0,2,8,8,0
"3999",272,0,0,1,2,2,0,7,9,9,2
"4000",272,0,0,0,2,2,0,6,9,7,2
"4001",272,0,0,0,2,2,0,5,7,8,2
"4002",272,0,0,1,2,2,0,3,6,6,2
"4003",272,0,0,0,2,2,0,4,7,8,1
"4004",272,0,0,1,2,2,0,3,8,5,3
"4005",272,0,0,0,2,2,0,2,6,4,3
"4006",272,0,0,1,2,2,0,5,8,6,2
"4007",272,0,0,0,2,2,0,6,7,7,3
"4008",272,0,0,1,2,2,1,7,9,7,9
"4009",272,0,0,0,2,2,0,5,10,8,2
"4010",272,0,0,0,2,2,0,6,8,7,3
"4011",272,0,0,0,2,2,0,6,6,8,3
"4012",273,1,0,0,2,2,0,4,8,2,1
"4013",273,1,0,0,2,2,0,1,8,2,4
"4014",273,1,0,1,2,2,1,8,9,3,7
"4015",273,1,0,0,2,2,0,6,5,1,3
"4016",273,1,0,0,2,2,0,7,8,1,5
"4017",273,1,0,1,2,2,0,7,7,1,5
"4018",273,1,0,0,2,2,0,8,8,2,4
"4019",273,1,0,1,2,2,0,4,8,1,4
"4020",273,1,0,0,2,2,0,2,8,1,2
"4021",273,1,0,0,2,2,0,2,7,1,3
"4022",273,1,0,1,2,2,0,2,9,4,0
"4023",273,1,0,0,2,2,0,2,8,5,3
"4024",273,1,0,1,2,2,0,5,5,1,3
"4025",273,1,0,1,2,2,0,5,9,4,3
"4026",273,1,0,1,2,2,1,8,9,6,1
"4027",273,1,0,0,2,2,0,9,5,5,3
"4028",273,1,1,0,2,2,1,10,9,10,5
"4029",273,1,0,1,2,2,1,9,8,6,5
"4030",273,1,0,0,2,2,0,4,7,1,6
"4031",273,1,0,1,2,2,0,7,5,2,6
"4032",273,1,0,1,2,2,0,9,7,1,4
"4033",274,1,1,1,3,3,1,7,8,10,4
"4034",274,1,1,0,3,3,1,5,8,7,9
"4035",274,1,0,0,3,3,0,6,10,8,2
"4036",274,1,0,0,3,3,0,2,6,3,2
"4037",274,1,0,0,3,3,0,4,8,7,0
"4038",274,1,0,0,3,3,0,6,8,6,0
"4039",274,1,0,0,3,3,0,7,5,6,1
"4040",274,1,0,0,3,3,0,8,8,2,1
"4041",274,1,0,0,3,3,0,3,8,4,3
"4042",274,1,0,0,3,3,0,3,6,5,2
"4043",274,1,0,0,3,3,0,4,7,7,5
"4044",274,1,1,0,3,3,1,7,9,6,2
"4045",274,1,1,0,3,3,1,6,8,6,2
"4046",274,1,0,0,3,3,0,4,2,4,8
"4047",274,1,0,0,3,3,1,8,8,8,4
"4048",274,1,0,0,3,3,0,3,3,5,2
"4049",274,1,1,1,3,3,1,8,9,8,0
"4050",274,1,1,0,3,3,1,8,8,7,0
"4051",274,1,0,0,3,3,0,4,7,4,1
"4052",274,1,0,0,3,3,0,6,4,4,1
"4053",274,1,0,0,3,3,1,8,8,7,1
"4054",275,1,0,0,2,2,1,7,8,7,7
"4055",275,1,0,0,2,2,1,6,7,7,12
"4056",275,1,0,1,2,2,1,5,6,6,1
"4057",275,1,0,0,2,2,1,5,6,5,5
"4058",275,1,0,0,2,2,1,6,7,6,3
"4059",275,1,0,1,2,2,1,6,7,7,3
"4060",275,1,0,0,2,2,1,7,6,6,4
"4061",275,1,0,1,2,2,0,NA,NA,NA,4
"4062",275,1,0,0,2,2,1,5,8,7,6
"4063",275,1,1,0,2,2,1,6,7,6,5
"4064",275,1,0,1,2,2,1,4,8,7,8
"4065",275,1,0,0,2,2,1,6,7,6,5
"4066",275,1,0,1,2,2,1,5,7,7,5
"4067",275,1,0,1,2,2,1,6,7,5,11
"4068",275,1,0,1,2,2,1,6,8,7,7
"4069",275,1,0,0,2,2,1,5,7,7,5
"4070",275,1,0,0,2,2,1,9,8,7,3
"4071",275,1,0,1,2,2,1,8,7,7,3
"4072",275,1,0,0,2,2,1,7,8,7,2
"4073",275,1,0,1,2,2,1,7,6,6,2
"4074",275,1,0,1,2,2,1,7,6,7,4
"4075",276,1,0,0,2,2,1,6,8,7,2
"4076",276,1,0,0,2,2,0,4,7,4,7
"4077",276,1,0,1,2,2,0,3,10,6,4
"4078",276,1,0,0,2,2,0,7,5,3,0
"4079",276,1,0,0,2,2,1,7,9,7,2
"4080",276,1,0,1,2,2,0,6,4,4,2
"4081",276,1,1,0,2,2,1,6,9,5,1
"4082",276,1,0,1,2,2,1,10,10,10,1
"4083",276,1,1,0,2,2,1,7,8,10,1
"4084",276,1,1,0,2,2,1,8,9,10,0
"4085",276,1,0,1,2,2,0,5,7,3,3
"4086",276,1,0,0,2,2,1,8,7,6,0
"4087",276,1,0,1,2,2,1,8,6,8,0
"4088",276,1,0,1,2,2,0,3,6,3,6
"4089",276,1,0,1,2,2,1,9,6,2,2
"4090",276,1,0,0,2,2,0,5,3,3,0
"4091",276,1,1,0,2,2,1,8,8,6,2
"4092",276,1,0,1,2,2,1,9,8,9,2
"4093",276,1,1,0,2,2,1,7,8,7,3
"4094",276,1,0,1,2,2,1,7,4,7,3
"4095",276,1,0,1,2,2,0,7,5,3,1
"4096",277,1,0,0,2,1,0,6,7,1,3
"4097",277,1,0,0,2,1,0,5,7,1,8
"4098",277,1,0,1,2,1,0,6,7,2,3
"4099",277,1,0,0,2,1,0,6,6,0,1
"4100",277,1,0,0,2,1,0,7,7,2,1
"4101",277,1,0,1,2,1,0,7,6,2,1
"4102",277,1,1,0,2,1,1,8,8,3,0
"4103",277,1,1,1,2,1,1,8,8,10,0
"4104",277,1,1,0,2,1,1,7,8,10,2
"4105",277,1,1,0,2,1,1,6,7,2,1
"4106",277,1,0,1,2,1,0,5,5,1,4
"4107",277,1,0,0,2,1,0,6,7,1,1
"4108",277,1,0,1,2,1,0,6,7,3,1
"4109",277,1,0,1,2,1,0,5,7,2,7
"4110",277,1,0,1,2,1,0,7,7,2,3
"4111",277,1,0,0,2,1,0,6,7,1,1
"4112",277,1,1,0,2,1,1,9,8,4,1
"4113",277,1,0,1,2,1,0,7,7,2,1
"4114",277,1,0,0,2,1,1,7,8,3,2
"4115",277,1,0,1,2,1,0,6,6,2,2
"4116",277,1,0,1,2,1,0,7,6,0,0
"4117",278,1,0,0,2,1,1,7,8,5,4
"4118",278,1,0,0,2,1,0,5,7,3,1
"4119",278,1,0,1,2,1,0,6,8,3,10
"4120",278,1,0,0,2,1,0,7,5,3,6
"4121",278,1,0,0,2,1,1,8,8,5,8
"4122",278,1,0,1,2,1,0,5,5,4,8
"4123",278,1,0,0,2,1,0,5,7,4,7
"4124",278,1,0,1,2,1,1,6,5,8,7
"4125",278,1,0,0,2,1,0,5,5,2,5
"4126",278,1,0,0,2,1,0,5,6,3,6
"4127",278,1,0,1,2,1,1,5,6,5,3
"4128",278,1,0,0,2,1,1,8,8,6,6
"4129",278,1,0,1,2,1,0,3,7,4,6
"4130",278,1,0,1,2,1,0,5,7,5,0
"4131",278,1,0,1,2,1,1,8,8,7,4
"4132",278,1,0,0,2,1,0,8,6,3,6
"4133",278,1,0,0,2,1,1,7,7,7,8
"4134",278,1,0,1,2,1,0,5,8,5,8
"4135",278,1,0,0,2,1,0,6,6,3,9
"4136",278,1,0,1,2,1,0,5,7,4,9
"4137",278,1,0,1,2,1,0,7,7,2,7
"4138",279,1,0,0,2,3,0,6.5,9,6,3
"4139",279,1,0,0,2,3,0,4,7,4,8
"4140",279,1,0,1,2,3,0,6,8,6,3
"4141",279,1,0,0,2,3,0,5,7,6,1
"4142",279,1,1,0,2,3,1,7,8,6,1
"4143",279,1,0,1,2,3,0,8,7,4,1
"4144",279,1,0,0,2,3,0,7,8,3,0
"4145",279,1,0,1,2,3,0,9,6,1,0
"4146",279,1,0,0,2,3,1,6,8,3,2
"4147",279,1,0,0,2,3,0,7,10,1,1
"4148",279,1,0,1,2,3,0,6,9,3,4
"4149",279,1,0,0,2,3,0,8,8,4,1
"4150",279,1,1,1,2,3,1,7,9,5,1
"4151",279,1,0,1,2,3,0,6,9,4,7
"4152",279,1,0,1,2,3,1,8,8,6.5,3
"4153",279,1,0,0,2,3,0,6,8,6,1
"4154",279,1,1,0,2,3,1,8,9,8,1
"4155",279,1,1,1,2,3,1,8,9,3,1
"4156",279,1,1,0,2,3,1,7,9,5,2
"4157",279,1,0,1,2,3,0,9,6,5,2
"4158",279,1,0,1,2,3,0,7,5,3,0
"4159",280,1,0,0,2,3,0,7,7,2,3
"4160",280,1,0,0,2,3,0,2,7,4,8
"4161",280,1,0,1,2,3,0,3,8,1,3
"4162",280,1,0,0,2,3,1,8,8,2,1
"4163",280,1,0,0,2,3,1,7,8,3,1
"4164",280,1,0,1,2,3,0,6,6,2,1
"4165",280,1,1,0,2,3,1,8,8,3,0
"4166",280,1,0,1,2,3,0,7,9,2,0
"4167",280,1,1,0,2,3,1,7,8,5,2
"4168",280,1,1,0,2,3,1,7,8,3,1
"4169",280,1,0,1,2,3,0,3,7,5,4
"4170",280,1,0,0,2,3,1,6,8,3,1
"4171",280,1,1,1,2,3,1,7,7,5,1
"4172",280,1,0,1,2,3,0,3,8,2,7
"4173",280,1,0,1,2,3,0,8,7,1,3
"4174",280,1,0,0,2,3,0,5,5,3,1
"4175",280,1,0,0,2,3,0,6,7,2,1
"4176",280,1,0,1,2,3,1,8,8,5,1
"4177",280,1,1,0,2,3,1,8,8,4,2
"4178",280,1,0,1,2,3,1,6,6,3,2
"4179",280,1,0,1,2,3,0,6,6,2,0
"4180",281,1,0,0,2,6,1,10,8,6,1
"4181",281,1,0,0,2,6,0,3,8,2,6
"4182",281,1,0,1,2,6,1,6,7,4,5
"4183",281,1,0,0,2,6,0,5,4,3,1
"4184",281,1,0,0,2,6,0,7,7,2,3
"4185",281,1,0,1,2,6,1,6,5,6,3
"4186",281,1,0,0,2,6,1,5,6,6,2
"4187",281,1,0,1,2,6,0,5,7,7,2
"4188",281,1,0,0,2,6,0,6,9,2,0
"4189",281,1,0,0,2,6,0,3,9,5,1
"4190",281,1,0,1,2,6,1,6,7,4,2
"4191",281,1,0,0,2,6,1,6,9,6,1
"4192",281,1,0,1,2,6,1,5,6,1,1
"4193",281,1,1,1,2,6,1,6,8,3,5
"4194",281,1,0,1,2,6,1,9,10,6,1
"4195",281,1,0,0,2,6,0,5,6,1,1
"4196",281,1,0,0,2,6,1,10,8,4,3
"4197",281,1,0,1,2,6,1,8,10,5,3
"4198",281,1,1,0,2,6,1,7,10,7,4
"4199",281,1,0,1,2,6,0,5,7,2,4
"4200",281,1,0,1,2,6,1,9,3,5,2
"4201",282,1,0,0,1,1,1,7,7,2,5
"4202",282,1,0,0,1,1,0,6,9,2,10
"4203",282,1,0,0,1,1,1,7,7,5,1
"4204",282,1,0,0,1,1,0,6,7,2,3
"4205",282,1,1,0,1,1,1,8,7,7,1
"4206",282,1,0,0,1,1,1,8,8,6,1
"4207",282,1,1,0,1,1,1,8,8,6,2
"4208",282,1,0,0,1,1,1,7,7,3,2
"4209",282,1,1,0,1,1,1,10,9,6,4
"4210",282,1,0,0,1,1,1,7,7,3,3
"4211",282,1,0,0,1,1,1,7,7,5,6
"4212",282,1,1,1,1,1,1,8,8,6,3
"4213",282,1,1,0,1,1,1,7,7,3,3
"4214",282,1,0,0,1,1,1,7,7,2,9
"4215",282,1,0,0,1,1,1,7,7,3,5
"4216",282,1,0,0,1,1,1,8,8,7,3
"4217",282,1,0,0,1,1,1,9,9,6,1
"4218",282,1,0,0,1,1,1,8,8,7,1
"4219",282,1,1,0,1,1,1,9,9,7,0
"4220",282,1,1,0,1,1,1,8,8,5,0
"4221",282,1,0,0,1,1,1,9,8,4,2
"4222",283,1,0,0,4,1,1,9,9,9,1
"4223",283,1,0,1,4,1,0,3,3,1,6
"4224",283,1,0,0,4,1,1,10,10,9,5
"4225",283,1,0,1,4,1,1,9,9,6,1
"4226",283,1,0,1,4,1,1,9,9,6,3
"4227",283,1,0,0,4,1,1,10,10,6,3
"4228",283,1,1,0,4,1,1,10,9,6,2
"4229",283,1,0,0,4,1,1,10,9,9,2
"4230",283,1,0,1,4,1,1,7,7,6,0
"4231",283,1,0,1,4,1,1,6,6,8,1
"4232",283,1,0,0,4,1,1,10,10,10,2
"4233",283,1,0,0,4,1,0,1,1,1,1
"4234",283,1,0,0,4,1,1,10,10,10,1
"4235",283,1,0,0,4,1,1,10,10,10,5
"4236",283,1,0,0,4,1,1,10,10,10,1
"4237",283,1,0,1,4,1,0,5,5,1,1
"4238",283,1,0,0,4,1,1,10,10,10,3
"4239",283,1,1,0,4,1,1,8,9,9,3
"4240",283,1,0,1,4,1,1,5,9,9,4
"4241",283,1,0,0,4,1,1,10,9,9,4
"4242",283,1,0,0,4,1,1,10,10,6,2
"4243",284,1,0,0,2,1,0,7,NA,3,1
"4244",284,1,0,0,2,1,0,2,NA,1,6
"4245",284,1,0,1,2,1,0,3,NA,1,5
"4246",284,1,0,0,2,1,1,7,NA,5,1
"4247",284,1,0,0,2,1,1,7,NA,4,3
"4248",284,1,0,1,2,1,1,7,NA,5,3
"4249",284,1,1,0,2,1,1,7,7,4,2
"4250",284,1,0,1,2,1,0,5,6,1,2
"4251",284,1,0,0,2,1,0,6,NA,4,0
"4252",284,1,0,0,2,1,0,6,8,3,1
"4253",284,1,0,1,2,1,0,5,NA,2,2
"4254",284,1,0,0,2,1,0,6,NA,4,1
"4255",284,1,0,1,2,1,0,6,NA,3,1
"4256",284,1,0,1,2,1,0,4,NA,1,5
"4257",284,1,0,1,2,1,0,6,NA,5,1
"4258",284,1,0,0,2,1,0,7,NA,3,1
"4259",284,1,0,0,2,1,1,7,NA,5,3
"4260",284,1,0,1,2,1,0,5,NA,4,3
"4261",284,1,0,0,2,1,0,6,NA,3,4
"4262",284,1,0,1,2,1,0,5,NA,1,4
"4263",284,1,0,1,2,1,0,5,NA,4,2
"4264",285,1,0,0,6,4,1,5,5,8,4
"4265",285,1,1,0,6,4,1,5,5,8,9
"4266",285,1,0,0,6,4,1,8,8,8,2
"4267",285,1,0,0,6,4,1,3,3,3,2
"4268",285,1,0,0,6,4,1,6,6,6,0
"4269",285,1,0,0,6,4,1,8,8,9,0
"4270",285,1,0,1,6,4,1,7,7,7,1
"4271",285,1,0,0,6,4,1,9,9,9,1
"4272",285,1,1,0,6,4,1,6,6,6,3
"4273",285,1,0,0,6,4,1,6,6,6,2
"4274",285,1,0,0,6,4,1,7,7,7,5
"4275",285,1,0,0,6,4,1,6,6,6,2
"4276",285,1,0,0,6,4,1,7,7,7,2
"4277",285,1,0,0,6,4,1,7,7,7,8
"4278",285,1,0,0,6,4,1,7.5,7.5,7.5,4
"4279",285,1,0,0,6,4,1,6,6,6,2
"4280",285,1,0,0,6,4,1,8.5,8.5,8.5,0
"4281",285,1,0,0,6,4,1,8,8,8,0
"4282",285,1,0,0,6,4,1,6,6,6,1
"4283",285,1,0,0,6,4,1,6,6,6,1
"4284",285,1,0,0,6,4,1,8,8,8,1
"4285",286,1,0,0,2,1,0,9,8,3,6
"4286",286,1,0,0,2,1,0,6,NA,2,11
"4287",286,1,0,1,2,1,0,7,9,2,0
"4288",286,1,0,0,2,1,0,7,7,4,4
"4289",286,1,0,0,2,1,1,6,7,3,2
"4290",286,1,0,1,2,1,0,7,8,2,2
"4291",286,1,0,0,2,1,1,8,8,3,3
"4292",286,1,0,1,2,1,0,7,8,2,3
"4293",286,1,0,0,2,1,0,7,8,3,5
"4294",286,1,0,0,2,1,1,6,8,5,4
"4295",286,1,0,1,2,1,0,7,9,3,7
"4296",286,1,0,0,2,1,1,8,8,5,4
"4297",286,1,0,1,2,1,0,8,8,3,4
"4298",286,1,0,1,2,1,1,7,9,3,10
"4299",286,1,0,1,2,1,1,7,8,4,6
"4300",286,1,0,0,2,1,0,6,7,3,4
"4301",286,1,0,0,2,1,1,10,8,4,2
"4302",286,1,0,1,2,1,0,7,7,4,2
"4303",286,1,0,0,2,1,1,7,9,4,1
"4304",286,1,0,1,2,1,1,8,8,5,1
"4305",286,1,0,1,2,1,1,9,9,5,3
"4306",287,1,0,0,4,1,1,7,7,6,6
"4307",287,1,0,1,4,1,0,4,6,5,11
"4308",287,1,0,0,4,1,1,8,7,8,0
"4309",287,1,0,1,4,1,1,7,5,6,4
"4310",287,1,0,1,4,1,1,6,6,6,2
"4311",287,1,0,0,4,1,1,8,7,6,2
"4312",287,1,0,0,4,1,1,8,5,5,3
"4313",287,1,0,0,4,1,0,7,6,5,3
"4314",287,1,0,1,4,1,1,7,8,6,5
"4315",287,1,0,1,4,1,0,4,5,5,4
"4316",287,1,0,0,4,1,1,6,6,7,7
"4317",287,1,0,0,4,1,0,4,8,7,4
"4318",287,1,0,0,4,1,1,8,8,8,4
"4319",287,1,0,0,4,1,1,5,7,7,10
"4320",287,1,0,0,4,1,1,7,7,6,6
"4321",287,1,0,1,4,1,1,9,9,8,4
"4322",287,1,0,0,4,1,1,9,9,7,2
"4323",287,1,0,0,4,1,1,8,8,7,2
"4324",287,1,0,1,4,1,1,7,7,5,1
"4325",287,1,0,0,4,1,1,9,8,7,1
"4326",287,1,0,0,4,1,1,10,9,6,3
"4327",288,1,0,0,2,1,0,4,5,3,1
"4328",288,1,0,0,2,1,0,3,6,2,6
"4329",288,1,0,1,2,1,0,5,7,5,5
"4330",288,1,0,0,2,1,0,5,3,5,1
"4331",288,1,0,0,2,1,1,6,6,3,3
"4332",288,1,0,1,2,1,0,4,6,2,3
"4333",288,1,0,0,2,1,0,5,5,2,2
"4334",288,1,0,1,2,1,0,4,5,3,2
"4335",288,1,0,0,2,1,0,4,5,3,0
"4336",288,1,0,0,2,1,0,4,6,3,1
"4337",288,1,0,1,2,1,0,4,7,4,2
"4338",288,1,1,0,2,1,1,6,7,4,1
"4339",288,1,0,1,2,1,0,3,5,3,1
"4340",288,1,0,1,2,1,0,3,5,3,5
"4341",288,1,1,1,2,1,1,7,7,3,1
"4342",288,1,0,0,2,1,0,3,3,3,1
"4343",288,1,1,0,2,1,1,5,6,4,3
"4344",288,1,1,1,2,1,1,6,7,3,3
"4345",288,1,0,0,2,1,0,4,5,3,4
"4346",288,1,0,1,2,1,0,5,3,3,4
"4347",288,1,0,1,2,1,0,7,4,3,2
"4348",289,1,0,0,4,1,0,7,6,3,0
"4349",289,1,0,1,4,1,0,2,6,2,5
"4350",289,1,0,0,4,1,1,5,8,5,6
"4351",289,1,0,1,4,1,0,7,7,3,2
"4352",289,1,1,1,4,1,1,6,8,6,4
"4353",289,1,0,0,4,1,1,7,6,5,4
"4354",289,1,0,0,4,1,0,7,7,3,3
"4355",289,1,0,0,4,1,0,4,7,3,3
"4356",289,1,0,1,4,1,0,5,4,2,1
"4357",289,1,0,1,4,1,0,4,6,1,2
"4358",289,1,0,0,4,1,1,6,9,7,1
"4359",289,1,1,0,4,1,1,7,8,6,2
"4360",289,1,0,0,4,1,1,8,5,4,2
"4361",289,1,0,0,4,1,0,3,5,1,4
"4362",289,1,1,0,4,1,1,8,8,7,0
"4363",289,1,0,1,4,1,0,7,5,3,2
"4364",289,1,1,0,4,1,1,10,8,3,4
"4365",289,1,1,0,4,1,1,9,10,6,4
"4366",289,1,0,1,4,1,0,5,7,3,5
"4367",289,1,0,0,4,1,0,5,4,1,5
"4368",289,1,0,0,4,1,0,6,4,2,3
"4369",290,1,0,0,2,2,0,8,6,3,6
"4370",290,1,0,0,2,2,0,2,6,3,1
"4371",290,1,0,1,2,2,0,3,6,4,12
"4372",290,1,0,0,2,2,0,3,6,4,8
"4373",290,1,0,0,2,2,1,7,8,5,10
"4374",290,1,0,1,2,2,1,6,7,4,10
"4375",290,1,0,0,2,2,1,7,7,5,9
"4376",290,1,0,1,2,2,0,3,8,3,9
"4377",290,1,0,0,2,2,0,4,9,4,7
"4378",290,1,0,0,2,2,0,5,8,3,8
"4379",290,1,0,1,2,2,0,3,6,3,5
"4380",290,1,1,0,2,2,1,5,8,5,8
"4381",290,1,0,1,2,2,0,3,7,2,8
"4382",290,1,0,1,2,2,0,3,6,2,2
"4383",290,1,0,1,2,2,1,4,7,4,6
"4384",290,1,0,0,2,2,0,4,5,3,8
"4385",290,1,1,0,2,2,1,9,8,7,10
"4386",290,1,0,1,2,2,1,7,7,4,10
"4387",290,1,0,0,2,2,0,4,8,3,11
"4388",290,1,0,1,2,2,0,3,6,4,11
"4389",290,1,0,1,2,2,0,8,6,5,9
"4390",291,1,1,0,4,1,1,6,8,6,1
"4391",291,1,0,1,4,1,1,5,8,7,6
"4392",291,1,0,0,4,1,1,6,8,6,5
"4393",291,1,0,1,4,1,1,5,8,6,1
"4394",291,1,0,1,4,1,1,5,8,7,3
"4395",291,1,0,0,4,1,1,6,6,5,3
"4396",291,1,0,0,4,1,1,5,8,5,2
"4397",291,1,0,0,4,1,1,6,7,5,2
"4398",291,1,1,1,4,1,1,6,8,7,0
"4399",291,1,1,1,4,1,1,6,8,6,1
"4400",291,1,0,0,4,1,1,5,9,7,2
"4401",291,1,0,0,4,1,1,5,8,6,1
"4402",291,1,0,0,4,1,1,5,7,5,1
"4403",291,1,0,0,4,1,0,4,9,5,5
"4404",291,1,1,0,4,1,1,7,9,7,1
"4405",291,1,0,1,4,1,1,6,8,7,1
"4406",291,1,0,0,4,1,1,9,9,7,3
"4407",291,1,1,0,4,1,1,6,8,7,3
"4408",291,1,0,1,4,1,1,6,8,5,4
"4409",291,1,0,0,4,1,1,5,7,5,4
"4410",291,1,0,0,4,1,1,7,7,6,2
"4411",292,1,0,0,1,1,0,6,6,7,0
"4412",292,1,0,0,1,1,1,4,8,6,5
"4413",292,1,0,0,1,1,0,5,7,4,6
"4414",292,1,0,0,1,1,0,5,8,4,2
"4415",292,1,0,0,1,1,1,6,7,5,4
"4416",292,1,0,0,1,1,1,9,7,7,4
"4417",292,1,1,0,1,1,1,7,8,7,3
"4418",292,1,0,0,1,1,0,7,9,4,3
"4419",292,1,0,0,1,1,0,5,9,6,1
"4420",292,1,0,0,1,1,0,5,7,4,2
"4421",292,1,0,0,1,1,0,10,10,5,1
"4422",292,1,1,1,1,1,1,6,10,7,2
"4423",292,1,0,0,1,1,1,6,10,7,2
"4424",292,1,0,0,1,1,0,5,7,4,4
"4425",292,1,1,0,1,1,1,7,8,8,0
"4426",292,1,0,0,1,1,0,5,7,4,2
"4427",292,1,1,0,1,1,1,8,7,5,4
"4428",292,1,0,0,1,1,0,7,7,7,4
"4429",292,1,0,0,1,1,0,7,8,4,5
"4430",292,1,0,0,1,1,0,7,7,7,5
"4431",292,1,0,0,1,1,1,6,6,8,3
"4432",293,1,0,1,3,2,1,8,7,8,0
"4433",293,1,0,0,3,2,0,4,7,6,5
"4434",293,1,0,0,3,2,0,6,8,6,6
"4435",293,1,0,0,3,2,0,5,6,4,2
"4436",293,1,0,0,3,2,0,6,9,5,4
"4437",293,1,0,0,3,2,0,7,6,7,4
"4438",293,1,0,0,3,2,0,5,7,7,3
"4439",293,1,0,0,3,2,0,5,6,4,3
"4440",293,1,0,0,3,2,0,3,8,5,1
"4441",293,1,0,0,3,2,0,5,7,5,2
"4442",293,1,0,0,3,2,0,3,7,4,1
"4443",293,1,0,0,3,2,0,4,8,6,2
"4444",293,1,0,0,3,2,0,5,7,5,2
"4445",293,1,0,0,3,2,0,4,4,3,4
"4446",293,1,0,0,3,2,0,6,6,5,0
"4447",293,1,0,0,3,2,0,7,7,6,2
"4448",293,1,1,1,3,2,1,9,9,7,4
"4449",293,1,0,0,3,2,1,8,8,6,4
"4450",293,1,0,0,3,2,0,6,6,4,5
"4451",293,1,1,0,3,2,1,8,6,7,5
"4452",293,1,0,0,3,2,1,7,6,7,3
"4453",294,0,0,1,4,1,0,4,9,6,3
"4454",294,0,0,0,4,1,0,7,8,3,2
"4455",294,0,0,0,4,1,0,5,5,2,5
"4456",294,0,0,1,4,1,0,6,6,1,1
"4457",294,0,0,0,4,1,0,6,7,4,7
"4458",294,0,0,0,4,1,0,5,8,5,3
"4459",294,0,0,0,4,1,0,4,8,2,2
"4460",294,0,0,0,4,1,0,6,8,6,3
"4461",294,0,1,0,4,1,1,8,9,6,5
"4462",294,0,0,0,4,1,0,8,7,5,0
"4463",294,0,0,0,4,1,0,3,8,2,1
"4464",294,0,0,0,4,1,0,2,7,1,4
"4465",294,0,0,0,4,1,0,4,7,2,6
"4466",294,0,0,0,4,1,0,5,7,1,1
"4467",295,0,0,0,2,2,0,4,9,4,3
"4468",295,0,0,1,2,2,1,6,NA,6,2
"4469",295,0,0,1,2,2,1,6,10,7,5
"4470",295,0,0,0,2,2,1,7,NA,5,1
"4471",295,0,0,1,2,2,0,5,7,6,7
"4472",295,0,0,1,2,2,1,7,NA,7,3
"4473",295,0,0,0,2,2,0,6,9,6,2
"4474",295,0,0,1,2,2,0,7,8,7,3
"4475",295,0,0,1,2,2,0,5,8,6,5
"4476",295,0,0,1,2,2,1,8,NA,6,0
"4477",295,0,0,0,2,2,0,5,8,5,1
"4478",295,0,0,1,2,2,0,4,NA,6,4
"4479",295,0,0,1,2,2,0,5,8,5,6
"4480",295,0,0,1,2,2,1,7,NA,6,1
"4481",296,0,0,0,2,1,0,5,6,1,1
"4482",296,0,0,1,2,1,0,7,9,1,4
"4483",296,0,0,1,2,1,0,6,5,1,3
"4484",296,0,0,0,2,1,0,7,6,1,1
"4485",296,0,0,1,2,1,0,6,6,5,5
"4486",296,0,0,1,2,1,1,8,9,1,1
"4487",296,0,0,0,2,1,0,5,6,1,4
"4488",296,0,0,1,2,1,1,7,8,5,1
"4489",296,0,1,1,2,1,1,9,8,8,3
"4490",296,0,1,1,2,1,1,8,8,7,2
"4491",296,0,0,0,2,1,0,5,5,6,1
"4492",296,0,1,1,2,1,1,7,9,8,2
"4493",296,0,0,1,2,1,0,5,5,3,8
"4494",296,0,0,1,2,1,1,8,8,8,1
"4495",297,0,1,0,2,2,1,5,8,8,6
"4496",297,0,0,1,2,2,1,7,8,9,11
"4497",297,0,1,1,2,2,1,7,9,8,4
"4498",297,0,0,0,2,2,0,5,9,8,8
"4499",297,0,0,1,2,2,0,5,5,7,2
"4500",297,0,0,1,2,2,0,5,7,8,6
"4501",297,0,0,0,2,2,0,5,7,6,11
"4502",297,0,0,1,2,2,0,3,7,5,6
"4503",297,0,1,1,2,2,1,7,7,8,4
"4504",297,0,0,1,2,2,1,8,7,7,9
"4505",297,0,0,0,2,2,0,3,8,8,8
"4506",297,0,1,1,2,2,1,3,10,10,5
"4507",297,0,0,1,2,2,0,3,7,7,15
"4508",297,0,0,1,2,2,0,4,7,8,8
"4509",298,0,0,0,2,2,0,6,8,6,5
"4510",298,0,0,1,2,2,1,7,9,7,10
"4511",298,0,0,1,2,2,0,7,8,7,3
"4512",298,0,0,0,2,2,1,8,9,7,7
"4513",298,0,0,1,2,2,1,8,9,7,1
"4514",298,0,0,1,2,2,1,8,8,7,5
"4515",298,0,0,0,2,2,0,6,8,6,10
"4516",298,0,0,1,2,2,0,9,8,8,5
"4517",298,0,0,1,2,2,1,9,9,7,3
"4518",298,0,0,1,2,2,1,9,8,6,8
"4519",298,0,0,0,2,2,0,6,8,6,7
"4520",298,0,0,1,2,2,0,6,7,7,4
"4521",298,0,0,1,2,2,0,6,7,6,14
"4522",298,0,0,1,2,2,1,7,7,7,7
"4523",299,0,0,1,4,2,0,8,10,8,3
"4524",299,0,0,0,4,2,0,7,8,5,8
"4525",299,0,0,0,4,2,0,8,8,3,1
"4526",299,0,0,1,4,2,1,10,9,8,5
"4527",299,0,0,0,4,2,1,8,9,7,1
"4528",299,0,0,0,4,2,1,8,9,6,3
"4529",299,0,0,0,4,2,0,8,8,7,8
"4530",299,0,0,0,4,2,0,7,10,6,3
"4531",299,0,1,0,4,2,1,10,10,8,1
"4532",299,0,0,0,4,2,0,8,9,8,6
"4533",299,0,0,0,4,2,0,7,10,6,5
"4534",299,0,0,0,4,2,0,7,8,7,2
"4535",299,0,0,0,4,2,0,7,9,5,12
"4536",299,0,0,0,4,2,0,6,7,3,5
"4537",300,0,0,0,2,2,0,6,10,10,8
"4538",300,0,0,1,2,2,1,10,10,9,3
"4539",300,0,0,1,2,2,0,6,10,8,10
"4540",300,0,0,0,2,2,0,7,9,8,6
"4541",300,0,0,1,2,2,1,8,9,9,12
"4542",300,0,0,1,2,2,1,9,10,9,8
"4543",300,0,0,0,2,2,0,4,10,2,3
"4544",300,0,0,1,2,2,1,8,10,9,8
"4545",300,0,1,1,2,2,1,8,9,9,10
"4546",300,0,0,1,2,2,1,10,10,9,5
"4547",300,0,0,0,2,2,0,7,9,10,6
"4548",300,0,1,1,2,2,1,8,10,9,9
"4549",300,0,0,1,2,2,0,8,10,8,1
"4550",300,0,0,1,2,2,0,9,10,9,6
"4551",301,0,0,0,2,2,0,5,8,5,7
"4552",301,0,1,1,2,2,1,6,10,5,2
"4553",301,0,0,1,2,2,0,3,7,2,9
"4554",301,0,1,0,2,2,1,7,9,6,5
"4555",301,0,0,1,2,2,0,5,8,4,11
"4556",301,0,0,1,2,2,1,7,8,6,7
"4557",301,0,0,0,2,2,0,7,7,4,2
"4558",301,0,0,1,2,2,0,5,6,4,7
"4559",301,0,0,1,2,2,0,6,7,5,9
"4560",301,0,0,1,2,2,1,9,8,5,4
"4561",301,0,0,0,2,2,1,5,10,6,5
"4562",301,0,0,1,2,2,0,5,10,5,8
"4563",301,0,0,1,2,2,0,5,10,5,2
"4564",301,0,0,1,2,2,1,6,7,6,5
"4565",302,0,0,0,2,2,0,5,10,7,6
"4566",302,0,0,1,2,2,0,4,8,4,11
"4567",302,0,0,1,2,2,0,3,NA,5,4
"4568",302,0,0,0,2,2,1,7,NA,8,8
"4569",302,0,0,1,2,2,1,10,10,10,2
"4570",302,0,0,1,2,2,0,6,NA,7,6
"4571",302,0,0,0,2,2,0,5,10,5,11
"4572",302,0,0,1,2,2,1,7,6,8,6
"4573",302,0,0,1,2,2,1,7,6,6,4
"4574",302,0,0,1,2,2,0,7,NA,6,9
"4575",302,0,0,0,2,2,0,7,5,5,8
"4576",302,0,0,1,2,2,0,2,8,6,5
"4577",302,0,0,1,2,2,0,6,8,7,15
"4578",302,0,0,1,2,2,0,7,NA,5,8
"4579",303,0,0,0,2,4,0,4,7,8,6
"4580",303,0,0,1,2,4,0,7,8,8,1
"4581",303,0,0,1,2,4,0,7,7,6,8
"4582",303,0,0,0,2,4,0,8,8,6,4
"4583",303,0,0,1,2,4,0,6,9,8,10
"4584",303,0,1,1,2,4,1,7,8,8,6
"4585",303,0,0,0,2,4,0,6,9,7,1
"4586",303,0,0,1,2,4,0,5,8,6,6
"4587",303,0,0,1,2,4,0,6,8,7,8
"4588",303,0,0,1,2,4,0,7,7,NA,3
"4589",303,0,0,0,2,4,0,5,7,8,4
"4590",303,0,0,1,2,4,0,3,5,7,7
"4591",303,0,0,1,2,4,0,5,9,8,3
"4592",303,0,0,1,2,4,0,4,8,7,4
"4593",304,0,0,0,2,1,0,2,9,2,1
"4594",304,0,0,1,2,1,0,6,8,5,4
"4595",304,0,0,1,2,1,0,8,9,3,3
"4596",304,0,0,0,2,1,0,7,7,5,1
"4597",304,0,0,1,2,1,0,7,8,5,5
"4598",304,0,0,1,2,1,0,6,8,5,1
"4599",304,0,0,0,2,1,0,6,10,5,4
"4600",304,0,0,1,2,1,0,6,10,5,1
"4601",304,0,0,1,2,1,0,9,9,5,3
"4602",304,0,1,1,2,1,1,7,8,5,2
"4603",304,0,0,0,2,1,0,5,7,5,1
"4604",304,0,0,1,2,1,0,3,5,4,2
"4605",304,0,0,1,2,1,0,5,7,5,8
"4606",304,0,0,1,2,1,0,5,6,5,1
"4607",305,0,0,1,4,1,0,5,8,8,2
"4608",305,0,1,0,4,1,1,7,9,8,3
"4609",305,0,0,0,4,1,1,8,8,7,4
"4610",305,0,0,1,4,1,1,9,8,7,0
"4611",305,0,0,0,4,1,1,7,8,7,6
"4612",305,0,0,0,4,1,0,7,7,6,2
"4613",305,0,0,0,4,1,1,6,9,7,3
"4614",305,0,1,0,4,1,1,5,9,7,2
"4615",305,0,0,0,4,1,0,7,7,6,4
"4616",305,0,0,0,4,1,0,8,8,7,1
"4617",305,0,0,0,4,1,0,4,8,6,0
"4618",305,0,0,0,4,1,0,4,7,7,3
"4619",305,0,0,0,4,1,0,7,7,6,7
"4620",305,0,0,0,4,1,1,7,7,6,0
"4621",306,0,0,1,4,1,0,9,9,5,5
"4622",306,0,0,0,4,1,1,8,8,6,10
"4623",306,0,0,0,4,1,0,7,6,5,3
"4624",306,0,0,1,4,1,1,8,7,6,7
"4625",306,0,0,0,4,1,1,7,8,6,1
"4626",306,0,0,0,4,1,1,7,8,6,5
"4627",306,0,0,0,4,1,0,6,7,7,10
"4628",306,0,1,0,4,1,1,8,8,7,5
"4629",306,0,0,0,4,1,1,7,8,6,3
"4630",306,0,0,0,4,1,1,7,8,6,8
"4631",306,0,0,0,4,1,0,5,6,5,7
"4632",306,0,0,0,4,1,0,5,6,5,4
"4633",306,0,0,0,4,1,0,6,7,5,14
"4634",306,0,0,0,4,1,0,6,8,6,7
"4635",307,0,0,1,4,5,0,3,7,5,0
"4636",307,0,0,0,4,5,0,4,6,3,5
"4637",307,0,0,0,4,5,0,4,6,3,2
"4638",307,0,0,1,4,5,1,7.5,8,5,2
"4639",307,0,1,0,4,5,1,7,7.5,6,4
"4640",307,0,0,0,4,5,1,8,9,7,0
"4641",307,0,0,0,4,5,0,4,8,4,5
"4642",307,0,0,0,4,5,0,6.5,8,5,0
"4643",307,0,1,0,4,5,1,NA,7,5,2
"4644",307,0,1,0,4,5,1,7,7,6,3
"4645",307,0,0,0,4,5,0,4,7,4,2
"4646",307,0,0,0,4,5,0,3,6,6,1
"4647",307,0,0,0,4,5,0,5,6,4,9
"4648",307,0,0,0,4,5,0,4,8,3,2
"4649",308,1,0,1,4,1,1,9,9,6,3
"4650",308,1,0,0,4,1,1,8,8,5,3
"4651",308,1,0,0,4,1,1,7,8,4,1
"4652",308,1,1,0,4,1,1,8,8,4,6
"4653",308,1,0,0,4,1,1,9,9,5,5
"4654",308,1,0,1,4,1,1,8,8,6,3
"4655",308,1,0,0,4,1,0,6,8,5,8
"4656",308,1,0,0,4,1,0,7,8,2,7
"4657",308,1,0,0,4,1,0,8,10,5,6
"4658",308,1,0,0,4,1,0,8,10,2,6
"4659",308,1,0,0,4,1,0,7,8,4,1
"4660",308,1,0,1,4,1,0,8,8,5,2
"4661",308,1,0,1,4,1,0,10,10,6,5
"4662",308,1,0,1,4,1,1,8,9,5,0
"4663",309,1,0,0,2,3,0,10,10,3,2
"4664",309,1,0,1,2,3,0,9,8,4,2
"4665",309,1,0,1,2,3,0,8,10,8,4
"4666",309,1,0,1,2,3,0,10,8,4,11
"4667",309,1,0,1,2,3,0,8,8,3,10
"4668",309,1,0,0,2,3,0,7,9,3,8
"4669",309,1,0,1,2,3,0,10,8,6,3
"4670",309,1,1,1,2,3,1,8,10,8,2
"4671",309,1,0,1,2,3,0,5,4,2,11
"4672",309,1,0,1,2,3,1,10,10,9,1
"4673",309,1,0,1,2,3,0,8,8,2,4
"4674",309,1,1,0,2,3,1,10,10,5,3
"4675",309,1,0,0,2,3,0,10,8,4,10
"4676",309,1,0,0,2,3,1,10,10,8,5
"4677",310,1,0,0,2,1,0,7,8,6,5
"4678",310,1,0,1,2,1,0,6,7,5,5
"4679",310,1,0,1,2,1,0,6,8,5,3
"4680",310,1,1,1,2,1,1,9,7,7,4
"4681",310,1,0,1,2,1,0,7,7,5,3
"4682",310,1,0,0,2,1,0,6,6,4,1
"4683",310,1,0,1,2,1,0,6,6,4,10
"4684",310,1,0,1,2,1,1,8,7,6,9
"4685",310,1,0,1,2,1,0,6,5,4,4
"4686",310,1,0,1,2,1,0,6,7,4,8
"4687",310,1,0,1,2,1,1,8,7,6,3
"4688",310,1,0,0,2,1,0,7,7,5,4
"4689",310,1,0,0,2,1,0,8,7,5,3
"4690",310,1,0,0,2,1,1,8,8,7,2
"4691",311,1,0,1,4,2,0,6,8,5,1
"4692",311,1,0,0,4,2,0,4,5,6,1
"4693",311,1,0,0,4,2,0,5,7,7,1
"4694",311,1,0,0,4,2,1,7,5,6,8
"4695",311,1,0,0,4,2,0,5,6,4,7
"4696",311,1,0,1,4,2,0,5,6,10,5
"4697",311,1,0,0,4,2,0,4,5,4,6
"4698",311,1,1,0,4,2,1,6,7,10,5
"4699",311,1,0,0,4,2,0,4,2,0,8
"4700",311,1,0,0,4,2,1,8,7,7,4
"4701",311,1,0,0,4,2,1,7,4,9,1
"4702",311,1,0,1,4,2,0,5,6,10,0
"4703",311,1,0,1,4,2,0,6,5,8,7
"4704",311,1,0,1,4,2,0,5,6,8,2
"4705",312,1,0,0,2,2,1,8,8,7,7
"4706",312,1,0,1,2,2,0,5,6,5,7
"4707",312,1,0,1,2,2,0,3,7,5,5
"4708",312,1,0,1,2,2,0,7,5,6,2
"4709",312,1,0,1,2,2,0,5,7,6,1
"4710",312,1,0,0,2,2,0,5,8,7,1
"4711",312,1,0,1,2,2,0,4,6,5,12
"4712",312,1,0,1,2,2,0,6,8,3,11
"4713",312,1,0,1,2,2,0,6,4,10,2
"4714",312,1,0,1,2,2,1,9,8,6,10
"4715",312,1,0,1,2,2,0,6,6,6,5
"4716",312,1,0,0,2,2,0,5,8,5,6
"4717",312,1,0,0,2,2,0,7,6,6,1
"4718",312,1,1,0,2,2,1,7,8,7,4
"4719",313,1,0,0,2,1,0,6,6,7,3
"4720",313,1,0,1,2,1,0,5,8,7,3
"4721",313,1,0,1,2,1,0,3,9,6,1
"4722",313,1,0,1,2,1,1,6,6,8,6
"4723",313,1,0,1,2,1,0,4,7,7,5
"4724",313,1,0,0,2,1,0,4,7,4,3
"4725",313,1,0,1,2,1,0,3,7,7,8
"4726",313,1,0,1,2,1,0,5,9,8,7
"4727",313,1,0,1,2,1,0,3,4,7,6
"4728",313,1,1,1,2,1,1,7,9,6,6
"4729",313,1,0,1,2,1,0,6,7,7,1
"4730",313,1,0,0,2,1,0,6,7,5,2
"4731",313,1,0,0,2,1,0,4,6,5,5
"4732",313,1,0,0,2,1,0,5,9,7,0
"4733",314,1,0,0,6,2,1,7,6,6,2
"4734",314,1,0,0,6,2,0,4,5,6,2
"4735",314,1,0,0,6,2,0,4,6,6,4
"4736",314,1,0,0,6,2,1,5,6,5,11
"4737",314,1,0,0,6,2,0,4,5,4,10
"4738",314,1,0,0,6,2,0,6,5,5,8
"4739",314,1,0,0,6,2,0,5,7,4,3
"4740",314,1,0,0,6,2,1,7,7,6,2
"4741",314,1,0,0,6,2,0,7,6,5,11
"4742",314,1,0,0,6,2,1,6,7,6,1
"4743",314,1,0,0,6,2,0,5,5,5,4
"4744",314,1,0,0,6,2,0,6,6,6,3
"4745",314,1,0,0,6,2,1,9,7,7,10
"4746",314,1,0,0,6,2,1,7,7,6,5
"4747",315,1,0,0,2,3,1,9,10,5,3
"4748",315,1,0,1,2,3,1,7,9,4,3
"4749",315,1,0,1,2,3,0,7,8,3,1
"4750",315,1,0,1,2,3,0,6,8,4,6
"4751",315,1,0,1,2,3,1,8,9,5,5
"4752",315,1,0,0,2,3,1,7,9,5,3
"4753",315,1,0,1,2,3,0,5,9,6,8
"4754",315,1,0,1,2,3,0,5,8,3,7
"4755",315,1,0,1,2,3,0,2,6,1,6
"4756",315,1,0,1,2,3,0,7,7,4,6
"4757",315,1,0,1,2,3,0,7,8,4,1
"4758",315,1,1,0,2,3,1,9,8,6,2
"4759",315,1,1,0,2,3,1,8,9,6,5
"4760",315,1,0,0,2,3,1,10,10,7,0
"4761",316,1,1,0,2,2,1,7,9,6,5
"4762",316,1,0,1,2,2,0,5,6,3,5
"4763",316,1,1,1,2,2,1,6,8,6,3
"4764",316,1,1,1,2,2,1,7,6,5,4
"4765",316,1,0,1,2,2,0,5,5,3,3
"4766",316,1,1,0,2,2,1,5,7,7,1
"4767",316,1,1,1,2,2,1,6,8,7,10
"4768",316,1,0,1,2,2,0,5,8,2,9
"4769",316,1,0,1,2,2,0,4,6,5,4
"4770",316,1,0,1,2,2,0,6,6,4,8
"4771",316,1,0,1,2,2,1,8,8,5,3
"4772",316,1,0,0,2,2,0,5,5,2,4
"4773",316,1,0,0,2,2,0,6,5,2,3
"4774",316,1,1,0,2,2,1,7,7,3,2
"4775",317,1,0,0,2,1,1,8,9,7,0
"4776",317,1,0,1,2,1,0,4,7,6,0
"4777",317,1,1,1,2,1,1,5,9,7,2
"4778",317,1,0,1,2,1,0,8,6,5,9
"4779",317,1,0,1,2,1,0,4,7,7,8
"4780",317,1,0,0,2,1,0,5,8,8,6
"4781",317,1,0,1,2,1,0,4,8,6,5
"4782",317,1,0,1,2,1,0,4,10,8,4
"4783",317,1,0,1,2,1,0,4,8,7,9
"4784",317,1,0,1,2,1,1,7,9,7,3
"4785",317,1,1,1,2,1,1,8,8,6,2
"4786",317,1,0,0,2,1,1,8,9,9,1
"4787",317,1,0,0,2,1,0,7,7,7,8
"4788",317,1,1,0,2,1,1,7,7,7,3
"4789",318,1,0,0,6,2,1,6,7,3,1
"4790",318,1,0,0,6,2,0,6,6,1,1
"4791",318,1,0,0,6,2,1,4,7,1,1
"4792",318,1,0,0,6,2,1,7,6,1,8
"4793",318,1,0,0,6,2,1,5,7,1,7
"4794",318,1,0,0,6,2,1,4,8,1,5
"4795",318,1,0,0,6,2,1,7,7,1,6
"4796",318,1,0,0,6,2,0,7,7,1,5
"4797",318,1,0,0,6,2,0,4,5,1,8
"4798",318,1,0,0,6,2,1,6,5,1,4
"4799",318,1,0,0,6,2,0,5,5,1,1
"4800",318,1,0,0,6,2,0,5,5,2,0
"4801",318,1,0,0,6,2,0,4,5,3,7
"4802",318,1,0,0,6,2,0,6,7,2,2
"4803",319,1,0,0,2,6,1,10,9,7,4
"4804",319,1,0,1,2,6,0,6,7,6,4
"4805",319,1,1,1,2,6,1,6,7,7,2
"4806",319,1,1,1,2,6,1,9,7,9,5
"4807",319,1,0,1,2,6,0,7,8,7,4
"4808",319,1,0,0,2,6,1,7,8,8,2
"4809",319,1,1,1,2,6,1,6,9,7,9
"4810",319,1,0,1,2,6,0,5,7,5,8
"4811",319,1,0,1,2,6,0,7,7,5,5
"4812",319,1,0,1,2,6,1,9,8,5,7
"4813",319,1,0,1,2,6,0,6,6,7,2
"4814",319,1,0,0,2,6,0,6,6,7,3
"4815",319,1,0,0,2,6,0,8,7,7,4
"4816",319,1,0,0,2,6,1,9,7,6,1
"4817",320,1,0,0,2,4,1,10,10,5,6
"4818",320,1,0,1,2,4,0,5,7,2,6
"4819",320,1,0,1,2,4,0,5,8,1,8
"4820",320,1,0,1,2,4,0,6,7,1,15
"4821",320,1,0,1,2,4,0,6,7,NA,14
"4822",320,1,0,0,2,4,0,6,8,1,12
"4823",320,1,0,1,2,4,0,9,5,1,1
"4824",320,1,0,1,2,4,0,7,9,1,2
"4825",320,1,0,1,2,4,0,5,6,5,15
"4826",320,1,0,1,2,4,0,7,7,2,3
"4827",320,1,0,1,2,4,0,5,6,3,8
"4828",320,1,0,0,2,4,0,8,9,1,7
"4829",320,1,0,0,2,4,0,6,4,1,14
"4830",320,1,0,0,2,4,0,6,8,2,9
"4831",321,1,0,0,2,1,0,7,7,5,1
"4832",321,1,0,1,2,1,0,4,6,5,1
"4833",321,1,0,1,2,1,0,4,7,5,1
"4834",321,1,0,1,2,1,0,6,7,5,8
"4835",321,1,0,1,2,1,0,4,7,5,7
"4836",321,1,0,0,2,1,0,6,7,5,5
"4837",321,1,0,1,2,1,0,4,7,5,6
"4838",321,1,0,1,2,1,0,6,8,5,5
"4839",321,1,0,1,2,1,0,6,7,5,8
"4840",321,1,0,1,2,1,0,5,7,5,4
"4841",321,1,0,1,2,1,0,4,6,5,1
"4842",321,1,0,0,2,1,0,4,7,5,0
"4843",321,1,0,0,2,1,0,4,7,5,7
"4844",321,1,0,0,2,1,0,6,7,5,2
"4845",322,0,0,1,4,2,0,8,10,5,4
"4846",322,0,0,0,4,2,1,10,10,5,11
"4847",322,0,0,1,4,2,0,8,10,5,5
"4848",322,0,0,0,4,2,0,5,10,2,10
"4849",322,0,0,0,4,2,0,8,10,5,9
"4850",322,0,1,0,4,2,1,8,10,5,6
"4851",322,0,0,0,4,2,0,5,10,2,7
"4852",322,0,1,0,4,2,1,10,10,5,NA
"4853",322,0,0,0,4,2,1,8,10,5,NA
"4854",323,0,1,1,4,2,1,6,8,7,5
"4855",323,0,1,0,4,2,1,8,8,5,2
"4856",323,0,0,1,4,2,1,8,8,5,4
"4857",323,0,0,0,4,2,0,NA,NA,NA,1
"4858",323,0,0,0,4,2,0,6,7,5,0
"4859",323,0,0,0,4,2,0,6,7,5,3
"4860",323,0,0,0,4,2,0,6,7,5,2
"4861",323,0,1,0,4,2,1,7,7,6,NA
"4862",323,0,0,0,4,2,0,NA,NA,NA,NA
"4863",324,0,1,0,2,1,1,1,10,5,7
"4864",324,0,0,1,2,1,1,3,7,4,0
"4865",324,0,0,0,2,1,1,2,8,3,6
"4866",324,0,1,1,2,1,1,1,10,6,1
"4867",324,0,1,0,2,1,1,3,8,8,2
"4868",324,0,0,1,2,1,1,1,9,6,5
"4869",324,0,0,0,2,1,1,1,9,4,4
"4870",324,0,0,0,2,1,1,3,9,8,NA
"4871",324,0,1,0,2,1,1,8,9,9,NA
"4872",325,0,0,0,3,2,1,5,8,5,0
"4873",325,0,0,0,3,2,1,7,7,5,7
"4874",325,0,0,0,3,2,1,7,7,5,1
"4875",325,0,0,0,3,2,1,8,8,5,6
"4876",325,0,0,1,3,2,1,6,6,4,5
"4877",325,0,1,0,3,2,1,6,8,5,2
"4878",325,0,1,0,3,2,1,5,7,4,3
"4879",325,0,1,0,3,2,1,7,7,5,NA
"4880",325,0,0,0,3,2,1,7,6,4,NA
"4881",326,0,0,0,1,2,1,7,8,9,6
"4882",326,0,0,0,1,2,1,9,9,6,13
"4883",326,0,0,0,1,2,1,8,9,8,7
"4884",326,0,0,0,1,2,1,7,10,6,12
"4885",326,0,0,0,1,2,1,7,9,8,11
"4886",326,0,1,0,1,2,1,8,9,8,8
"4887",326,0,1,0,1,2,1,7,9,7,9
"4888",326,0,0,0,1,2,1,9,8,9,NA
"4889",326,0,0,0,1,2,1,8,9,6,NA
"4890",327,0,0,0,2,2,0,5,8,1,1
"4891",327,0,0,1,2,2,0,8,8,1,6
"4892",327,0,0,0,2,2,0,8,8,5,0
"4893",327,0,0,1,2,2,0,8,8,1,5
"4894",327,0,0,0,2,2,0,8,8,1,4
"4895",327,0,0,1,2,2,0,8,8,3,1
"4896",327,0,0,0,2,2,0,8,8,3,2
"4897",327,0,0,0,2,2,0,8,8,3,NA
"4898",327,0,0,0,2,2,0,8,7,1,NA
"4899",328,0,0,0,2,2,0,6,8,4,0
"4900",328,0,0,1,2,2,1,8,8,7,7
"4901",328,0,0,0,2,2,0,8,8,5,1
"4902",328,0,0,1,2,2,1,8,8,7,6
"4903",328,0,0,0,2,2,0,6,8,6,5
"4904",328,0,0,1,2,2,0,7,8,7,2
"4905",328,0,0,0,2,2,0,5,7,5,3
"4906",328,0,1,0,2,2,1,9,8,6,NA
"4907",328,0,0,0,2,2,1,6,7,5,NA
"4908",329,0,0,0,2,6,0,6,7,3,1
"4909",329,0,0,1,2,6,0,7,8,3,6
"4910",329,0,0,0,2,6,0,8,8,5,0
"4911",329,0,0,1,2,6,1,6,8,5,5
"4912",329,0,0,0,2,6,1,7,9,6,4
"4913",329,0,0,1,2,6,0,6,8,4,1
"4914",329,0,0,0,2,6,0,3,8,2,2
"4915",329,0,0,0,2,6,0,5,7,3,NA
"4916",329,0,0,0,2,6,0,8,7,1,NA
"4917",330,0,0,1,4,1,0,3,8,8,8
"4918",330,0,1,0,4,1,1,8,9,10,1
"4919",330,0,0,1,4,1,0,6,6,6,7
"4920",330,0,0,0,4,1,0,6,9,9,2
"4921",330,0,0,0,4,1,0,4,8,8,3
"4922",330,0,0,0,4,1,0,4,8,7,6
"4923",330,0,0,0,4,1,0,4,8,9,5
"4924",330,0,0,0,4,1,0,5,6,8,NA
"4925",330,0,0,0,4,1,1,9,8,9,NA
"4926",331,0,0,0,2,1,0,4,8,5,4
"4927",331,0,0,1,2,1,1,10,5,7,11
"4928",331,0,0,0,2,1,1,10,7,7,5
"4929",331,0,0,1,2,1,1,7,7,7,10
"4930",331,0,0,0,2,1,0,6,7,5,9
"4931",331,0,0,1,2,1,0,5,7,7,6
"4932",331,0,0,0,2,1,0,4,7,2,7
"4933",331,0,0,0,2,1,1,7,7,7,NA
"4934",331,0,0,0,2,1,1,8,7,6,NA
"4935",332,1,0,1,4,3,0,7,7,1,4
"4936",332,1,1,1,4,3,1,8,9,7,5
"4937",332,1,1,0,4,3,1,10,9,10,7
"4938",332,1,0,0,4,3,0,5,9,5,0
"4939",332,1,0,0,4,3,0,6,9,2,6
"4940",332,1,0,0,4,3,1,9,10,10,1
"4941",332,1,0,0,4,3,1,10,9,10,0
"4942",332,1,0,0,4,3,0,4,8,1,1
"4943",332,1,0,1,4,3,0,7,8,5,8
"4944",332,1,0,0,4,3,0,4,8,1,4
"4945",333,1,0,0,2,1,0,6,7,5,11
"4946",333,1,1,0,2,1,1,8,7,6,2
"4947",333,1,0,1,2,1,0,7,7,7,0
"4948",333,1,0,0,2,1,0,5,7,6,7
"4949",333,1,0,0,2,1,0,4,5,5,13
"4950",333,1,0,1,2,1,1,7,7,7,6
"4951",333,1,0,1,2,1,0,6,7,5,7
"4952",333,1,0,1,2,1,0,4,6,6,6
"4953",333,1,1,0,2,1,1,9,7,9,1
"4954",333,1,0,1,2,1,0,3,3,3,11
"4955",334,1,0,1,4,1,0,6,6,7,5
"4956",334,1,0,1,4,1,0,8,7,7,4
"4957",334,1,0,0,4,1,0,6,6,7,6
"4958",334,1,0,0,4,1,0,7,8,8,1
"4959",334,1,0,0,4,1,0,6,8,7,7
"4960",334,1,0,0,4,1,1,9,7,6,0
"4961",334,1,0,0,4,1,1,8,8,7,1
"4962",334,1,0,0,4,1,0,6,7,6,0
"4963",334,1,0,1,4,1,1,8,8,8,7
"4964",334,1,0,0,4,1,0,5,7,8,5
"4965",335,1,0,0,2,1,0,5,4,1,10
"4966",335,1,0,0,2,1,1,8,8,6,1
"4967",335,1,1,1,2,1,1,6,7,5,1
"4968",335,1,0,0,2,1,0,4,5,4,6
"4969",335,1,0,0,2,1,0,4,6,1,12
"4970",335,1,0,1,2,1,1,7,7,5,5
"4971",335,1,0,1,2,1,0,5,6,4,6
"4972",335,1,0,1,2,1,0,5,5,6,5
"4973",335,1,0,0,2,1,1,8,8,5,2
"4974",335,1,0,1,2,1,0,3,4,1,10
"4975",336,1,0,0,3,1,0,6,8,1,9
"4976",336,1,0,0,3,1,0,6,4,1,0
"4977",336,1,1,0,3,1,1,7,6,3,2
"4978",336,1,0,1,3,1,0,6,8,3,5
"4979",336,1,0,0,3,1,0,4,7,4,11
"4980",336,1,0,0,3,1,1,8,7,4,4
"4981",336,1,0,0,3,1,0,5,7,1,5
"4982",336,1,0,0,3,1,0,2,5,1,4
"4983",336,1,0,0,3,1,0,6,7,1,3
"4984",336,1,0,0,3,1,0,2,7,1,9
"4985",337,1,1,0,2,1,1,9,9,7,6
"4986",337,1,0,0,2,1,1,10,9,6,3
"4987",337,1,0,1,2,1,0,6,7,5,5
"4988",337,1,1,0,2,1,1,10,9,6,2
"4989",337,1,1,0,2,1,1,7,9,6,8
"4990",337,1,0,1,2,1,1,10,10,8,1
"4991",337,1,0,1,2,1,1,9,8,5,2
"4992",337,1,0,1,2,1,1,7,8,6,1
"4993",337,1,0,0,2,1,1,10,8,5,6
"4994",337,1,0,1,2,1,0,8,7,6,6
"4995",338,1,0,0,6,1,0,6,6,5,7
"4996",338,1,0,0,6,1,0,6,7,6,2
"4997",338,1,0,0,6,1,0,5,6,4,4
"4998",338,1,1,0,6,1,1,5,7,6,3
"4999",338,1,1,0,6,1,1,5,8,7,9
"5000",338,1,0,0,6,1,1,8,8,7,2
"5001",338,1,0,0,6,1,1,8,8,5,3
"5002",338,1,0,0,6,1,1,6,7,6,2
"5003",338,1,0,0,6,1,1,7,8,5,5
"5004",338,1,0,0,6,1,1,6,7,5,7
"5005",339,1,1,0,NA,NA,1,8,7,7,NA
"5006",339,1,1,0,NA,NA,1,9,8,7,NA
"5007",339,1,0,0,NA,NA,0,8,7,6,NA
"5008",339,1,1,0,NA,NA,1,8,7,8,NA
"5009",339,1,0,0,NA,NA,0,4,6,9,NA
"5010",339,1,0,0,NA,NA,0,9,9,8,NA
"5011",339,1,1,0,NA,NA,1,7,8,9,NA
"5012",339,1,0,0,NA,NA,1,6,8,9,NA
"5013",339,1,0,0,NA,NA,0,6,9,7,NA
"5014",339,1,0,0,NA,NA,0,4,5,6,NA
"5015",340,1,0,0,NA,NA,0,5,8,4,NA
"5016",340,1,0,0,NA,NA,0,7,7,4,NA
"5017",340,1,1,0,NA,NA,1,9,8,7,NA
"5018",340,1,0,0,NA,NA,0,6,6,5,NA
"5019",340,1,0,0,NA,NA,0,4,6,5,NA
"5020",340,1,0,0,NA,NA,1,8,6,5,NA
"5021",340,1,0,0,NA,NA,0,8,7,4,NA
"5022",340,1,0,0,NA,NA,0,5,7,4,NA
"5023",340,1,0,0,NA,NA,0,7,8,5,NA
"5024",340,1,0,0,NA,NA,0,5,6,4,NA
"5025",341,0,0,0,4,1,0,4,6,4,11
"5026",341,0,0,0,4,1,0,6,6,6,7
"5027",341,0,0,1,4,1,0,4,8,8,0
"5028",341,0,0,0,4,1,0,6,8,8,4
"5029",341,0,0,0,4,1,0,7,8,4,7
"5030",341,0,1,0,4,1,1,8,10,8,4
"5031",341,0,0,0,4,1,1,6,10,8,4
"5032",341,0,1,0,4,1,1,2,8,6,1
"5033",341,0,0,0,4,1,0,NA,NA,NA,2
"5034",341,0,0,0,4,1,0,8,8,2,5
"5035",341,0,1,0,4,1,1,6,6,3,4
"5036",341,0,0,0,4,1,0,NA,NA,NA,4
"5037",341,0,0,0,4,1,0,8,8,8,6
"5038",341,0,0,1,4,1,0,6,9,8,7
"5039",341,0,0,0,4,1,1,10,9,7,4
"5040",341,0,0,1,4,1,0,8,10,6,2
"5041",341,0,0,1,4,1,0,6,6,6,3
"5042",341,0,0,0,4,1,0,8,8,8,6
"5043",342,0,0,0,3,1,0,4,10,3,1
"5044",342,0,0,0,3,1,1,5,4,3,3
"5045",342,0,0,0,3,1,0,4,6,5,10
"5046",342,0,0,1,3,1,0,5,7,5,6
"5047",342,0,0,0,3,1,0,5,5,4,3
"5048",342,0,0,0,3,1,1,6,6,4,6
"5049",342,0,1,0,3,1,1,8,8,7,6
"5050",342,0,0,0,3,1,1,6,6,8,9
"5051",342,0,0,0,3,1,0,4,5,6,8
"5052",342,0,0,0,3,1,1,8,9,5,5
"5053",342,0,0,0,3,1,1,7,NA,6,6
"5054",342,0,0,0,3,1,0,6,7,4,6
"5055",342,0,0,1,3,1,0,NA,NA,NA,4
"5056",342,0,0,0,3,1,0,3,5,4,3
"5057",342,0,0,0,3,1,1,10,6,3,6
"5058",342,0,0,0,3,1,1,7,10,6,8
"5059",342,0,0,0,3,1,0,5,6,5,7
"5060",342,0,0,0,3,1,1,7,7,6,4
"5061",343,0,1,1,2,3,1,3,5,10,2
"5062",343,0,1,1,2,3,1,5,7,4,2
"5063",343,0,0,0,2,3,0,7,7,3,9
"5064",343,0,0,0,2,3,0,5,7,3,5
"5065",343,0,0,1,2,3,0,6,8,2,2
"5066",343,0,0,1,2,3,1,9,8,5,5
"5067",343,0,0,1,2,3,1,8,8,6,5
"5068",343,0,0,0,2,3,1,5,8,4,8
"5069",343,0,0,1,2,3,0,5,5,5,7
"5070",343,0,0,1,2,3,1,7,7,6,4
"5071",343,0,0,1,2,3,0,6,6,4,5
"5072",343,0,0,1,2,3,1,8,7,5,5
"5073",343,0,0,0,2,3,1,9,7,6,3
"5074",343,0,0,0,2,3,1,7,8,4,2
"5075",343,0,0,1,2,3,0,NA,NA,NA,5
"5076",343,0,0,0,2,3,0,8,8,3,7
"5077",343,0,0,0,2,3,0,NA,NA,NA,6
"5078",343,0,0,1,2,3,1,7,7,5,3
"5079",344,0,0,0,3,3,1,6,9,9,8
"5080",344,0,0,0,3,3,0,6,8,8,4
"5081",344,0,0,0,3,3,0,5,5,5,3
"5082",344,0,1,1,3,3,1,9,9,9,1
"5083",344,0,0,0,3,3,0,6,6,5,4
"5084",344,0,1,0,3,3,1,8,8,8,1
"5085",344,0,0,0,3,3,1,7,7,8,1
"5086",344,0,0,0,3,3,0,6,7,6,2
"5087",344,0,1,0,3,3,1,6,7,9,1
"5088",344,0,0,0,3,3,1,9,8,7,2
"5089",344,0,0,0,3,3,1,9,8,7,1
"5090",344,0,0,0,3,3,0,NA,NA,NA,1
"5091",344,0,0,1,3,3,1,9,9,9,3
"5092",344,0,0,0,3,3,0,NA,NA,NA,4
"5093",344,0,0,0,3,3,1,8,6,8,1
"5094",344,0,0,0,3,3,1,6,9,8,1
"5095",344,0,1,0,3,3,1,6,7,7,0
"5096",344,0,0,0,3,3,0,5,6,6,3
"5097",345,0,0,1,2,2,0,NA,NA,NA,10
"5098",345,0,0,1,2,2,0,6,10,7,6
"5099",345,0,0,0,2,2,0,4,10,6,1
"5100",345,0,1,0,2,2,1,6,8,8,3
"5101",345,0,0,1,2,2,1,10,9,5,6
"5102",345,0,1,1,2,2,1,9,10,6,3
"5103",345,0,0,1,2,2,0,7,9,3,3
"5104",345,0,1,0,2,2,1,8,9,6,0
"5105",345,0,1,1,2,2,1,7,8,10,1
"5106",345,0,0,1,2,2,1,10,10,8,4
"5107",345,0,0,1,2,2,0,8,8,7,3
"5108",345,0,0,1,2,2,1,8,7,6,3
"5109",345,0,0,0,2,2,0,10,8,7,5
"5110",345,0,0,0,2,2,0,5,9,10,6
"5111",345,0,0,1,2,2,1,10,9,7,3
"5112",345,0,0,0,2,2,0,5,9,1,1
"5113",345,0,0,0,2,2,0,5,8,5,2
"5114",345,0,0,1,2,2,1,8,10,7,5
"5115",346,0,0,0,NA,NA,0,4,8,5,NA
"5116",346,0,0,0,NA,NA,0,7,9,5,NA
"5117",346,0,0,0,NA,NA,0,5,10,2,NA
"5118",346,0,0,0,NA,NA,0,6,8,4,NA
"5119",346,0,0,0,NA,NA,1,8,10,6,NA
"5120",346,0,1,0,NA,NA,1,7,9,5,NA
"5121",346,0,1,0,NA,NA,1,9,9,6,NA
"5122",346,0,0,0,NA,NA,0,8,8,6,NA
"5123",346,0,0,0,NA,NA,0,7,9,5,NA
"5124",346,0,1,0,NA,NA,1,9,8,6,NA
"5125",346,0,0,0,NA,NA,0,7,8,5,NA
"5126",346,0,1,0,NA,NA,1,7,9,3,NA
"5127",346,0,1,0,NA,NA,1,9,8,6,NA
"5128",346,0,0,0,NA,NA,0,6,8,2,NA
"5129",346,0,0,0,NA,NA,0,8,9,5,NA
"5130",346,0,0,0,NA,NA,0,NA,NA,NA,NA
"5131",346,0,0,0,NA,NA,0,6,5,3,NA
"5132",346,0,1,0,NA,NA,1,9,7,6,NA
"5133",347,0,0,0,1,5,0,4,5,1,8
"5134",347,0,0,0,1,5,1,7,8,3,4
"5135",347,0,0,0,1,5,1,6,9,2,3
"5136",347,0,0,0,1,5,1,7,9,5,1
"5137",347,0,0,0,1,5,1,9,NA,2,4
"5138",347,0,0,0,1,5,1,7,9,4,1
"5139",347,0,0,0,1,5,0,NA,NA,NA,1
"5140",347,0,0,0,1,5,0,NA,NA,NA,2
"5141",347,0,0,0,1,5,1,7,9,4,1
"5142",347,0,0,0,1,5,1,8,8,2,2
"5143",347,0,0,0,1,5,1,8,9,NA,1
"5144",347,0,0,0,1,5,1,7,8,2,1
"5145",347,0,0,0,1,5,1,9,8,3,3
"5146",347,0,0,0,1,5,1,5,7,3,4
"5147",347,0,0,0,1,5,0,8,5,1,1
"5148",347,0,0,0,1,5,1,6,7,2,1
"5149",347,0,0,0,1,5,0,8,7,1,0
"5150",347,0,0,0,1,5,0,NA,NA,NA,3
"5151",348,0,0,0,4,2,1,8,10,3,13
"5152",348,0,0,0,4,2,1,7,7,3,9
"5153",348,0,1,1,4,2,1,9,10,5,2
"5154",348,0,0,0,4,2,1,9,9,4,6
"5155",348,0,0,0,4,2,1,7,10,3,9
"5156",348,0,0,0,4,2,1,9,10,3,6
"5157",348,0,0,0,4,2,1,7,8,4,6
"5158",348,0,0,0,4,2,1,7,8,4,3
"5159",348,0,0,0,4,2,1,8,6,3,4
"5160",348,0,0,0,4,2,1,9,10,5,7
"5161",348,0,0,0,4,2,1,10,9,3,6
"5162",348,0,0,0,4,2,1,9,10,5,6
"5163",348,0,0,0,4,2,1,9,9,5,8
"5164",348,0,0,1,4,2,1,7,10,6,9
"5165",348,0,0,0,4,2,1,9,8,5,6
"5166",348,0,0,1,4,2,1,7,10,5,4
"5167",348,0,0,1,4,2,1,8,8,5,5
"5168",348,0,0,0,4,2,1,8,9,5,8
"5169",349,0,0,1,2,1,0,2,5,10,1
"5170",349,0,1,1,2,1,1,4,9,8,3
"5171",349,0,0,0,2,1,0,4,6,6,10
"5172",349,0,0,0,2,1,0,5,8,6,6
"5173",349,0,0,1,2,1,1,6,8,7,3
"5174",349,0,1,1,2,1,1,6,8,8,6
"5175",349,0,1,1,2,1,1,4,7,9,6
"5176",349,0,1,0,2,1,1,4,6,8,9
"5177",349,0,0,1,2,1,0,NA,NA,NA,8
"5178",349,0,0,1,2,1,1,8,7,8,5
"5179",349,0,1,1,2,1,1,7,7,8,6
"5180",349,0,1,1,2,1,1,7,8,8,6
"5181",349,0,1,0,2,1,1,9,8,9,4
"5182",349,0,0,0,2,1,0,5,8,7,3
"5183",349,0,1,1,2,1,1,9,5,9,6
"5184",349,0,0,0,2,1,0,6,9,2,8
"5185",349,0,0,0,2,1,0,5,7,5,7
"5186",349,0,0,1,2,1,0,6,6,6,4
"5187",350,0,0,1,2,2,0,4,9,8,3
"5188",350,0,0,1,2,2,0,5,8,5,1
"5189",350,0,0,0,2,2,0,4,8,4,8
"5190",350,0,0,0,2,2,0,5,6,6,4
"5191",350,0,0,1,2,2,0,7,7,7,1
"5192",350,0,1,1,2,2,1,6,9,5,4
"5193",350,0,0,1,2,2,0,6,9,5,4
"5194",350,0,1,0,2,2,1,6,9,7,7
"5195",350,0,0,1,2,2,0,5,4,3,6
"5196",350,0,0,1,2,2,1,8,8,6,3
"5197",350,0,0,1,2,2,0,8,7,4,4
"5198",350,0,0,1,2,2,0,6,7,2,4
"5199",350,0,1,0,2,2,1,8,7,6,2
"5200",350,0,0,0,2,2,0,4,7,4,1
"5201",350,0,0,1,2,2,0,9,6,3,4
"5202",350,0,0,0,2,2,1,6,8,5,6
"5203",350,0,0,0,2,2,0,5,6,3,5
"5204",350,0,0,1,2,2,0,7,7,4,2
"5205",351,0,0,0,4,2,0,NA,NA,NA,1
"5206",351,0,1,0,4,2,1,7,7,7,5
"5207",351,0,0,1,4,2,1,7,7,7,12
"5208",351,0,1,0,4,2,1,8,8,7,8
"5209",351,0,0,0,4,2,1,6,6,6,5
"5210",351,0,0,0,4,2,1,8,8,8,8
"5211",351,0,0,0,4,2,1,7,7,7,8
"5212",351,0,0,0,4,2,0,7,7,7,11
"5213",351,0,1,0,4,2,1,7,8,6,10
"5214",351,0,0,0,4,2,1,9,8,8,7
"5215",351,0,0,0,4,2,0,3,3,3,8
"5216",351,0,0,0,4,2,1,7,6,6,8
"5217",351,0,1,0,4,2,1,9,9,8,6
"5218",351,0,0,1,4,2,1,7,7,7,5
"5219",351,0,1,0,4,2,1,8,8,8,8
"5220",351,0,0,1,4,2,1,7,8,7,10
"5221",351,0,0,1,4,2,0,5,7,5,9
"5222",351,0,0,0,4,2,0,5,7,5,6
"5223",352,0,0,0,6,2,0,6,7,6,5
"5224",352,0,0,0,6,2,0,6,8,7,1
"5225",352,0,1,0,6,2,1,6,8,7,6
"5226",352,0,1,0,6,2,1,8,8,7,2
"5227",352,0,0,0,6,2,1,8,7,6,1
"5228",352,0,0,0,6,2,1,9,8,7,2
"5229",352,0,0,0,6,2,1,7,7,7,2
"5230",352,0,0,1,6,2,1,8,8,7,5
"5231",352,0,1,0,6,2,1,7,7,7,4
"5232",352,0,0,0,6,2,1,9,8,7,1
"5233",352,0,0,0,6,2,1,8,8,6,2
"5234",352,0,0,0,6,2,1,7,9,6,2
"5235",352,0,0,0,6,2,1,9,7,7,0
"5236",352,0,0,0,6,2,0,7,7,6,1
"5237",352,0,0,0,6,2,1,9,8,6,2
"5238",352,0,0,0,6,2,1,7,8,6,4
"5239",352,0,0,0,6,2,0,6,6,5,3
"5240",352,0,0,0,6,2,0,6,6,5,0
"5241",353,0,0,0,4,1,0,4,5,4,9
"5242",353,0,0,0,4,1,1,5,8,5,5
"5243",353,0,0,1,4,1,1,6,8,5,2
"5244",353,0,0,0,4,1,1,6,8,5,2
"5245",353,0,0,0,4,1,1,6,7,5,5
"5246",353,0,0,0,4,1,1,5,7,5,2
"5247",353,0,0,0,4,1,0,NA,NA,NA,2
"5248",353,0,0,0,4,1,0,NA,NA,NA,1
"5249",353,0,1,0,4,1,1,8,8,5,0
"5250",353,0,0,0,4,1,1,6,7,5,3
"5251",353,0,0,0,4,1,1,7,7,5,2
"5252",353,0,0,0,4,1,1,7,8,5,2
"5253",353,0,0,0,4,1,1,7,8,5,4
"5254",353,0,0,1,4,1,1,6,7,5,5
"5255",353,0,0,0,4,1,0,6,6,4,2
"5256",353,0,0,1,4,1,1,7,7,5,0
"5257",353,0,0,1,4,1,0,4,7,4,1
"5258",353,0,0,0,4,1,0,4,6,4,4
"5259",354,0,0,1,2,1,0,1,4,6,12
"5260",354,0,1,1,2,1,1,4,10,8,8
"5261",354,0,0,0,2,1,0,1,4,5,1
"5262",354,0,1,0,2,1,1,7,8,8,5
"5263",354,0,1,1,2,1,1,9,8,8,8
"5264",354,0,1,1,2,1,1,9,10,9,5
"5265",354,0,0,1,2,1,0,2,6,7,5
"5266",354,0,1,0,2,1,1,8,9,8,2
"5267",354,0,1,1,2,1,1,5,8,10,3
"5268",354,0,0,1,2,1,1,7,9,NA,6
"5269",354,0,1,1,2,1,1,9,10,8,5
"5270",354,0,1,1,2,1,1,4,7,6,5
"5271",354,0,0,0,2,1,1,7,10,8,7
"5272",354,0,0,0,2,1,0,NA,NA,NA,8
"5273",354,0,0,1,2,1,1,7,6,6,5
"5274",354,0,0,0,2,1,0,4,10,4,3
"5275",354,0,0,0,2,1,0,2,10,5,4
"5276",354,0,0,1,2,1,1,7,8,7,7
"5277",355,0,0,1,2,1,0,4,7,2,10
"5278",355,0,0,1,2,1,0,5,9,4,6
"5279",355,0,0,0,2,1,0,5,7,3,1
"5280",355,0,0,0,2,1,0,5,9,3,3
"5281",355,0,0,1,2,1,0,8,9,7,6
"5282",355,0,1,1,2,1,1,9,7,7,3
"5283",355,0,0,1,2,1,0,7,8,2,3
"5284",355,0,0,0,2,1,0,7,5,5,0
"5285",355,0,0,1,2,1,0,NA,NA,NA,1
"5286",355,0,0,1,2,1,0,NA,NA,NA,4
"5287",355,0,0,1,2,1,0,9,8,6,3
"5288",355,0,0,1,2,1,0,5,7,4,3
"5289",355,0,0,0,2,1,1,9,8,7,5
"5290",355,0,0,0,2,1,0,NA,NA,NA,6
"5291",355,0,0,1,2,1,1,9,7,7,3
"5292",355,0,0,0,2,1,0,7,9,5,1
"5293",355,0,0,0,2,1,0,6,8,4,2
"5294",355,0,0,1,2,1,0,7,6,5,5
"5295",356,0,0,1,2,1,0,4,7,6,7
"5296",356,0,0,1,2,1,0,NA,NA,NA,3
"5297",356,0,0,0,2,1,0,NA,NA,NA,4
"5298",356,0,0,0,2,1,0,7,7,5,0
"5299",356,0,0,1,2,1,0,5,7,6,3
"5300",356,0,0,1,2,1,0,NA,NA,NA,0
"5301",356,0,1,1,2,1,1,5,7,5,0
"5302",356,0,0,0,2,1,0,7,7,6,3
"5303",356,0,0,1,2,1,0,NA,NA,NA,2
"5304",356,0,0,1,2,1,0,NA,NA,NA,1
"5305",356,0,0,1,2,1,0,7,7,5,0
"5306",356,0,0,1,2,1,0,NA,NA,NA,0
"5307",356,0,0,0,2,1,0,NA,NA,NA,2
"5308",356,0,0,0,2,1,0,4,7,5,3
"5309",356,0,0,1,2,1,0,5,6,4,0
"5310",356,0,0,0,2,1,0,5,7,6,2
"5311",356,0,0,0,2,1,0,NA,NA,NA,1
"5312",356,0,0,1,2,1,0,NA,NA,NA,2
"5313",357,0,0,0,4,1,0,2,6,0,7
"5314",357,0,0,0,4,1,0,3,7,2,3
"5315",357,0,0,1,4,1,0,4,7,4,4
"5316",357,0,0,0,4,1,0,6,6,4,0
"5317",357,0,0,0,4,1,0,6,8,3,3
"5318",357,0,0,0,4,1,0,6,10,4,0
"5319",357,0,0,0,4,1,0,6,6,5,0
"5320",357,0,1,0,4,1,1,4,8,6,3
"5321",357,0,0,0,4,1,0,NA,NA,NA,2
"5322",357,0,0,0,4,1,0,6,8,6,1
"5323",357,0,0,0,4,1,0,6,7,3,0
"5324",357,0,0,0,4,1,0,4,7,3,0
"5325",357,0,0,0,4,1,0,6,7,7,2
"5326",357,0,1,1,4,1,1,5,8,7,3
"5327",357,0,0,0,4,1,0,7,7,2,0
"5328",357,0,1,1,4,1,1,5,9,3,2
"5329",357,0,0,1,4,1,0,5,7,3,1
"5330",357,0,0,0,4,1,0,5,6,2,2
"5331",358,0,0,0,4,1,0,6,8,7,8
"5332",358,0,0,0,4,1,0,6,7,7,4
"5333",358,0,0,1,4,1,0,6,7,7,3
"5334",358,0,0,0,4,1,0,6,7,7,1
"5335",358,0,0,0,4,1,0,NA,NA,NA,4
"5336",358,0,1,0,4,1,1,8,8,8,1
"5337",358,0,0,0,4,1,0,7,8,7,1
"5338",358,0,0,0,4,1,0,7,7,7,2
"5339",358,0,0,0,4,1,0,7,7,6,1
"5340",358,0,0,0,4,1,0,7,8,6,2
"5341",358,0,0,0,4,1,0,7,7,6,1
"5342",358,0,0,0,4,1,0,7,7,6,1
"5343",358,0,0,0,4,1,1,9,8,7,3
"5344",358,0,0,1,4,1,0,6,7,7,4
"5345",358,0,0,0,4,1,0,8,8,7,1
"5346",358,0,1,1,4,1,1,10,10,10,1
"5347",358,0,0,1,4,1,0,7,8,6,0
"5348",358,0,0,0,4,1,0,7,7,6,3
"5349",359,0,0,1,2,2,1,5,8,8,8
"5350",359,0,1,1,2,2,1,6,8,6,4
"5351",359,0,0,0,2,2,0,6,5,6,3
"5352",359,0,0,0,2,2,0,6,NA,4,1
"5353",359,0,0,1,2,2,0,NA,NA,NA,4
"5354",359,0,1,1,2,2,1,8,9,7,1
"5355",359,0,0,1,2,2,1,8,7,5,1
"5356",359,0,0,0,2,2,0,NA,NA,NA,2
"5357",359,0,1,1,2,2,1,7,NA,4,1
"5358",359,0,0,1,2,2,1,7,NA,4,2
"5359",359,0,0,1,2,2,0,6,7,1,1
"5360",359,0,0,1,2,2,0,7,6,4,1
"5361",359,0,0,0,2,2,0,9,NA,3,3
"5362",359,0,0,0,2,2,0,7,5,2,4
"5363",359,0,0,1,2,2,0,9,6,2,1
"5364",359,0,0,0,2,2,0,6,7,4,1
"5365",359,0,0,0,2,2,0,4,NA,5,0
"5366",359,0,0,1,2,2,0,6,7,4,3
"5367",360,0,0,0,6,2,0,4,5,1,10
"5368",360,0,0,0,6,2,0,5,6,4,6
"5369",360,0,0,0,6,2,0,4,5,1,1
"5370",360,0,1,0,6,2,1,6,7,7,3
"5371",360,0,0,0,6,2,1,7,7,7,6
"5372",360,0,0,0,6,2,1,6,6,6,3
"5373",360,0,0,0,6,2,1,7,6,6,3
"5374",360,0,0,1,6,2,1,8,7,7,0
"5375",360,0,1,0,6,2,1,6,7,5,1
"5376",360,0,0,0,6,2,0,NA,NA,NA,4
"5377",360,0,1,0,6,2,1,8,6,6,3
"5378",360,0,0,0,6,2,0,7,6,3,3
"5379",360,0,0,0,6,2,0,NA,NA,NA,5
"5380",360,0,0,0,6,2,0,6,7,5,6
"5381",360,0,1,0,6,2,1,9,6,4,3
"5382",360,0,0,0,6,2,0,5,7,5,1
"5383",360,0,0,0,6,2,1,7,5,6,2
"5384",360,0,0,0,6,2,1,6,7,5,5
"5385",361,1,0,0,2,2,0,7,9,5,11
"5386",361,1,0,0,2,2,0,NA,NA,NA,1
"5387",361,1,1,1,2,2,1,10,10,10,2
"5388",361,1,0,0,2,2,0,9,10,8,8
"5389",361,1,0,1,2,2,0,NA,NA,NA,10
"5390",361,1,0,0,2,2,0,10,7,8.5,NA
"5391",361,1,0,0,2,2,0,4,7,1,8
"5392",361,1,0,0,2,2,0,7,8,6,13
"5393",361,1,0,1,2,2,0,10,10,8,1
"5394",361,1,0,1,2,2,1,10,10,9.5,3
"5395",361,1,0,0,2,2,0,5,9,1,1
"5396",361,1,0,0,2,2,0,6,6,2,5
"5397",361,1,0,0,2,2,0,4,4,1,9
"5398",361,1,0,1,2,2,0,10,9,10,12
"5399",361,1,0,1,2,2,0,7,6,6,10
"5400",361,1,0,1,2,2,0,9,9,8,7
"5401",361,1,0,0,2,2,0,7,9,5,7
"5402",361,1,0,0,2,2,0,7,9,6,8
"5403",361,1,0,1,2,2,0,9.5,9.5,8.5,8
"5404",361,1,0,0,2,2,0,9,9,NA,10
"5405",362,1,0,0,2,1,1,8,8,8,7
"5406",362,1,0,0,2,1,0,6,7,7,3
"5407",362,1,1,1,2,1,1,7,7,7,2
"5408",362,1,0,0,2,1,1,8,8,NA,4
"5409",362,1,0,1,2,1,0,7,8,8,6
"5410",362,1,0,0,2,1,1,8,7,8,NA
"5411",362,1,0,0,2,1,0,NA,NA,NA,4
"5412",362,1,0,0,2,1,0,5,7,7,9
"5413",362,1,1,1,2,1,1,8,8,NA,3
"5414",362,1,0,1,2,1,1,8,8,7,1
"5415",362,1,1,0,2,1,1,7,8,8,5
"5416",362,1,0,0,2,1,0,6,7,8,1
"5417",362,1,0,0,2,1,0,6,8,8,5
"5418",362,1,1,1,2,1,1,6,8,NA,8
"5419",362,1,0,1,2,1,1,8,8,NA,6
"5420",362,1,0,1,2,1,0,NA,NA,NA,3
"5421",362,1,0,0,2,1,0,7,7,8,3
"5422",362,1,0,0,2,1,1,8,8,8,4
"5423",362,1,1,1,2,1,1,7,8,8,4
"5424",362,1,0,0,2,1,0,6,8,8,6
"5425",363,1,0,1,4,3,1,6,7,6,0
"5426",363,1,0,0,4,3,1,6,8,6,10
"5427",363,1,0,0,4,3,0,4,7,4,9
"5428",363,1,0,0,4,3,0,6,7,4,3
"5429",363,1,0,0,4,3,1,5,7,8,1
"5430",363,1,0,0,4,3,1,7,8,6,NA
"5431",363,1,0,0,4,3,0,2,4,3,3
"5432",363,1,1,1,4,3,1,6,9,6,2
"5433",363,1,0,0,4,3,1,7,7,5,10
"5434",363,1,0,0,4,3,1,7,8,6,8
"5435",363,1,0,1,4,3,0,7,6,5,12
"5436",363,1,1,0,4,3,1,8,7,7,6
"5437",363,1,0,1,4,3,0,5,6,6,2
"5438",363,1,0,0,4,3,1,7,8,7,1
"5439",363,1,0,0,4,3,1,6,8,6,1
"5440",363,1,0,0,4,3,0,NA,NA,NA,4
"5441",363,1,0,1,4,3,0,6,7,5,4
"5442",363,1,0,1,4,3,1,7,7,7,3
"5443",363,1,0,0,4,3,1,7,8,7,3
"5444",363,1,0,0,4,3,0,4,6,4,1
"5445",364,1,0,0,3,3,1,8,8,6,4
"5446",364,1,0,1,3,3,0,6,7,5,6
"5447",364,1,0,0,3,3,0,3,8,5,5
"5448",364,1,1,1,3,3,1,8,8,6,1
"5449",364,1,1,0,3,3,1,7,9,6,3
"5450",364,1,0,0,3,3,1,8,10,6,NA
"5451",364,1,0,0,3,3,0,3,6,5,1
"5452",364,1,0,0,3,3,0,6,8,7,6
"5453",364,1,0,0,3,3,1,9,9,4,6
"5454",364,1,0,0,3,3,0,6,9,6,4
"5455",364,1,1,0,3,3,1,9,9,7,8
"5456",364,1,1,0,3,3,1,7,9,7,2
"5457",364,1,0,0,3,3,0,5,7,5,2
"5458",364,1,1,0,3,3,1,8,7,6,5
"5459",364,1,0,0,3,3,1,7,9,6,3
"5460",364,1,0,0,3,3,0,9,9,3,0
"5461",364,1,0,0,3,3,1,10,9,7,0
"5462",364,1,0,0,3,3,1,7,9,5,1
"5463",364,1,0,0,3,3,1,8,10,6,1
"5464",364,1,1,0,3,3,1,9,8,6,3
"5465",365,1,0,0,2,1,1,6,7,5,7
"5466",365,1,0,0,2,1,0,5,6,4,3
"5467",365,1,0,1,2,1,1,6,9,7,2
"5468",365,1,0,0,2,1,1,8,7,5,4
"5469",365,1,0,1,2,1,0,3,6,5,6
"5470",365,1,0,0,2,1,0,9,9,8,NA
"5471",365,1,0,0,2,1,0,4,8,3,4
"5472",365,1,0,0,2,1,0,2,9,6,9
"5473",365,1,0,1,2,1,0,7,6,3,3
"5474",365,1,0,1,2,1,1,9,6,7,1
"5475",365,1,0,0,2,1,0,7,6,5,5
"5476",365,1,0,0,2,1,0,4,7,4,1
"5477",365,1,0,0,2,1,0,4,7,4,5
"5478",365,1,1,1,2,1,1,8,7,7,8
"5479",365,1,0,1,2,1,1,9,6,7,6
"5480",365,1,0,1,2,1,1,9.9,8,8,3
"5481",365,1,0,0,2,1,1,6,8,7,3
"5482",365,1,0,0,2,1,0,NA,NA,NA,4
"5483",365,1,0,1,2,1,0,NA,NA,NA,4
"5484",365,1,0,0,2,1,0,2,7,5,6
"5485",366,1,1,0,2,1,1,9,8,8,4
"5486",366,1,0,0,2,1,0,7,6,6,6
"5487",366,1,0,1,2,1,0,6,6,6,5
"5488",366,1,1,0,2,1,1,8,9,8,1
"5489",366,1,1,1,2,1,1,6,6,7,3
"5490",366,1,1,0,2,1,1,10,8,8,NA
"5491",366,1,0,0,2,1,0,2,7,5,1
"5492",366,1,0,0,2,1,0,5,6,4,6
"5493",366,1,1,1,2,1,1,9,8,8,6
"5494",366,1,1,1,2,1,1,8,7,6,4
"5495",366,1,0,0,2,1,0,6,8,5,8
"5496",366,1,0,0,2,1,0,6,7,6,2
"5497",366,1,0,0,2,1,0,4,6,4,2
"5498",366,1,1,1,2,1,1,8,7,7,5
"5499",366,1,1,1,2,1,1,9,9,8,3
"5500",366,1,0,1,2,1,0,NA,NA,NA,0
"5501",366,1,0,0,2,1,1,8,8,7,0
"5502",366,1,1,0,2,1,1,8,8,7,1
"5503",366,1,1,1,2,1,1,7,8,7,1
"5504",366,1,0,0,2,1,0,6,8,5,3
"5505",367,1,0,0,2,3,0,6,7,7,4
"5506",367,1,1,0,2,3,1,7,6,8,6
"5507",367,1,0,1,2,3,0,3,6,6,5
"5508",367,1,0,0,2,3,0,5,6,4,1
"5509",367,1,0,1,2,3,0,7,7,7,3
"5510",367,1,1,0,2,3,1,9,8,7,NA
"5511",367,1,0,0,2,3,1,NA,NA,NA,1
"5512",367,1,0,0,2,3,0,5,7,5,6
"5513",367,1,1,1,2,3,1,8,7,6,6
"5514",367,1,0,1,2,3,1,7,6,6,4
"5515",367,1,0,0,2,3,0,8,5,4,8
"5516",367,1,0,0,2,3,0,4,4,3,2
"5517",367,1,0,0,2,3,0,NA,NA,NA,2
"5518",367,1,0,1,2,3,0,7,7,7,5
"5519",367,1,0,1,2,3,0,7,6,7,3
"5520",367,1,1,1,2,3,1,9,8,6,0
"5521",367,1,0,0,2,3,0,6,8,6,0
"5522",367,1,0,0,2,3,0,7,8,5,1
"5523",367,1,0,1,2,3,0,5,8,7,1
"5524",367,1,0,0,2,3,0,4,7,6,3
"5525",368,1,1,0,6,1,1,8,8,6,1
"5526",368,1,0,0,6,1,0,7,8,2,9
"5527",368,1,0,0,6,1,0,5,8,6,8
"5528",368,1,0,0,6,1,1,7,8,6,2
"5529",368,1,1,0,6,1,1,7,8,7,0
"5530",368,1,0,0,6,1,1,9,8,6,NA
"5531",368,1,0,0,6,1,0,NA,NA,NA,2
"5532",368,1,0,0,6,1,0,NA,NA,NA,3
"5533",368,1,1,0,6,1,1,7,7,6,9
"5534",368,1,1,0,6,1,1,7,7,6,7
"5535",368,1,0,0,6,1,1,8,7,6,11
"5536",368,1,0,1,6,1,0,7,8,6,5
"5537",368,1,0,0,6,1,0,NA,NA,NA,1
"5538",368,1,1,0,6,1,1,7,8,8,2
"5539",368,1,0,0,6,1,0,7,7,6,0
"5540",368,1,0,0,6,1,1,7,8,5,3
"5541",368,1,1,0,6,1,1,7,8,7,3
"5542",368,1,0,0,6,1,1,9,8,4,2
"5543",368,1,0,0,6,1,0,NA,NA,NA,2
"5544",368,1,0,1,6,1,0,7,9,6,0
"5545",369,1,0,0,2,2,0,NA,NA,NA,2
"5546",369,1,0,0,2,2,1,10,7,8,8
"5547",369,1,0,1,2,2,0,8,10,7,7
"5548",369,1,1,0,2,2,1,10,9,5,1
"5549",369,1,1,1,2,2,1,10,10,8,1
"5550",369,1,0,0,2,2,1,10,10,4,NA
"5551",369,1,0,0,2,2,0,4,5,7,1
"5552",369,1,0,0,2,2,0,4,5,7,4
"5553",369,1,0,1,2,2,0,NA,NA,NA,8
"5554",369,1,0,1,2,2,1,8,10,4,6
"5555",369,1,1,0,2,2,1,6,8,6,10
"5556",369,1,1,0,2,2,1,7,9,8,4
"5557",369,1,1,0,2,2,1,6,9,9,0
"5558",369,1,1,1,2,2,1,10,10,10,3
"5559",369,1,0,1,2,2,1,NA,NA,NA,1
"5560",369,1,0,1,2,2,0,NA,NA,NA,2
"5561",369,1,0,0,2,2,0,NA,NA,NA,2
"5562",369,1,0,0,2,2,1,8,10,1,1
"5563",369,1,1,1,2,2,1,10,10,7,1
"5564",369,1,1,0,2,2,1,7,10,5,1
"5565",370,1,0,0,2,3,0,6,7,4,5
"5566",370,1,0,0,2,3,0,5,6,2,5
"5567",370,1,0,1,2,3,0,3,7,4,4
"5568",370,1,0,0,2,3,0,6,8,4,2
"5569",370,1,0,1,2,3,0,5,10,5,4
"5570",370,1,1,0,2,3,1,8,10,8,NA
"5571",370,1,0,0,2,3,0,2,6,1,2
"5572",370,1,0,0,2,3,0,4,5,3,7
"5573",370,1,0,1,2,3,0,5,6,4,5
"5574",370,1,0,1,2,3,0,8,7,7,3
"5575",370,1,0,0,2,3,0,3,7,3,7
"5576",370,1,0,0,2,3,0,3,7,2,1
"5577",370,1,0,0,2,3,0,5,5,2,3
"5578",370,1,0,1,2,3,0,6,6,6,6
"5579",370,1,0,1,2,3,1,8,8,8,4
"5580",370,1,0,1,2,3,0,NA,NA,NA,1
"5581",370,1,0,0,2,3,1,9,7,7,1
"5582",370,1,0,0,2,3,0,7,10,5,2
"5583",370,1,0,1,2,3,0,6,5,1,2
"5584",370,1,0,0,2,3,0,NA,NA,NA,4
"5585",371,1,1,0,2,5,1,8,7,10,4
"5586",371,1,0,0,2,5,0,6,9,10,6
"5587",371,1,0,1,2,5,0,2,7,10,5
"5588",371,1,0,0,2,5,0,4,7,10,1
"5589",371,1,0,1,2,5,0,4,7,10,3
"5590",371,1,0,0,2,5,1,9,4,8,NA
"5591",371,1,0,0,2,5,0,2,8,10,1
"5592",371,1,0,0,2,5,0,3,7,9,6
"5593",371,1,1,1,2,5,1,8,7,10,6
"5594",371,1,0,1,2,5,1,7,7,10,4
"5595",371,1,0,0,2,5,0,NA,NA,NA,8
"5596",371,1,0,0,2,5,0,6,8,10,2
"5597",371,1,0,0,2,5,0,4,9,10,2
"5598",371,1,1,1,2,5,1,6,7,10,5
"5599",371,1,0,1,2,5,1,8,5,10,3
"5600",371,1,0,1,2,5,0,7,6,10,0
"5601",371,1,0,0,2,5,0,6,8,5,0
"5602",371,1,0,0,2,5,0,6,7,10,1
"5603",371,1,0,1,2,5,0,5,7,5,1
"5604",371,1,1,0,2,5,1,7,8,10,3
"5605",372,1,0,0,2,2,0,NA,NA,NA,4
"5606",372,1,0,0,2,2,0,7,7,1,6
"5607",372,1,0,1,2,2,0,5,9,6,5
"5608",372,1,0,0,2,2,0,7,7,NA,1
"5609",372,1,0,1,2,2,0,7,6,6,3
"5610",372,1,1,0,2,2,1,9,8,7,NA
"5611",372,1,0,0,2,2,0,2,7,1,1
"5612",372,1,0,0,2,2,0,5,7,5,6
"5613",372,1,1,1,2,2,1,9,9,7,6
"5614",372,1,0,1,2,2,1,9,7,5,4
"5615",372,1,0,0,2,2,0,7,7,4,8
"5616",372,1,0,0,2,2,0,6,8,4,2
"5617",372,1,0,0,2,2,0,5,8,4,2
"5618",372,1,1,1,2,2,1,7,6,7,5
"5619",372,1,0,1,2,2,1,9,7,6,3
"5620",372,1,0,1,2,2,0,NA,NA,NA,0
"5621",372,1,0,0,2,2,0,8,8,5,0
"5622",372,1,0,0,2,2,1,9,8,5,1
"5623",372,1,0,1,2,2,0,2,6,1,1
"5624",372,1,0,0,2,2,0,8,NA,1,3
"5625",373,1,0,0,3,2,0,8,9,8,6
"5626",373,1,0,1,3,2,0,NA,NA,NA,4
"5627",373,1,0,0,3,2,0,7,10,7,3
"5628",373,1,0,1,3,2,0,7,9,8,3
"5629",373,1,0,0,3,2,1,7,9,7,5
"5630",373,1,1,0,3,2,1,8,9,8,NA
"5631",373,1,0,0,3,2,0,4,4,4,3
"5632",373,1,0,0,3,2,0,6,10,7,8
"5633",373,1,1,0,3,2,1,10,10,9,4
"5634",373,1,1,0,3,2,1,10,9,8,2
"5635",373,1,1,0,3,2,1,9,9,7,6
"5636",373,1,0,0,3,2,0,6,9,6,0
"5637",373,1,0,0,3,2,0,6,6,5,4
"5638",373,1,0,0,3,2,0,7,9,8,7
"5639",373,1,0,0,3,2,0,8,9,10,5
"5640",373,1,0,0,3,2,0,NA,NA,NA,2
"5641",373,1,0,0,3,2,1,9,9,8,2
"5642",373,1,0,0,3,2,0,9,10,7,3
"5643",373,1,0,0,3,2,0,6,8,7,3
"5644",373,1,0,0,3,2,0,NA,NA,NA,5
"5645",374,1,0,1,4,2,0,7,6,5,7
"5646",374,1,0,0,4,2,0,5,6,5,3
"5647",374,1,0,0,4,2,0,5,6,4,2
"5648",374,1,0,0,4,2,0,6,5,6,4
"5649",374,1,0,0,4,2,0,6,6,5,6
"5650",374,1,0,0,4,2,0,5,6,6,NA
"5651",374,1,0,0,4,2,0,5,5,3,4
"5652",374,1,0,1,4,2,0,5,5,5,9
"5653",374,1,0,0,4,2,1,8,6,6,3
"5654",374,1,0,0,4,2,0,6,6,6,1
"5655",374,1,0,1,4,2,0,7,5,7,5
"5656",374,1,0,0,4,2,1,7,5,7,1
"5657",374,1,0,1,4,2,0,5,6,5,5
"5658",374,1,0,0,4,2,0,6,3,6,8
"5659",374,1,0,0,4,2,1,7,5,6,6
"5660",374,1,0,0,4,2,0,6,6,5,3
"5661",374,1,1,1,4,2,1,10,7,9,3
"5662",374,1,0,1,4,2,0,6,6,6,4
"5663",374,1,0,0,4,2,0,5,5,5,4
"5664",374,1,0,0,4,2,0,6,5,6,6
"5665",375,1,0,0,2,1,0,4,7,6,4
"5666",375,1,0,0,2,1,0,3,6,4,6
"5667",375,1,0,1,2,1,0,NA,NA,NA,5
"5668",375,1,0,0,2,1,0,3,7,7,1
"5669",375,1,0,1,2,1,0,3,6,5,3
"5670",375,1,0,0,2,1,1,5,7,6,NA
"5671",375,1,0,0,2,1,0,1,2,3,1
"5672",375,1,0,0,2,1,0,3,6,6,6
"5673",375,1,1,1,2,1,1,10,6,8,6
"5674",375,1,0,1,2,1,1,7,8,7,4
"5675",375,1,1,0,2,1,1,7,5,5,8
"5676",375,1,0,0,2,1,0,5,4,6,2
"5677",375,1,0,0,2,1,0,2,4,3,2
"5678",375,1,0,1,2,1,0,2,6,4,5
"5679",375,1,0,1,2,1,0,2,4,5,3
"5680",375,1,0,1,2,1,1,6,8,4,0
"5681",375,1,0,0,2,1,1,6,8,8,0
"5682",375,1,0,0,2,1,1,5,8,6,1
"5683",375,1,0,1,2,1,0,2,3,2,1
"5684",375,1,1,0,2,1,1,4,9,7,3
"5685",376,1,0,1,4,2,0,8,7,5,2
"5686",376,1,0,0,4,2,0,6,8,6,8
"5687",376,1,0,0,4,2,0,5,7,4,7
"5688",376,1,0,0,4,2,0,7,7,5,1
"5689",376,1,0,0,4,2,0,NA,NA,NA,1
"5690",376,1,0,0,4,2,0,8,7,6,NA
"5691",376,1,0,0,4,2,0,4,8,5,1
"5692",376,1,0,1,4,2,0,5,7,7,4
"5693",376,1,0,0,4,2,0,10,8,6,8
"5694",376,1,0,0,4,2,0,6,7,5,6
"5695",376,1,0,1,4,2,0,5,6,7,10
"5696",376,1,0,0,4,2,0,5,8,6,4
"5697",376,1,0,1,4,2,0,5,8,6,0
"5698",376,1,0,0,4,2,0,6,7,4,3
"5699",376,1,0,0,4,2,0,7,7,5,1
"5700",376,1,0,0,4,2,0,9,9,6,2
"5701",376,1,1,1,4,2,1,9,8,9,2
"5702",376,1,1,1,4,2,1,10,10,10,1
"5703",376,1,0,0,4,2,0,9,9,5,1
"5704",376,1,0,0,4,2,0,5,7,6,1
"5705",377,1,0,1,4,1,0,8,8,5,3
"5706",377,1,0,0,4,1,0,5,5,6,7
"5707",377,1,0,0,4,1,0,NA,NA,NA,6
"5708",377,1,1,0,4,1,1,8,8,6,0
"5709",377,1,0,0,4,1,0,5,9,6,2
"5710",377,1,0,0,4,1,1,9,9,7,NA
"5711",377,1,0,0,4,1,0,5,5,2,0
"5712",377,1,0,1,4,1,0,5,8,6,5
"5713",377,1,0,0,4,1,1,8,8,6,7
"5714",377,1,0,0,4,1,0,7,9,5,5
"5715",377,1,0,1,4,1,0,8,8,3,9
"5716",377,1,0,0,4,1,0,6,6,4,3
"5717",377,1,0,1,4,1,0,6,9,4,1
"5718",377,1,0,0,4,1,0,6,6,5,4
"5719",377,1,0,0,4,1,0,7,6,6,2
"5720",377,1,0,0,4,1,0,NA,NA,NA,1
"5721",377,1,0,1,4,1,1,7,9,7,1
"5722",377,1,0,1,4,1,1,7,9,6,0
"5723",377,1,0,0,4,1,0,5,7,4,0
"5724",377,1,0,0,4,1,0,8,8,7,2
"5725",378,1,0,0,2,6,0,6,6,5,6
"5726",378,1,0,0,2,6,0,4,6,4,4
"5727",378,1,0,1,2,6,0,5,8,5,3
"5728",378,1,0,0,2,6,0,7,6,6,3
"5729",378,1,0,1,2,6,0,7,7,7,5
"5730",378,1,1,0,2,6,1,8,7,6,NA
"5731",378,1,0,0,2,6,0,4,6,6,3
"5732",378,1,0,0,2,6,0,4,8,7,8
"5733",378,1,0,1,2,6,0,6,6,4,4
"5734",378,1,0,1,2,6,1,8,6,7,2
"5735",378,1,0,0,2,6,0,8,7,7,6
"5736",378,1,0,0,2,6,0,7,7,6,0
"5737",378,1,0,0,2,6,0,7,6,6,4
"5738",378,1,0,1,2,6,0,6,5,6,7
"5739",378,1,0,1,2,6,1,7,5,7,5
"5740",378,1,0,1,2,6,0,NA,NA,NA,2
"5741",378,1,0,0,2,6,1,8,7,7,2
"5742",378,1,0,0,2,6,0,6,8,5,3
"5743",378,1,0,1,2,6,0,6,8,5,3
"5744",378,1,0,0,2,6,0,5,5,5,5
"5745",379,0,0,1,2,2,0,7,9,3,14
"5746",379,0,0,1,2,2,0,7,7,1,9
"5747",379,0,0,1,2,2,0,NA,NA,NA,9
"5748",379,0,1,1,2,2,1,8,9,2,12
"5749",379,0,0,1,2,2,0,7,9,2,7
"5750",379,0,1,0,2,2,1,7,9,2,9
"5751",379,0,0,1,2,2,0,6,9,2,16
"5752",379,0,0,1,2,2,0,9,9,2,15
"5753",379,0,0,0,2,2,1,6,9,4,8
"5754",379,0,0,0,2,2,0,8,8,2,11
"5755",379,0,0,1,2,2,1,7,8,3,14
"5756",379,0,0,0,2,2,0,7,8,3,14
"5757",379,0,0,1,2,2,0,7,9,2,15
"5758",379,0,0,1,2,2,0,9,8,2,11
"5759",379,0,0,1,2,2,1,8,9,4,4
"5760",379,0,0,1,2,2,0,5,8,3,11
"5761",379,0,0,1,2,2,0,6,8,3,12
"5762",379,0,0,1,2,2,0,6,9,2,9
"5763",379,0,0,1,2,2,0,6,6,1,7
"5764",380,0,0,0,1,2,1,4,7,5,9
"5765",380,0,0,0,1,2,1,8,7,7,4
"5766",380,0,0,0,1,2,0,NA,NA,NA,4
"5767",380,0,0,0,1,2,1,6,8,3,7
"5768",380,0,0,0,1,2,1,5,7,5,2
"5769",380,0,0,0,1,2,0,4,7,1,4
"5770",380,0,0,0,1,2,1,4,7,NA,11
"5771",380,0,0,0,1,2,1,9,7,NA,10
"5772",380,0,0,1,1,2,1,5,7,2,3
"5773",380,0,1,0,1,2,1,5,5,4,6
"5774",380,0,0,0,1,2,1,5,7,2,9
"5775",380,0,0,0,1,2,1,5,7,6,9
"5776",380,0,1,0,1,2,1,8,8,6,10
"5777",380,0,0,0,1,2,1,4,7,4,6
"5778",380,0,0,0,1,2,1,7,7,4,1
"5779",380,0,0,0,1,2,0,5,7,5,6
"5780",380,0,0,0,1,2,1,8,7,4,7
"5781",380,0,0,0,1,2,0,5,NA,2,4
"5782",380,0,0,0,1,2,0,1,1,1,2
"5783",381,0,0,1,2,5,0,5,9,5,0
"5784",381,0,0,1,2,5,0,8,8,6,5
"5785",381,0,0,1,2,5,0,NA,NA,NA,5
"5786",381,0,0,1,2,5,0,8,8,6,2
"5787",381,0,0,1,2,5,1,7,6,5,7
"5788",381,0,0,0,2,5,0,6,8,4,5
"5789",381,0,0,1,2,5,0,6,8,5,2
"5790",381,0,0,1,2,5,0,8,6,5,1
"5791",381,0,0,0,2,5,0,8,8,5,6
"5792",381,0,0,0,2,5,0,6,8,7,3
"5793",381,0,0,1,2,5,1,10,10,10,0
"5794",381,0,0,0,2,5,0,7,6,5,0
"5795",381,0,1,1,2,5,1,8,8,8,1
"5796",381,0,0,1,2,5,1,6,8,7,3
"5797",381,0,0,1,2,5,0,4,8,5,10
"5798",381,0,0,1,2,5,0,5,7,5,3
"5799",381,0,0,1,2,5,1,7,5,5,2
"5800",381,0,1,1,2,5,1,7,6,5,5
"5801",381,0,0,1,2,5,0,1,1,8,7
"5802",382,0,0,1,2,2,0,5,5,5,4
"5803",382,0,0,1,2,2,0,6,6,5,1
"5804",382,0,0,1,2,2,1,5,5,5,1
"5805",382,0,0,1,2,2,1,6,8,5,2
"5806",382,0,0,1,2,2,0,6,8,5,3
"5807",382,0,0,0,2,2,0,6,8,5,1
"5808",382,0,0,1,2,2,0,5,8,5,6
"5809",382,0,1,1,2,2,1,8,8,5,5
"5810",382,0,0,0,2,2,0,5,9,5,2
"5811",382,0,1,0,2,2,1,8,8,5,1
"5812",382,0,0,1,2,2,1,10,10,10,4
"5813",382,0,1,0,2,2,1,7,6,5,4
"5814",382,0,0,1,2,2,1,6,8,5,5
"5815",382,0,0,1,2,2,1,6,7,5,1
"5816",382,0,0,1,2,2,0,6,7,5,6
"5817",382,0,0,1,2,2,0,5,8,5,1
"5818",382,0,0,1,2,2,1,6,8,5,2
"5819",382,0,1,1,2,2,1,7,8,5,1
"5820",382,0,0,1,2,2,0,4,4,5,3
"5821",383,0,1,1,2,3,1,8,8,5,3
"5822",383,0,0,1,2,3,0,2,3,5,2
"5823",383,0,0,1,2,3,0,NA,NA,NA,2
"5824",383,0,1,1,2,3,1,6,6,7,1
"5825",383,0,0,1,2,3,1,4,6,5,4
"5826",383,0,0,0,2,3,0,3,9,8,2
"5827",383,0,0,1,2,3,0,2,NA,2,5
"5828",383,0,1,1,2,3,1,10,7,9,4
"5829",383,0,0,0,2,3,0,2,8,3,3
"5830",383,0,0,0,2,3,0,1,NA,1,0
"5831",383,0,0,1,2,3,1,5,6,4,3
"5832",383,0,0,0,2,3,0,7,5,8,3
"5833",383,0,0,1,2,3,0,1,NA,1,4
"5834",383,0,0,1,2,3,0,3,5,6,0
"5835",383,0,0,1,2,3,0,3,4,1,7
"5836",383,0,1,1,2,3,1,7,8,4,0
"5837",383,0,0,1,2,3,1,9,10,2,1
"5838",383,0,0,1,2,3,0,NA,NA,NA,2
"5839",383,0,0,1,2,3,0,NA,NA,NA,4
"5840",384,0,0,1,2,2,0,7,10,8,1
"5841",384,0,1,1,2,2,1,10,10,9,6
"5842",384,0,0,1,2,2,1,10,10,8,6
"5843",384,0,1,1,2,2,1,10,10,9,3
"5844",384,0,0,1,2,2,1,7,10,10,8
"5845",384,0,0,0,2,2,0,6,9,4,6
"5846",384,0,0,1,2,2,0,4,9,9,1
"5847",384,0,1,1,2,2,1,10,9,9,0
"5848",384,0,0,0,2,2,0,7,10,9,7
"5849",384,0,0,0,2,2,0,6,10,10,4
"5850",384,0,1,1,2,2,1,9,10,8,1
"5851",384,0,0,0,2,2,0,3,3,4,1
"5852",384,0,1,1,2,2,1,7,10,7,0
"5853",384,0,0,1,2,2,1,10,10,9,4
"5854",384,0,0,1,2,2,1,10,10,8,11
"5855",384,0,1,1,2,2,1,8,10,8,4
"5856",384,0,0,1,2,2,0,7,10,8,3
"5857",384,0,1,1,2,2,1,9,9,4,6
"5858",384,0,0,1,2,2,0,0,0,0,8
"5859",385,0,0,1,2,2,0,6,8,7,1
"5860",385,0,1,1,2,2,1,8,8,9,4
"5861",385,0,0,1,2,2,0,7,8,6,4
"5862",385,0,0,1,2,2,1,5,9,7,1
"5863",385,0,0,1,2,2,0,7,9,4,6
"5864",385,0,0,0,2,2,0,5,9,4,4
"5865",385,0,0,1,2,2,0,4,10,4,3
"5866",385,0,1,1,2,2,1,10,9,5,2
"5867",385,0,0,0,2,2,0,4,10,5,5
"5868",385,0,1,0,2,2,1,7,8,6,2
"5869",385,0,0,1,2,2,1,6,7,6,1
"5870",385,0,1,0,2,2,1,10,8,9,1
"5871",385,0,1,1,2,2,1,9,9,8,2
"5872",385,0,1,1,2,2,1,10,10,10,2
"5873",385,0,0,1,2,2,1,8,8,7,9
"5874",385,0,0,1,2,2,0,6,7,6,2
"5875",385,0,0,1,2,2,1,7,8,6,1
"5876",385,0,1,1,2,2,1,7,9,6,4
"5877",385,0,0,1,2,2,0,5,8,NA,6
"5878",386,0,1,1,2,2,1,7,8,7,2
"5879",386,0,0,1,2,2,1,8,7,6,3
"5880",386,0,0,1,2,2,1,8,7,6,3
"5881",386,0,0,1,2,2,1,8,8,6,0
"5882",386,0,0,1,2,2,1,7,8,7,5
"5883",386,0,0,0,2,2,0,7,7,6,3
"5884",386,0,0,1,2,2,0,7,8,5,4
"5885",386,0,0,1,2,2,0,7,7,5,3
"5886",386,0,0,0,2,2,0,7,8,6,4
"5887",386,0,0,0,2,2,0,7,7,5,1
"5888",386,0,0,1,2,2,1,8,8,6,2
"5889",386,0,0,0,2,2,1,8,6,6,2
"5890",386,0,0,1,2,2,0,7,7,6,3
"5891",386,0,0,1,2,2,1,8,8,6,1
"5892",386,0,0,1,2,2,1,8,8,7,8
"5893",386,0,1,1,2,2,1,9,9,6,1
"5894",386,0,0,1,2,2,1,8,8,6,0
"5895",386,0,0,1,2,2,0,7,6,5,3
"5896",386,0,0,1,2,2,0,6,5,1,5
"5897",387,0,0,1,2,2,0,7,8,7,1
"5898",387,0,1,1,2,2,1,8,9,8,4
"5899",387,0,0,1,2,2,1,7,8,7,4
"5900",387,0,1,1,2,2,1,7,9,8,1
"5901",387,0,0,1,2,2,0,6,8,7,6
"5902",387,0,0,0,2,2,0,6,8,7,4
"5903",387,0,0,1,2,2,0,6,8,7,3
"5904",387,0,1,1,2,2,1,9,8,7,2
"5905",387,0,0,0,2,2,0,6,8,6,5
"5906",387,0,0,0,2,2,0,7,8,7,2
"5907",387,0,1,1,2,2,1,8,8,8,1
"5908",387,0,1,0,2,2,1,9,8,8,1
"5909",387,0,0,1,2,2,1,8,9,7,2
"5910",387,0,0,1,2,2,0,7,7,6,2
"5911",387,0,1,1,2,2,1,8,9,7,9
"5912",387,0,1,1,2,2,1,7,8,7,2
"5913",387,0,0,1,2,2,0,7,8,7,1
"5914",387,0,1,1,2,2,1,7,9,7,4
"5915",387,0,0,1,2,2,0,7,8,10,6
"5916",388,0,0,1,2,2,0,4,8,4,0
"5917",388,0,0,1,2,2,0,5,6,3,5
"5918",388,0,1,1,2,2,1,6,8,9,5
"5919",388,0,0,1,2,2,0,5,8,5,2
"5920",388,0,0,1,2,2,0,5,8,3,7
"5921",388,0,0,0,2,2,0,3,8,2,5
"5922",388,0,0,1,2,2,0,5,8,5,2
"5923",388,0,0,1,2,2,0,5,7,4,1
"5924",388,0,0,0,2,2,0,3,8,2,6
"5925",388,0,0,0,2,2,0,4,8,3,3
"5926",388,0,0,1,2,2,0,6,8,3,0
"5927",388,0,0,0,2,2,0,6,6,2,0
"5928",388,0,0,1,2,2,0,5,7,3,1
"5929",388,0,0,1,2,2,0,6,8,3,3
"5930",388,0,0,1,2,2,0,6,8,4,10
"5931",388,0,0,1,2,2,0,5,8,3,3
"5932",388,0,0,1,2,2,0,6,8,3,2
"5933",388,0,0,1,2,2,0,6,7,4,5
"5934",388,0,0,1,2,2,0,3,3,1,7
"5935",389,0,0,1,2,2,0,6,10,2,3
"5936",389,0,1,1,2,2,1,6,10,9,8
"5937",389,0,0,1,2,2,0,NA,NA,NA,8
"5938",389,0,1,1,2,2,1,8,10,7,5
"5939",389,0,1,1,2,2,1,7,10,7,10
"5940",389,0,0,0,2,2,0,4,8,6,8
"5941",389,0,0,1,2,2,0,6,10,7,1
"5942",389,0,1,1,2,2,1,8,10,9,2
"5943",389,0,0,0,2,2,0,8,10,4,9
"5944",389,0,0,0,2,2,0,4,10,7,6
"5945",389,0,0,1,2,2,0,9,6,6,3
"5946",389,0,1,0,2,2,1,9,10,10,3
"5947",389,0,1,1,2,2,1,7,4,7,2
"5948",389,0,1,1,2,2,1,7,10,7,6
"5949",389,0,0,1,2,2,0,6,9,7,13
"5950",389,0,0,1,2,2,0,5,9,7,6
"5951",389,0,1,1,2,2,1,7,8,6,5
"5952",389,0,0,1,2,2,0,8,10,7,8
"5953",389,0,0,1,2,2,0,5,9,4,10
"5954",390,0,0,0,4,6,1,6,6,8,6
"5955",390,0,0,0,4,6,1,8,8,8,1
"5956",390,0,0,0,4,6,0,NA,NA,NA,1
"5957",390,0,0,0,4,6,1,8,8,1,4
"5958",390,0,0,0,4,6,1,6,10,6,1
"5959",390,0,0,1,4,6,1,6,8,6,1
"5960",390,0,0,0,4,6,1,6,10,8,8
"5961",390,0,1,0,4,6,1,8,10,NA,7
"5962",390,0,0,0,4,6,1,4,6,6,0
"5963",390,0,0,1,4,6,1,8,10,8,3
"5964",390,0,0,0,4,6,1,8,10,8,6
"5965",390,0,0,0,4,6,1,6,8,6,6
"5966",390,0,0,0,4,6,1,8,8,8,7
"5967",390,0,0,0,4,6,1,8,8,6,3
"5968",390,0,0,0,4,6,1,8,8,8,4
"5969",390,0,0,0,4,6,1,6,8,8,3
"5970",390,0,0,0,4,6,1,6,8,8,4
"5971",390,0,1,0,4,6,1,6,8,6,1
"5972",390,0,1,0,4,6,1,4,6,8,1
"5973",391,0,0,1,2,1,0,5,5,5,4
"5974",391,0,0,1,2,1,0,7,6,5,1
"5975",391,0,0,1,2,1,0,7,6,6,1
"5976",391,0,0,1,2,1,0,6,5,5,2
"5977",391,0,0,1,2,1,1,8,8,5,3
"5978",391,0,0,0,2,1,0,5,6,7,1
"5979",391,0,0,1,2,1,0,5,5,7,6
"5980",391,0,0,1,2,1,0,9,6,5,5
"5981",391,0,0,0,2,1,0,5,7,6,2
"5982",391,0,0,0,2,1,0,5,6,6,1
"5983",391,0,0,1,2,1,0,6,9,7,4
"5984",391,0,0,0,2,1,0,5,6,8,4
"5985",391,0,0,1,2,1,0,8,6,6,5
"5986",391,0,1,1,2,1,1,7,8,8,1
"5987",391,0,0,1,2,1,0,7,7,7,6
"5988",391,0,0,1,2,1,0,5,5,5,1
"5989",391,0,0,1,2,1,0,5,5,6,2
"5990",391,0,0,1,2,1,0,6,6,5,1
"5991",391,0,0,1,2,1,0,6,6,10,3
"5992",392,0,0,1,2,5,0,2,2,1,2
"5993",392,0,1,1,2,5,1,8,9,5,3
"5994",392,0,0,1,2,5,0,5,5,3,3
"5995",392,0,0,1,2,5,1,7,8,4,0
"5996",392,0,0,1,2,5,0,5,9,5,5
"5997",392,0,0,0,2,5,0,2,9,2,3
"5998",392,0,0,1,2,5,0,2,8,6,4
"5999",392,0,1,1,2,5,1,9,8,6,3
"6000",392,0,0,0,2,5,0,5,10,2,4
"6001",392,0,0,0,2,5,0,3,10,1,1
"6002",392,0,0,1,2,5,0,5,7,3,2
"6003",392,0,0,0,2,5,0,3,4,1,2
"6004",392,0,0,1,2,5,1,8,10,8,3
"6005",392,0,0,1,2,5,1,9,10,6,1
"6006",392,0,0,1,2,5,0,6,9,3,8
"6007",392,0,0,1,2,5,0,1,3,1,1
"6008",392,0,0,1,2,5,1,6,10,2,0
"6009",392,0,0,1,2,5,0,6,7,2,3
"6010",392,0,0,1,2,5,0,1,1,10,5
"6011",393,0,1,1,2,1,1,8,8,7,2
"6012",393,0,1,1,2,1,1,7,8,6,7
"6013",393,0,0,1,2,1,1,7,9,6,7
"6014",393,0,0,1,2,1,0,6,8,5,4
"6015",393,0,0,1,2,1,1,8,8,6,9
"6016",393,0,0,0,2,1,0,6,7,5,7
"6017",393,0,1,1,2,1,1,7,7,5,0
"6018",393,0,0,1,2,1,0,7,6,6,1
"6019",393,0,0,0,2,1,1,6,8,5,8
"6020",393,0,1,0,2,1,1,8,8,7,5
"6021",393,0,0,1,2,1,1,8,8,7,2
"6022",393,0,0,0,2,1,1,7,9,6,2
"6023",393,0,0,1,2,1,1,7,7,6,1
"6024",393,0,0,1,2,1,0,7,7,5,5
"6025",393,0,0,1,2,1,1,8,8,7,12
"6026",393,0,0,1,2,1,0,7,8,6,5
"6027",393,0,0,1,2,1,0,8,8,7,4
"6028",393,0,1,1,2,1,1,7,7,6,7
"6029",393,0,0,1,2,1,0,NA,NA,NA,9
"6030",394,0,0,1,2,2,0,5,8,6,0
"6031",394,0,0,1,2,2,1,8,7,8.5,5
"6032",394,0,0,1,2,2,0,NA,NA,NA,5
"6033",394,0,0,1,2,2,1,8,7,7,2
"6034",394,0,0,1,2,2,0,6,8,3,7
"6035",394,0,0,0,2,2,0,5,9,7,5
"6036",394,0,0,1,2,2,0,3,6,2,2
"6037",394,0,1,1,2,2,1,8,7,8,1
"6038",394,0,0,0,2,2,0,5,8,5,6
"6039",394,0,0,0,2,2,0,5,8,7,3
"6040",394,0,0,1,2,2,0,6,8,3,0
"6041",394,0,0,0,2,2,0,7,8,2,0
"6042",394,0,0,1,2,2,0,4,8,8,1
"6043",394,0,0,1,2,2,1,7,8,8,3
"6044",394,0,0,1,2,2,0,9.5,7,6,10
"6045",394,0,0,1,2,2,0,5,9,7,3
"6046",394,0,0,1,2,2,0,7,8,5,2
"6047",394,0,0,1,2,2,0,4,7,1,5
"6048",394,0,0,1,2,2,0,6,8,1,7
"6049",395,0,0,1,2,3,0,4,6,6,9
"6050",395,0,0,1,2,3,1,6,NA,8,4
"6051",395,0,0,1,2,3,0,7,8,6,4
"6052",395,0,1,1,2,3,1,8,7,6,7
"6053",395,0,0,1,2,3,0,6,8,6,2
"6054",395,0,0,0,2,3,0,5,9,8,4
"6055",395,0,0,1,2,3,0,5,8,7,11
"6056",395,0,0,1,2,3,0,7,NA,6,10
"6057",395,0,0,0,2,3,0,6,8,7,3
"6058",395,0,1,0,2,3,1,7,7,7,6
"6059",395,0,0,1,2,3,1,6,8,7,9
"6060",395,0,0,0,2,3,0,7,7,5,9
"6061",395,0,0,1,2,3,1,8,NA,8,10
"6062",395,0,0,1,2,3,1,8,8,8,6
"6063",395,0,0,1,2,3,0,7,9,7,1
"6064",395,0,0,1,2,3,0,6,7,7,6
"6065",395,0,0,1,2,3,1,7,8,8,7
"6066",395,0,0,1,2,3,0,7,8,6,4
"6067",395,0,0,1,2,3,0,5,7,3,2
"6068",396,0,0,0,4,2,1,7,9,6,1
"6069",396,0,0,0,4,2,1,8,8,3,4
"6070",396,0,0,0,4,2,0,NA,NA,NA,4
"6071",396,0,0,0,4,2,1,8,9,3,1
"6072",396,0,0,0,4,2,0,7,8,1,6
"6073",396,0,0,1,4,2,0,6,9,1,4
"6074",396,0,0,0,4,2,0,5,8,5,3
"6075",396,0,0,0,4,2,1,8,8,4,2
"6076",396,0,0,0,4,2,1,5,9,7,5
"6077",396,0,0,1,4,2,0,5,8,4,2
"6078",396,0,0,0,4,2,1,6,8,7,1
"6079",396,0,1,0,4,2,1,8,9,5,1
"6080",396,0,0,0,4,2,0,7,9,5,2
"6081",396,0,0,0,4,2,1,8,9,3,2
"6082",396,0,0,0,4,2,1,7,9,3,9
"6083",396,0,0,0,4,2,1,6,8,6,2
"6084",396,0,0,0,4,2,1,7,8,5,1
"6085",396,0,1,0,4,2,1,5,9,4,4
"6086",396,0,0,0,4,2,0,3,5,1,6
"6087",397,1,0,1,2,2,1,8,8,8,14
"6088",397,1,0,0,2,2,0,6,8,6,9
"6089",397,1,0,1,2,2,0,7,6,4,0
"6090",397,1,0,1,2,2,1,7,8,7,4
"6091",397,1,1,1,2,2,1,8,7,7,3
"6092",397,1,0,1,2,2,1,7,8,8,1
"6093",397,1,0,1,2,2,1,9,8,8,1
"6094",397,1,1,1,2,2,1,6,8,7,2
"6095",397,1,0,1,2,2,1,10,9,8,1
"6096",397,1,0,1,2,2,1,9,9,7,0
"6097",397,1,0,1,2,2,1,9,7,7,3
"6098",397,1,0,0,2,2,0,3,10,2,6
"6099",397,1,0,1,2,2,1,9,8,7,4
"6100",397,1,0,1,2,2,1,7,8,6,2
"6101",397,1,1,1,2,2,1,6,8,6,2
"6102",397,1,0,1,2,2,1,7,8,7,0
"6103",397,1,0,1,2,2,0,8,7,6,9
"6104",397,1,0,0,2,2,0,6,8,6,1
"6105",398,1,0,1,2,2,0,NA,NA,NA,9
"6106",398,1,0,0,2,2,0,5,8,8,4
"6107",398,1,0,1,2,2,0,6,7,4,5
"6108",398,1,0,1,2,2,0,6,5,3,1
"6109",398,1,0,1,2,2,1,6,8,9,2
"6110",398,1,1,1,2,2,1,7,7,7,6
"6111",398,1,1,1,2,2,1,6,7,4,4
"6112",398,1,0,1,2,2,0,5,7,5,3
"6113",398,1,1,1,2,2,1,10,9,6,4
"6114",398,1,0,1,2,2,0,6,7,2,5
"6115",398,1,1,1,2,2,1,8,10,7,8
"6116",398,1,0,0,2,2,0,3,5,3,1
"6117",398,1,0,1,2,2,0,6,NA,NA,1
"6118",398,1,1,1,2,2,1,6,9,7,3
"6119",398,1,1,1,2,2,1,6,8,5,7
"6120",398,1,0,1,2,2,0,6,5,2,5
"6121",398,1,0,1,2,2,0,5,7,7,4
"6122",398,1,0,0,2,2,0,8,7,3,4
"6123",399,1,0,1,2,2,0,NA,NA,NA,9
"6124",399,1,0,0,2,2,0,NA,NA,NA,4
"6125",399,1,0,1,2,2,0,NA,NA,NA,5
"6126",399,1,0,1,2,2,0,5,6,7,1
"6127",399,1,0,1,2,2,0,NA,NA,NA,2
"6128",399,1,0,1,2,2,0,6,9,9,6
"6129",399,1,0,1,2,2,0,8,8,9,4
"6130",399,1,0,1,2,2,0,5,9,8,3
"6131",399,1,0,1,2,2,0,8,7,7,4
"6132",399,1,1,1,2,2,1,7,9,8,5
"6133",399,1,0,1,2,2,0,NA,NA,NA,8
"6134",399,1,0,0,2,2,0,4,7,4,1
"6135",399,1,0,1,2,2,0,4,9,9,1
"6136",399,1,0,1,2,2,0,5,NA,10,3
"6137",399,1,0,1,2,2,0,NA,NA,NA,7
"6138",399,1,0,1,2,2,0,NA,NA,NA,5
"6139",399,1,0,1,2,2,0,4,8,7,4
"6140",399,1,0,0,2,2,0,NA,NA,NA,4
"6141",400,1,1,1,2,5,1,4,7,8,12
"6142",400,1,0,0,2,5,0,5,8,7,7
"6143",400,1,0,1,2,5,0,6,8,6.5,2
"6144",400,1,0,1,2,5,0,5,9,5,2
"6145",400,1,1,1,2,5,1,6,8,8,1
"6146",400,1,1,1,2,5,1,7,7,8,3
"6147",400,1,0,1,2,5,0,4,6,8,1
"6148",400,1,0,1,2,5,0,4,9,8,0
"6149",400,1,1,1,2,5,1,6.5,7,8,1
"6150",400,1,0,1,2,5,1,6.5,6.5,7.5,2
"6151",400,1,1,1,2,5,1,7,8,8,5
"6152",400,1,0,0,2,5,0,1,9,6,4
"6153",400,1,0,1,2,5,1,6,9,7.5,2
"6154",400,1,0,1,2,5,0,4,7,8,0
"6155",400,1,0,1,2,5,0,3,8,8,4
"6156",400,1,0,1,2,5,0,4,7,7,2
"6157",400,1,1,1,2,5,1,5,8,8,7
"6158",400,1,0,0,2,5,0,4,7,7,1
"6159",401,1,0,1,2,2,0,3,7,2,7
"6160",401,1,0,0,2,2,0,2,7,6,2
"6161",401,1,0,1,2,2,0,2,6,6,7
"6162",401,1,0,1,2,2,0,2,6,6,3
"6163",401,1,0,1,2,2,0,3,5,6,4
"6164",401,1,0,1,2,2,0,6,6,5,8
"6165",401,1,0,1,2,2,0,4,5,4,6
"6166",401,1,0,1,2,2,0,1,8,6,5
"6167",401,1,0,1,2,2,0,4,7,6,6
"6168",401,1,0,1,2,2,0,4,6,3,7
"6169",401,1,1,1,2,2,1,7,7,7,10
"6170",401,1,0,0,2,2,0,1,6,6,1
"6171",401,1,0,1,2,2,0,3,6,7,3
"6172",401,1,0,1,2,2,0,3,5,6,5
"6173",401,1,0,1,2,2,0,1,8,7,9
"6174",401,1,0,1,2,2,0,2,6,6,7
"6175",401,1,0,1,2,2,0,1,5,3,2
"6176",401,1,0,0,2,2,0,1,8,6,6
"6177",402,1,1,0,4,3,1,6,6,3,9
"6178",402,1,0,0,4,3,0,6,7,3,4
"6179",402,1,0,0,4,3,1,6,6,4,5
"6180",402,1,0,0,4,3,1,6,5,6,1
"6181",402,1,0,0,4,3,1,7,5,9,2
"6182",402,1,0,0,4,3,1,7,6,5,6
"6183",402,1,0,0,4,3,0,6,5,4,4
"6184",402,1,0,0,4,3,0,6,7,4,3
"6185",402,1,0,0,4,3,1,9,8,5,4
"6186",402,1,0,0,4,3,1,7,5,4,5
"6187",402,1,0,0,4,3,1,8,6,5,8
"6188",402,1,0,1,4,3,0,5,5,8,1
"6189",402,1,0,0,4,3,1,8,5,4,1
"6190",402,1,0,0,4,3,0,6,6,5,3
"6191",402,1,0,0,4,3,0,6,6,6,7
"6192",402,1,0,0,4,3,1,6,6,4,5
"6193",402,1,0,0,4,3,0,6,5,2,4
"6194",402,1,0,1,4,3,1,6,6,5,4
"6195",403,1,0,1,2,5,1,6,8,4,16
"6196",403,1,0,0,2,5,0,4,6,5,11
"6197",403,1,0,1,2,5,1,5,5,5,2
"6198",403,1,0,1,2,5,0,4,5,3,6
"6199",403,1,0,1,2,5,1,5,6,5,5
"6200",403,1,0,1,2,5,1,7,6,5,1
"6201",403,1,0,1,2,5,1,5,6,4,3
"6202",403,1,0,1,2,5,1,6,7,6,4
"6203",403,1,0,1,2,5,1,9,6,5,3
"6204",403,1,0,1,2,5,0,7,5,2,2
"6205",403,1,0,1,2,5,1,8,5,5,1
"6206",403,1,0,0,2,5,0,3,4,2,8
"6207",403,1,0,1,2,5,0,5,6,3,6
"6208",403,1,0,1,2,5,0,5,7,2,4
"6209",403,1,1,1,2,5,1,5,7,5,0
"6210",403,1,0,1,2,5,0,4,6,4,2
"6211",403,1,0,1,2,5,1,6,6,5,11
"6212",403,1,0,0,2,5,1,5,6,6,3
"6213",404,1,0,1,2,2,1,6,7,3,15
"6214",404,1,0,0,2,2,0,5,6,4,10
"6215",404,1,0,1,2,2,1,7,5,4,1
"6216",404,1,1,1,2,2,1,7,7,4,5
"6217",404,1,1,1,2,2,1,8,6,9,4
"6218",404,1,1,1,2,2,1,9,7,7,0
"6219",404,1,1,1,2,2,1,7,7,6,2
"6220",404,1,0,1,2,2,0,5,8,5,3
"6221",404,1,1,1,2,2,1,8,8,6,2
"6222",404,1,0,1,2,2,1,9,8,6,1
"6223",404,1,1,1,2,2,1,8,8,8,2
"6224",404,1,1,0,2,2,1,2,7,9,7
"6225",404,1,0,1,2,2,1,8,7,6,5
"6226",404,1,1,1,2,2,1,7,7,5,3
"6227",404,1,0,1,2,2,0,3,7,4,1
"6228",404,1,1,1,2,2,1,6,7,7,1
"6229",404,1,0,1,2,2,0,6,8,4,10
"6230",404,1,0,0,2,2,0,5,7,4,2
"6231",405,1,0,0,1,4,0,6,10,2,8
"6232",405,1,0,1,1,4,0,5,10,5,3
"6233",405,1,0,0,1,4,0,7,10,5,6
"6234",405,1,0,0,1,4,0,NA,NA,NA,2
"6235",405,1,0,0,1,4,0,7,9,5,3
"6236",405,1,0,0,1,4,0,6,10,5,7
"6237",405,1,0,0,1,4,0,8,9,4,5
"6238",405,1,0,0,1,4,0,5,9,2,4
"6239",405,1,0,0,1,4,1,9,9,5,5
"6240",405,1,0,0,1,4,0,8,9,3,6
"6241",405,1,0,0,1,4,1,8,10,NA,9
"6242",405,1,0,0,1,4,0,3,10,5,0
"6243",405,1,0,0,1,4,1,7,10,5,2
"6244",405,1,0,0,1,4,1,7,10,5,4
"6245",405,1,0,0,1,4,0,5,10,5,8
"6246",405,1,0,0,1,4,0,6,10,5,6
"6247",405,1,0,0,1,4,0,5,10,6,3
"6248",405,1,0,0,1,4,0,NA,NA,NA,5
"6249",406,1,0,0,4,1,1,5,6,6,11
"6250",406,1,1,0,4,1,1,7,7,6,6
"6251",406,1,0,0,4,1,0,7,6,5,3
"6252",406,1,1,0,4,1,1,7,7,5,1
"6253",406,1,0,0,4,1,1,6,8,8,0
"6254",406,1,0,0,4,1,1,7,8,5,4
"6255",406,1,1,0,4,1,1,8,6,2,2
"6256",406,1,0,0,4,1,1,7,6,3,1
"6257",406,1,0,0,4,1,1,8,8,3,2
"6258",406,1,0,0,4,1,1,7,7,7,3
"6259",406,1,0,0,4,1,1,6,7,5,6
"6260",406,1,0,1,4,1,0,2,4,6,3
"6261",406,1,0,0,4,1,1,8,8,2,1
"6262",406,1,0,0,4,1,1,7,7,4,1
"6263",406,1,1,0,4,1,1,5,6,5,5
"6264",406,1,0,0,4,1,0,4,3,0,3
"6265",406,1,1,0,4,1,1,8,8,2,6
"6266",406,1,0,1,4,1,0,5,5,5,2
"6267",407,1,0,1,2,3,0,7,7,5,14
"6268",407,1,0,0,2,3,0,6,7,5,9
"6269",407,1,0,1,2,3,0,10,10,5,0
"6270",407,1,0,1,2,3,0,10,10,10,4
"6271",407,1,0,1,2,3,0,6,8,7,3
"6272",407,1,1,1,2,3,1,7,8,6,1
"6273",407,1,0,1,2,3,0,7,6,7,1
"6274",407,1,0,1,2,3,0,7,9,7,2
"6275",407,1,1,1,2,3,1,8,8,7,1
"6276",407,1,0,1,2,3,1,8,6,6,0
"6277",407,1,0,1,2,3,0,6,8,6,3
"6278",407,1,0,0,2,3,0,6,10,5,6
"6279",407,1,0,1,2,3,0,6,6,6,4
"6280",407,1,0,1,2,3,1,7,7,7,2
"6281",407,1,0,1,2,3,0,6,8,6,2
"6282",407,1,0,1,2,3,0,6,8,6,0
"6283",407,1,0,1,2,3,0,6,8,5,9
"6284",407,1,0,0,2,3,0,6,7,6,1
"6285",408,1,0,0,3,2,1,7,8,8,14
"6286",408,1,0,0,3,2,0,8,9,2,9
"6287",408,1,0,0,3,2,1,7,8,7,0
"6288",408,1,1,0,3,2,1,8,7,9,4
"6289",408,1,0,0,3,2,0,4,4,10,3
"6290",408,1,0,0,3,2,1,6,8,10,1
"6291",408,1,1,0,3,2,1,7,7,8,1
"6292",408,1,0,0,3,2,0,6,9,6,2
"6293",408,1,1,0,3,2,1,9,8,8,1
"6294",408,1,0,0,3,2,0,5,5,5,0
"6295",408,1,1,0,3,2,1,7,8,8,3
"6296",408,1,0,0,3,2,0,3,2.5,3,6
"6297",408,1,0,0,3,2,0,6,8,8,4
"6298",408,1,0,0,3,2,0,4,6,9,2
"6299",408,1,0,0,3,2,0,6,8,3,2
"6300",408,1,0,0,3,2,0,5,9,5,0
"6301",408,1,0,0,3,2,0,4,2,0,9
"6302",408,1,1,0,3,2,1,5,9,8,1
"6303",409,1,0,1,2,2,0,6,8,5,15
"6304",409,1,1,0,2,2,1,7,9,6,10
"6305",409,1,1,1,2,2,1,7,7,6,1
"6306",409,1,0,1,2,2,0,3,7,4,5
"6307",409,1,0,1,2,2,0,5,6,4,4
"6308",409,1,1,1,2,2,1,7,8,7,0
"6309",409,1,1,1,2,2,1,8,8,7,2
"6310",409,1,0,1,2,2,0,5,7,5,3
"6311",409,1,0,1,2,2,0,7,7,5,2
"6312",409,1,0,1,2,2,0,7,7,5,1
"6313",409,1,1,1,2,2,1,6,9,6,2
"6314",409,1,0,0,2,2,0,NA,NA,NA,7
"6315",409,1,0,1,2,2,0,7,8,6,5
"6316",409,1,0,1,2,2,0,6,8,6,3
"6317",409,1,0,1,2,2,0,4,8,5,1
"6318",409,1,0,1,2,2,0,6,9,5,1
"6319",409,1,0,1,2,2,0,7,7,6,10
"6320",409,1,0,0,2,2,0,7,7,6,2
"6321",410,1,0,1,2,1,1,7,10,6,11
"6322",410,1,0,0,2,1,0,6,10,5,6
"6323",410,1,0,1,2,1,0,4,5,5,3
"6324",410,1,0,1,2,1,0,7,6,5,1
"6325",410,1,0,1,2,1,0,6,4,4,0
"6326",410,1,0,1,2,1,0,5,4,5,4
"6327",410,1,1,1,2,1,1,9,5,8,2
"6328",410,1,0,1,2,1,0,5,4,5,1
"6329",410,1,0,1,2,1,0,7,5,5,2
"6330",410,1,0,1,2,1,0,5,3,1,3
"6331",410,1,1,1,2,1,1,7,8,8,6
"6332",410,1,0,0,2,1,0,2,3,10,3
"6333",410,1,1,1,2,1,1,7,8,3,1
"6334",410,1,0,1,2,1,0,5,5,5,1
"6335",410,1,0,1,2,1,0,5,8,6,5
"6336",410,1,0,1,2,1,0,5,7,5,3
"6337",410,1,0,1,2,1,0,4,8,1,6
"6338",410,1,0,0,2,1,0,3,3,4,2
"6339",411,1,0,1,2,3,0,7,9,7,4
"6340",411,1,0,0,2,3,0,7,10,4,1
"6341",411,1,0,1,2,3,0,6,6,4,10
"6342",411,1,0,1,2,3,1,7,7,7,6
"6343",411,1,0,1,2,3,1,7,6,5,7
"6344",411,1,0,1,2,3,0,8,7,7,11
"6345",411,1,0,1,2,3,0,8,7,8,9
"6346",411,1,0,1,2,3,0,5,8,7,8
"6347",411,1,1,1,2,3,1,10,8,6,9
"6348",411,1,0,1,2,3,0,8,6,4,10
"6349",411,1,0,1,2,3,1,10,9,7,13
"6350",411,1,0,0,2,3,0,4,7,8,4
"6351",411,1,0,1,2,3,0,6,8,6,6
"6352",411,1,0,1,2,3,0,5,8,8,8
"6353",411,1,0,1,2,3,0,5,7,8,12
"6354",411,1,0,1,2,3,0,6,8,7,10
"6355",411,1,0,1,2,3,0,8,10,4,1
"6356",411,1,0,0,2,3,0,4,8,7,9
"6357",412,1,0,1,2,1,0,7,9,6,11
"6358",412,1,0,0,2,1,1,8,8,6,6
"6359",412,1,0,1,2,1,1,7,8,5,3
"6360",412,1,0,1,2,1,0,6,8,5,1
"6361",412,1,1,1,2,1,1,8,9,7,0
"6362",412,1,1,1,2,1,1,8,8,8,4
"6363",412,1,0,1,2,1,0,7,8,6,2
"6364",412,1,1,1,2,1,1,8,8,7,1
"6365",412,1,1,1,2,1,1,9,7,8,2
"6366",412,1,0,1,2,1,0,7,5,7,3
"6367",412,1,0,1,2,1,1,8,9,4,6
"6368",412,1,0,0,2,1,0,7,7,7,3
"6369",412,1,0,1,2,1,1,8,8,8,1
"6370",412,1,0,1,2,1,1,8,8,8,1
"6371",412,1,0,1,2,1,0,5,9,7,5
"6372",412,1,0,1,2,1,0,7,6,6,3
"6373",412,1,0,1,2,1,0,7,8,5,6
"6374",412,1,0,0,2,1,0,6,8,7,2
"6375",413,1,0,1,2,1,0,7,7,5,12
"6376",413,1,0,0,2,1,0,5,6,5,7
"6377",413,1,0,1,2,1,0,6,6,3,2
"6378",413,1,0,1,2,1,0,7,6,4,2
"6379",413,1,0,1,2,1,0,7,6,7,1
"6380",413,1,0,1,2,1,0,8,7,7,3
"6381",413,1,0,1,2,1,0,8,7,7,1
"6382",413,1,0,1,2,1,0,6,8,7,0
"6383",413,1,0,1,2,1,0,9,7,7,1
"6384",413,1,0,1,2,1,0,7,6,5,2
"6385",413,1,1,1,2,1,1,9,6,7,5
"6386",413,1,0,0,2,1,0,5,7,6,4
"6387",413,1,0,1,2,1,0,7,7,5,2
"6388",413,1,0,1,2,1,0,7,7,6,0
"6389",413,1,0,1,2,1,0,6,6,7,4
"6390",413,1,0,1,2,1,0,6,7,5,2
"6391",413,1,0,1,2,1,0,6,6,5,7
"6392",413,1,0,0,2,1,0,6,6,5,1
"6393",414,1,0,1,2,6,1,10,9,NA,9
"6394",414,1,0,0,2,6,1,10,10,0,4
"6395",414,1,1,1,2,6,1,10,9,4,5
"6396",414,1,1,1,2,6,1,10,10,2,1
"6397",414,1,0,1,2,6,1,10,10,5,2
"6398",414,1,1,1,2,6,1,10,10,NA,6
"6399",414,1,1,1,2,6,1,10,10,5,4
"6400",414,1,0,1,2,6,1,10,10,5,3
"6401",414,1,1,1,2,6,1,10,10,5,4
"6402",414,1,0,1,2,6,1,10,10,5,5
"6403",414,1,0,1,2,6,1,10,10,5,8
"6404",414,1,1,0,2,6,1,6,5,0,1
"6405",414,1,0,1,2,6,1,8,7,2,1
"6406",414,1,0,1,2,6,1,10,10,5,3
"6407",414,1,1,1,2,6,1,10,10,4,7
"6408",414,1,0,1,2,6,1,7,6,2,5
"6409",414,1,0,1,2,6,1,7,8,1,4
"6410",414,1,1,0,2,6,1,8,8,1,4
"6411",415,1,0,1,2,1,1,5,5,5,7
"6412",415,1,0,0,2,1,1,5,5,5,2
"6413",415,1,0,1,2,1,1,5,5,5,7
"6414",415,1,0,1,2,1,1,5,5,5,3
"6415",415,1,0,1,2,1,1,5,5,5,4
"6416",415,1,0,1,2,1,1,5,5,5,8
"6417",415,1,0,1,2,1,1,5,5,5,6
"6418",415,1,0,1,2,1,1,5,5,5,5
"6419",415,1,0,1,2,1,1,5,5,5,6
"6420",415,1,0,1,2,1,1,5,5,5,7
"6421",415,1,0,1,2,1,1,5,5,5,10
"6422",415,1,1,0,2,1,1,5,5,5,1
"6423",415,1,0,1,2,1,1,5,5,5,3
"6424",415,1,0,1,2,1,1,5,5,5,5
"6425",415,1,0,1,2,1,1,5,5,5,9
"6426",415,1,0,1,2,1,1,5,5,5,7
"6427",415,1,0,1,2,1,1,5,5,5,2
"6428",415,1,0,0,2,1,1,5,5,5,6
"6429",416,0,1,0,3,6,1,6,6,5,1
"6430",416,0,1,0,3,6,1,7,7,5,5
"6431",416,0,1,0,3,6,1,6,8,5,1
"6432",416,0,0,0,3,6,0,3,7,5,3
"6433",416,0,1,0,3,6,1,5,7,5,1
"6434",416,0,0,0,3,6,0,5,6,5,3
"6435",416,0,1,0,3,6,1,5,8,5,2
"6436",416,0,1,0,3,6,1,7,6,5,2
"6437",417,0,1,1,2,1,1,6,7,7,3
"6438",417,0,0,1,2,1,0,6,7,6,1
"6439",417,0,0,0,2,1,1,4,9,6,5
"6440",417,0,0,1,2,1,0,3,8,5,1
"6441",417,0,0,1,2,1,0,3,4,3,5
"6442",417,0,0,1,2,1,0,4,7,5,1
"6443",417,0,0,0,2,1,1,7,8,8,2
"6444",417,0,0,1,2,1,0,8,7,5,2
"6445",418,0,0,0,4,6,0,7,8,5,1
"6446",418,0,0,0,4,6,0,6,7,5,5
"6447",418,0,0,1,4,6,0,7,7,7,1
"6448",418,0,0,0,4,6,0,5,7,6,3
"6449",418,0,0,0,4,6,0,4,6,4,1
"6450",418,0,0,0,4,6,0,4,6,5,3
"6451",418,0,0,1,4,6,0,6,9,6,2
"6452",418,0,0,0,4,6,0,8,7,5,2
"6453",419,0,1,1,2,4,1,4,6,8,2
"6454",419,0,0,1,2,4,0,6,6,2,2
"6455",419,0,0,0,2,4,0,2,7,8,4
"6456",419,0,0,1,2,4,0,3.5,7.5,8,0
"6457",419,0,0,1,2,4,0,1,7,1,4
"6458",419,0,0,1,2,4,1,8,8,8,0
"6459",419,0,0,0,2,4,1,5,8,8,1
"6460",419,0,0,1,2,4,1,4,6,8,1
"6461",420,0,1,1,2,5,1,10,10,8,4
"6462",420,0,0,1,2,5,0,5,8,6,8
"6463",420,0,1,0,2,5,1,8,9,7,2
"6464",420,0,0,1,2,5,0,4,7,7,6
"6465",420,0,0,1,2,5,0,6,9,6,2
"6466",420,0,0,1,2,5,0,7,7,3,6
"6467",420,0,0,0,2,5,0,6,8,4,5
"6468",420,0,0,1,2,5,0,7,7,8,5
"6469",421,0,0,0,4,1,1,6,8,6,1
"6470",421,0,1,0,4,1,1,7,9,6,5
"6471",421,0,0,1,4,1,0,4,7,5,1
"6472",421,0,0,0,4,1,0,2,8,5,3
"6473",421,0,0,0,4,1,0,2,7,2,1
"6474",421,0,0,0,4,1,0,6,8,5,3
"6475",421,0,1,1,4,1,1,7,9,8,2
"6476",421,0,0,0,4,1,1,7,8,6,2
"6477",422,1,1,0,2,2,1,9,9,9,1
"6478",422,1,1,1,2,2,1,8,8,9,3
"6479",422,1,0,0,2,2,1,8,9,8,1
"6480",422,1,1,1,2,2,1,8,9,8,2
"6481",422,1,1,1,2,2,1,9,9,8,4
"6482",422,1,0,0,2,2,0,9,8,7,1
"6483",423,1,1,0,2,2,1,6,7,7,5
"6484",423,1,0,1,2,2,0,6,6,5,1
"6485",423,1,0,0,2,2,0,7,8,7,5
"6486",423,1,0,1,2,2,0,7,8,4,2
"6487",423,1,0,1,2,2,1,7,7,6,8
"6488",423,1,1,0,2,2,1,7,6,7,5
"6489",424,1,1,0,4,2,1,9,7,7,1
"6490",424,1,0,0,4,2,0,6,8,7,5
"6491",424,1,0,1,4,2,1,7,8,6,1
"6492",424,1,0,0,4,2,0,6,8,6,4
"6493",424,1,1,0,4,2,1,7,7,6,2
"6494",424,1,0,1,4,2,1,8,7,6,1
"6495",425,1,0,0,2,2,1,5,9,6,3
"6496",425,1,0,1,2,2,0,5,8,5,1
"6497",425,1,0,0,2,2,1,8,9,5.5,3
"6498",425,1,0,1,2,2,0,7,9,3,0
"6499",425,1,0,1,2,2,1,7,8,4,6
"6500",425,1,0,0,2,2,1,8,8,6,3
"6501",426,1,1,0,2,2,1,8,5,7,1
"6502",426,1,0,1,2,2,0,3,5,6,5
"6503",426,1,0,0,2,2,0,4,6,4,1
"6504",426,1,0,1,2,2,0,6,6,4,4
"6505",426,1,0,1,2,2,1,9,8,9,2
"6506",426,1,0,0,2,2,0,4,4,2,1
"6507",427,1,0,0,2,1,0,5,8,6,3
"6508",427,1,0,1,2,1,0,4,8,5,1
"6509",427,1,0,0,2,1,0,6,9,7,3
"6510",427,1,0,1,2,1,0,6,9,8,0
"6511",427,1,0,1,2,1,0,6,9,7,6
"6512",427,1,0,0,2,1,0,5,8,4,3
"6513",428,1,1,0,4,3,1,8,8,5,2
"6514",428,1,0,0,4,3,0,5,7,7,2
"6515",428,1,0,1,4,3,1,7,7,6,2
"6516",428,1,0,0,4,3,0,4,8,5,1
"6517",428,1,0,0,4,3,1,8,6,5,5
"6518",428,1,1,1,4,3,1,8,6,5,2
"6519",429,1,1,0,2,2,1,8,8,6,2
"6520",429,1,0,1,2,2,0,5,9,6,2
"6521",429,1,0,0,2,2,1,7,9,6,2
"6522",429,1,0,1,2,2,0,NA,NA,NA,1
"6523",429,1,0,1,2,2,1,7,9,7,5
"6524",429,1,0,0,2,2,0,6,9,6,2
"6525",430,0,0,0,4,1,0,8,9,2,1
"6526",430,0,0,0,4,1,0,5,9,2,2
"6527",430,0,0,0,4,1,0,5,8,1,3
"6528",430,0,0,0,4,1,0,5,8,2,5
"6529",430,0,0,0,4,1,0,7,8,1,4
"6530",430,0,0,0,4,1,0,5,8,1,8
"6531",430,0,0,0,4,1,0,5,9,2,6
"6532",430,0,0,1,4,1,0,5,8,3,4
"6533",430,0,0,0,4,1,0,6,8,2,0
"6534",430,0,0,0,4,1,0,5,9,2,1
"6535",430,0,0,0,4,1,0,5,8,3,3
"6536",430,0,0,1,4,1,0,2,9,2,8
"6537",430,0,0,1,4,1,0,4,9,3,7
"6538",430,0,0,1,4,1,0,4,9,2,5
"6539",431,0,0,0,4,2,0,7,9,5,6
"6540",431,0,0,0,4,2,0,8,8,4,3
"6541",431,0,1,0,4,2,1,8,8,6,2
"6542",431,0,0,0,4,2,0,6,9,3,0
"6543",431,0,0,0,4,2,1,8,8,4,1
"6544",431,0,0,0,4,2,0,5,4,1,3
"6545",431,0,0,0,4,2,0,7,9,5,1
"6546",431,0,0,1,4,2,0,8,8,4,1
"6547",431,0,1,0,4,2,1,9,9,4,5
"6548",431,0,0,0,4,2,0,8,7,2,4
"6549",431,0,0,0,4,2,0,7,8,4,2
"6550",431,0,0,1,4,2,0,5,7,3,3
"6551",431,0,0,1,4,2,0,7,8,5,2
"6552",431,0,0,1,4,2,0,3,7,2,0
"6553",432,0,0,1,2,4,1,9,10,9,7
"6554",432,0,0,1,2,4,1,4,9,8,4
"6555",432,0,1,1,2,4,1,7,10,10,3
"6556",432,0,0,0,2,4,1,8,9,9,1
"6557",432,0,0,1,2,4,1,10,10,9,2
"6558",432,0,1,1,2,4,1,8,8,8,2
"6559",432,0,1,0,2,4,1,3,9,10,0
"6560",432,0,0,0,2,4,1,7,10,10,2
"6561",432,0,0,1,2,4,1,8,8,3,6
"6562",432,0,0,0,2,4,1,8,9,9,5
"6563",432,0,1,1,2,4,1,5,10,10,3
"6564",432,0,0,0,2,4,0,2,9,10,2
"6565",432,0,1,0,2,4,1,5,10,9,1
"6566",432,0,1,0,2,4,1,3,10,10,1
"6567",433,0,0,0,6,2,0,8,7,5,9
"6568",433,0,0,0,6,2,0,6,4,3,6
"6569",433,0,1,0,6,2,1,7,7,5,5
"6570",433,0,0,0,6,2,1,7,6,7,3
"6571",433,0,0,0,6,2,0,8,6,5,4
"6572",433,0,0,0,6,2,0,7,7,6,0
"6573",433,0,1,0,6,2,1,9,8,6,2
"6574",433,0,0,0,6,2,0,7,7,6,4
"6575",433,0,0,0,6,2,0,6,5,3,8
"6576",433,0,0,1,6,2,0,7,7,3,7
"6577",433,0,0,0,6,2,0,4,6,5,5
"6578",433,0,0,0,6,2,0,1,5,3,0
"6579",433,0,0,0,6,2,0,1,5,2,1
"6580",433,0,0,0,6,2,0,2,7,5,3
"6581",434,0,0,1,2,1,0,8,6,8,6
"6582",434,0,0,1,2,1,0,7,6,7,3
"6583",434,0,0,1,2,1,0,7,7,8,2
"6584",434,0,0,0,2,1,0,6,8,8,0
"6585",434,0,0,1,2,1,0,9,7,6,1
"6586",434,0,0,1,2,1,0,7,7,8,3
"6587",434,0,0,0,2,1,0,7,5,8,1
"6588",434,0,1,0,2,1,1,10,10,10,1
"6589",434,0,0,1,2,1,0,7,6,5,5
"6590",434,0,0,0,2,1,0,8,8,8,4
"6591",434,0,0,1,2,1,0,5,5,1,2
"6592",434,0,0,0,2,1,0,2,6,7,3
"6593",434,0,0,0,2,1,0,4,8,9,2
"6594",434,0,0,0,2,1,0,4,7,7,0
"6595",435,0,0,0,1,1,1,10,10,9,1
"6596",435,0,1,0,1,1,1,8,7,8,2
"6597",435,0,0,0,1,1,0,6,8,5,3
"6598",435,0,0,0,1,1,0,7,9,6,5
"6599",435,0,0,0,1,1,1,8,8,4,4
"6600",435,0,0,0,1,1,0,4,8,1,8
"6601",435,0,0,0,1,1,0,4,4,4,6
"6602",435,0,0,0,1,1,0,6,9,5,4
"6603",435,0,1,0,1,1,1,9,10,9,0
"6604",435,0,1,0,1,1,1,7,8,8,1
"6605",435,0,0,0,1,1,1,7,10,7,3
"6606",435,0,0,0,1,1,0,1,8,1,8
"6607",435,0,0,0,1,1,0,1,5,1,7
"6608",435,0,0,0,1,1,0,2,NA,1,5
"6609",436,0,0,1,2,1,1,10,10,10,2
"6610",436,0,0,1,2,1,1,10,10,10,1
"6611",436,0,0,1,2,1,0,7,8,10,2
"6612",436,0,0,0,2,1,0,7,9,10,4
"6613",436,0,0,1,2,1,0,10,9,10,3
"6614",436,0,0,1,2,1,0,8,9,10,7
"6615",436,0,0,0,2,1,0,7,9,10,5
"6616",436,0,0,0,2,1,0,7,9,10,3
"6617",436,0,1,1,2,1,1,10,10,10,1
"6618",436,0,1,0,2,1,1,10,10,10,0
"6619",436,0,0,1,2,1,0,7,8,10,2
"6620",436,0,0,0,2,1,0,7,9,10,7
"6621",436,0,0,0,2,1,0,7,10,10,6
"6622",436,0,0,0,2,1,0,7,8,10,4
"6623",437,0,0,1,2,1,1,10,10,6,2
"6624",437,0,1,1,2,1,1,7,9,NA,1
"6625",437,0,1,1,2,1,1,7,10,4,2
"6626",437,0,0,0,2,1,0,7,10,5,4
"6627",437,0,0,1,2,1,1,8,9,5,3
"6628",437,0,0,1,2,1,1,7,8,5,7
"6629",437,0,0,0,2,1,1,6,9,5,5
"6630",437,0,0,0,2,1,1,8,10,5,3
"6631",437,0,1,1,2,1,1,7,9,6,1
"6632",437,0,0,0,2,1,0,9,8,5,0
"6633",437,0,0,1,2,1,0,7,9,4,2
"6634",437,0,0,0,2,1,0,6,10,2,7
"6635",437,0,0,0,2,1,0,7,9,5,6
"6636",437,0,0,0,2,1,0,6,10,4,4
"6637",438,0,0,1,2,1,1,6,8,6,2
"6638",438,0,0,1,2,1,0,5,5,7,1
"6639",438,0,0,1,2,1,0,4,6,5,2
"6640",438,0,0,0,2,1,0,4,6,6,4
"6641",438,0,0,1,2,1,0,8,6,5,3
"6642",438,0,0,1,2,1,1,7,10,6,7
"6643",438,0,1,0,2,1,1,6,7,5,5
"6644",438,0,0,0,2,1,0,6,4,4,3
"6645",438,0,0,1,2,1,0,8,4,5,1
"6646",438,0,0,0,2,1,0,7,8,5,0
"6647",438,0,1,1,2,1,1,4,8,5,2
"6648",438,0,0,0,2,1,0,2,10,5,7
"6649",438,0,0,0,2,1,0,2,8,7,6
"6650",438,0,0,0,2,1,0,3,10,3,4
"6651",439,0,0,1,2,2,0,8,9,7,8
"6652",439,0,0,1,2,2,1,6,7,8,5
"6653",439,0,0,1,2,2,0,3,9,7,4
"6654",439,0,0,0,2,2,0,6,9,5,2
"6655",439,0,0,1,2,2,1,8,8,8,3
"6656",439,0,1,1,2,2,1,7,7,7,1
"6657",439,0,1,0,2,2,1,7,9,8,1
"6658",439,0,0,0,2,2,0,7,9,5,3
"6659",439,0,1,1,2,2,1,9,10,5,7
"6660",439,0,0,0,2,2,0,8,9,5,6
"6661",439,0,0,1,2,2,0,5,10,1,4
"6662",439,0,0,0,2,2,0,0,10,9,1
"6663",439,0,0,0,2,2,0,4,10,10,0
"6664",439,0,0,0,2,2,0,3,10,5,2
"6665",440,1,0,0,2,1,0,5,7,8,1
"6666",440,1,0,0,2,1,0,4,7,5,6
"6667",440,1,0,1,2,1,0,7,8,4,7
"6668",440,1,0,0,2,1,0,6,8,5,9
"6669",440,1,0,1,2,1,0,7,8,5,6
"6670",440,1,0,0,2,1,0,10,3,10,1
"6671",440,1,0,1,2,1,0,10,10,10,2
"6672",440,1,0,1,2,1,0,5,8,7,2
"6673",440,1,0,1,2,1,0,6,8,9,2
"6674",440,1,0,1,2,1,0,8,8,3,8
"6675",441,1,0,0,2,2,1,7,9,5,2
"6676",441,1,0,0,2,2,1,8,8,4,3
"6677",441,1,0,1,2,2,0,7,10,6,4
"6678",441,1,0,0,2,2,0,6,9,5,6
"6679",441,1,0,1,2,2,1,7,8,7,3
"6680",441,1,1,0,2,2,1,7,7,7,2
"6681",441,1,0,1,2,2,0,9,9,7,1
"6682",441,1,1,1,2,2,1,8,8,7,1
"6683",441,1,0,1,2,2,1,9,10,8,1
"6684",441,1,0,1,2,2,0,9,9,4,5
"6685",442,1,0,0,2,4,1,5,3,8,3
"6686",442,1,1,0,2,4,1,6,5,4,2
"6687",442,1,1,1,2,4,1,8,7,7,3
"6688",442,1,1,0,2,4,1,4,4,3,5
"6689",442,1,0,1,2,4,1,6,5,4,2
"6690",442,1,0,0,2,4,1,6,5,3,3
"6691",442,1,0,1,2,4,1,8,5,3,2
"6692",442,1,1,1,2,4,1,7,5,4,2
"6693",442,1,0,1,2,4,1,7,5,3,2
"6694",442,1,0,1,2,4,1,9,7,4,4
"6695",443,1,0,0,3,2,1,6,7,5,5
"6696",443,1,0,0,3,2,0,5,6,3,0
"6697",443,1,0,0,3,2,0,7,6,7,1
"6698",443,1,0,0,3,2,0,5,7,6,3
"6699",443,1,0,0,3,2,1,8,8,7,0
"6700",443,1,0,0,3,2,0,4,5,5,5
"6701",443,1,0,0,3,2,1,7,7,5,4
"6702",443,1,0,0,3,2,0,9,6,7,4
"6703",443,1,0,0,3,2,1,7,7,8,4
"6704",443,1,0,0,3,2,0,8,8,4,2
"6705",444,1,0,0,2,2,0,3,7,5,4
"6706",444,1,0,0,2,2,0,6,7,3,1
"6707",444,1,0,1,2,2,0,7,8,5,2
"6708",444,1,0,0,2,2,0,5,6,7,4
"6709",444,1,0,1,2,2,0,7,7,4,1
"6710",444,1,0,0,2,2,0,3,5,2,4
"6711",444,1,0,1,2,2,0,6,5,1,3
"6712",444,1,0,1,2,2,0,5,5,2,3
"6713",444,1,0,1,2,2,0,7,7,6,3
"6714",444,1,0,1,2,2,0,6,7,5,3
"6715",445,1,0,0,2,2,0,6,3,4,8
"6716",445,1,0,0,2,2,0,7,8,3,3
"6717",445,1,1,1,2,2,1,6,8,6,2
"6718",445,1,0,0,2,2,1,6,9,5,0
"6719",445,1,0,1,2,2,0,5,7,6,3
"6720",445,1,0,0,2,2,0,5,7,6,8
"6721",445,1,0,1,2,2,1,7,4,4,7
"6722",445,1,0,1,2,2,0,7,7,8,7
"6723",445,1,0,1,2,2,0,5,9,7,7
"6724",445,1,1,1,2,2,1,9,6,6,1
"6725",446,1,0,0,3,1,1,7,8,6,6
"6726",446,1,0,0,3,1,1,7,8,6,1
"6727",446,1,1,0,3,1,1,8,8,4,0
"6728",446,1,1,0,3,1,1,5,7,3,2
"6729",446,1,0,0,3,1,1,8,9,5,1
"6730",446,1,0,0,3,1,0,5,8,4,6
"6731",446,1,0,0,3,1,1,7,7,4,5
"6732",446,1,0,0,3,1,0,5,8,5,5
"6733",446,1,1,0,3,1,1,8,7,5,5
"6734",446,1,1,0,3,1,1,9,8,4,1
"6735",447,1,0,1,4,1,0,5,7,4,4
"6736",447,1,0,1,4,1,0,2,4,1,1
"6737",447,1,0,0,4,1,0,6,7,8,2
"6738",447,1,0,0,4,1,0,5,6,4,4
"6739",447,1,1,0,4,1,1,9,8,7,1
"6740",447,1,0,0,4,1,0,6,8,4,4
"6741",447,1,0,0,4,1,0,7,6,3,3
"6742",447,1,0,0,4,1,0,6,6,4,3
"6743",447,1,0,0,4,1,0,5,6,5,3
"6744",447,1,0,0,4,1,0,4,6,3,3
"6745",448,1,0,0,2,1,1,8,8,7,0
"6746",448,1,1,0,2,1,1,5,8,3,5
"6747",448,1,0,1,2,1,0,4,7,7,6
"6748",448,1,0,0,2,1,0,3,5,5,8
"6749",448,1,0,1,2,1,1,7,7,5,5
"6750",448,1,1,0,2,1,1,5,8,6,0
"6751",448,1,1,1,2,1,1,8,7,8,1
"6752",448,1,1,1,2,1,1,5,5,4,1
"6753",448,1,0,1,2,1,1,6,NA,4,1
"6754",448,1,1,1,2,1,1,8,7,7,7
"6755",449,1,0,0,6,1,1,10,8,1,1
"6756",449,1,0,0,6,1,0,4,6,5,4
"6757",449,1,0,0,6,1,0,7,9,8,5
"6758",449,1,0,1,6,1,1,4,8,8,7
"6759",449,1,0,0,6,1,1,9,7,6,4
"6760",449,1,1,0,6,1,1,10,10,10,1
"6761",449,1,1,0,6,1,1,10,10,10,0
"6762",449,1,0,0,6,1,0,5,9,6,0
"6763",449,1,0,0,6,1,1,7,8,8,0
"6764",449,1,0,0,6,1,1,7,7,8,6
"6765",450,1,0,0,2,2,1,7,7,7,3
"6766",450,1,0,0,2,2,0,7,6,3,2
"6767",450,1,1,1,2,2,1,6,9,5,3
"6768",450,1,0,0,2,2,0,8,10,6,5
"6769",450,1,0,1,2,2,1,9,8,3,2
"6770",450,1,0,0,2,2,0,6,8,3,3
"6771",450,1,0,1,2,2,0,6,9,5,2
"6772",450,1,0,1,2,2,0,6,7,5,2
"6773",450,1,1,1,2,2,1,6,7,6,2
"6774",450,1,0,1,2,2,1,8,7,6,4
"6775",451,1,0,1,4,2,1,6,5,5,8
"6776",451,1,0,1,4,2,1,6,5,4,3
"6777",451,1,0,0,4,2,1,7,6,3,2
"6778",451,1,0,0,4,2,1,6,5,4,0
"6779",451,1,0,0,4,2,1,5,5,3,3
"6780",451,1,0,0,4,2,0,5,3,3,8
"6781",451,1,0,0,4,2,0,5,5,2,7
"6782",451,1,0,0,4,2,1,5,4,3,7
"6783",451,1,0,0,4,2,1,6,5,4,7
"6784",451,1,0,0,4,2,1,6,5,4,1
"6785",452,1,0,1,4,1,1,6,7,8,7
"6786",452,1,0,1,4,1,1,8,7,7,2
"6787",452,1,1,0,4,1,1,7,7,6,1
"6788",452,1,0,0,4,1,0,3,6,5,1
"6789",452,1,0,0,4,1,1,7,7,7,2
"6790",452,1,0,0,4,1,0,3,6,3,7
"6791",452,1,0,0,4,1,1,7,8,7,6
"6792",452,1,0,0,4,1,0,5,5,5,6
"6793",452,1,0,0,4,1,1,6,5,5,6
"6794",452,1,0,0,4,1,1,8,7,6,0
"6795",453,1,0,1,4,2,0,5,5,5,5
"6796",453,1,0,1,4,2,1,6,5,6,0
"6797",453,1,1,0,4,2,1,5,5,5,1
"6798",453,1,0,0,4,2,1,6,5,5,3
"6799",453,1,0,0,4,2,1,6,5,4,0
"6800",453,1,0,0,4,2,0,4,4,3,5
"6801",453,1,0,0,4,2,0,5,6,4,4
"6802",453,1,0,0,4,2,0,5,6,4,4
"6803",453,1,0,0,4,2,1,6,6,4,4
"6804",453,1,0,0,4,2,1,5,5,4,2
"6805",454,0,0,1,2,2,1,9,9,7,6
"6806",454,0,0,0,2,2,0,7,7,5,0
"6807",454,0,0,0,2,2,0,7,8,5,6
"6808",454,0,0,0,2,2,0,7,9,7,4
"6809",454,0,0,0,2,2,1,8,9,7,6
"6810",454,0,0,1,2,2,0,7,7,5,4
"6811",455,0,0,0,4,1,1,7,8,6,9
"6812",455,0,0,0,4,1,0,5,7,5,3
"6813",455,0,0,1,4,1,0,4,7,4,9
"6814",455,0,0,1,4,1,1,5,8,5,1
"6815",455,0,0,1,4,1,1,7,8,7,9
"6816",455,0,0,0,4,1,0,5,8,3,1
"6817",456,0,1,0,4,2,1,8,7,5,4
"6818",456,0,0,0,4,2,0,4,6,5,2
"6819",456,0,0,1,4,2,0,4,6,5,4
"6820",456,0,0,1,4,2,0,6,8,5,6
"6821",456,0,0,1,4,2,0,6,7,5,4
"6822",456,0,0,0,4,2,0,4,5,4,6
"6823",457,0,0,0,4,6,1,8,8,1,22
"6824",457,0,0,0,4,6,0,5,7,1,28
"6825",457,0,0,1,4,6,0,4,9,1,22
"6826",457,0,0,1,4,6,1,6,8,1,32
"6827",457,0,0,1,4,6,1,8,8,1,22
"6828",457,0,0,0,4,6,1,7,5,1,32
"6829",458,0,0,0,4,1,1,5,8,5,4
"6830",458,0,0,0,4,1,1,5,10,7,2
"6831",458,0,1,1,4,1,1,4,6,8,4
"6832",458,0,0,1,4,1,1,6,9,8,6
"6833",458,0,1,1,4,1,1,8,9,10,4
"6834",458,0,0,0,4,1,0,5,3,3,6
"6835",459,0,0,0,4,1,0,5,8,2,7
"6836",459,0,0,0,4,1,0,1,5,1,1
"6837",459,0,0,1,4,1,0,2,5,1,7
"6838",459,0,0,1,4,1,0,5,8,1,3
"6839",459,0,0,1,4,1,0,5,8,1,7
"6840",459,0,0,0,4,1,0,3,5,1,3
"6841",460,1,0,1,2,1,0,5,8,10,6
"6842",460,1,0,0,2,1,0,8,10,10,9
"6843",460,1,1,0,2,1,1,9,8,7,4
"6844",460,1,0,0,2,1,0,8,8,6,22
"6845",460,1,0,0,2,1,0,7,9,4,4
"6846",460,1,0,0,2,1,0,8,8,5,7
"6847",461,1,0,0,6,1,1,6,6,6,0
"6848",461,1,0,0,6,1,0,5,7,6,3
"6849",461,1,0,0,6,1,1,7,6,7,2
"6850",461,1,0,0,6,1,0,6,6,6,28
"6851",461,1,0,0,6,1,0,6,6,6,2
"6852",461,1,0,0,6,1,1,7,6,7,1
"6853",462,1,0,0,4,4,1,6,7,5,6
"6854",462,1,0,1,4,4,0,6,7,5,9
"6855",462,1,0,1,4,4,1,8,8,4,4
"6856",462,1,0,1,4,4,1,6,6,6,22
"6857",462,1,1,1,4,4,1,8,7,4,4
"6858",462,1,0,1,4,4,1,8,7,4,7
"6859",463,1,0,0,4,2,0,4,4,NA,4
"6860",463,1,0,1,4,2,0,4,6,NA,1
"6861",463,1,0,1,4,2,1,5,6,3,6
"6862",463,1,0,1,4,2,0,4,5,NA,32
"6863",463,1,0,1,4,2,0,6,7,NA,6
"6864",463,1,0,1,4,2,0,5,7,NA,3
"6865",464,1,0,0,4,1,0,8,8,7,6
"6866",464,1,0,1,4,1,0,6,8,5,9
"6867",464,1,0,1,4,1,1,8,6,5,4
"6868",464,1,0,1,4,1,0,5,9,1,22
"6869",464,1,1,1,4,1,1,5,7,5,4
"6870",464,1,0,1,4,1,1,7,7,5,7
"6871",465,1,0,1,2,6,1,6,NA,5,4
"6872",465,1,0,0,2,6,1,4,NA,7,1
"6873",465,1,0,0,2,6,1,8,NA,4,6
"6874",465,1,0,0,2,6,0,5,NA,6,32
"6875",465,1,0,0,2,6,0,5,NA,3,6
"6876",465,1,0,0,2,6,1,8,NA,3,3
"6877",466,0,0,1,2,6,0,5,5.5,5,1
"6878",466,0,0,1,2,6,0,2,4,3,6
"6879",466,0,0,1,2,6,0,2,2,2,4
"6880",466,0,0,0,2,6,0,2,7,2,7
"6881",466,0,0,0,2,6,0,0,0,0,5
"6882",466,0,0,0,2,6,0,3,NA,5,8
"6883",466,0,0,0,2,6,0,1,5,1,0
"6884",466,0,0,0,2,6,0,2,7,5,5
"6885",466,0,0,1,2,6,0,5,6,4,4
"6886",466,0,0,1,2,6,0,0,6,5,5
"6887",466,0,0,0,2,6,0,5,5,2,5
"6888",466,0,0,0,2,6,0,7,8,5,6
"6889",466,0,0,0,2,6,0,6,8,NA,4
"6890",466,0,0,1,2,6,0,4,7,6,6
"6891",466,0,0,0,2,6,0,5,3,7,8
"6892",467,0,1,1,2,6,1,8,10,4,1
"6893",467,0,1,1,2,6,1,8,10,4,6
"6894",467,0,0,1,2,6,0,8,9,5,4
"6895",467,0,0,0,2,6,0,6,8,3,7
"6896",467,0,0,0,2,6,0,7,10,5,5
"6897",467,0,0,0,2,6,1,7,10,4,8
"6898",467,0,0,0,2,6,1,6,10,4,0
"6899",467,0,0,0,2,6,0,6,8,4,5
"6900",467,0,1,1,2,6,1,9,9,5,4
"6901",467,0,1,1,2,6,1,8,10,5,5
"6902",467,0,1,0,2,6,1,9,10,5,5
"6903",467,0,1,0,2,6,1,8,10,5,6
"6904",467,0,0,0,2,6,1,9,8,5,4
"6905",467,0,0,1,2,6,1,8,10,5,6
"6906",467,0,1,0,2,6,1,7,9,5,8
"6907",468,0,0,0,6,1,0,5,6,2,2
"6908",468,0,1,0,6,1,1,5,8,8,5
"6909",468,0,0,0,6,1,1,6,6,5,3
"6910",468,0,0,0,6,1,0,5,8,5,6
"6911",468,0,0,0,6,1,0,5,7,7,4
"6912",468,0,0,0,6,1,0,6,8,5,7
"6913",468,0,0,0,6,1,0,4,7,5,1
"6914",468,0,0,0,6,1,0,4,8,7,4
"6915",468,0,0,0,6,1,0,8,7,7,3
"6916",468,0,0,0,6,1,0,3,8,7,4
"6917",468,0,0,0,6,1,0,8,7,5,4
"6918",468,0,1,1,6,1,1,9,8,6,5
"6919",468,0,0,0,6,1,1,8,7,6,5
"6920",468,0,1,0,6,1,1,5,7,6,5
"6921",468,0,0,1,6,1,0,4,7,6,7
"6922",469,0,0,0,4,2,0,8,7,4,2
"6923",469,0,0,0,4,2,0,2,6,3,5
"6924",469,0,0,0,4,2,0,8,6,7,3
"6925",469,0,0,1,4,2,0,4,6,5,6
"6926",469,0,1,0,4,2,1,6,8,7,4
"6927",469,0,0,0,4,2,0,7,7,6,7
"6928",469,0,0,1,4,2,0,3,8,6,1
"6929",469,0,0,1,4,2,1,4,6,7,4
"6930",469,0,1,0,4,2,1,7,5,9,3
"6931",469,0,0,0,4,2,0,3,6,5,4
"6932",469,0,1,0,4,2,1,8,8,5,4
"6933",469,0,1,0,4,2,1,9,8,8,5
"6934",469,0,1,1,4,2,1,9,7,8,5
"6935",469,0,0,0,4,2,0,4,8,6,5
"6936",469,0,0,0,4,2,0,4,8,2,7
"6937",470,0,0,0,4,1,0,3,5,3,6
"6938",470,0,1,0,4,1,1,2,9,6,1
"6939",470,0,0,0,4,1,0,4,5,4,1
"6940",470,0,0,1,4,1,0,3,8,4,2
"6941",470,0,0,0,4,1,0,3,5,4,0
"6942",470,0,0,0,4,1,1,2,9,7,3
"6943",470,0,0,1,4,1,0,2,7,3,5
"6944",470,0,1,1,4,1,1,5,5,7,0
"6945",470,0,1,0,4,1,1,7,5,5,1
"6946",470,0,0,0,4,1,0,2,6,2,0
"6947",470,0,1,0,4,1,1,7,8,5,0
"6948",470,0,0,0,4,1,0,3,4,4,1
"6949",470,0,0,1,4,1,0,3,2,3,9
"6950",470,0,0,0,4,1,0,3,4,3,1
"6951",470,0,1,0,4,1,1,4,6,5,3
"6952",471,0,0,0,4,2,0,4,4,2,7
"6953",471,0,0,0,4,2,0,5,7,3,0
"6954",471,0,0,0,4,2,0,5,5,4,2
"6955",471,0,0,1,4,2,0,3,6,2,1
"6956",471,0,0,0,4,2,0,4,4,2,1
"6957",471,0,0,0,4,2,0,6,5,2,2
"6958",471,0,0,1,4,2,0,4,8,3,6
"6959",471,0,0,1,4,2,0,4,4,1,1
"6960",471,0,1,0,4,2,1,7,7,7,2
"6961",471,0,0,0,4,2,0,4,6,2,1
"6962",471,0,0,0,4,2,1,8,7,6,1
"6963",471,0,0,0,4,2,0,6,7,2,0
"6964",471,0,0,1,4,2,0,6,6,5,10
"6965",471,0,0,0,4,2,0,6,8,4,0
"6966",471,0,0,0,4,2,0,5,5,1,2
"6967",472,0,0,0,3,2,1,8,7,8,2
"6968",472,0,1,0,3,2,1,5,7,10,5
"6969",472,0,0,0,3,2,0,3,6,9,3
"6970",472,0,0,0,3,2,0,2,10,10,6
"6971",472,0,0,0,3,2,0,2,5,5,4
"6972",472,0,0,1,3,2,0,3,6,10,7
"6973",472,0,0,0,3,2,0,1,7,6,1
"6974",472,0,0,0,3,2,0,2,3,8,4
"6975",472,0,0,0,3,2,0,7,5,7,3
"6976",472,0,0,0,3,2,0,2,4,8,4
"6977",472,0,0,1,3,2,1,5,9,8,4
"6978",472,0,1,0,3,2,1,10,10,10,5
"6979",472,0,0,0,3,2,1,6,8,7,5
"6980",472,0,0,0,3,2,1,7,8,6,5
"6981",472,0,0,0,3,2,0,3,6,9,7
"6982",473,0,0,0,4,2,0,10,8,5,11
"6983",473,0,0,0,4,2,1,10,8,8,4
"6984",473,0,0,0,4,2,0,10,8,5,6
"6985",473,0,1,1,4,2,1,8,10,7,3
"6986",473,0,0,0,4,2,0,8,9,5,5
"6987",473,0,0,0,4,2,1,8,9,6,2
"6988",473,0,0,1,4,2,0,8,10,5,10
"6989",473,0,0,1,4,2,1,8,8,7,5
"6990",473,0,0,0,4,2,1,9,9,7,6
"6991",473,0,0,0,4,2,1,8,10,6,5
"6992",473,0,0,0,4,2,1,9,9,7,5
"6993",473,0,0,0,4,2,1,8,10,7,4
"6994",473,0,0,1,4,2,1,7,8,7,14
"6995",473,0,0,0,4,2,1,10,10,8,4
"6996",473,0,0,0,4,2,1,8,10,6,2
"6997",474,0,0,0,1,1,0,8,8,8,7
"6998",474,0,0,0,1,1,0,7,8,7,0
"6999",474,0,0,0,1,1,1,9,9,8,2
"7000",474,0,0,0,1,1,0,4,9,5,1
"7001",474,0,0,1,1,1,0,4,8,10,1
"7002",474,0,1,0,1,1,1,7,9,8,2
"7003",474,0,0,0,1,1,0,4,9,5,6
"7004",474,0,0,0,1,1,0,5,9,10,1
"7005",474,0,1,0,1,1,1,10,9,10,2
"7006",474,0,0,0,1,1,0,4,9,5,1
"7007",474,0,0,0,1,1,1,9,8,NA,1
"7008",474,0,1,0,1,1,1,8,7,10,0
"7009",474,0,0,0,1,1,0,9,8,10,10
"7010",474,0,1,0,1,1,1,9,9,9,0
"7011",474,0,0,0,1,1,0,9,8,9,2
"7012",475,0,0,0,3,1,0,6,7,7,4
"7013",475,0,0,0,3,1,1,4,7,7,3
"7014",475,0,0,0,3,1,1,6,8,5,1
"7015",475,0,0,0,3,1,0,4,7,5,4
"7016",475,0,0,0,3,1,0,4,4,3,2
"7017",475,0,0,1,3,1,1,5,7,5,5
"7018",475,0,0,0,3,1,0,3,7,5,3
"7019",475,0,0,0,3,1,0,4,6,6,2
"7020",475,0,1,0,3,1,1,7,6,5,1
"7021",475,0,0,0,3,1,0,3,4,4,2
"7022",475,0,0,1,3,1,1,8,7,5,2
"7023",475,0,1,0,3,1,1,6,5,5,3
"7024",475,0,0,0,3,1,1,8,7,5,7
"7025",475,0,0,0,3,1,0,4,4,4,3
"7026",475,0,0,0,3,1,0,4,4,5,5
"7027",476,0,0,1,2,5,0,7,5,2,2
"7028",476,0,0,1,2,5,0,6,7,4,5
"7029",476,0,0,1,2,5,0,4,4,5,3
"7030",476,0,1,0,2,5,1,4,9,7,6
"7031",476,0,1,0,2,5,1,7,8,6,4
"7032",476,0,0,0,2,5,1,8,8,6,7
"7033",476,0,0,0,2,5,0,4,9,3,1
"7034",476,0,0,0,2,5,0,6,6,3,4
"7035",476,0,0,1,2,5,1,7,6,5,3
"7036",476,0,0,1,2,5,0,NA,8,4,4
"7037",476,0,0,0,2,5,0,9,7,5,4
"7038",476,0,0,0,2,5,1,8,7,5,5
"7039",476,0,0,0,2,5,0,NA,NA,NA,5
"7040",476,0,0,1,2,5,0,5,6,3,5
"7041",476,0,0,0,2,5,0,4,5,3,7
"7042",477,0,0,0,3,1,0,6,6,4,4
"7043",477,0,0,0,3,1,1,6,7,6,3
"7044",477,0,0,0,3,1,1,7,7,6,1
"7045",477,0,0,0,3,1,0,6,8,5,4
"7046",477,0,0,0,3,1,0,5,6,4,2
"7047",477,0,0,1,3,1,0,6,8,5,5
"7048",477,0,0,0,3,1,0,6,8,5,3
"7049",477,0,0,0,3,1,0,6,8,5,2
"7050",477,0,0,0,3,1,1,7,8,6,1
"7051",477,0,0,0,3,1,0,6,8,6,2
"7052",477,0,0,1,3,1,1,9,8,5,2
"7053",477,0,0,0,3,1,1,8,8,6,3
"7054",477,0,0,0,3,1,1,8,6,5,7
"7055",477,0,0,0,3,1,1,7,7,5,3
"7056",477,0,0,0,3,1,0,6,8,5,5
"7057",478,0,0,1,2,1,0,7,8,NA,3
"7058",478,0,0,1,2,1,0,7,6,NA,4
"7059",478,0,0,1,2,1,0,8,7,NA,2
"7060",478,0,0,0,2,1,0,7,9,NA,5
"7061",478,0,0,0,2,1,0,6,5,NA,3
"7062",478,0,0,0,2,1,0,8,8,NA,6
"7063",478,0,0,0,2,1,0,5,5,NA,2
"7064",478,0,0,0,2,1,0,7,5,NA,3
"7065",478,0,1,1,2,1,1,8,7,NA,2
"7066",478,0,0,1,2,1,0,NA,NA,NA,3
"7067",478,0,1,0,2,1,1,9,9,NA,3
"7068",478,0,0,0,2,1,0,9,9,NA,4
"7069",478,0,0,0,2,1,0,9,9,NA,6
"7070",478,0,0,1,2,1,0,5,9,NA,4
"7071",478,0,0,0,2,1,0,5,5,NA,6
"7072",479,0,0,1,2,1,0,6,6,8,4
"7073",479,0,0,1,2,1,1,5,8,9,3
"7074",479,0,0,1,2,1,0,3,7,6,1
"7075",479,0,0,0,2,1,0,2,8,8,4
"7076",479,0,0,0,2,1,0,1,4,7,2
"7077",479,0,0,0,2,1,0,3,9,8,5
"7078",479,0,0,0,2,1,0,2,8,5,3
"7079",479,0,0,0,2,1,0,4,8,8,2
"7080",479,0,0,1,2,1,0,5,8,8,1
"7081",479,0,0,1,2,1,0,2,7,6,2
"7082",479,0,0,0,2,1,1,7,8,8,2
"7083",479,0,0,0,2,1,0,4,8,5,3
"7084",479,0,0,0,2,1,1,7,7,7,7
"7085",479,0,0,1,2,1,0,3,7,4,3
"7086",479,0,0,0,2,1,0,2,5,8,5
"7087",480,0,0,1,2,1,0,5,5,7,3
"7088",480,0,0,1,2,1,1,7,7,5,4
"7089",480,0,0,1,2,1,1,5,8,NA,2
"7090",480,0,0,0,2,1,0,NA,NA,NA,5
"7091",480,0,0,0,2,1,0,2,7,NA,3
"7092",480,0,0,0,2,1,0,4,9,7,6
"7093",480,0,0,0,2,1,0,2,5,1,2
"7094",480,0,1,0,2,1,1,7,9,10,3
"7095",480,0,1,1,2,1,1,9,8,7,2
"7096",480,0,0,1,2,1,0,3,6,4,3
"7097",480,0,0,0,2,1,1,5,7,NA,3
"7098",480,0,1,0,2,1,1,7,9,NA,4
"7099",480,0,0,0,2,1,1,7,8,NA,6
"7100",480,0,0,1,2,1,1,6,9,NA,4
"7101",480,0,0,0,2,1,0,2,7,NA,6
"7102",481,1,0,1,2,2,0,5,7,5,1
"7103",481,1,1,1,2,2,1,8,7,7,1
"7104",481,1,0,0,2,2,1,7,8,7,2
"7105",481,1,0,0,2,2,0,6,7,5,2
"7106",481,1,0,0,2,2,0,7,8,1,6
"7107",481,1,0,0,2,2,0,3,7,1,7
"7108",481,1,0,0,2,2,0,5,8,4,2
"7109",481,1,0,0,2,2,0,3,8,1,11
"7110",481,1,0,0,2,2,1,7,7,9,7
"7111",481,1,0,0,2,2,1,5,7,6,4
"7112",481,1,0,1,2,2,0,5,5,3,2
"7113",481,1,0,0,2,2,0,6,8,1,4
"7114",481,1,0,1,2,2,1,6,7,7,3
"7115",481,1,0,1,2,2,1,8,7,5,4
"7116",481,1,0,1,2,2,1,7,6,7,3
"7117",482,1,0,1,2,2,0,7,7,4,6
"7118",482,1,1,1,2,2,1,8,6,5,6
"7119",482,1,1,0,2,2,1,9,7,6,5
"7120",482,1,0,0,2,2,1,8,6,3,5
"7121",482,1,1,0,2,2,1,8,8,5,1
"7122",482,1,0,0,2,2,0,5,7,4,0
"7123",482,1,1,0,2,2,1,8,6,5,5
"7124",482,1,0,0,2,2,0,5,6,4,4
"7125",482,1,0,0,2,2,1,7,8,6,0
"7126",482,1,0,0,2,2,0,5,7,9,3
"7127",482,1,0,1,2,2,0,6,7,4,5
"7128",482,1,0,0,2,2,0,5,8,6,3
"7129",482,1,0,1,2,2,0,5,7,6,4
"7130",482,1,0,1,2,2,0,6,7,6,3
"7131",482,1,0,1,2,2,0,NA,NA,NA,4
"7132",483,1,0,1,2,6,0,7,9,7,4
"7133",483,1,0,1,2,6,0,7,9,8,4
"7134",483,1,0,0,2,6,0,10,10,9,3
"7135",483,1,0,0,2,6,1,9,10,8,3
"7136",483,1,0,0,2,6,0,10,10,9,1
"7137",483,1,0,0,2,6,0,7,10,7,2
"7138",483,1,0,0,2,6,0,8,10,8,3
"7139",483,1,0,0,2,6,0,6,9,6,6
"7140",483,1,0,0,2,6,0,8,10,9,2
"7141",483,1,0,0,2,6,0,7,8,9,1
"7142",483,1,0,1,2,6,0,8,8,10,3
"7143",483,1,0,0,2,6,0,9,10,7,1
"7144",483,1,0,1,2,6,0,9,10,9,2
"7145",483,1,0,1,2,6,0,9,10,8,1
"7146",483,1,0,1,2,6,0,9,9,9,2
"7147",484,1,0,0,4,1,1,10,10,3,7
"7148",484,1,0,0,4,1,1,9,8,3,7
"7149",484,1,0,0,4,1,1,9,9,5,6
"7150",484,1,0,1,4,1,1,9,9,5,6
"7151",484,1,0,1,4,1,1,9,10,3,2
"7152",484,1,0,1,4,1,1,8,10,6,1
"7153",484,1,0,0,4,1,1,7,9,6,6
"7154",484,1,1,1,4,1,1,7,8,5,3
"7155",484,1,0,0,4,1,1,9,9,6,1
"7156",484,1,0,0,4,1,1,8,7,3,4
"7157",484,1,1,0,4,1,1,9,7,5,6
"7158",484,1,0,0,4,1,1,7,9,3,4
"7159",484,1,0,0,4,1,1,10,10,3,5
"7160",484,1,0,0,4,1,1,8,8,3,4
"7161",484,1,0,0,4,1,1,10,10,2,5
"7162",485,1,0,0,1,2,1,9,10,6,5
"7163",485,1,0,0,1,2,1,9,10,6,5
"7164",485,1,0,0,1,2,1,10,10,7,4
"7165",485,1,1,0,1,2,1,9,10,5,4
"7166",485,1,0,0,1,2,1,10,10,8,0
"7167",485,1,0,0,1,2,1,10,10,7,1
"7168",485,1,0,0,1,2,1,10,9,8,4
"7169",485,1,0,0,1,2,0,9,10,5,5
"7170",485,1,0,1,1,2,1,10,10,9,1
"7171",485,1,0,0,1,2,1,9,10,9,2
"7172",485,1,1,0,1,2,1,10,10,8,4
"7173",485,1,0,0,1,2,1,10,10,6,2
"7174",485,1,0,0,1,2,1,10,9,7,3
"7175",485,1,0,0,1,2,1,9,10,5,2
"7176",485,1,0,0,1,2,1,10,10,7,3
"7177",486,1,0,0,3,3,1,7,7,4,8
"7178",486,1,0,0,3,3,0,9,7,2,8
"7179",486,1,0,0,3,3,0,9,7,NA,7
"7180",486,1,0,0,3,3,0,8,6,3,7
"7181",486,1,0,0,3,3,0,8,8,NA,3
"7182",486,1,0,0,3,3,0,6,8,4,2
"7183",486,1,0,1,3,3,0,4,7,3,7
"7184",486,1,0,0,3,3,0,5,6,2,2
"7185",486,1,1,0,3,3,1,9,6,6,2
"7186",486,1,0,1,3,3,0,5,6,4,5
"7187",486,1,0,0,3,3,0,8,7,3,7
"7188",486,1,0,1,3,3,0,4,7,5,5
"7189",486,1,0,0,3,3,1,8,8,8,6
"7190",486,1,0,0,3,3,1,9,8,5,5
"7191",486,1,0,0,3,3,0,6,9,4,6
"7192",487,1,0,0,4,1,1,7,8,4,0
"7193",487,1,0,0,4,1,0,8,5,4,0
"7194",487,1,0,0,4,1,1,4,8,3,1
"7195",487,1,0,1,4,1,1,7,7,4,1
"7196",487,1,0,1,4,1,1,7,7,2,5
"7197",487,1,0,1,4,1,1,5,6,3,6
"7198",487,1,0,0,4,1,1,7,7,3,1
"7199",487,1,0,1,4,1,0,5,6,4,10
"7200",487,1,0,0,4,1,1,7,7,6,6
"7201",487,1,0,0,4,1,0,6,8,5,3
"7202",487,1,0,0,4,1,0,7,5,2,1
"7203",487,1,0,0,4,1,0,5,8,4,3
"7204",487,1,0,0,4,1,1,6,8,5,2
"7205",487,1,0,0,4,1,1,8,7,4,3
"7206",487,1,0,0,4,1,0,5,5,3,2
"7207",488,1,0,0,4,3,1,8,8,8,5
"7208",488,1,0,0,4,3,1,8,8,8,5
"7209",488,1,0,0,4,3,1,10,8,8,4
"7210",488,1,0,1,4,3,0,5,8,5,4
"7211",488,1,1,1,4,3,1,8,8,5,0
"7212",488,1,0,1,4,3,0,5,5,5,1
"7213",488,1,0,0,4,3,1,8,8,8,4
"7214",488,1,0,1,4,3,0,5,5,5,5
"7215",488,1,0,0,4,3,1,9,9,9,1
"7216",488,1,0,0,4,3,1,10,10,10,2
"7217",488,1,0,0,4,3,1,NA,NA,NA,4
"7218",488,1,0,0,4,3,1,5,5,5,2
"7219",488,1,0,0,4,3,1,10,10,10,3
"7220",488,1,0,0,4,3,1,10,10,9,2
"7221",488,1,1,0,4,3,1,10,10,10,3
"7222",489,1,0,1,2,3,1,8,8,7,4
"7223",489,1,1,1,2,3,1,8,8,7,4
"7224",489,1,0,0,2,3,1,8,9,8,3
"7225",489,1,1,0,2,3,1,10,8,8,3
"7226",489,1,1,0,2,3,1,7,9,8,1
"7227",489,1,1,0,2,3,1,6,9,8,2
"7228",489,1,0,0,2,3,0,6,7,7,3
"7229",489,1,0,0,2,3,0,5,6,5,6
"7230",489,1,1,0,2,3,1,8,8,8,2
"7231",489,1,1,0,2,3,1,6,6,8,1
"7232",489,1,0,1,2,3,0,5,5,5,3
"7233",489,1,0,0,2,3,0,5,10,5,1
"7234",489,1,1,1,2,3,1,8,8,8,2
"7235",489,1,0,1,2,3,1,6,8,7,1
"7236",489,1,1,1,2,3,1,8,8,8,2
"7237",490,1,0,1,2,2,1,7,8,6,5
"7238",490,1,1,1,2,2,1,9,8,5,5
"7239",490,1,0,0,2,2,1,8,7,6,4
"7240",490,1,0,0,2,2,1,7,8,5,4
"7241",490,1,0,0,2,2,1,9,9,5,0
"7242",490,1,0,0,2,2,1,9,8,5,1
"7243",490,1,0,0,2,2,0,8,8,4,4
"7244",490,1,0,0,2,2,0,7,8,5,5
"7245",490,1,0,0,2,2,1,8,8,7,1
"7246",490,1,0,0,2,2,1,10,7,5,2
"7247",490,1,0,1,2,2,1,9,8,5,4
"7248",490,1,0,0,2,2,1,10,9,5,2
"7249",490,1,0,1,2,2,1,10,8,4,3
"7250",490,1,0,1,2,2,0,8,6,4,2
"7251",490,1,0,1,2,2,1,9,9,6,3
"7252",491,1,0,0,3,2,1,7,7,5,5
"7253",491,1,1,0,3,2,1,7,8,6,5
"7254",491,1,0,0,3,2,0,6,8,6,4
"7255",491,1,1,0,3,2,1,8,6,5,4
"7256",491,1,1,0,3,2,1,8,7,6,0
"7257",491,1,0,0,3,2,0,7,7,6,1
"7258",491,1,0,1,3,2,0,6,7,6,4
"7259",491,1,0,0,3,2,0,6,6,4,5
"7260",491,1,0,0,3,2,0,7,7,5,1
"7261",491,1,0,1,3,2,0,5,5,5,2
"7262",491,1,0,0,3,2,0,5,6,5,4
"7263",491,1,0,1,3,2,0,5,5,7,2
"7264",491,1,1,0,3,2,1,7,8,5,3
"7265",491,1,0,0,3,2,0,6,7,5,2
"7266",491,1,0,0,3,2,0,6,6,5,3
"7267",492,1,0,0,6,2,0,10,10,2,6
"7268",492,1,1,0,6,2,1,10,10,1,6
"7269",492,1,1,1,6,2,1,10,10,5,5
"7270",492,1,1,0,6,2,1,10,10,5,5
"7271",492,1,0,0,6,2,1,10,10,6,1
"7272",492,1,0,0,6,2,1,2,7,7,0
"7273",492,1,1,0,6,2,1,8,10,1,5
"7274",492,1,0,0,6,2,0,8,10,1,4
"7275",492,1,1,0,6,2,1,10,10,7,0
"7276",492,1,1,0,6,2,1,10,10,2,3
"7277",492,1,0,0,6,2,0,7,10,1,5
"7278",492,1,0,0,6,2,0,5,10,2,3
"7279",492,1,0,0,6,2,1,10,7,2,4
"7280",492,1,0,0,6,2,0,7,10,3,3
"7281",492,1,1,0,6,2,1,10,10,1,4
"7282",493,1,0,0,4,5,0,8,9,3,4
"7283",493,1,0,0,4,5,0,9,9,2,4
"7284",493,1,0,0,4,5,0,9,10,4,5
"7285",493,1,1,1,4,5,1,9,9,7,5
"7286",493,1,0,1,4,5,0,6,9,1,9
"7287",493,1,0,1,4,5,0,7,10,1,10
"7288",493,1,0,0,4,5,0,7,10,3,5
"7289",493,1,0,1,4,5,0,5,10,2,14
"7290",493,1,0,0,4,5,0,6,10,4,10
"7291",493,1,0,0,4,5,0,7,10,6,7
"7292",493,1,0,0,4,5,0,7,10,6,5
"7293",493,1,0,0,4,5,0,6,10,5,7
"7294",493,1,0,0,4,5,1,8,10,6,6
"7295",493,1,0,0,4,5,0,7,10,4,7
"7296",493,1,0,0,4,5,0,7,9,2,6
"7297",494,1,0,1,2,4,1,9,7,8,6
"7298",494,1,0,1,2,4,0,8,8,4,6
"7299",494,1,1,0,2,4,1,9,9,8,5
"7300",494,1,0,0,2,4,0,8,8,6,5
"7301",494,1,0,0,2,4,1,8,8,6,1
"7302",494,1,0,0,2,4,1,7,8,5,0
"7303",494,1,0,0,2,4,0,9,7,4,5
"7304",494,1,0,0,2,4,0,8,9,6,4
"7305",494,1,1,0,2,4,1,7,7,5,0
"7306",494,1,0,0,2,4,0,6,8,2,3
"7307",494,1,0,1,2,4,1,7,7,5,5
"7308",494,1,0,0,2,4,0,6,8,5,3
"7309",494,1,0,1,2,4,0,7,8,7,4
"7310",494,1,0,1,2,4,0,7,7,5,3
"7311",494,1,0,1,2,4,0,7,9,6,4
"7312",495,1,0,0,6,2,1,7,6,7,8
"7313",495,1,1,0,6,2,1,8,6,7,8
"7314",495,1,0,1,6,2,0,7,7,6,7
"7315",495,1,0,0,6,2,1,7,6,6,7
"7316",495,1,1,0,6,2,1,6,7,6,3
"7317",495,1,0,0,6,2,0,7,7,5,2
"7318",495,1,0,0,6,2,1,7,6,6,7
"7319",495,1,0,0,6,2,0,5,7,5,2
"7320",495,1,0,0,6,2,1,7,7,7,2
"7321",495,1,0,0,6,2,1,7,7,7,5
"7322",495,1,0,0,6,2,0,7,7,7,7
"7323",495,1,0,0,6,2,0,7,6,6,5
"7324",495,1,0,0,6,2,0,6,6,5,6
"7325",495,1,0,0,6,2,1,7,7,6,5
"7326",495,1,0,0,6,2,1,6,6,7,6
"7327",496,0,0,1,4,1,0,4,7,5,3
"7328",496,0,0,0,4,1,0,2,8,6,2
"7329",496,0,0,0,4,1,0,6,8,5,0
"7330",496,0,1,1,4,1,1,7,8,6,4
"7331",496,0,0,1,4,1,0,5,8,2,1
"7332",496,0,0,1,4,1,1,6,8,8,1
"7333",496,0,0,1,4,1,0,5,7,2,13
"7334",497,0,0,0,2,1,0,6,8,9,2
"7335",497,0,0,1,2,1,0,3,4,4,1
"7336",497,0,0,1,2,1,0,8,7,7,1
"7337",497,0,0,0,2,1,0,6,7,6,3
"7338",497,0,0,0,2,1,0,4,6,7,0
"7339",497,0,0,0,2,1,0,6,7,7,0
"7340",497,0,0,0,2,1,0,7,5,6,12
"7341",498,0,0,0,2,1,0,2,3,2,1
"7342",498,0,0,1,2,1,0,1,10,3,0
"7343",498,0,0,1,2,1,0,8,9,5,2
"7344",498,0,0,0,2,1,0,8,9,5,2
"7345",498,0,0,0,2,1,0,5,10,3,1
"7346",498,0,0,0,2,1,0,3,9,5,1
"7347",498,0,0,0,2,1,0,3,7,2,11
"7348",499,0,0,0,2,5,0,1,9,1,0
"7349",499,0,0,1,2,5,0,1,10,6,1
"7350",499,0,1,1,2,5,1,5,9,6,3
"7351",499,0,0,0,2,5,0,5,4,5,1
"7352",499,0,0,0,2,5,0,1,8,5,2
"7353",499,0,0,0,2,5,1,6,9,6,2
"7354",499,0,1,0,2,5,1,6,10,6,10
"7355",500,0,0,0,1,1,0,4,6,4,1
"7356",500,0,0,0,1,1,0,2,7,4,0
"7357",500,0,0,0,1,1,0,4,5,4,2
"7358",500,0,0,0,1,1,0,6,8,4,2
"7359",500,0,0,0,1,1,0,5,8,5,1
"7360",500,0,1,0,1,1,1,8,8,7,1
"7361",500,0,0,0,1,1,0,7,5,5,11
"7362",501,0,0,0,2,5,0,6,7,6,0
"7363",501,0,0,1,2,5,0,5,8,5,1
"7364",501,0,1,1,2,5,1,8,7,8,3
"7365",501,0,0,0,2,5,0,7,8,7,1
"7366",501,0,0,0,2,5,0,8,7,4,2
"7367",501,0,0,0,2,5,1,7,6,7,2
"7368",501,0,0,0,2,5,0,7,7,6,10
"7369",502,1,0,1,4,1,1,8,8,7,3
"7370",502,1,0,0,4,1,1,9,8,10,2
"7371",502,1,0,0,4,1,1,8,8,10,1
"7372",502,1,0,0,4,1,1,7,9,8,0
"7373",502,1,0,0,4,1,1,5,7,10,1
"7374",502,1,0,0,4,1,1,9,9,8,0
"7375",503,1,0,0,2,5,1,8,10,6,2
"7376",503,1,0,1,2,5,0,5,6,4,1
"7377",503,1,0,1,2,5,0,7,8,6,0
"7378",503,1,0,1,2,5,0,7,8,6,1
"7379",503,1,0,0,2,5,1,7,7,5,0
"7380",503,1,0,1,2,5,1,6,5,6,1
"7381",504,1,0,0,2,2,1,8,10,8,0
"7382",504,1,0,1,2,2,1,7,7,5,1
"7383",504,1,0,1,2,2,1,6,6,5,2
"7384",504,1,1,1,2,2,1,5,7,5,3
"7385",504,1,0,0,2,2,1,6,6,7,2
"7386",504,1,1,1,2,2,1,6,6,5,3
"7387",505,1,1,1,4,3,1,8,8,6,4
"7388",505,1,0,0,4,3,0,7,8,4,3
"7389",505,1,0,0,4,3,1,8,9,5,2
"7390",505,1,0,0,4,3,0,5,9,3,1
"7391",505,1,0,0,4,3,0,5,9,6,2
"7392",505,1,0,0,4,3,0,6,8,6,1
"7393",506,1,0,1,4,1,1,6,7,6,1
"7394",506,1,0,0,4,1,0,6,5,3,0
"7395",506,1,0,0,4,1,0,6,7,5,1
"7396",506,1,0,0,4,1,0,4,6,4,2
"7397",506,1,0,0,4,1,1,6,7,6,1
"7398",506,1,0,0,4,1,0,6,6,3,2
"7399",507,1,0,1,4,5,0,5,9,5,1
"7400",507,1,0,0,4,5,0,4,9,5,0
"7401",507,1,0,0,4,5,1,7,9,5,1
"7402",507,1,0,0,4,5,0,6,9,5,2
"7403",507,1,1,0,4,5,1,7,9,5,1
"7404",507,1,0,0,4,5,0,7,8,5,2
"7405",508,1,0,1,4,3,1,6,6,6,13
"7406",508,1,0,0,4,3,1,7,8,6,12
"7407",508,1,0,0,4,3,1,6,8,6,11
"7408",508,1,1,0,4,3,1,6,8,6,10
"7409",508,1,0,0,4,3,1,5,9,7,11
"7410",508,1,0,0,4,3,1,7,8,8,10
"7411",509,0,0,1,4,2,0,2,6,7,3
"7412",509,0,0,1,4,2,0,NA,NA,NA,2
"7413",509,0,0,0,4,2,0,2,2,0,2
"7414",509,0,0,0,4,2,0,8,7,2,4
"7415",509,0,1,0,4,2,1,3,6,4,5
"7416",509,0,0,0,4,2,1,5,5,0,1
"7417",509,0,1,1,4,2,1,5,5,6,6
"7418",509,0,1,0,4,2,1,6,6,0,4
"7419",509,0,0,0,4,2,0,2,3,0,6
"7420",509,0,0,0,4,2,1,5,7,5,4
"7421",509,0,0,1,4,2,0,NA,NA,NA,5
"7422",509,0,0,1,4,2,1,5,5,3,5
"7423",509,0,0,1,4,2,0,NA,NA,NA,4
"7424",509,0,0,1,4,2,1,3,6,2,5
"7425",509,0,0,0,4,2,1,7,6,3,4
"7426",509,0,1,0,4,2,1,7,6,2,2
"7427",509,0,0,0,4,2,1,5,7,4,2
"7428",509,0,1,0,4,2,1,8,8,2,2
"7429",509,0,0,0,4,2,0,5,5,2,0
"7430",509,0,0,0,4,2,1,6,6,3,2
"7431",509,0,0,0,4,2,0,5,6,3,1
"7432",509,0,1,0,4,2,1,8,NA,1,3
"7433",510,0,0,0,3,2,0,6,10,4,1
"7434",510,0,0,0,3,2,0,2,6,3,0
"7435",510,0,1,0,3,2,1,9,8,9,0
"7436",510,0,0,0,3,2,0,6,9,5,2
"7437",510,0,0,0,3,2,0,8,6,5,3
"7438",510,0,1,0,3,2,1,9,9,8,3
"7439",510,0,0,0,3,2,0,NA,NA,NA,4
"7440",510,0,1,0,3,2,1,7,8,8,6
"7441",510,0,0,0,3,2,0,7,7,5,4
"7442",510,0,1,0,3,2,1,8,10,9,2
"7443",510,0,0,0,3,2,0,6,8,4,3
"7444",510,0,0,0,3,2,0,5,6,4,3
"7445",510,0,0,0,3,2,0,7,7,5,2
"7446",510,0,0,0,3,2,0,6,7,5,3
"7447",510,0,0,0,3,2,0,NA,NA,NA,2
"7448",510,0,1,0,3,2,1,10,8,9,4
"7449",510,0,0,0,3,2,0,6,6,4,4
"7450",510,0,0,0,3,2,0,8,7,6,4
"7451",510,0,1,0,3,2,1,9,10,8,2
"7452",510,0,0,0,3,2,0,2,4,3,4
"7453",510,0,0,0,3,2,0,6,5,4,1
"7454",510,0,1,0,3,2,1,10,9,8,1
"7455",511,0,0,1,4,2,1,6,7,6,2
"7456",511,0,0,1,4,2,1,5,6,5,3
"7457",511,0,0,0,4,2,1,6,7,5,3
"7458",511,0,1,0,4,2,1,5,8,7,1
"7459",511,0,1,0,4,2,1,6,6,6,0
"7460",511,0,0,0,4,2,0,7,6,6,6
"7461",511,0,0,1,4,2,1,4,7,5,1
"7462",511,0,0,0,4,2,0,4,5,4,9
"7463",511,0,0,0,4,2,1,3,4,4,1
"7464",511,0,0,0,4,2,0,3,5,5,1
"7465",511,0,0,1,4,2,1,4,6,5,0
"7466",511,0,1,1,4,2,1,4,5,5,0
"7467",511,0,0,1,4,2,1,3,6,5,1
"7468",511,0,0,1,4,2,1,3,3,4,0
"7469",511,0,0,0,4,2,0,NA,NA,NA,1
"7470",511,0,0,0,4,2,1,6,6,5,7
"7471",511,0,0,0,4,2,0,7,6,6,7
"7472",511,0,1,0,4,2,1,5,5,4,7
"7473",511,0,0,0,4,2,1,4,5,4,5
"7474",511,0,0,0,4,2,0,6,7,6,7
"7475",511,0,0,0,4,2,1,6,7,5,4
"7476",511,0,0,0,4,2,1,6,5,4,2
"7477",512,0,0,0,2,1,0,5,8,5,NA
"7478",512,0,0,0,2,1,0,5,8,5,NA
"7479",512,0,0,1,2,1,0,8,8,5,NA
"7480",512,0,0,0,2,1,0,6,8,6,NA
"7481",512,0,0,1,2,1,0,5,9,6,NA
"7482",512,0,0,1,2,1,0,5,8,7,NA
"7483",512,0,0,0,2,1,0,7,8,7,NA
"7484",512,0,0,1,2,1,0,NA,NA,NA,NA
"7485",512,0,0,1,2,1,0,5,8,7,NA
"7486",512,0,0,1,2,1,0,NA,NA,NA,NA
"7487",512,0,0,0,2,1,0,5,9,5,NA
"7488",512,0,0,0,2,1,0,5,9,5,NA
"7489",512,0,0,0,2,1,0,5,9,6,NA
"7490",512,0,0,0,2,1,0,5,9,5,NA
"7491",512,0,0,1,2,1,0,7,8,7,NA
"7492",512,0,0,1,2,1,0,7,8,7,NA
"7493",512,0,1,1,2,1,1,8,9,8,NA
"7494",512,0,0,1,2,1,0,NA,NA,NA,NA
"7495",512,0,0,1,2,1,0,7,9,5,NA
"7496",512,0,0,1,2,1,0,6,9,8,NA
"7497",512,0,0,0,2,1,0,5,9,5,NA
"7498",512,0,0,1,2,1,0,NA,NA,NA,NA
"7499",513,0,0,0,2,2,0,4,7,4,2
"7500",513,0,0,0,2,2,0,3,8,2,3
"7501",513,0,1,1,2,2,1,6,6,5,3
"7502",513,0,0,0,2,2,0,4,6,5,1
"7503",513,0,1,1,2,2,1,6,6,5,0
"7504",513,0,0,1,2,2,0,4,5,5,6
"7505",513,0,1,0,2,2,1,6,7,5,1
"7506",513,0,0,1,2,2,0,6,4,9,9
"7507",513,0,0,1,2,2,0,4,8,9,1
"7508",513,0,0,1,2,2,0,3,8,5,1
"7509",513,0,0,0,2,2,0,NA,NA,NA,0
"7510",513,0,0,0,2,2,0,2,5,5,0
"7511",513,0,0,0,2,2,0,4,6,2,1
"7512",513,0,0,0,2,2,0,5,7,2,0
"7513",513,0,0,1,2,2,0,7,7,5,1
"7514",513,0,1,1,2,2,1,7,7,7,7
"7515",513,0,0,1,2,2,0,6,5,5,7
"7516",513,0,0,1,2,2,0,5,4,5,7
"7517",513,0,0,1,2,2,0,8,5,2,5
"7518",513,0,1,1,2,2,1,6,7,5,7
"7519",513,0,0,0,2,2,0,4,6,5,4
"7520",513,0,1,1,2,2,1,7,7,5,2
"7521",514,0,0,0,2,2,0,5,6,2,2
"7522",514,0,0,0,2,2,0,4,6,2,3
"7523",514,0,0,1,2,2,1,8,9,6,3
"7524",514,0,0,0,2,2,0,8,7,4,1
"7525",514,0,0,1,2,2,1,9,7,4,0
"7526",514,0,0,1,2,2,1,10,7,5,6
"7527",514,0,0,0,2,2,0,9,6,2,1
"7528",514,0,0,1,2,2,1,7,7,8,9
"7529",514,0,0,1,2,2,1,6,10,7,1
"7530",514,0,0,1,2,2,0,3,4,2,1
"7531",514,0,0,0,2,2,0,4,9,4,0
"7532",514,0,0,0,2,2,0,8,8,5,0
"7533",514,0,0,0,2,2,0,4,5,3,1
"7534",514,0,0,0,2,2,0,7,9,4,0
"7535",514,0,0,1,2,2,0,NA,NA,NA,1
"7536",514,0,0,1,2,2,1,10,9,6,7
"7537",514,0,0,1,2,2,1,7,9,7,7
"7538",514,0,0,1,2,2,1,8,7,5,7
"7539",514,0,0,1,2,2,0,8,7,5,5
"7540",514,0,0,1,2,2,1,7,9,6,7
"7541",514,0,0,0,2,2,1,8,8,6,4
"7542",514,0,0,1,2,2,1,10,5,4,2
"7543",515,0,0,0,2,1,1,4,10,5,2
"7544",515,0,0,0,2,1,0,4,9,5,3
"7545",515,0,0,1,2,1,0,4,7,3,3
"7546",515,0,0,0,2,1,0,4,6,4,1
"7547",515,0,1,1,2,1,1,7,8,6,0
"7548",515,0,0,1,2,1,0,7,6,6,6
"7549",515,0,0,0,2,1,0,6,8,3,1
"7550",515,0,0,1,2,1,0,4,8,5,9
"7551",515,0,0,1,2,1,0,4,7,4,1
"7552",515,0,0,1,2,1,0,4,8,4,1
"7553",515,0,0,0,2,1,0,4,8,3,0
"7554",515,0,0,0,2,1,0,4,8,6,0
"7555",515,0,0,0,2,1,0,5,7,4,1
"7556",515,0,0,0,2,1,0,5,7,3,0
"7557",515,0,0,1,2,1,0,NA,NA,NA,1
"7558",515,0,0,1,2,1,0,9,7,4,7
"7559",515,0,0,1,2,1,0,6,8,4,7
"7560",515,0,0,1,2,1,0,6,6,6,7
"7561",515,0,0,1,2,1,0,4,7,4,5
"7562",515,0,0,1,2,1,0,2,3,5,7
"7563",515,0,0,0,2,1,0,3,6,6,4
"7564",515,0,1,1,2,1,1,7,8,5,2
"7565",516,0,0,1,4,2,0,6,8,7,2
"7566",516,0,0,1,4,2,0,3,7,5,1
"7567",516,0,0,0,4,2,0,6,7,6,1
"7568",516,0,0,0,4,2,0,5,7,5,3
"7569",516,0,1,0,4,2,1,10,10,10,4
"7570",516,0,1,0,4,2,1,8,8,7,2
"7571",516,0,0,1,4,2,1,7,8,7,5
"7572",516,0,0,0,4,2,1,6,7,7,5
"7573",516,0,0,0,4,2,0,5,7,5,5
"7574",516,0,0,0,4,2,0,5,7,4,3
"7575",516,0,1,1,4,2,1,6,7,5,4
"7576",516,0,0,1,4,2,0,4,7,4,4
"7577",516,0,0,1,4,2,0,5,7,6,3
"7578",516,0,0,1,4,2,0,5,6,4,4
"7579",516,0,0,0,4,2,0,NA,NA,NA,3
"7580",516,0,0,0,4,2,0,6,8,5,3
"7581",516,0,0,0,4,2,0,6,7,5,3
"7582",516,0,0,0,4,2,0,6,8,6,3
"7583",516,0,1,0,4,2,1,6,7,5,1
"7584",516,0,0,0,4,2,0,4,7,4,3
"7585",516,0,1,0,4,2,1,7,7,9,0
"7586",516,0,1,0,4,2,1,7,7,6,2
"7587",517,0,0,0,3,5,0,3,8,4,5
"7588",517,0,0,0,3,5,0,5,7,3,4
"7589",517,0,0,0,3,5,0,NA,NA,NA,4
"7590",517,0,0,0,3,5,0,3,5,4,6
"7591",517,0,0,0,3,5,0,2,8,3,7
"7592",517,0,0,0,3,5,0,NA,NA,NA,1
"7593",517,0,0,0,3,5,0,5,6,5,8
"7594",517,0,0,0,3,5,1,6,7,6,2
"7595",517,0,0,0,3,5,0,NA,NA,NA,8
"7596",517,0,0,0,3,5,0,5,3,9,6
"7597",517,0,0,0,3,5,0,4,8,7,7
"7598",517,0,0,0,3,5,0,NA,NA,NA,7
"7599",517,0,0,0,3,5,0,5,3,5,6
"7600",517,0,0,0,3,5,0,NA,NA,NA,7
"7601",517,0,0,0,3,5,0,5,5,6,6
"7602",517,0,0,0,3,5,0,5,7,8,0
"7603",517,0,0,0,3,5,0,6,8,7,0
"7604",517,0,0,0,3,5,1,7,6,5,0
"7605",517,0,0,0,3,5,0,NA,NA,NA,2
"7606",517,0,0,0,3,5,0,6,5,5,0
"7607",517,0,0,0,3,5,0,3,4,4,3
"7608",517,0,0,0,3,5,0,6,4,6,5
"7609",518,0,0,0,2,5,0,5,7,6,2
"7610",518,0,0,0,2,5,0,4,6,4,3
"7611",518,0,0,1,2,5,0,6,7,4,3
"7612",518,0,0,0,2,5,0,5,6,5,1
"7613",518,0,1,1,2,5,1,6,7,7,0
"7614",518,0,0,1,2,5,1,7,7,6,6
"7615",518,0,0,0,2,5,1,6,6,7,1
"7616",518,0,0,1,2,5,0,2,5,6,9
"7617",518,0,0,1,2,5,0,6,7,6,1
"7618",518,0,0,1,2,5,0,3,9,5,1
"7619",518,0,0,0,2,5,0,3,5,6,0
"7620",518,0,0,0,2,5,0,7,9,5,0
"7621",518,0,0,0,2,5,0,6,7,6,1
"7622",518,0,0,0,2,5,0,5,8,6,0
"7623",518,0,0,1,2,5,0,7,4,5,1
"7624",518,0,1,1,2,5,1,7,7,5,7
"7625",518,0,1,1,2,5,1,7,9,7,7
"7626",518,0,1,1,2,5,1,9,8,6,7
"7627",518,0,1,1,2,5,1,7,8,5,5
"7628",518,0,1,1,2,5,1,5,8,7,7
"7629",518,0,0,0,2,5,0,7,6,6,4
"7630",518,0,0,1,2,5,1,8,6,4,2
"7631",519,0,0,0,2,2,0,1,8,8,1
"7632",519,0,0,0,2,2,0,2,8,8,0
"7633",519,0,0,1,2,2,0,4,5,8,0
"7634",519,0,0,0,2,2,0,6,7,8,2
"7635",519,0,0,1,2,2,0,4,8,8,3
"7636",519,0,0,1,2,2,0,8,6,8,3
"7637",519,0,0,0,2,2,0,6,6,8,4
"7638",519,0,0,1,2,2,0,5,6,8,6
"7639",519,0,0,1,2,2,0,5,6,8,4
"7640",519,0,0,1,2,2,0,NA,NA,8,2
"7641",519,0,0,0,2,2,0,4,2,8,3
"7642",519,0,0,0,2,2,0,5,3,8,3
"7643",519,0,0,0,2,2,0,NA,NA,8,2
"7644",519,0,0,0,2,2,0,4,7,8,3
"7645",519,0,0,1,2,2,0,6,7,8,2
"7646",519,0,0,1,2,2,0,6,8,8,4
"7647",519,0,0,1,2,2,0,7,7,8,4
"7648",519,0,0,1,2,2,0,6,8,8,4
"7649",519,0,0,1,2,2,0,6,7,8,2
"7650",519,0,0,1,2,2,0,6,8,8,4
"7651",519,0,0,0,2,2,0,NA,NA,NA,1
"7652",519,0,0,1,2,2,0,NA,NA,NA,1
"7653",520,0,0,0,6,1,0,6,7,6,3
"7654",520,0,0,0,6,1,0,4,6,7,2
"7655",520,0,0,0,6,1,0,6,5,2,2
"7656",520,0,0,1,6,1,0,5,8,4,4
"7657",520,0,0,0,6,1,1,5,6,5,5
"7658",520,0,0,0,6,1,0,NA,NA,NA,1
"7659",520,0,0,0,6,1,1,9,8,6,6
"7660",520,0,0,0,6,1,0,NA,NA,NA,4
"7661",520,0,0,0,6,1,0,4,4,2,6
"7662",520,0,0,0,6,1,0,4,5,6,4
"7663",520,0,0,0,6,1,1,4,7,4,5
"7664",520,0,0,0,6,1,0,7,6,6,5
"7665",520,0,0,0,6,1,0,4,7,5,4
"7666",520,0,0,0,6,1,1,5,7,5,5
"7667",520,0,0,0,6,1,1,4,6,4,4
"7668",520,0,0,0,6,1,0,NA,NA,NA,2
"7669",520,0,0,0,6,1,0,7,6,7,2
"7670",520,0,0,0,6,1,0,7,7,5,2
"7671",520,0,0,0,6,1,1,7,7,7,0
"7672",520,0,0,0,6,1,0,6,6,5,2
"7673",520,0,0,0,6,1,0,7,4,2,1
"7674",520,0,0,0,6,1,0,6,6,2,3
"7675",521,0,0,0,2,1,0,6,8,6,1
"7676",521,0,0,0,2,1,0,7,8,4,0
"7677",521,0,0,1,2,1,0,8,8,4,0
"7678",521,0,1,0,2,1,1,7,8,6,2
"7679",521,0,1,1,2,1,1,8,9,5,3
"7680",521,0,0,1,2,1,1,8,8,6,3
"7681",521,0,0,0,2,1,1,8,8,6,4
"7682",521,0,1,1,2,1,1,8,9,6,6
"7683",521,0,0,1,2,1,0,6,8,4,4
"7684",521,0,0,1,2,1,1,7,7,6,2
"7685",521,0,0,0,2,1,0,7,8,7,3
"7686",521,0,0,0,2,1,0,6,6,3,3
"7687",521,0,0,0,2,1,1,7,7,6,2
"7688",521,0,0,0,2,1,0,NA,NA,NA,3
"7689",521,0,1,1,2,1,1,8,7,4,2
"7690",521,0,0,1,2,1,0,9,8,6,4
"7691",521,0,0,1,2,1,1,8,7,5,4
"7692",521,0,1,1,2,1,1,9,8,3,4
"7693",521,0,0,1,2,1,0,NA,NA,NA,2
"7694",521,0,1,1,2,1,1,8,9,6,4
"7695",521,0,1,0,2,1,1,9,8,6,1
"7696",521,0,0,1,2,1,1,9,7,5,1
"7697",522,0,0,0,2,1,0,5,9,6,3
"7698",522,0,0,0,2,1,0,2,9,3,4
"7699",522,0,0,1,2,1,1,5,9,6,4
"7700",522,0,0,0,2,1,0,6,8,6,2
"7701",522,0,0,1,2,1,0,8,9,6,1
"7702",522,0,0,1,2,1,0,5,5,4,7
"7703",522,0,0,0,2,1,1,6,9,6,0
"7704",522,0,0,1,2,1,1,8,7,7,10
"7705",522,0,1,1,2,1,1,6,8,9,0
"7706",522,0,0,1,2,1,0,5,8,5,2
"7707",522,0,0,0,2,1,0,5,9,7,1
"7708",522,0,0,0,2,1,0,5,8,7,1
"7709",522,0,0,0,2,1,0,6,8,3.5,2
"7710",522,0,1,0,2,1,1,5,8,6,1
"7711",522,0,1,1,2,1,1,10,8,6,2
"7712",522,0,1,1,2,1,1,10,9,7,8
"7713",522,0,0,1,2,1,1,7,9,7,8
"7714",522,0,0,1,2,1,0,5,5,1.5,8
"7715",522,0,1,1,2,1,1,9,9,7,6
"7716",522,0,0,1,2,1,0,7,7,6,8
"7717",522,0,0,0,2,1,0,3,7,6,5
"7718",522,0,0,1,2,1,1,8,9,4.5,3
"7719",523,0,0,1,4,2,1,4,7,5,2
"7720",523,0,1,1,4,2,1,1,9,6,1
"7721",523,0,0,0,4,2,1,7,7,3,1
"7722",523,0,0,0,4,2,1,7,7,5,3
"7723",523,0,0,0,4,2,1,2,10,3,4
"7724",523,0,0,0,4,2,1,6,7,6,2
"7725",523,0,0,1,4,2,0,4,6,2,5
"7726",523,0,0,0,4,2,1,5,6,NA,5
"7727",523,0,0,0,4,2,1,3,6,3,5
"7728",523,0,0,0,4,2,0,2,7,8,3
"7729",523,0,0,1,4,2,1,4,8,7,4
"7730",523,0,0,1,4,2,1,4,7,5,4
"7731",523,0,0,1,4,2,1,10,10,10,3
"7732",523,0,1,1,4,2,1,5,5,5,4
"7733",523,0,0,0,4,2,1,3,4,5,3
"7734",523,0,0,0,4,2,1,8,7,7,3
"7735",523,0,0,0,4,2,1,5,8,4,3
"7736",523,0,0,0,4,2,1,7,7,3,3
"7737",523,0,0,0,4,2,1,7,8,2,1
"7738",523,0,0,0,4,2,0,2,9,1,3
"7739",523,0,0,0,4,2,1,8,7,4,0
"7740",523,0,0,0,4,2,1,7,6,2,2
"7741",524,0,1,1,4,2,1,5,9,3,0
"7742",524,0,1,1,4,2,1,3,9,5,1
"7743",524,0,0,0,4,2,1,5,7,2,1
"7744",524,0,1,0,4,2,1,5,8,5,1
"7745",524,0,1,0,4,2,1,7,8,3,2
"7746",524,0,1,0,4,2,1,7,7,3,4
"7747",524,0,0,1,4,2,1,6,7,3,3
"7748",524,0,1,0,4,2,1,4,9,5,7
"7749",524,0,1,0,4,2,1,6,9,4,3
"7750",524,0,0,0,4,2,1,4,4,5,1
"7751",524,0,0,1,4,2,0,5,9,3,2
"7752",524,0,1,1,4,2,1,6,9,6,2
"7753",524,0,0,1,4,2,1,6,8,4,1
"7754",524,0,0,1,4,2,1,6,8,3,2
"7755",524,0,0,0,4,2,1,NA,NA,NA,1
"7756",524,0,1,0,4,2,1,8,9,2,5
"7757",524,0,1,0,4,2,1,9,9,4,5
"7758",524,0,1,0,4,2,1,8,7,4,5
"7759",524,0,1,0,4,2,1,6,7,3,3
"7760",524,0,1,0,4,2,1,6,8,4,5
"7761",524,0,0,0,4,2,1,6,8,4,2
"7762",524,0,1,0,4,2,1,8,7,2,0
"7763",525,0,0,0,2,2,0,6,9,6,1
"7764",525,0,0,0,2,2,0,6,8,4,2
"7765",525,0,0,1,2,2,0,6,7,4,2
"7766",525,0,0,0,2,2,0,7,8,5,0
"7767",525,0,0,1,2,2,1,7,9,5,1
"7768",525,0,0,1,2,2,0,7,7,6,5
"7769",525,0,0,0,2,2,1,8,8,7,2
"7770",525,0,0,1,2,2,1,7,8,9,8
"7771",525,0,0,1,2,2,1,7,9,7,2
"7772",525,0,0,1,2,2,0,6,7,6,0
"7773",525,0,0,0,2,2,0,6,7,4,1
"7774",525,0,0,0,2,2,0,6,7,4,1
"7775",525,0,0,0,2,2,0,7,7,5,0
"7776",525,0,0,0,2,2,0,6,7,5,1
"7777",525,0,0,1,2,2,0,NA,NA,NA,0
"7778",525,0,0,1,2,2,1,9,8,6,6
"7779",525,0,0,1,2,2,1,7,8,6,6
"7780",525,0,0,1,2,2,0,8,7,4,6
"7781",525,0,0,1,2,2,0,8,6,5,4
"7782",525,0,0,1,2,2,0,6,6,4,6
"7783",525,0,0,0,2,2,1,8,9,6,3
"7784",525,0,0,1,2,2,0,8,7,4,1
"7785",526,0,0,0,3,1,1,4,9,1,1
"7786",526,0,0,0,3,1,0,3,7,1,0
"7787",526,0,0,0,3,1,0,6,6,1,0
"7788",526,0,1,0,3,1,1,6,3,2,2
"7789",526,0,0,0,3,1,1,6,9,1,3
"7790",526,0,0,0,3,1,1,7,6,2,3
"7791",526,0,0,0,3,1,0,4,7,1,4
"7792",526,0,0,0,3,1,1,5,9,3,6
"7793",526,0,0,0,3,1,1,7,6,2,4
"7794",526,0,0,0,3,1,0,3,8,2,2
"7795",526,0,0,0,3,1,0,4,7,2,3
"7796",526,0,1,0,3,1,1,7,3,2,3
"7797",526,0,0,0,3,1,0,2,6,1,2
"7798",526,0,0,0,3,1,0,5,6,2,3
"7799",526,0,0,0,3,1,0,NA,NA,NA,2
"7800",526,0,0,0,3,1,1,9,8,1,4
"7801",526,0,0,0,3,1,1,8,7,2,4
"7802",526,0,0,0,3,1,1,10,7,5,4
"7803",526,0,0,0,3,1,1,10,8,2,2
"7804",526,0,0,0,3,1,0,5,5,1,4
"7805",526,0,0,0,3,1,1,10,8,1,1
"7806",526,0,0,0,3,1,1,10,3,1,1
"7807",527,0,0,0,6,1,0,4,9,3,1
"7808",527,0,0,0,6,1,0,4,8,3,2
"7809",527,0,0,0,6,1,0,3,5,2,2
"7810",527,0,0,1,6,1,0,4,8,2,0
"7811",527,0,0,0,6,1,0,7,9,3,1
"7812",527,0,0,0,6,1,0,7,7,4,5
"7813",527,0,0,0,6,1,0,5,8,3,2
"7814",527,0,0,0,6,1,0,6,8,4,8
"7815",527,0,0,0,6,1,0,5,8,3,2
"7816",527,0,0,0,6,1,0,3,6,3,0
"7817",527,0,0,0,6,1,0,3,7,3,1
"7818",527,0,0,0,6,1,0,4,8,2,1
"7819",527,0,0,0,6,1,0,5,8,3,0
"7820",527,0,0,0,6,1,0,5,8,2,1
"7821",527,0,0,0,6,1,0,NA,NA,NA,0
"7822",527,0,0,0,6,1,0,6,8,5,6
"7823",527,0,0,0,6,1,0,4,6,2,6
"7824",527,0,0,0,6,1,0,7,8,2,6
"7825",527,0,0,0,6,1,0,4,7,3,4
"7826",527,0,0,0,6,1,0,4,5,3,6
"7827",527,0,0,0,6,1,0,7,8,3,3
"7828",527,0,0,0,6,1,0,6,7,2,1
"7829",528,0,0,0,3,2,0,1,8,1,4
"7830",528,0,0,0,3,2,0,1,8,1,3
"7831",528,0,0,0,3,2,0,3,2,2,3
"7832",528,0,0,0,3,2,0,2,1,1,5
"7833",528,0,0,0,3,2,0,2,7,1,6
"7834",528,0,0,0,3,2,0,1,3,1,0
"7835",528,0,0,0,3,2,0,2,2,1,7
"7836",528,0,0,0,3,2,0,2,3,2,3
"7837",528,0,0,0,3,2,0,1,2,1,7
"7838",528,0,0,0,3,2,0,1,1,1,5
"7839",528,0,0,0,3,2,0,1,3,1,6
"7840",528,0,0,0,3,2,0,1,3,1,6
"7841",528,0,0,0,3,2,0,1,5,1,5
"7842",528,0,0,0,3,2,0,2,2,1,6
"7843",528,0,0,0,3,2,0,1,5,1,5
"7844",528,0,0,0,3,2,0,3,2,2,1
"7845",528,0,0,0,3,2,0,1,3,1,1
"7846",528,0,0,0,3,2,0,2,2,1,1
"7847",528,0,0,0,3,2,0,1,2,1,1
"7848",528,0,0,0,3,2,0,3,2,2,1
"7849",528,0,0,0,3,2,1,6,7,6,2
"7850",528,0,0,0,3,2,0,2,2,1,4
"7851",529,0,0,1,4,2,1,4,5,7,3
"7852",529,0,1,1,4,2,1,5,5,7,4
"7853",529,0,0,0,4,2,0,7,5,4,4
"7854",529,0,1,0,4,2,1,4,4,5,2
"7855",529,0,0,0,4,2,1,6,5,5,1
"7856",529,0,0,0,4,2,0,5,6,5,7
"7857",529,0,0,1,4,2,1,6,6,4,0
"7858",529,0,0,0,4,2,0,6,7,5,10
"7859",529,0,0,0,4,2,0,5,7,4,0
"7860",529,0,0,0,4,2,0,4,5,4,2
"7861",529,0,0,1,4,2,1,5,6,7,1
"7862",529,0,0,1,4,2,0,5,5,4,1
"7863",529,0,0,1,4,2,1,5,6,6,2
"7864",529,0,0,1,4,2,1,4,5,5,1
"7865",529,0,0,0,4,2,0,6,5,4,2
"7866",529,0,0,0,4,2,0,6,7,5,8
"7867",529,0,0,0,4,2,1,5,5,4,8
"7868",529,0,0,0,4,2,1,6,7,4,8
"7869",529,0,0,0,4,2,0,4,5,4,6
"7870",529,0,0,0,4,2,0,4,5,4,8
"7871",529,0,0,0,4,2,1,5,5,5,5
"7872",529,0,0,0,4,2,1,5,5,4,3
"7873",530,0,0,1,4,2,1,6,8,6,3
"7874",530,0,0,1,4,2,0,6,7,5,4
"7875",530,0,0,0,4,2,0,5,5,3,4
"7876",530,0,1,0,4,2,1,7,8,6,2
"7877",530,0,0,0,4,2,1,8,9,5,1
"7878",530,0,0,0,4,2,1,9,7,5,7
"7879",530,0,0,1,4,2,1,7,7,5,0
"7880",530,0,0,0,4,2,1,9,8,5,10
"7881",530,0,0,0,4,2,1,8,8,4,0
"7882",530,0,0,0,4,2,1,6,8,6,2
"7883",530,0,0,1,4,2,1,6,7,5,1
"7884",530,0,0,1,4,2,1,6,7,5,1
"7885",530,0,0,1,4,2,1,6,7,5,2
"7886",530,0,1,1,4,2,1,7,7,4,1
"7887",530,0,0,0,4,2,1,7,7,5,2
"7888",530,0,0,0,4,2,1,7,8,6,8
"7889",530,0,0,0,4,2,0,7,6,5,8
"7890",530,0,0,0,4,2,0,7,8,5,8
"7891",530,0,0,0,4,2,1,7,8,5,6
"7892",530,0,0,0,4,2,0,6,8,3,8
"7893",530,0,0,0,4,2,0,6,7,4,5
"7894",530,0,0,0,4,2,1,8,7,5,3
"7895",531,1,0,1,4,2,1,7,10,5,3
"7896",531,1,0,0,4,2,0,10,5,0,1
"7897",531,1,0,1,4,2,0,5,10,1,2
"7898",531,1,0,0,4,2,0,10,5,1,NA
"7899",531,1,0,0,4,2,0,10,10,1,2
"7900",531,1,0,0,4,2,0,5,10,1,2
"7901",531,1,0,0,4,2,0,7,10,1,2
"7902",531,1,0,1,4,2,1,10,10,3,2
"7903",531,1,0,0,4,2,0,5,5,1,5
"7904",531,1,0,0,4,2,0,5,10,1,2
"7905",531,1,0,0,4,2,0,5,8,1,1
"7906",531,1,0,0,4,2,1,5,10,1,3
"7907",531,1,0,0,4,2,0,5,10,1,1
"7908",531,1,0,0,4,2,0,5,5,1,3
"7909",531,1,0,1,4,2,0,5,5,1,2
"7910",531,1,1,1,4,2,1,5,10,1,0
"7911",531,1,0,0,4,2,0,5,8,1,1
"7912",531,1,0,0,4,2,0,5,10,1,1
"7913",531,1,0,0,4,2,0,5,5,1,1
"7914",531,1,0,0,4,2,0,5,10,1,4
"7915",531,1,0,1,4,2,0,5,10,3,3
"7916",531,1,0,1,4,2,0,5,10,3,3
"7917",532,1,0,1,4,1,1,6,8,5,2
"7918",532,1,0,0,4,1,0,6,7,5,0
"7919",532,1,0,1,4,1,0,7,7,5,3
"7920",532,1,0,0,4,1,0,7,7,5,NA
"7921",532,1,0,0,4,1,0,NA,NA,NA,3
"7922",532,1,0,0,4,1,1,6,8,6,3
"7923",532,1,0,0,4,1,0,6,5,5,3
"7924",532,1,0,1,4,1,0,7,7,1,1
"7925",532,1,0,0,4,1,0,8,7,5,4
"7926",532,1,0,0,4,1,1,8,7,5,3
"7927",532,1,0,0,4,1,1,7,7,5,0
"7928",532,1,0,0,4,1,1,7,7,5,2
"7929",532,1,0,0,4,1,1,7,7,5,0
"7930",532,1,0,0,4,1,1,8,8,5,4
"7931",532,1,1,1,4,1,1,6,9,5,1
"7932",532,1,1,1,4,1,1,7,8,5,1
"7933",532,1,0,0,4,1,0,6,6,2,2
"7934",532,1,0,0,4,1,1,6,8,5,0
"7935",532,1,0,0,4,1,1,7,7,5,2
"7936",532,1,0,0,4,1,1,4,7,3,3
"7937",532,1,1,1,4,1,1,6,9,6,4
"7938",532,1,0,1,4,1,1,7,8,6,4
"7939",533,1,0,0,2,2,0,6,7,5,2
"7940",533,1,1,0,2,2,1,9,10,10,0
"7941",533,1,0,0,2,2,0,6,8,5,3
"7942",533,1,0,1,2,2,1,8,8,6,NA
"7943",533,1,1,1,2,2,1,7,8,7,3
"7944",533,1,0,1,2,2,0,5,7,5,3
"7945",533,1,0,1,2,2,0,7,6,5,3
"7946",533,1,0,0,2,2,0,7,5,2,1
"7947",533,1,0,0,2,2,0,NA,NA,NA,4
"7948",533,1,0,1,2,2,1,8,7,7,3
"7949",533,1,0,1,2,2,1,8,8,6,0
"7950",533,1,0,0,2,2,0,7,7,5,2
"7951",533,1,0,1,2,2,0,7,7,5,0
"7952",533,1,0,1,2,2,0,6,9,4,4
"7953",533,1,0,0,2,2,0,5,7,7,1
"7954",533,1,0,0,2,2,0,8,8,7,1
"7955",533,1,0,1,2,2,0,6,5,5,2
"7956",533,1,0,0,2,2,0,5,7,7,0
"7957",533,1,0,0,2,2,0,6,8,5,2
"7958",533,1,0,0,2,2,0,6,7,5,3
"7959",533,1,0,0,2,2,0,4,9,6,4
"7960",533,1,0,0,2,2,0,4,9,NA,4
"7961",534,1,0,0,6,3,1,6,4,6,4
"7962",534,1,0,0,6,3,1,8,8,8,2
"7963",534,1,1,0,6,3,1,8,8,7,1
"7964",534,1,0,0,6,3,1,7,6,7,NA
"7965",534,1,0,0,6,3,1,8,9,6,1
"7966",534,1,0,0,6,3,1,7,8,8,1
"7967",534,1,0,0,6,3,1,7,7,8,1
"7968",534,1,0,0,6,3,1,7,8,8,3
"7969",534,1,0,0,6,3,1,7,7,7,6
"7970",534,1,0,0,6,3,1,8,8,8,1
"7971",534,1,0,0,6,3,1,7,7,7,2
"7972",534,1,0,1,6,3,1,7,7,7,4
"7973",534,1,1,0,6,3,1,9,8,8,2
"7974",534,1,0,0,6,3,1,7,8,7,2
"7975",534,1,0,0,6,3,0,5,5,5,3
"7976",534,1,1,0,6,3,1,9,9,7,1
"7977",534,1,0,0,6,3,0,5,7,3,0
"7978",534,1,1,0,6,3,1,7,7,7,2
"7979",534,1,0,1,6,3,0,5,5,7,0
"7980",534,1,0,0,6,3,1,7,7,7,5
"7981",534,1,1,0,6,3,1,6,6,6,2
"7982",534,1,1,0,6,3,1,6,6,7,2
"7983",535,1,1,0,2,1,1,6,8,5,5
"7984",535,1,0,0,2,1,1,8,7,6,3
"7985",535,1,1,0,2,1,1,7,8,6,0
"7986",535,1,0,1,2,1,1,8,8,7,NA
"7987",535,1,1,1,2,1,1,8,7,7,0
"7988",535,1,0,1,2,1,0,6,7,6,0
"7989",535,1,1,1,2,1,1,9,8,8,0
"7990",535,1,1,0,2,1,1,9,9,10,4
"7991",535,1,0,0,2,1,1,8,8,8,7
"7992",535,1,1,1,2,1,1,8,8,7,0
"7993",535,1,0,1,2,1,1,7,7,7,3
"7994",535,1,0,0,2,1,0,5,7,5,5
"7995",535,1,1,1,2,1,1,6,7,7,3
"7996",535,1,0,1,2,1,1,7,7,5,1
"7997",535,1,0,0,2,1,0,6,6,3,4
"7998",535,1,1,0,2,1,1,7,7,6,2
"7999",535,1,0,1,2,1,0,6,6,5,1
"8000",535,1,0,0,2,1,0,5,5,3,3
"8001",535,1,0,0,2,1,0,5,6,3,1
"8002",535,1,0,0,2,1,0,6,7,4,6
"8003",535,1,0,0,2,1,0,NA,NA,NA,1
"8004",535,1,0,0,2,1,0,NA,NA,NA,1
"8005",536,1,0,0,2,1,0,6,6,4,1
"8006",536,1,1,0,2,1,1,10,9,5,3
"8007",536,1,0,0,2,1,0,9,8,3,6
"8008",536,1,0,1,2,1,0,9,7,2,NA
"8009",536,1,0,1,2,1,0,8,6,2,6
"8010",536,1,0,1,2,1,0,2,4,3,6
"8011",536,1,0,1,2,1,0,8,6,3,6
"8012",536,1,1,0,2,1,1,10,9,6,2
"8013",536,1,0,0,2,1,0,NA,NA,NA,1
"8014",536,1,0,1,2,1,0,8,7,4,6
"8015",536,1,0,1,2,1,0,8,9,4,3
"8016",536,1,0,0,2,1,0,4,7,2,1
"8017",536,1,0,1,2,1,0,7,8,4,3
"8018",536,1,0,1,2,1,0,7,9,6,7
"8019",536,1,0,0,2,1,0,4,7,5,2
"8020",536,1,1,0,2,1,1,8,9,6,4
"8021",536,1,0,1,2,1,0,5,6,4,5
"8022",536,1,0,0,2,1,0,4,4,4,3
"8023",536,1,0,0,2,1,0,7,8,3,5
"8024",536,1,0,0,2,1,0,6,7,3,0
"8025",536,1,0,0,2,1,0,6,9,6,7
"8026",536,1,0,0,2,1,0,4,8,4,7
"8027",537,1,1,1,4,1,1,7,9,6,6
"8028",537,1,0,0,4,1,0,NA,NA,NA,4
"8029",537,1,0,1,4,1,0,5,8,1,1
"8030",537,1,0,0,4,1,0,9,9,4,NA
"8031",537,1,1,0,4,1,1,8,8,5,1
"8032",537,1,0,0,4,1,0,6,7,1,1
"8033",537,1,0,0,4,1,0,6,9,3,1
"8034",537,1,0,1,4,1,0,8,8,6,5
"8035",537,1,0,0,4,1,0,7,7,1,8
"8036",537,1,0,0,4,1,0,8,8,3,1
"8037",537,1,0,0,4,1,1,7,8,3,4
"8038",537,1,0,0,4,1,0,6,8,NA,6
"8039",537,1,0,0,4,1,0,6,7,4,4
"8040",537,1,0,0,4,1,0,7,9,5,0
"8041",537,1,0,1,4,1,0,4,8,7,5
"8042",537,1,0,1,4,1,0,7,9,6,3
"8043",537,1,0,0,4,1,0,5,7,1,2
"8044",537,1,0,0,4,1,0,6,7,1,4
"8045",537,1,0,0,4,1,0,5,7,1,2
"8046",537,1,0,0,4,1,0,NA,NA,NA,7
"8047",537,1,0,1,4,1,0,4,8,4,0
"8048",537,1,0,1,4,1,0,4,6,4,0
"8049",538,1,1,0,2,1,1,7,9,10,4
"8050",538,1,1,0,2,1,1,8,5,5,6
"8051",538,1,0,0,2,1,0,5,7,3,9
"8052",538,1,0,1,2,1,0,NA,NA,NA,NA
"8053",538,1,0,1,2,1,1,8,6,5,9
"8054",538,1,0,1,2,1,0,3,6,7,9
"8055",538,1,0,1,2,1,0,5,7,3,9
"8056",538,1,0,0,2,1,0,6,5,4,5
"8057",538,1,0,0,2,1,0,3,5,5,2
"8058",538,1,0,1,2,1,0,6,6,8,9
"8059",538,1,0,1,2,1,1,5,5,10,6
"8060",538,1,0,0,2,1,0,4,5,4,4
"8061",538,1,1,1,2,1,1,7,6,6,6
"8062",538,1,0,1,2,1,0,6,6,8,10
"8063",538,1,0,0,2,1,0,4,5,9,5
"8064",538,1,1,0,2,1,1,7,6,6,7
"8065",538,1,0,1,2,1,0,3,7,5,8
"8066",538,1,0,0,2,1,0,3,5,6,6
"8067",538,1,0,0,2,1,0,4,5,3,8
"8068",538,1,0,0,2,1,0,NA,NA,NA,3
"8069",538,1,0,0,2,1,0,3,6,2,10
"8070",538,1,0,0,2,1,0,5,5,5,10
"8071",539,1,0,0,2,1,0,1,5,0,6
"8072",539,1,0,0,2,1,1,8,6,5,4
"8073",539,1,0,0,2,1,0,4,10,4,1
"8074",539,1,0,1,2,1,1,8,7,6,NA
"8075",539,1,0,1,2,1,1,10,6,7,1
"8076",539,1,0,1,2,1,0,3,10,6,1
"8077",539,1,0,1,2,1,1,8,8,5,1
"8078",539,1,0,0,2,1,1,9,5,5,5
"8079",539,1,0,0,2,1,0,NA,NA,NA,8
"8080",539,1,0,1,2,1,0,7,5,4,1
"8081",539,1,0,1,2,1,0,8,7,3,4
"8082",539,1,0,0,2,1,0,7,8,4,6
"8083",539,1,0,1,2,1,0,5,8,3,4
"8084",539,1,1,1,2,1,1,9,10,10,0
"8085",539,1,0,0,2,1,0,4,10,4,5
"8086",539,1,1,0,2,1,1,7,8,8,3
"8087",539,1,0,1,2,1,0,6,6,5,2
"8088",539,1,0,0,2,1,0,4,9,3,4
"8089",539,1,0,0,2,1,0,5,8,5,2
"8090",539,1,0,0,2,1,0,4,6,4,7
"8091",539,1,0,0,2,1,1,7,9,4,0
"8092",539,1,0,0,2,1,0,4,10,4,0
"8093",540,1,0,0,2,1,0,6,6,3,4
"8094",540,1,1,0,2,1,1,8,8,8,2
"8095",540,1,0,0,2,1,0,7,7,5,1
"8096",540,1,0,1,2,1,0,NA,NA,NA,NA
"8097",540,1,0,1,2,1,1,7,6,4,1
"8098",540,1,0,1,2,1,1,6,6,5,1
"8099",540,1,0,1,2,1,1,6,7,2,1
"8100",540,1,0,0,2,1,0,7,5,2,3
"8101",540,1,0,0,2,1,0,6,5,3,6
"8102",540,1,0,1,2,1,1,7,6,4,1
"8103",540,1,0,1,2,1,0,6,6,3,2
"8104",540,1,0,0,2,1,0,6,7,2,4
"8105",540,1,0,1,2,1,0,6,7,4,2
"8106",540,1,0,1,2,1,1,6,8,4,2
"8107",540,1,0,0,2,1,0,5,2,4,3
"8108",540,1,0,0,2,1,0,7,7,6,1
"8109",540,1,0,1,2,1,0,6,5,3,0
"8110",540,1,0,0,2,1,0,6,5,4,2
"8111",540,1,0,0,2,1,0,5,6,4,0
"8112",540,1,0,0,2,1,0,6,7,3,5
"8113",540,1,0,0,2,1,0,4,5,3,2
"8114",540,1,0,0,2,1,0,5,6,5,2
"8115",541,1,0,1,4,3,0,NA,NA,NA,5
"8116",541,1,0,0,4,3,1,8,10,4,3
"8117",541,1,0,1,4,3,0,5,10,4,0
"8118",541,1,0,0,4,3,1,10,5,4,NA
"8119",541,1,0,0,4,3,0,NA,NA,NA,0
"8120",541,1,0,0,4,3,0,4,9,2,0
"8121",541,1,0,0,4,3,1,9,9,4,0
"8122",541,1,1,1,4,3,1,7,10,4,4
"8123",541,1,0,0,4,3,1,6,6,5,7
"8124",541,1,0,0,4,3,1,6,6,4,0
"8125",541,1,0,0,4,3,1,8,10,5,3
"8126",541,1,0,0,4,3,0,5,9,6,5
"8127",541,1,0,0,4,3,1,6,10,4,3
"8128",541,1,0,0,4,3,1,7,9,4,1
"8129",541,1,0,1,4,3,0,1,8,5,4
"8130",541,1,0,1,4,3,0,7,9,4,2
"8131",541,1,0,0,4,3,0,2,7,4,1
"8132",541,1,0,0,4,3,0,NA,8,6,3
"8133",541,1,0,0,4,3,0,4,8,1,1
"8134",541,1,0,0,4,3,0,4,8,4,6
"8135",541,1,0,1,4,3,0,3,8,5,1
"8136",541,1,0,1,4,3,0,4,8,5,1
"8137",542,1,0,1,4,2,0,2,6,1,5
"8138",542,1,0,0,4,2,0,6,10,2,3
"8139",542,1,1,1,4,2,1,4,8,8,0
"8140",542,1,0,0,4,2,0,10,6,2,NA
"8141",542,1,0,0,4,2,1,8,7,5,0
"8142",542,1,0,0,4,2,0,4,6,7,0
"8143",542,1,0,0,4,2,1,8,6,4,0
"8144",542,1,0,1,4,2,1,9,6,1,4
"8145",542,1,0,0,4,2,0,NA,NA,NA,7
"8146",542,1,0,0,4,2,1,7,6,8,0
"8147",542,1,0,0,4,2,0,4,6,2,3
"8148",542,1,0,0,4,2,0,4,6,4,5
"8149",542,1,0,0,4,2,0,2,6,0,3
"8150",542,1,0,0,4,2,1,6,4,7,1
"8151",542,1,0,1,4,2,0,1,4,8,4
"8152",542,1,1,1,4,2,1,6,7,8,2
"8153",542,1,0,0,4,2,0,2,7,7,1
"8154",542,1,1,0,4,2,1,4,7,2,3
"8155",542,1,0,0,4,2,0,1,6,2,1
"8156",542,1,0,0,4,2,1,5,7,6,6
"8157",542,1,0,1,4,2,0,1,5,7,1
"8158",542,1,0,1,4,2,0,1,8,8,1
"8159",543,1,0,1,4,1,0,NA,NA,NA,4
"8160",543,1,0,0,4,1,0,8,8,5,2
"8161",543,1,0,1,4,1,0,6,8,4,1
"8162",543,1,0,0,4,1,0,8,8,3,NA
"8163",543,1,0,0,4,1,0,5,8,3,1
"8164",543,1,0,0,4,1,0,5,7,4,1
"8165",543,1,0,0,4,1,0,8,7,4,1
"8166",543,1,0,1,4,1,1,9,8,8,3
"8167",543,1,0,0,4,1,0,5,8,3,6
"8168",543,1,0,0,4,1,0,6,8,5,1
"8169",543,1,0,0,4,1,0,NA,NA,NA,2
"8170",543,1,0,0,4,1,0,5,9,4,4
"8171",543,1,0,0,4,1,0,7,8,5,2
"8172",543,1,0,0,4,1,0,7,8,5,2
"8173",543,1,0,1,4,1,0,10,10,10,3
"8174",543,1,0,1,4,1,0,6,9,4,1
"8175",543,1,0,0,4,1,0,1,8,2,0
"8176",543,1,0,0,4,1,0,4,8,5,2
"8177",543,1,0,0,4,1,0,6,8,5,0
"8178",543,1,0,0,4,1,0,5,8,4,5
"8179",543,1,0,1,4,1,0,3,8,6,2
"8180",543,1,0,1,4,1,0,3,8,3,2
"8181",544,1,0,1,4,1,0,6,7,5,5
"8182",544,1,0,0,4,1,0,7,7,5,3
"8183",544,1,0,1,4,1,0,8,5,4,0
"8184",544,1,0,0,4,1,0,5,5,5,NA
"8185",544,1,0,0,4,1,1,6,7,4,0
"8186",544,1,0,0,4,1,1,6,7,5,0
"8187",544,1,0,0,4,1,0,8,4,2,0
"8188",544,1,0,1,4,1,0,6,5,2,4
"8189",544,1,0,0,4,1,0,NA,NA,NA,7
"8190",544,1,0,0,4,1,0,7,6,3,0
"8191",544,1,0,0,4,1,0,6,7,5,3
"8192",544,1,0,0,4,1,0,7,7,4,5
"8193",544,1,0,0,4,1,1,6,8,5,3
"8194",544,1,1,0,4,1,1,7,7,7,1
"8195",544,1,1,1,4,1,1,5,7,8,4
"8196",544,1,0,1,4,1,0,6,7,5,2
"8197",544,1,0,0,4,1,0,6,7,4,1
"8198",544,1,0,0,4,1,0,6,6,3,3
"8199",544,1,0,0,4,1,0,5,5,4,1
"8200",544,1,0,0,4,1,0,6,7,4,6
"8201",544,1,0,1,4,1,0,6,6,5,1
"8202",544,1,1,1,4,1,1,7,7,6,1
"8203",545,1,0,0,2,1,0,4,7,2,4
"8204",545,1,0,0,2,1,0,NA,NA,NA,2
"8205",545,1,0,0,2,1,0,NA,NA,NA,1
"8206",545,1,0,1,2,1,0,6,6,7,NA
"8207",545,1,0,1,2,1,0,8,5,8,1
"8208",545,1,0,1,2,1,0,NA,NA,NA,1
"8209",545,1,0,1,2,1,0,NA,NA,NA,1
"8210",545,1,0,0,2,1,0,NA,NA,NA,3
"8211",545,1,0,0,2,1,0,8,7,7,6
"8212",545,1,0,1,2,1,1,8,6,7,1
"8213",545,1,0,1,2,1,0,8,9,1,2
"8214",545,1,0,0,2,1,0,4,8,5,4
"8215",545,1,1,1,2,1,1,7,7,NA,2
"8216",545,1,1,1,2,1,1,7,7,5,2
"8217",545,1,0,0,2,1,0,3,7,5,3
"8218",545,1,0,0,2,1,0,NA,NA,NA,1
"8219",545,1,0,1,2,1,0,NA,NA,NA,0
"8220",545,1,0,0,2,1,0,NA,NA,NA,2
"8221",545,1,0,0,2,1,0,NA,NA,NA,0
"8222",545,1,0,0,2,1,1,7,8,8,5
"8223",545,1,0,0,2,1,0,4,8,5,2
"8224",545,1,0,0,2,1,0,5,8,5,2
"8225",546,1,1,0,2,2,1,6,6,6,2
"8226",546,1,1,0,2,2,1,8,8,7,4
"8227",546,1,0,0,2,2,0,6,7,6,7
"8228",546,1,0,1,2,2,1,7,5,7,NA
"8229",546,1,1,1,2,2,1,8,7,8,7
"8230",546,1,0,1,2,2,0,5,5,8,7
"8231",546,1,0,1,2,2,0,5,5,6,7
"8232",546,1,0,0,2,2,0,5,5,4,3
"8233",546,1,0,0,2,2,1,6,8,6,0
"8234",546,1,1,1,2,2,1,7,6,9,7
"8235",546,1,0,1,2,2,0,5,5,4,4
"8236",546,1,0,0,2,2,0,NA,NA,NA,2
"8237",546,1,0,1,2,2,0,6,6,6,4
"8238",546,1,1,1,2,2,1,7,8,7,8
"8239",546,1,0,0,2,2,0,6,5,6,3
"8240",546,1,1,0,2,2,1,7,6,7,5
"8241",546,1,0,1,2,2,0,4,6,7,6
"8242",546,1,0,0,2,2,0,6,4,7,4
"8243",546,1,0,0,2,2,1,5,7,6,6
"8244",546,1,0,0,2,2,0,6,5,6,1
"8245",546,1,0,0,2,2,0,4,7,5,8
"8246",546,1,0,0,2,2,0,4,7,7,8
"8247",547,1,0,0,2,2,0,5,7,4,2
"8248",547,1,0,0,2,2,0,6,6,3,4
"8249",547,1,0,0,2,2,0,4,6,6,7
"8250",547,1,1,1,2,2,1,8,7,6,NA
"8251",547,1,0,1,2,2,1,7,6,6,7
"8252",547,1,0,1,2,2,0,6,7,6,7
"8253",547,1,0,1,2,2,0,5,7,5,7
"8254",547,1,0,0,2,2,0,5,7,5,3
"8255",547,1,0,0,2,2,1,6,7,5,0
"8256",547,1,1,1,2,2,1,6,7,6,7
"8257",547,1,0,1,2,2,0,3,6,6,4
"8258",547,1,0,0,2,2,0,6,7,6,2
"8259",547,1,0,1,2,2,0,7,6,5,4
"8260",547,1,0,1,2,2,0,6,6,6,8
"8261",547,1,0,0,2,2,0,3,8,6,3
"8262",547,1,1,0,2,2,1,7,8,5,5
"8263",547,1,0,1,2,2,0,3,6,4,6
"8264",547,1,0,0,2,2,0,3,7,5,4
"8265",547,1,0,0,2,2,0,6,5,2,6
"8266",547,1,0,0,2,2,0,5,7,5,1
"8267",547,1,0,0,2,2,0,2,7,6,8
"8268",547,1,0,0,2,2,0,3,8,5,8
"8269",548,1,1,0,2,1,1,5,7,7,2
"8270",548,1,0,0,2,1,1,7,8,6,4
"8271",548,1,1,0,2,1,1,9,9,7,7
"8272",548,1,0,1,2,1,0,NA,NA,NA,NA
"8273",548,1,0,1,2,1,1,8,3,4,7
"8274",548,1,0,1,2,1,0,3,2,7,7
"8275",548,1,0,1,2,1,0,7,5,6,7
"8276",548,1,0,0,2,1,1,6,4,6,3
"8277",548,1,0,0,2,1,0,5,5,5,0
"8278",548,1,1,1,2,1,1,8,7,7,7
"8279",548,1,0,1,2,1,0,3,4,4,4
"8280",548,1,0,0,2,1,0,2,8,3,2
"8281",548,1,1,1,2,1,1,6,8,6,4
"8282",548,1,0,1,2,1,0,4,7,1,8
"8283",548,1,0,0,2,1,0,1,6,9,3
"8284",548,1,1,0,2,1,1,9,7,9,5
"8285",548,1,0,1,2,1,0,1,3,5,6
"8286",548,1,0,0,2,1,0,1,3,7,4
"8287",548,1,0,0,2,1,0,2,5,4,6
"8288",548,1,0,0,2,1,1,5,5,5,1
"8289",548,1,0,0,2,1,0,1,8,7,8
"8290",548,1,0,0,2,1,0,1,8,7,8
"8291",549,1,0,0,2,1,0,1,6,2,0
"8292",549,1,1,0,2,1,1,4,9,5,2
"8293",549,1,0,0,2,1,0,6,6,4,5
"8294",549,1,0,1,2,1,1,8,6,5,NA
"8295",549,1,0,1,2,1,0,7,6,3,5
"8296",549,1,0,1,2,1,0,2,7,6,5
"8297",549,1,0,1,2,1,1,6,7,5,5
"8298",549,1,1,0,2,1,1,5,6,6,1
"8299",549,1,0,0,2,1,0,0,0,0,2
"8300",549,1,1,1,2,1,1,7,8,5,5
"8301",549,1,0,1,2,1,0,5,8,6,2
"8302",549,1,0,0,2,1,0,2,9,6,0
"8303",549,1,0,1,2,1,1,6,8,6,2
"8304",549,1,1,1,2,1,1,6,8,4,6
"8305",549,1,0,0,2,1,0,3,6,4,1
"8306",549,1,1,0,2,1,1,6,10,5,3
"8307",549,1,0,1,2,1,0,6,8,5,4
"8308",549,1,0,0,2,1,0,2,7,5,2
"8309",549,1,0,0,2,1,1,5,7,5,4
"8310",549,1,0,0,2,1,0,6,7,3,1
"8311",549,1,0,0,2,1,0,4,6,6,6
"8312",549,1,0,0,2,1,0,4,7,4,6
"8313",550,1,0,0,2,2,0,7,7,2,2
"8314",550,1,0,0,2,2,1,5,5,5,4
"8315",550,1,0,0,2,2,0,5,5,3,7
"8316",550,1,0,1,2,2,1,7,4,5,NA
"8317",550,1,1,1,2,2,1,9,6,8,7
"8318",550,1,0,1,2,2,0,4,5,4,7
"8319",550,1,0,1,2,2,0,6,7,5,7
"8320",550,1,0,0,2,2,0,7,6,3,3
"8321",550,1,0,0,2,2,0,8,6,3,0
"8322",550,1,1,1,2,2,1,7,5,5,7
"8323",550,1,0,1,2,2,0,6,7,3,4
"8324",550,1,0,0,2,2,1,4,7,4,2
"8325",550,1,1,1,2,2,1,6,6,6,4
"8326",550,1,0,1,2,2,0,6,6,4,8
"8327",550,1,0,0,2,2,0,3,5,2,3
"8328",550,1,1,0,2,2,1,7,6,4,5
"8329",550,1,0,1,2,2,0,5,6,3,6
"8330",550,1,0,0,2,2,0,4,6,4,4
"8331",550,1,0,0,2,2,0,5,6,3,6
"8332",550,1,0,0,2,2,0,5,4,6,1
"8333",550,1,0,0,2,2,0,4,6,3,8
"8334",550,1,0,0,2,2,0,4,6,3,8
"8335",551,1,0,0,1,1,1,5,8,5,1
"8336",551,1,0,0,1,1,1,10,9,5,1
"8337",551,1,0,0,1,1,0,5,9,6,4
"8338",551,1,0,0,1,1,0,NA,NA,NA,NA
"8339",551,1,0,0,1,1,1,9,5,3,4
"8340",551,1,0,0,1,1,0,6,6,7,4
"8341",551,1,0,0,1,1,1,9,8,3,4
"8342",551,1,1,0,1,1,1,5,7,9,0
"8343",551,1,0,0,1,1,0,6,7,1,3
"8344",551,1,0,0,1,1,1,8,5,3,4
"8345",551,1,0,0,1,1,0,NA,NA,NA,1
"8346",551,1,0,0,1,1,0,5,7,3,1
"8347",551,1,1,0,1,1,1,8,8,5,1
"8348",551,1,0,0,1,1,1,7,8,6,5
"8349",551,1,0,0,1,1,0,4,7,7,0
"8350",551,1,0,0,1,1,0,6,7,1,2
"8351",551,1,0,0,1,1,0,5,8,7,3
"8352",551,1,0,0,1,1,0,7,7,1,1
"8353",551,1,0,0,1,1,0,6,6,1,3
"8354",551,1,0,0,1,1,0,7,7,1,2
"8355",551,1,0,0,1,1,0,5,10,5,5
"8356",551,1,0,0,1,1,0,4,9,5,5
"8357",552,1,1,0,2,1,1,7,9,5,3
"8358",552,1,1,0,2,1,1,9,9,8,1
"8359",552,1,0,0,2,1,0,7,5,6,2
"8360",552,1,0,1,2,1,0,NA,NA,NA,NA
"8361",552,1,1,1,2,1,1,8,9,6,2
"8362",552,1,0,1,2,1,0,4,8,9,2
"8363",552,1,1,1,2,1,1,7,5,7,2
"8364",552,1,1,0,2,1,1,8,8,6,2
"8365",552,1,0,0,2,1,1,6,9,6,5
"8366",552,1,0,1,2,1,0,5,8,7,2
"8367",552,1,0,1,2,1,0,3,7,4,1
"8368",552,1,0,0,2,1,0,2,6,5,3
"8369",552,1,0,1,2,1,0,3,6,5,1
"8370",552,1,0,1,2,1,0,3,9,3,3
"8371",552,1,0,0,2,1,0,2,9,6,2
"8372",552,1,1,0,2,1,1,8,8,6,0
"8373",552,1,0,1,2,1,0,7,5,4,1
"8374",552,1,0,0,2,1,0,3,5,5,1
"8375",552,1,0,0,2,1,0,4,8,4,1
"8376",552,1,0,0,2,1,0,4,8,5,4
"8377",552,1,0,0,2,1,0,4,5,5,3
"8378",552,1,0,0,2,1,0,3,6,5,3
